{"type": "FeatureCollection", "features": [{"type": "Feature", "geometry": {"type": "Polygon", "coordinates": [[[-82.998592063408, 39.9570782096811], [-82.9986233624658, 39.95815295172603], [-83.0000199485353, 39.9581288565173], [-82.99998862764205, 39.95705411538452], [-82.998592063408, 39.9570782096811]]]}, "properties": {"ticket_id": "DEMO-20260713-0001", "priority_level": "HIGH", "likelihood_level": "HIGH", "impact_level": "LOW", "division": "Demo District", "date": "2026-07-13", "excavator_name": "Excavator A", "work_type": "TRENCHING", "demo_note": "synthetic demo data", "popup_html": "<div class=\"demo-popup\"><style>\n.demo-popup { font-family: -apple-system, BlinkMacSystemFont, 'Segoe UI', sans-serif;\n       color: #333; max-width: 920px; margin: 0 auto; padding: 20px; }\nh1 { color: #2c3e50; font-size: 20px; margin-bottom: 5px; }\n.meta { color: #7f8c8d; font-size: 13px; margin-bottom: 15px; }\n.risk-box { background: #f8f9fa; border-left: 4px solid #888888;\n             padding: 12px 16px; margin: 15px 0; border-radius: 4px; }\n.risk-pct { font-size: 28px; font-weight: bold; color: #888888; }\n.risk-score { font-size: 14px; color: #555; margin-top: 2px; }\n.indicators { display: flex; gap: 20px; margin: 20px 0; justify-content: center; }\n.indicator { flex: 1; max-width: 420px; text-align: center; }\n.indicator-pill { border-radius: 14px; padding: 18px 24px; color: white;\n                  box-shadow: 0 2px 6px rgba(0,0,0,0.12);\n                  display: flex; align-items: center; gap: 14px;\n                  text-align: left; }\n.indicator-icon { flex-shrink: 0; width: 32px; height: 32px; opacity: 0.95; }\n.indicator-body { flex: 1; }\n.indicator-label { font-size: 11px; letter-spacing: 0.1em; opacity: 0.9;\n                   text-transform: uppercase; }\n.indicator-level { font-size: 28px; font-weight: 800; letter-spacing: 0.04em;\n                   margin: 2px 0 2px 0; line-height: 1.1; }\n.indicator-sublabel { font-size: 13px; opacity: 0.95; font-weight: 500; }\n.indicator-context { margin-top: 8px; font-size: 12px; color: #555;\n                     line-height: 1.4; }\n.drivers-block { background: #f9fafb; border: 1px solid #e5e7eb;\n                 border-radius: 8px; padding: 14px 16px; margin: 14px 0; }\n.drivers-title { font-size: 11px; letter-spacing: 0.1em; text-transform: uppercase;\n                 color: #6b7280; font-weight: 700; margin-bottom: 8px; }\n.drivers-row { display: flex; gap: 10px; justify-content: center;\n               flex-wrap: wrap; }\n.driver { flex: 1; min-width: 180px; max-width: 220px; text-align: center; }\n.driver-pill { border-radius: 10px; padding: 10px 12px; color: white;\n               box-shadow: 0 1px 3px rgba(0,0,0,0.10);\n               display: flex; align-items: center; gap: 8px;\n               text-align: left; }\n.driver-pill.gray { background: #9ca3af; }\n.driver-icon { flex-shrink: 0; width: 18px; height: 18px; opacity: 0.95; }\n.driver-body { flex: 1; min-width: 0; }\n.driver-name { font-size: 10px; font-weight: 700; letter-spacing: 0.04em;\n               text-transform: uppercase; opacity: 0.95; white-space: nowrap;\n               overflow: hidden; text-overflow: ellipsis; }\n.driver-level { font-size: 13px; font-weight: 700; margin-top: 1px; }\n.driver-context { margin-top: 5px; font-size: 10px; color: #6b7280;\n                  line-height: 1.3; }\n.section { margin: 20px 0; }\n.section h2 { font-size: 16px; color: #2c3e50; border-bottom: 1px solid #ddd;\n               padding-bottom: 5px; }\n.drivers li { margin: 6px 0; font-size: 13px; line-height: 1.5; }\n.shap-val { color: #888; font-size: 12px; }\ntable { width: 100%; border-collapse: collapse; font-size: 13px; }\nth { background: #ecf0f1; padding: 8px; text-align: left; }\ntd { padding: 6px 8px; border-bottom: 1px solid #eee; }\n.map-container { width: 100%; height: 420px; border: 1px solid #ddd;\n                  border-radius: 4px; overflow: hidden; margin: 10px 0; }\n.footer { color: #aaa; font-size: 11px; margin-top: 30px; text-align: center; }\n\n.demo-popup { max-width: 380px; font-size: 13px; }\n.demo-popup h1 { font-size: 15px; margin: 2px 0 2px; }\n.demo-popup .meta { font-size: 11px; margin-bottom: 8px; }\n.demo-popup .indicators { gap: 10px; margin: 10px 0; }\n.demo-popup .indicator-level { font-size: 20px; }\n.demo-popup .indicator-icon { width: 22px; height: 22px; }\n.demo-popup .drivers-block { padding: 8px 10px; margin: 8px 0; }\n.demo-popup .driver { min-width: 150px; }\n.demo-banner { background: #FEF3C7; border: 1px solid #F59E0B;\n    color: #92400E; font-size: 10px; line-height: 1.35; padding: 5px 8px;\n    border-radius: 4px; margin-bottom: 8px; text-align: center;\n    font-weight: 600; }\n.demo-netline { font-size: 10px; color: #6b7280; margin-top: 8px;\n    text-align: center; line-height: 1.4; }\n.demo-action { text-align: center; margin-top: 12px; }\n.demo-action a { background: #2563EB; color: #fff; padding: 7px 18px;\n    border-radius: 4px; font-weight: bold; text-decoration: none;\n    display: inline-block; font-size: 11px; letter-spacing: 0.05em; }\n</style><h1>DEMO-20260713-0001</h1><div class=\"meta\">Demo District &middot; 2026-07-13 &middot; Excavator A &middot; TRENCHING</div>\n<div class=\"indicators\">\n  <div class=\"indicator\">\n    <div class=\"indicator-pill\" style=\"background:#DC2626;\">\n      <svg viewBox=\"0 0 24 24\" width=\"32\" height=\"32\" fill=\"none\" stroke=\"white\" stroke-width=\"2\" stroke-linecap=\"round\" stroke-linejoin=\"round\" class=\"indicator-icon\"><path d=\"m21.73 18-8-14a2 2 0 0 0-3.48 0l-8 14A2 2 0 0 0 4 21h16a2 2 0 0 0 1.73-3\"/><path d=\"M12 9v4\"/><path d=\"M12 17h.01\"/></svg>\n      <div class=\"indicator-body\">\n        <div class=\"indicator-label\">Damage Likelihood</div>\n        <div class=\"indicator-level\">HIGH</div>\n        <div class=\"indicator-sublabel\">Top 3% of all tickets</div>\n      </div>\n    </div>\n    <div class=\"indicator-context\">Top 3% by damage probability</div>\n  </div>\n  <div class=\"indicator\">\n    <div class=\"indicator-pill\" style=\"background:#16A34A;\">\n      <svg viewBox=\"0 0 24 24\" width=\"32\" height=\"32\" fill=\"none\" stroke=\"white\" stroke-width=\"2\" stroke-linecap=\"round\" stroke-linejoin=\"round\" class=\"indicator-icon\"><path d=\"M12 2 L20 5 V11 C 20 16 16 20 12 22 C 8 20 4 16 4 11 V5 Z\"/><path d=\"M12 9 V13\"/><path d=\"M12 17 h.01\"/></svg>\n      <div class=\"indicator-body\">\n        <div class=\"indicator-label\">Impact</div>\n        <div class=\"indicator-level\">LOW</div>\n        <div class=\"indicator-sublabel\">Bottom 47% by consequence</div>\n      </div>\n    </div>\n    <div class=\"indicator-context\">8 businesses nearby</div>\n  </div>\n</div>\n\n<div class=\"drivers-block\">\n  <div class=\"drivers-title\">Likelihood Drivers</div>\n  <div class=\"drivers-row\">\n    <div class=\"driver\">\n      <div class=\"driver-pill\" style=\"background:#16A34A;\">\n        <svg viewBox=\"0 0 30 26\" width=\"18\" height=\"18\" fill=\"none\" stroke=\"white\" stroke-width=\"1.4\" stroke-linecap=\"round\" stroke-linejoin=\"round\" class=\"driver-icon\"><rect x=\"2\" y=\"19.5\" width=\"16\" height=\"4.5\" rx=\"2.2\"/><circle cx=\"5.5\" cy=\"21.75\" r=\"1.1\" stroke-width=\"1\"/><circle cx=\"10\" cy=\"21.75\" r=\"1.1\" stroke-width=\"1\"/><circle cx=\"14.5\" cy=\"21.75\" r=\"1.1\" stroke-width=\"1\"/><path d=\"M4.5 18.5 V15 H7.5 V13 H18 V18.5\"/><path d=\"M12 11.5 L19 4 L20.5 5.5 L13.5 13 Z\"/><path d=\"M21.5 4 L27 12 L25.5 13 L20 5 Z\"/><path d=\"M26.5 14 L27 17 Q 26.5 19.5 24 19 L23 16 Z\"/></svg>\n        <div class=\"driver-body\">\n          <div class=\"driver-name\">Excavator History</div>\n          <div class=\"driver-level\">LOW</div>\n        </div>\n      </div>\n      <div class=\"driver-context\">0.9% damage rate (90d, 856 tickets)</div>\n    </div>\n    <div class=\"driver\">\n      <div class=\"driver-pill\" style=\"background:#DC2626;\">\n        <svg viewBox=\"0 0 24 24\" width=\"18\" height=\"18\" fill=\"none\" stroke=\"white\" stroke-width=\"2\" stroke-linecap=\"round\" stroke-linejoin=\"round\" class=\"driver-icon\"><ellipse cx=\"12\" cy=\"5\" rx=\"9\" ry=\"3\"/><path d=\"M3 5v14a9 3 0 0 0 18 0V5\"/></svg>\n        <div class=\"driver-body\">\n          <div class=\"driver-name\">Pipe Vulnerability</div>\n          <div class=\"driver-level\">HIGH</div>\n        </div>\n      </div>\n      <div class=\"driver-context\">unknown age Cast Iron (top 4%)</div>\n    </div>\n    <div class=\"driver\">\n      <div class=\"driver-pill\" style=\"background:#DC2626;\">\n        <svg viewBox=\"0 0 24 24\" width=\"18\" height=\"18\" fill=\"none\" stroke=\"white\" stroke-width=\"2\" stroke-linecap=\"round\" stroke-linejoin=\"round\" class=\"driver-icon\"><path d=\"M4 20 L14 10\"/><path d=\"M9 5 L19 15\"/></svg>\n        <div class=\"driver-body\">\n          <div class=\"driver-name\">Work Activity</div>\n          <div class=\"driver-level\">HIGH</div>\n        </div>\n      </div>\n      <div class=\"driver-context\">Trenching with Trencher</div>\n    </div>\n    <div class=\"driver\">\n      <div class=\"driver-pill\" style=\"background:#16A34A;\">\n        <svg viewBox=\"0 0 24 24\" width=\"18\" height=\"18\" fill=\"none\" stroke=\"white\" stroke-width=\"2\" stroke-linecap=\"round\" stroke-linejoin=\"round\" class=\"driver-icon\"><path d=\"M3 7V5a2 2 0 0 1 2-2h2\"/><path d=\"M17 3h2a2 2 0 0 1 2 2v2\"/><path d=\"M21 17v2a2 2 0 0 1-2 2h-2\"/><path d=\"M7 21H5a2 2 0 0 1-2-2v-2\"/></svg>\n        <div class=\"driver-body\">\n          <div class=\"driver-name\">Locate Quality</div>\n          <div class=\"driver-level\">GOOD</div>\n        </div>\n      </div>\n      <div class=\"driver-context\">Locator: Unit A (clean record)</div>\n    </div>\n  </div>\n</div>\n<div class=\"drivers-block\">\n  <div class=\"drivers-title\">Impact Drivers</div>\n  <div class=\"drivers-row\">\n    <div class=\"driver\">\n      <div class=\"driver-pill\" style=\"background:#16A34A;\">\n        <svg viewBox=\"0 0 24 24\" width=\"18\" height=\"18\" fill=\"none\" stroke=\"white\" stroke-width=\"2\" stroke-linecap=\"round\" stroke-linejoin=\"round\" class=\"driver-icon\"><path d=\"M3 12 L12 4 L21 12\"/><path d=\"M5 11 V20 H19 V11\"/></svg>\n        <div class=\"driver-body\">\n          <div class=\"driver-name\">Service Disruption</div>\n          <div class=\"driver-level\">LOW</div>\n        </div>\n      </div>\n      <div class=\"driver-context\">No chokepoint</div>\n    </div>\n    <div class=\"driver\">\n      <div class=\"driver-pill\" style=\"background:#16A34A;\">\n        <svg viewBox=\"0 0 24 24\" width=\"18\" height=\"18\" fill=\"none\" stroke=\"white\" stroke-width=\"2\" stroke-linecap=\"round\" stroke-linejoin=\"round\" class=\"driver-icon\"><path d=\"M12 7v4\"/><path d=\"M14 21v-3a2 2 0 0 0-4 0v3\"/><path d=\"M14 9h-4\"/><path d=\"M18 11h2a2 2 0 0 1 2 2v6a2 2 0 0 1-2 2H4a2 2 0 0 1-2-2v-9a2 2 0 0 1 2-2h2\"/><path d=\"M18 21V5a2 2 0 0 0-2-2H8a2 2 0 0 0-2 2v16\"/></svg>\n        <div class=\"driver-body\">\n          <div class=\"driver-name\">Critical Facilities</div>\n          <div class=\"driver-level\">LOW</div>\n        </div>\n      </div>\n      <div class=\"driver-context\">None</div>\n    </div>\n    <div class=\"driver\">\n      <div class=\"driver-pill\" style=\"background:#F59E0B;\">\n        <svg viewBox=\"0 0 24 24\" width=\"18\" height=\"18\" fill=\"none\" stroke=\"white\" stroke-width=\"2\" stroke-linecap=\"round\" stroke-linejoin=\"round\" class=\"driver-icon\"><path d=\"M10 12h4\"/><path d=\"M10 8h4\"/><path d=\"M14 21v-3a2 2 0 0 0-4 0v3\"/><path d=\"M6 10H4a2 2 0 0 0-2 2v7a2 2 0 0 0 2 2h16a2 2 0 0 0 2-2V9a2 2 0 0 0-2-2h-2\"/><path d=\"M6 21V5a2 2 0 0 1 2-2h8a2 2 0 0 1 2 2v16\"/></svg>\n        <div class=\"driver-body\">\n          <div class=\"driver-name\">Business District</div>\n          <div class=\"driver-level\">MODERATE</div>\n        </div>\n      </div>\n      <div class=\"driver-context\">8 businesses</div>\n    </div>\n    <div class=\"driver\">\n      <div class=\"driver-pill\" style=\"background:#16A34A;\">\n        <svg viewBox=\"0 0 24 24\" width=\"18\" height=\"18\" fill=\"none\" stroke=\"white\" stroke-width=\"2\" stroke-linecap=\"round\" stroke-linejoin=\"round\" class=\"driver-icon\"><path d=\"M13 2 L3 14 h9 l-1 8 10-12 h-9 z\"/></svg>\n        <div class=\"driver-body\">\n          <div class=\"driver-name\">Transmission Main</div>\n          <div class=\"driver-level\">LOW</div>\n        </div>\n      </div>\n      <div class=\"driver-context\">Distribution only</div>\n    </div>\n  </div>\n</div>\n<div class=\"demo-netline\">14 segments in dig area (10 mains, 4 services) &middot; oldest 95-yr Cast Iron</div><div class=\"demo-action\"><a href=\"https://kartasoft.github.io/excavation-risk-demo/action_form.html?ticket_id=DEMO-20260713-0001&demo=1\" target=\"_blank\" rel=\"noopener\">LOG ACTION</a></div></div>"}}, {"type": "Feature", "geometry": {"type": "Polygon", "coordinates": [[[-83.00998785637796, 39.95705562547146], [-83.01002667597609, 39.958381035719384], [-83.01174900126122, 39.95835114846647], [-83.01171014845454, 39.957025739613826], [-83.00998785637796, 39.95705562547146]]]}, "properties": {"ticket_id": "DEMO-20260713-0002", "priority_level": "LOW", "likelihood_level": "LOW", "impact_level": "LOW", "division": "Demo District", "date": "2026-07-13", "excavator_name": "Excavator B", "work_type": "NEW CONSTRUCTION", "demo_note": "synthetic demo data", "popup_html": "<div class=\"demo-popup\"><style>\n.demo-popup { font-family: -apple-system, BlinkMacSystemFont, 'Segoe UI', sans-serif;\n       color: #333; max-width: 920px; margin: 0 auto; padding: 20px; }\nh1 { color: #2c3e50; font-size: 20px; margin-bottom: 5px; }\n.meta { color: #7f8c8d; font-size: 13px; margin-bottom: 15px; }\n.risk-box { background: #f8f9fa; border-left: 4px solid #888888;\n             padding: 12px 16px; margin: 15px 0; border-radius: 4px; }\n.risk-pct { font-size: 28px; font-weight: bold; color: #888888; }\n.risk-score { font-size: 14px; color: #555; margin-top: 2px; }\n.indicators { display: flex; gap: 20px; margin: 20px 0; justify-content: center; }\n.indicator { flex: 1; max-width: 420px; text-align: center; }\n.indicator-pill { border-radius: 14px; padding: 18px 24px; color: white;\n                  box-shadow: 0 2px 6px rgba(0,0,0,0.12);\n                  display: flex; align-items: center; gap: 14px;\n                  text-align: left; }\n.indicator-icon { flex-shrink: 0; width: 32px; height: 32px; opacity: 0.95; }\n.indicator-body { flex: 1; }\n.indicator-label { font-size: 11px; letter-spacing: 0.1em; opacity: 0.9;\n                   text-transform: uppercase; }\n.indicator-level { font-size: 28px; font-weight: 800; letter-spacing: 0.04em;\n                   margin: 2px 0 2px 0; line-height: 1.1; }\n.indicator-sublabel { font-size: 13px; opacity: 0.95; font-weight: 500; }\n.indicator-context { margin-top: 8px; font-size: 12px; color: #555;\n                     line-height: 1.4; }\n.drivers-block { background: #f9fafb; border: 1px solid #e5e7eb;\n                 border-radius: 8px; padding: 14px 16px; margin: 14px 0; }\n.drivers-title { font-size: 11px; letter-spacing: 0.1em; text-transform: uppercase;\n                 color: #6b7280; font-weight: 700; margin-bottom: 8px; }\n.drivers-row { display: flex; gap: 10px; justify-content: center;\n               flex-wrap: wrap; }\n.driver { flex: 1; min-width: 180px; max-width: 220px; text-align: center; }\n.driver-pill { border-radius: 10px; padding: 10px 12px; color: white;\n               box-shadow: 0 1px 3px rgba(0,0,0,0.10);\n               display: flex; align-items: center; gap: 8px;\n               text-align: left; }\n.driver-pill.gray { background: #9ca3af; }\n.driver-icon { flex-shrink: 0; width: 18px; height: 18px; opacity: 0.95; }\n.driver-body { flex: 1; min-width: 0; }\n.driver-name { font-size: 10px; font-weight: 700; letter-spacing: 0.04em;\n               text-transform: uppercase; opacity: 0.95; white-space: nowrap;\n               overflow: hidden; text-overflow: ellipsis; }\n.driver-level { font-size: 13px; font-weight: 700; margin-top: 1px; }\n.driver-context { margin-top: 5px; font-size: 10px; color: #6b7280;\n                  line-height: 1.3; }\n.section { margin: 20px 0; }\n.section h2 { font-size: 16px; color: #2c3e50; border-bottom: 1px solid #ddd;\n               padding-bottom: 5px; }\n.drivers li { margin: 6px 0; font-size: 13px; line-height: 1.5; }\n.shap-val { color: #888; font-size: 12px; }\ntable { width: 100%; border-collapse: collapse; font-size: 13px; }\nth { background: #ecf0f1; padding: 8px; text-align: left; }\ntd { padding: 6px 8px; border-bottom: 1px solid #eee; }\n.map-container { width: 100%; height: 420px; border: 1px solid #ddd;\n                  border-radius: 4px; overflow: hidden; margin: 10px 0; }\n.footer { color: #aaa; font-size: 11px; margin-top: 30px; text-align: center; }\n\n.demo-popup { max-width: 380px; font-size: 13px; }\n.demo-popup h1 { font-size: 15px; margin: 2px 0 2px; }\n.demo-popup .meta { font-size: 11px; margin-bottom: 8px; }\n.demo-popup .indicators { gap: 10px; margin: 10px 0; }\n.demo-popup .indicator-level { font-size: 20px; }\n.demo-popup .indicator-icon { width: 22px; height: 22px; }\n.demo-popup .drivers-block { padding: 8px 10px; margin: 8px 0; }\n.demo-popup .driver { min-width: 150px; }\n.demo-banner { background: #FEF3C7; border: 1px solid #F59E0B;\n    color: #92400E; font-size: 10px; line-height: 1.35; padding: 5px 8px;\n    border-radius: 4px; margin-bottom: 8px; text-align: center;\n    font-weight: 600; }\n.demo-netline { font-size: 10px; color: #6b7280; margin-top: 8px;\n    text-align: center; line-height: 1.4; }\n.demo-action { text-align: center; margin-top: 12px; }\n.demo-action a { background: #2563EB; color: #fff; padding: 7px 18px;\n    border-radius: 4px; font-weight: bold; text-decoration: none;\n    display: inline-block; font-size: 11px; letter-spacing: 0.05em; }\n</style><h1>DEMO-20260713-0002</h1><div class=\"meta\">Demo District &middot; 2026-07-13 &middot; Excavator B &middot; NEW CONSTRUCTION</div>\n<div class=\"indicators\">\n  <div class=\"indicator\">\n    <div class=\"indicator-pill\" style=\"background:#16A34A;\">\n      <svg viewBox=\"0 0 24 24\" width=\"32\" height=\"32\" fill=\"none\" stroke=\"white\" stroke-width=\"2\" stroke-linecap=\"round\" stroke-linejoin=\"round\" class=\"indicator-icon\"><path d=\"m21.73 18-8-14a2 2 0 0 0-3.48 0l-8 14A2 2 0 0 0 4 21h16a2 2 0 0 0 1.73-3\"/><path d=\"M12 9v4\"/><path d=\"M12 17h.01\"/></svg>\n      <div class=\"indicator-body\">\n        <div class=\"indicator-label\">Damage Likelihood</div>\n        <div class=\"indicator-level\">LOW</div>\n        <div class=\"indicator-sublabel\">Bottom 37% of all tickets</div>\n      </div>\n    </div>\n    <div class=\"indicator-context\">Bottom 37% by damage probability</div>\n  </div>\n  <div class=\"indicator\">\n    <div class=\"indicator-pill\" style=\"background:#16A34A;\">\n      <svg viewBox=\"0 0 24 24\" width=\"32\" height=\"32\" fill=\"none\" stroke=\"white\" stroke-width=\"2\" stroke-linecap=\"round\" stroke-linejoin=\"round\" class=\"indicator-icon\"><path d=\"M12 2 L20 5 V11 C 20 16 16 20 12 22 C 8 20 4 16 4 11 V5 Z\"/><path d=\"M12 9 V13\"/><path d=\"M12 17 h.01\"/></svg>\n      <div class=\"indicator-body\">\n        <div class=\"indicator-label\">Impact</div>\n        <div class=\"indicator-level\">LOW</div>\n        <div class=\"indicator-sublabel\">Bottom 36% by consequence</div>\n      </div>\n    </div>\n    <div class=\"indicator-context\">6 businesses nearby</div>\n  </div>\n</div>\n\n<div class=\"drivers-block\">\n  <div class=\"drivers-title\">Likelihood Drivers</div>\n  <div class=\"drivers-row\">\n    <div class=\"driver\">\n      <div class=\"driver-pill\" style=\"background:#16A34A;\">\n        <svg viewBox=\"0 0 30 26\" width=\"18\" height=\"18\" fill=\"none\" stroke=\"white\" stroke-width=\"1.4\" stroke-linecap=\"round\" stroke-linejoin=\"round\" class=\"driver-icon\"><rect x=\"2\" y=\"19.5\" width=\"16\" height=\"4.5\" rx=\"2.2\"/><circle cx=\"5.5\" cy=\"21.75\" r=\"1.1\" stroke-width=\"1\"/><circle cx=\"10\" cy=\"21.75\" r=\"1.1\" stroke-width=\"1\"/><circle cx=\"14.5\" cy=\"21.75\" r=\"1.1\" stroke-width=\"1\"/><path d=\"M4.5 18.5 V15 H7.5 V13 H18 V18.5\"/><path d=\"M12 11.5 L19 4 L20.5 5.5 L13.5 13 Z\"/><path d=\"M21.5 4 L27 12 L25.5 13 L20 5 Z\"/><path d=\"M26.5 14 L27 17 Q 26.5 19.5 24 19 L23 16 Z\"/></svg>\n        <div class=\"driver-body\">\n          <div class=\"driver-name\">Excavator History</div>\n          <div class=\"driver-level\">LOW</div>\n        </div>\n      </div>\n      <div class=\"driver-context\">0.0% damage rate (90d, 467 tickets)</div>\n    </div>\n    <div class=\"driver\">\n      <div class=\"driver-pill\" style=\"background:#16A34A;\">\n        <svg viewBox=\"0 0 24 24\" width=\"18\" height=\"18\" fill=\"none\" stroke=\"white\" stroke-width=\"2\" stroke-linecap=\"round\" stroke-linejoin=\"round\" class=\"driver-icon\"><ellipse cx=\"12\" cy=\"5\" rx=\"9\" ry=\"3\"/><path d=\"M3 5v14a9 3 0 0 0 18 0V5\"/></svg>\n        <div class=\"driver-body\">\n          <div class=\"driver-name\">Pipe Vulnerability</div>\n          <div class=\"driver-level\">LOW</div>\n        </div>\n      </div>\n      <div class=\"driver-context\">41-year-old MDPE (bottom 41%)</div>\n    </div>\n    <div class=\"driver\">\n      <div class=\"driver-pill\" style=\"background:#DC2626;\">\n        <svg viewBox=\"0 0 24 24\" width=\"18\" height=\"18\" fill=\"none\" stroke=\"white\" stroke-width=\"2\" stroke-linecap=\"round\" stroke-linejoin=\"round\" class=\"driver-icon\"><path d=\"M4 20 L14 10\"/><path d=\"M9 5 L19 15\"/></svg>\n        <div class=\"driver-body\">\n          <div class=\"driver-name\">Work Activity</div>\n          <div class=\"driver-level\">HIGH</div>\n        </div>\n      </div>\n      <div class=\"driver-context\">New Construction with Excavator</div>\n    </div>\n    <div class=\"driver\">\n      <div class=\"driver-pill\" style=\"background:#16A34A;\">\n        <svg viewBox=\"0 0 24 24\" width=\"18\" height=\"18\" fill=\"none\" stroke=\"white\" stroke-width=\"2\" stroke-linecap=\"round\" stroke-linejoin=\"round\" class=\"driver-icon\"><path d=\"M3 7V5a2 2 0 0 1 2-2h2\"/><path d=\"M17 3h2a2 2 0 0 1 2 2v2\"/><path d=\"M21 17v2a2 2 0 0 1-2 2h-2\"/><path d=\"M7 21H5a2 2 0 0 1-2-2v-2\"/></svg>\n        <div class=\"driver-body\">\n          <div class=\"driver-name\">Locate Quality</div>\n          <div class=\"driver-level\">GOOD</div>\n        </div>\n      </div>\n      <div class=\"driver-context\">Locator: Unit B (clean record)</div>\n    </div>\n  </div>\n</div>\n<div class=\"drivers-block\">\n  <div class=\"drivers-title\">Impact Drivers</div>\n  <div class=\"drivers-row\">\n    <div class=\"driver\">\n      <div class=\"driver-pill\" style=\"background:#16A34A;\">\n        <svg viewBox=\"0 0 24 24\" width=\"18\" height=\"18\" fill=\"none\" stroke=\"white\" stroke-width=\"2\" stroke-linecap=\"round\" stroke-linejoin=\"round\" class=\"driver-icon\"><path d=\"M3 12 L12 4 L21 12\"/><path d=\"M5 11 V20 H19 V11\"/></svg>\n        <div class=\"driver-body\">\n          <div class=\"driver-name\">Service Disruption</div>\n          <div class=\"driver-level\">LOW</div>\n        </div>\n      </div>\n      <div class=\"driver-context\">No chokepoint</div>\n    </div>\n    <div class=\"driver\">\n      <div class=\"driver-pill\" style=\"background:#16A34A;\">\n        <svg viewBox=\"0 0 24 24\" width=\"18\" height=\"18\" fill=\"none\" stroke=\"white\" stroke-width=\"2\" stroke-linecap=\"round\" stroke-linejoin=\"round\" class=\"driver-icon\"><path d=\"M12 7v4\"/><path d=\"M14 21v-3a2 2 0 0 0-4 0v3\"/><path d=\"M14 9h-4\"/><path d=\"M18 11h2a2 2 0 0 1 2 2v6a2 2 0 0 1-2 2H4a2 2 0 0 1-2-2v-9a2 2 0 0 1 2-2h2\"/><path d=\"M18 21V5a2 2 0 0 0-2-2H8a2 2 0 0 0-2 2v16\"/></svg>\n        <div class=\"driver-body\">\n          <div class=\"driver-name\">Critical Facilities</div>\n          <div class=\"driver-level\">LOW</div>\n        </div>\n      </div>\n      <div class=\"driver-context\">None</div>\n    </div>\n    <div class=\"driver\">\n      <div class=\"driver-pill\" style=\"background:#F59E0B;\">\n        <svg viewBox=\"0 0 24 24\" width=\"18\" height=\"18\" fill=\"none\" stroke=\"white\" stroke-width=\"2\" stroke-linecap=\"round\" stroke-linejoin=\"round\" class=\"driver-icon\"><path d=\"M10 12h4\"/><path d=\"M10 8h4\"/><path d=\"M14 21v-3a2 2 0 0 0-4 0v3\"/><path d=\"M6 10H4a2 2 0 0 0-2 2v7a2 2 0 0 0 2 2h16a2 2 0 0 0 2-2V9a2 2 0 0 0-2-2h-2\"/><path d=\"M6 21V5a2 2 0 0 1 2-2h8a2 2 0 0 1 2 2v16\"/></svg>\n        <div class=\"driver-body\">\n          <div class=\"driver-name\">Business District</div>\n          <div class=\"driver-level\">MODERATE</div>\n        </div>\n      </div>\n      <div class=\"driver-context\">6 businesses</div>\n    </div>\n    <div class=\"driver\">\n      <div class=\"driver-pill\" style=\"background:#16A34A;\">\n        <svg viewBox=\"0 0 24 24\" width=\"18\" height=\"18\" fill=\"none\" stroke=\"white\" stroke-width=\"2\" stroke-linecap=\"round\" stroke-linejoin=\"round\" class=\"driver-icon\"><path d=\"M13 2 L3 14 h9 l-1 8 10-12 h-9 z\"/></svg>\n        <div class=\"driver-body\">\n          <div class=\"driver-name\">Transmission Main</div>\n          <div class=\"driver-level\">LOW</div>\n        </div>\n      </div>\n      <div class=\"driver-context\">Distribution only</div>\n    </div>\n  </div>\n</div>\n<div class=\"demo-netline\">20 segments in dig area (16 mains, 4 services) &middot; oldest 41-yr MDPE</div><div class=\"demo-action\"><a href=\"https://kartasoft.github.io/excavation-risk-demo/action_form.html?ticket_id=DEMO-20260713-0002&demo=1\" target=\"_blank\" rel=\"noopener\">LOG ACTION</a></div></div>"}}, {"type": "Feature", "geometry": {"type": "Polygon", "coordinates": [[[-83.00313446799183, 39.943916269156844], [-83.00316106173449, 39.94482779879049], [-83.00434532710801, 39.94480732307599], [-83.00431871766884, 39.943895794099795], [-83.00313446799183, 39.943916269156844]]]}, "properties": {"ticket_id": "DEMO-20260713-0003", "priority_level": "LOW", "likelihood_level": "LOW", "impact_level": "LOW", "division": "Demo District", "date": "2026-07-13", "excavator_name": "Excavator C", "work_type": "WATER LINE INSTALL", "demo_note": "synthetic demo data", "popup_html": "<div class=\"demo-popup\"><style>\n.demo-popup { font-family: -apple-system, BlinkMacSystemFont, 'Segoe UI', sans-serif;\n       color: #333; max-width: 920px; margin: 0 auto; padding: 20px; }\nh1 { color: #2c3e50; font-size: 20px; margin-bottom: 5px; }\n.meta { color: #7f8c8d; font-size: 13px; margin-bottom: 15px; }\n.risk-box { background: #f8f9fa; border-left: 4px solid #888888;\n             padding: 12px 16px; margin: 15px 0; border-radius: 4px; }\n.risk-pct { font-size: 28px; font-weight: bold; color: #888888; }\n.risk-score { font-size: 14px; color: #555; margin-top: 2px; }\n.indicators { display: flex; gap: 20px; margin: 20px 0; justify-content: center; }\n.indicator { flex: 1; max-width: 420px; text-align: center; }\n.indicator-pill { border-radius: 14px; padding: 18px 24px; color: white;\n                  box-shadow: 0 2px 6px rgba(0,0,0,0.12);\n                  display: flex; align-items: center; gap: 14px;\n                  text-align: left; }\n.indicator-icon { flex-shrink: 0; width: 32px; height: 32px; opacity: 0.95; }\n.indicator-body { flex: 1; }\n.indicator-label { font-size: 11px; letter-spacing: 0.1em; opacity: 0.9;\n                   text-transform: uppercase; }\n.indicator-level { font-size: 28px; font-weight: 800; letter-spacing: 0.04em;\n                   margin: 2px 0 2px 0; line-height: 1.1; }\n.indicator-sublabel { font-size: 13px; opacity: 0.95; font-weight: 500; }\n.indicator-context { margin-top: 8px; font-size: 12px; color: #555;\n                     line-height: 1.4; }\n.drivers-block { background: #f9fafb; border: 1px solid #e5e7eb;\n                 border-radius: 8px; padding: 14px 16px; margin: 14px 0; }\n.drivers-title { font-size: 11px; letter-spacing: 0.1em; text-transform: uppercase;\n                 color: #6b7280; font-weight: 700; margin-bottom: 8px; }\n.drivers-row { display: flex; gap: 10px; justify-content: center;\n               flex-wrap: wrap; }\n.driver { flex: 1; min-width: 180px; max-width: 220px; text-align: center; }\n.driver-pill { border-radius: 10px; padding: 10px 12px; color: white;\n               box-shadow: 0 1px 3px rgba(0,0,0,0.10);\n               display: flex; align-items: center; gap: 8px;\n               text-align: left; }\n.driver-pill.gray { background: #9ca3af; }\n.driver-icon { flex-shrink: 0; width: 18px; height: 18px; opacity: 0.95; }\n.driver-body { flex: 1; min-width: 0; }\n.driver-name { font-size: 10px; font-weight: 700; letter-spacing: 0.04em;\n               text-transform: uppercase; opacity: 0.95; white-space: nowrap;\n               overflow: hidden; text-overflow: ellipsis; }\n.driver-level { font-size: 13px; font-weight: 700; margin-top: 1px; }\n.driver-context { margin-top: 5px; font-size: 10px; color: #6b7280;\n                  line-height: 1.3; }\n.section { margin: 20px 0; }\n.section h2 { font-size: 16px; color: #2c3e50; border-bottom: 1px solid #ddd;\n               padding-bottom: 5px; }\n.drivers li { margin: 6px 0; font-size: 13px; line-height: 1.5; }\n.shap-val { color: #888; font-size: 12px; }\ntable { width: 100%; border-collapse: collapse; font-size: 13px; }\nth { background: #ecf0f1; padding: 8px; text-align: left; }\ntd { padding: 6px 8px; border-bottom: 1px solid #eee; }\n.map-container { width: 100%; height: 420px; border: 1px solid #ddd;\n                  border-radius: 4px; overflow: hidden; margin: 10px 0; }\n.footer { color: #aaa; font-size: 11px; margin-top: 30px; text-align: center; }\n\n.demo-popup { max-width: 380px; font-size: 13px; }\n.demo-popup h1 { font-size: 15px; margin: 2px 0 2px; }\n.demo-popup .meta { font-size: 11px; margin-bottom: 8px; }\n.demo-popup .indicators { gap: 10px; margin: 10px 0; }\n.demo-popup .indicator-level { font-size: 20px; }\n.demo-popup .indicator-icon { width: 22px; height: 22px; }\n.demo-popup .drivers-block { padding: 8px 10px; margin: 8px 0; }\n.demo-popup .driver { min-width: 150px; }\n.demo-banner { background: #FEF3C7; border: 1px solid #F59E0B;\n    color: #92400E; font-size: 10px; line-height: 1.35; padding: 5px 8px;\n    border-radius: 4px; margin-bottom: 8px; text-align: center;\n    font-weight: 600; }\n.demo-netline { font-size: 10px; color: #6b7280; margin-top: 8px;\n    text-align: center; line-height: 1.4; }\n.demo-action { text-align: center; margin-top: 12px; }\n.demo-action a { background: #2563EB; color: #fff; padding: 7px 18px;\n    border-radius: 4px; font-weight: bold; text-decoration: none;\n    display: inline-block; font-size: 11px; letter-spacing: 0.05em; }\n</style><h1>DEMO-20260713-0003</h1><div class=\"meta\">Demo District &middot; 2026-07-13 &middot; Excavator C &middot; WATER LINE INSTALL</div>\n<div class=\"indicators\">\n  <div class=\"indicator\">\n    <div class=\"indicator-pill\" style=\"background:#16A34A;\">\n      <svg viewBox=\"0 0 24 24\" width=\"32\" height=\"32\" fill=\"none\" stroke=\"white\" stroke-width=\"2\" stroke-linecap=\"round\" stroke-linejoin=\"round\" class=\"indicator-icon\"><path d=\"m21.73 18-8-14a2 2 0 0 0-3.48 0l-8 14A2 2 0 0 0 4 21h16a2 2 0 0 0 1.73-3\"/><path d=\"M12 9v4\"/><path d=\"M12 17h.01\"/></svg>\n      <div class=\"indicator-body\">\n        <div class=\"indicator-label\">Damage Likelihood</div>\n        <div class=\"indicator-level\">LOW</div>\n        <div class=\"indicator-sublabel\">Bottom 68% of all tickets</div>\n      </div>\n    </div>\n    <div class=\"indicator-context\">Bottom 68% by damage probability</div>\n  </div>\n  <div class=\"indicator\">\n    <div class=\"indicator-pill\" style=\"background:#16A34A;\">\n      <svg viewBox=\"0 0 24 24\" width=\"32\" height=\"32\" fill=\"none\" stroke=\"white\" stroke-width=\"2\" stroke-linecap=\"round\" stroke-linejoin=\"round\" class=\"indicator-icon\"><path d=\"M12 2 L20 5 V11 C 20 16 16 20 12 22 C 8 20 4 16 4 11 V5 Z\"/><path d=\"M12 9 V13\"/><path d=\"M12 17 h.01\"/></svg>\n      <div class=\"indicator-body\">\n        <div class=\"indicator-label\">Impact</div>\n        <div class=\"indicator-level\">LOW</div>\n        <div class=\"indicator-sublabel\">Bottom 15% by consequence</div>\n      </div>\n    </div>\n    <div class=\"indicator-context\">2 services, 1 business nearby</div>\n  </div>\n</div>\n\n<div class=\"drivers-block\">\n  <div class=\"drivers-title\">Likelihood Drivers</div>\n  <div class=\"drivers-row\">\n    <div class=\"driver\">\n      <div class=\"driver-pill\" style=\"background:#DC2626;\">\n        <svg viewBox=\"0 0 30 26\" width=\"18\" height=\"18\" fill=\"none\" stroke=\"white\" stroke-width=\"1.4\" stroke-linecap=\"round\" stroke-linejoin=\"round\" class=\"driver-icon\"><rect x=\"2\" y=\"19.5\" width=\"16\" height=\"4.5\" rx=\"2.2\"/><circle cx=\"5.5\" cy=\"21.75\" r=\"1.1\" stroke-width=\"1\"/><circle cx=\"10\" cy=\"21.75\" r=\"1.1\" stroke-width=\"1\"/><circle cx=\"14.5\" cy=\"21.75\" r=\"1.1\" stroke-width=\"1\"/><path d=\"M4.5 18.5 V15 H7.5 V13 H18 V18.5\"/><path d=\"M12 11.5 L19 4 L20.5 5.5 L13.5 13 Z\"/><path d=\"M21.5 4 L27 12 L25.5 13 L20 5 Z\"/><path d=\"M26.5 14 L27 17 Q 26.5 19.5 24 19 L23 16 Z\"/></svg>\n        <div class=\"driver-body\">\n          <div class=\"driver-name\">Excavator History</div>\n          <div class=\"driver-level\">HIGH</div>\n        </div>\n      </div>\n      <div class=\"driver-context\">8.9% damage rate (90d, 654 tickets)</div>\n    </div>\n    <div class=\"driver\">\n      <div class=\"driver-pill\" style=\"background:#16A34A;\">\n        <svg viewBox=\"0 0 24 24\" width=\"18\" height=\"18\" fill=\"none\" stroke=\"white\" stroke-width=\"2\" stroke-linecap=\"round\" stroke-linejoin=\"round\" class=\"driver-icon\"><ellipse cx=\"12\" cy=\"5\" rx=\"9\" ry=\"3\"/><path d=\"M3 5v14a9 3 0 0 0 18 0V5\"/></svg>\n        <div class=\"driver-body\">\n          <div class=\"driver-name\">Pipe Vulnerability</div>\n          <div class=\"driver-level\">LOW</div>\n        </div>\n      </div>\n      <div class=\"driver-context\">54-year-old Steel (bottom 59%)</div>\n    </div>\n    <div class=\"driver\">\n      <div class=\"driver-pill\" style=\"background:#DC2626;\">\n        <svg viewBox=\"0 0 24 24\" width=\"18\" height=\"18\" fill=\"none\" stroke=\"white\" stroke-width=\"2\" stroke-linecap=\"round\" stroke-linejoin=\"round\" class=\"driver-icon\"><path d=\"M4 20 L14 10\"/><path d=\"M9 5 L19 15\"/></svg>\n        <div class=\"driver-body\">\n          <div class=\"driver-name\">Work Activity</div>\n          <div class=\"driver-level\">HIGH</div>\n        </div>\n      </div>\n      <div class=\"driver-context\">Water Line Install with Backhoe</div>\n    </div>\n    <div class=\"driver\">\n      <div class=\"driver-pill\" style=\"background:#16A34A;\">\n        <svg viewBox=\"0 0 24 24\" width=\"18\" height=\"18\" fill=\"none\" stroke=\"white\" stroke-width=\"2\" stroke-linecap=\"round\" stroke-linejoin=\"round\" class=\"driver-icon\"><path d=\"M3 7V5a2 2 0 0 1 2-2h2\"/><path d=\"M17 3h2a2 2 0 0 1 2 2v2\"/><path d=\"M21 17v2a2 2 0 0 1-2 2h-2\"/><path d=\"M7 21H5a2 2 0 0 1-2-2v-2\"/></svg>\n        <div class=\"driver-body\">\n          <div class=\"driver-name\">Locate Quality</div>\n          <div class=\"driver-level\">GOOD</div>\n        </div>\n      </div>\n      <div class=\"driver-context\">Locator: Unit C (clean record)</div>\n    </div>\n  </div>\n</div>\n<div class=\"drivers-block\">\n  <div class=\"drivers-title\">Impact Drivers</div>\n  <div class=\"drivers-row\">\n    <div class=\"driver\">\n      <div class=\"driver-pill\" style=\"background:#16A34A;\">\n        <svg viewBox=\"0 0 24 24\" width=\"18\" height=\"18\" fill=\"none\" stroke=\"white\" stroke-width=\"2\" stroke-linecap=\"round\" stroke-linejoin=\"round\" class=\"driver-icon\"><path d=\"M3 12 L12 4 L21 12\"/><path d=\"M5 11 V20 H19 V11\"/></svg>\n        <div class=\"driver-body\">\n          <div class=\"driver-name\">Service Disruption</div>\n          <div class=\"driver-level\">LOW</div>\n        </div>\n      </div>\n      <div class=\"driver-context\">2 services at risk</div>\n    </div>\n    <div class=\"driver\">\n      <div class=\"driver-pill\" style=\"background:#16A34A;\">\n        <svg viewBox=\"0 0 24 24\" width=\"18\" height=\"18\" fill=\"none\" stroke=\"white\" stroke-width=\"2\" stroke-linecap=\"round\" stroke-linejoin=\"round\" class=\"driver-icon\"><path d=\"M12 7v4\"/><path d=\"M14 21v-3a2 2 0 0 0-4 0v3\"/><path d=\"M14 9h-4\"/><path d=\"M18 11h2a2 2 0 0 1 2 2v6a2 2 0 0 1-2 2H4a2 2 0 0 1-2-2v-9a2 2 0 0 1 2-2h2\"/><path d=\"M18 21V5a2 2 0 0 0-2-2H8a2 2 0 0 0-2 2v16\"/></svg>\n        <div class=\"driver-body\">\n          <div class=\"driver-name\">Critical Facilities</div>\n          <div class=\"driver-level\">LOW</div>\n        </div>\n      </div>\n      <div class=\"driver-context\">None</div>\n    </div>\n    <div class=\"driver\">\n      <div class=\"driver-pill\" style=\"background:#F59E0B;\">\n        <svg viewBox=\"0 0 24 24\" width=\"18\" height=\"18\" fill=\"none\" stroke=\"white\" stroke-width=\"2\" stroke-linecap=\"round\" stroke-linejoin=\"round\" class=\"driver-icon\"><path d=\"M10 12h4\"/><path d=\"M10 8h4\"/><path d=\"M14 21v-3a2 2 0 0 0-4 0v3\"/><path d=\"M6 10H4a2 2 0 0 0-2 2v7a2 2 0 0 0 2 2h16a2 2 0 0 0 2-2V9a2 2 0 0 0-2-2h-2\"/><path d=\"M6 21V5a2 2 0 0 1 2-2h8a2 2 0 0 1 2 2v16\"/></svg>\n        <div class=\"driver-body\">\n          <div class=\"driver-name\">Business District</div>\n          <div class=\"driver-level\">MODERATE</div>\n        </div>\n      </div>\n      <div class=\"driver-context\">1 business</div>\n    </div>\n    <div class=\"driver\">\n      <div class=\"driver-pill\" style=\"background:#16A34A;\">\n        <svg viewBox=\"0 0 24 24\" width=\"18\" height=\"18\" fill=\"none\" stroke=\"white\" stroke-width=\"2\" stroke-linecap=\"round\" stroke-linejoin=\"round\" class=\"driver-icon\"><path d=\"M13 2 L3 14 h9 l-1 8 10-12 h-9 z\"/></svg>\n        <div class=\"driver-body\">\n          <div class=\"driver-name\">Transmission Main</div>\n          <div class=\"driver-level\">LOW</div>\n        </div>\n      </div>\n      <div class=\"driver-context\">Distribution only</div>\n    </div>\n  </div>\n</div>\n<div class=\"demo-netline\">6 segments in dig area (5 mains, 1 services) &middot; oldest 54-yr Steel</div><div class=\"demo-action\"><a href=\"https://kartasoft.github.io/excavation-risk-demo/action_form.html?ticket_id=DEMO-20260713-0003&demo=1\" target=\"_blank\" rel=\"noopener\">LOG ACTION</a></div></div>"}}, {"type": "Feature", "geometry": {"type": "Polygon", "coordinates": [[[-82.99725409942866, 39.94608337579359], [-82.99731696949178, 39.948244431528366], [-83.00012476653747, 39.94819600628684], [-83.00006180823614, 39.946034954238314], [-82.99725409942866, 39.94608337579359]]]}, "properties": {"ticket_id": "DEMO-20260713-0004", "priority_level": "LOW", "likelihood_level": "LOW", "impact_level": "LOW", "division": "Demo District", "date": "2026-07-13", "excavator_name": "Excavator D", "work_type": "WATER LINE INSTALL", "demo_note": "synthetic demo data", "popup_html": "<div class=\"demo-popup\"><style>\n.demo-popup { font-family: -apple-system, BlinkMacSystemFont, 'Segoe UI', sans-serif;\n       color: #333; max-width: 920px; margin: 0 auto; padding: 20px; }\nh1 { color: #2c3e50; font-size: 20px; margin-bottom: 5px; }\n.meta { color: #7f8c8d; font-size: 13px; margin-bottom: 15px; }\n.risk-box { background: #f8f9fa; border-left: 4px solid #888888;\n             padding: 12px 16px; margin: 15px 0; border-radius: 4px; }\n.risk-pct { font-size: 28px; font-weight: bold; color: #888888; }\n.risk-score { font-size: 14px; color: #555; margin-top: 2px; }\n.indicators { display: flex; gap: 20px; margin: 20px 0; justify-content: center; }\n.indicator { flex: 1; max-width: 420px; text-align: center; }\n.indicator-pill { border-radius: 14px; padding: 18px 24px; color: white;\n                  box-shadow: 0 2px 6px rgba(0,0,0,0.12);\n                  display: flex; align-items: center; gap: 14px;\n                  text-align: left; }\n.indicator-icon { flex-shrink: 0; width: 32px; height: 32px; opacity: 0.95; }\n.indicator-body { flex: 1; }\n.indicator-label { font-size: 11px; letter-spacing: 0.1em; opacity: 0.9;\n                   text-transform: uppercase; }\n.indicator-level { font-size: 28px; font-weight: 800; letter-spacing: 0.04em;\n                   margin: 2px 0 2px 0; line-height: 1.1; }\n.indicator-sublabel { font-size: 13px; opacity: 0.95; font-weight: 500; }\n.indicator-context { margin-top: 8px; font-size: 12px; color: #555;\n                     line-height: 1.4; }\n.drivers-block { background: #f9fafb; border: 1px solid #e5e7eb;\n                 border-radius: 8px; padding: 14px 16px; margin: 14px 0; }\n.drivers-title { font-size: 11px; letter-spacing: 0.1em; text-transform: uppercase;\n                 color: #6b7280; font-weight: 700; margin-bottom: 8px; }\n.drivers-row { display: flex; gap: 10px; justify-content: center;\n               flex-wrap: wrap; }\n.driver { flex: 1; min-width: 180px; max-width: 220px; text-align: center; }\n.driver-pill { border-radius: 10px; padding: 10px 12px; color: white;\n               box-shadow: 0 1px 3px rgba(0,0,0,0.10);\n               display: flex; align-items: center; gap: 8px;\n               text-align: left; }\n.driver-pill.gray { background: #9ca3af; }\n.driver-icon { flex-shrink: 0; width: 18px; height: 18px; opacity: 0.95; }\n.driver-body { flex: 1; min-width: 0; }\n.driver-name { font-size: 10px; font-weight: 700; letter-spacing: 0.04em;\n               text-transform: uppercase; opacity: 0.95; white-space: nowrap;\n               overflow: hidden; text-overflow: ellipsis; }\n.driver-level { font-size: 13px; font-weight: 700; margin-top: 1px; }\n.driver-context { margin-top: 5px; font-size: 10px; color: #6b7280;\n                  line-height: 1.3; }\n.section { margin: 20px 0; }\n.section h2 { font-size: 16px; color: #2c3e50; border-bottom: 1px solid #ddd;\n               padding-bottom: 5px; }\n.drivers li { margin: 6px 0; font-size: 13px; line-height: 1.5; }\n.shap-val { color: #888; font-size: 12px; }\ntable { width: 100%; border-collapse: collapse; font-size: 13px; }\nth { background: #ecf0f1; padding: 8px; text-align: left; }\ntd { padding: 6px 8px; border-bottom: 1px solid #eee; }\n.map-container { width: 100%; height: 420px; border: 1px solid #ddd;\n                  border-radius: 4px; overflow: hidden; margin: 10px 0; }\n.footer { color: #aaa; font-size: 11px; margin-top: 30px; text-align: center; }\n\n.demo-popup { max-width: 380px; font-size: 13px; }\n.demo-popup h1 { font-size: 15px; margin: 2px 0 2px; }\n.demo-popup .meta { font-size: 11px; margin-bottom: 8px; }\n.demo-popup .indicators { gap: 10px; margin: 10px 0; }\n.demo-popup .indicator-level { font-size: 20px; }\n.demo-popup .indicator-icon { width: 22px; height: 22px; }\n.demo-popup .drivers-block { padding: 8px 10px; margin: 8px 0; }\n.demo-popup .driver { min-width: 150px; }\n.demo-banner { background: #FEF3C7; border: 1px solid #F59E0B;\n    color: #92400E; font-size: 10px; line-height: 1.35; padding: 5px 8px;\n    border-radius: 4px; margin-bottom: 8px; text-align: center;\n    font-weight: 600; }\n.demo-netline { font-size: 10px; color: #6b7280; margin-top: 8px;\n    text-align: center; line-height: 1.4; }\n.demo-action { text-align: center; margin-top: 12px; }\n.demo-action a { background: #2563EB; color: #fff; padding: 7px 18px;\n    border-radius: 4px; font-weight: bold; text-decoration: none;\n    display: inline-block; font-size: 11px; letter-spacing: 0.05em; }\n</style><h1>DEMO-20260713-0004</h1><div class=\"meta\">Demo District &middot; 2026-07-13 &middot; Excavator D &middot; WATER LINE INSTALL</div>\n<div class=\"indicators\">\n  <div class=\"indicator\">\n    <div class=\"indicator-pill\" style=\"background:#16A34A;\">\n      <svg viewBox=\"0 0 24 24\" width=\"32\" height=\"32\" fill=\"none\" stroke=\"white\" stroke-width=\"2\" stroke-linecap=\"round\" stroke-linejoin=\"round\" class=\"indicator-icon\"><path d=\"m21.73 18-8-14a2 2 0 0 0-3.48 0l-8 14A2 2 0 0 0 4 21h16a2 2 0 0 0 1.73-3\"/><path d=\"M12 9v4\"/><path d=\"M12 17h.01\"/></svg>\n      <div class=\"indicator-body\">\n        <div class=\"indicator-label\">Damage Likelihood</div>\n        <div class=\"indicator-level\">LOW</div>\n        <div class=\"indicator-sublabel\">Bottom 70% of all tickets</div>\n      </div>\n    </div>\n    <div class=\"indicator-context\">Bottom 70% by damage probability</div>\n  </div>\n  <div class=\"indicator\">\n    <div class=\"indicator-pill\" style=\"background:#16A34A;\">\n      <svg viewBox=\"0 0 24 24\" width=\"32\" height=\"32\" fill=\"none\" stroke=\"white\" stroke-width=\"2\" stroke-linecap=\"round\" stroke-linejoin=\"round\" class=\"indicator-icon\"><path d=\"M12 2 L20 5 V11 C 20 16 16 20 12 22 C 8 20 4 16 4 11 V5 Z\"/><path d=\"M12 9 V13\"/><path d=\"M12 17 h.01\"/></svg>\n      <div class=\"indicator-body\">\n        <div class=\"indicator-label\">Impact</div>\n        <div class=\"indicator-level\">LOW</div>\n        <div class=\"indicator-sublabel\">Bottom 70% by consequence</div>\n      </div>\n    </div>\n    <div class=\"indicator-context\">25 businesses nearby</div>\n  </div>\n</div>\n\n<div class=\"drivers-block\">\n  <div class=\"drivers-title\">Likelihood Drivers</div>\n  <div class=\"drivers-row\">\n    <div class=\"driver\">\n      <div class=\"driver-pill\" style=\"background:#16A34A;\">\n        <svg viewBox=\"0 0 30 26\" width=\"18\" height=\"18\" fill=\"none\" stroke=\"white\" stroke-width=\"1.4\" stroke-linecap=\"round\" stroke-linejoin=\"round\" class=\"driver-icon\"><rect x=\"2\" y=\"19.5\" width=\"16\" height=\"4.5\" rx=\"2.2\"/><circle cx=\"5.5\" cy=\"21.75\" r=\"1.1\" stroke-width=\"1\"/><circle cx=\"10\" cy=\"21.75\" r=\"1.1\" stroke-width=\"1\"/><circle cx=\"14.5\" cy=\"21.75\" r=\"1.1\" stroke-width=\"1\"/><path d=\"M4.5 18.5 V15 H7.5 V13 H18 V18.5\"/><path d=\"M12 11.5 L19 4 L20.5 5.5 L13.5 13 Z\"/><path d=\"M21.5 4 L27 12 L25.5 13 L20 5 Z\"/><path d=\"M26.5 14 L27 17 Q 26.5 19.5 24 19 L23 16 Z\"/></svg>\n        <div class=\"driver-body\">\n          <div class=\"driver-name\">Excavator History</div>\n          <div class=\"driver-level\">LOW</div>\n        </div>\n      </div>\n      <div class=\"driver-context\">0.9% damage rate (90d, 359 tickets)</div>\n    </div>\n    <div class=\"driver\">\n      <div class=\"driver-pill\" style=\"background:#16A34A;\">\n        <svg viewBox=\"0 0 24 24\" width=\"18\" height=\"18\" fill=\"none\" stroke=\"white\" stroke-width=\"2\" stroke-linecap=\"round\" stroke-linejoin=\"round\" class=\"driver-icon\"><ellipse cx=\"12\" cy=\"5\" rx=\"9\" ry=\"3\"/><path d=\"M3 5v14a9 3 0 0 0 18 0V5\"/></svg>\n        <div class=\"driver-body\">\n          <div class=\"driver-name\">Pipe Vulnerability</div>\n          <div class=\"driver-level\">LOW</div>\n        </div>\n      </div>\n      <div class=\"driver-context\">54-year-old Steel (bottom 64%)</div>\n    </div>\n    <div class=\"driver\">\n      <div class=\"driver-pill\" style=\"background:#DC2626;\">\n        <svg viewBox=\"0 0 24 24\" width=\"18\" height=\"18\" fill=\"none\" stroke=\"white\" stroke-width=\"2\" stroke-linecap=\"round\" stroke-linejoin=\"round\" class=\"driver-icon\"><path d=\"M4 20 L14 10\"/><path d=\"M9 5 L19 15\"/></svg>\n        <div class=\"driver-body\">\n          <div class=\"driver-name\">Work Activity</div>\n          <div class=\"driver-level\">HIGH</div>\n        </div>\n      </div>\n      <div class=\"driver-context\">Water Line Install with Backhoe</div>\n    </div>\n    <div class=\"driver\">\n      <div class=\"driver-pill\" style=\"background:#DC2626;\">\n        <svg viewBox=\"0 0 24 24\" width=\"18\" height=\"18\" fill=\"none\" stroke=\"white\" stroke-width=\"2\" stroke-linecap=\"round\" stroke-linejoin=\"round\" class=\"driver-icon\"><path d=\"M3 7V5a2 2 0 0 1 2-2h2\"/><path d=\"M17 3h2a2 2 0 0 1 2 2v2\"/><path d=\"M21 17v2a2 2 0 0 1-2 2h-2\"/><path d=\"M7 21H5a2 2 0 0 1-2-2v-2\"/></svg>\n        <div class=\"driver-body\">\n          <div class=\"driver-name\">Locate Quality</div>\n          <div class=\"driver-level\">POOR</div>\n        </div>\n      </div>\n      <div class=\"driver-context\">Locator: Unit D (above-avg damage rate)</div>\n    </div>\n  </div>\n</div>\n<div class=\"drivers-block\">\n  <div class=\"drivers-title\">Impact Drivers</div>\n  <div class=\"drivers-row\">\n    <div class=\"driver\">\n      <div class=\"driver-pill\" style=\"background:#16A34A;\">\n        <svg viewBox=\"0 0 24 24\" width=\"18\" height=\"18\" fill=\"none\" stroke=\"white\" stroke-width=\"2\" stroke-linecap=\"round\" stroke-linejoin=\"round\" class=\"driver-icon\"><path d=\"M3 12 L12 4 L21 12\"/><path d=\"M5 11 V20 H19 V11\"/></svg>\n        <div class=\"driver-body\">\n          <div class=\"driver-name\">Service Disruption</div>\n          <div class=\"driver-level\">LOW</div>\n        </div>\n      </div>\n      <div class=\"driver-context\">No chokepoint</div>\n    </div>\n    <div class=\"driver\">\n      <div class=\"driver-pill\" style=\"background:#16A34A;\">\n        <svg viewBox=\"0 0 24 24\" width=\"18\" height=\"18\" fill=\"none\" stroke=\"white\" stroke-width=\"2\" stroke-linecap=\"round\" stroke-linejoin=\"round\" class=\"driver-icon\"><path d=\"M12 7v4\"/><path d=\"M14 21v-3a2 2 0 0 0-4 0v3\"/><path d=\"M14 9h-4\"/><path d=\"M18 11h2a2 2 0 0 1 2 2v6a2 2 0 0 1-2 2H4a2 2 0 0 1-2-2v-9a2 2 0 0 1 2-2h2\"/><path d=\"M18 21V5a2 2 0 0 0-2-2H8a2 2 0 0 0-2 2v16\"/></svg>\n        <div class=\"driver-body\">\n          <div class=\"driver-name\">Critical Facilities</div>\n          <div class=\"driver-level\">LOW</div>\n        </div>\n      </div>\n      <div class=\"driver-context\">None</div>\n    </div>\n    <div class=\"driver\">\n      <div class=\"driver-pill\" style=\"background:#DC2626;\">\n        <svg viewBox=\"0 0 24 24\" width=\"18\" height=\"18\" fill=\"none\" stroke=\"white\" stroke-width=\"2\" stroke-linecap=\"round\" stroke-linejoin=\"round\" class=\"driver-icon\"><path d=\"M10 12h4\"/><path d=\"M10 8h4\"/><path d=\"M14 21v-3a2 2 0 0 0-4 0v3\"/><path d=\"M6 10H4a2 2 0 0 0-2 2v7a2 2 0 0 0 2 2h16a2 2 0 0 0 2-2V9a2 2 0 0 0-2-2h-2\"/><path d=\"M6 21V5a2 2 0 0 1 2-2h8a2 2 0 0 1 2 2v16\"/></svg>\n        <div class=\"driver-body\">\n          <div class=\"driver-name\">Business District</div>\n          <div class=\"driver-level\">HIGH</div>\n        </div>\n      </div>\n      <div class=\"driver-context\">25 businesses</div>\n    </div>\n    <div class=\"driver\">\n      <div class=\"driver-pill\" style=\"background:#16A34A;\">\n        <svg viewBox=\"0 0 24 24\" width=\"18\" height=\"18\" fill=\"none\" stroke=\"white\" stroke-width=\"2\" stroke-linecap=\"round\" stroke-linejoin=\"round\" class=\"driver-icon\"><path d=\"M13 2 L3 14 h9 l-1 8 10-12 h-9 z\"/></svg>\n        <div class=\"driver-body\">\n          <div class=\"driver-name\">Transmission Main</div>\n          <div class=\"driver-level\">LOW</div>\n        </div>\n      </div>\n      <div class=\"driver-context\">Distribution only</div>\n    </div>\n  </div>\n</div>\n<div class=\"demo-netline\">108 segments in dig area (47 mains, 61 services) &middot; oldest 54-yr Steel</div><div class=\"demo-action\"><a href=\"https://kartasoft.github.io/excavation-risk-demo/action_form.html?ticket_id=DEMO-20260713-0004&demo=1\" target=\"_blank\" rel=\"noopener\">LOG ACTION</a></div></div>"}}, {"type": "Feature", "geometry": {"type": "Polygon", "coordinates": [[[-83.01178116106755, 39.96780835840353], [-83.01178644212959, 39.967988444137006], [-83.01202049070238, 39.96798438043627], [-83.01201520902696, 39.967804294728566], [-83.01178116106755, 39.96780835840353]]]}, "properties": {"ticket_id": "DEMO-20260713-0005", "priority_level": "LOW", "likelihood_level": "LOW", "impact_level": "LOW", "division": "Demo District", "date": "2026-07-13", "excavator_name": "Excavator E", "work_type": "FENCE INSTALL", "demo_note": "synthetic demo data", "popup_html": "<div class=\"demo-popup\"><style>\n.demo-popup { font-family: -apple-system, BlinkMacSystemFont, 'Segoe UI', sans-serif;\n       color: #333; max-width: 920px; margin: 0 auto; padding: 20px; }\nh1 { color: #2c3e50; font-size: 20px; margin-bottom: 5px; }\n.meta { color: #7f8c8d; font-size: 13px; margin-bottom: 15px; }\n.risk-box { background: #f8f9fa; border-left: 4px solid #888888;\n             padding: 12px 16px; margin: 15px 0; border-radius: 4px; }\n.risk-pct { font-size: 28px; font-weight: bold; color: #888888; }\n.risk-score { font-size: 14px; color: #555; margin-top: 2px; }\n.indicators { display: flex; gap: 20px; margin: 20px 0; justify-content: center; }\n.indicator { flex: 1; max-width: 420px; text-align: center; }\n.indicator-pill { border-radius: 14px; padding: 18px 24px; color: white;\n                  box-shadow: 0 2px 6px rgba(0,0,0,0.12);\n                  display: flex; align-items: center; gap: 14px;\n                  text-align: left; }\n.indicator-icon { flex-shrink: 0; width: 32px; height: 32px; opacity: 0.95; }\n.indicator-body { flex: 1; }\n.indicator-label { font-size: 11px; letter-spacing: 0.1em; opacity: 0.9;\n                   text-transform: uppercase; }\n.indicator-level { font-size: 28px; font-weight: 800; letter-spacing: 0.04em;\n                   margin: 2px 0 2px 0; line-height: 1.1; }\n.indicator-sublabel { font-size: 13px; opacity: 0.95; font-weight: 500; }\n.indicator-context { margin-top: 8px; font-size: 12px; color: #555;\n                     line-height: 1.4; }\n.drivers-block { background: #f9fafb; border: 1px solid #e5e7eb;\n                 border-radius: 8px; padding: 14px 16px; margin: 14px 0; }\n.drivers-title { font-size: 11px; letter-spacing: 0.1em; text-transform: uppercase;\n                 color: #6b7280; font-weight: 700; margin-bottom: 8px; }\n.drivers-row { display: flex; gap: 10px; justify-content: center;\n               flex-wrap: wrap; }\n.driver { flex: 1; min-width: 180px; max-width: 220px; text-align: center; }\n.driver-pill { border-radius: 10px; padding: 10px 12px; color: white;\n               box-shadow: 0 1px 3px rgba(0,0,0,0.10);\n               display: flex; align-items: center; gap: 8px;\n               text-align: left; }\n.driver-pill.gray { background: #9ca3af; }\n.driver-icon { flex-shrink: 0; width: 18px; height: 18px; opacity: 0.95; }\n.driver-body { flex: 1; min-width: 0; }\n.driver-name { font-size: 10px; font-weight: 700; letter-spacing: 0.04em;\n               text-transform: uppercase; opacity: 0.95; white-space: nowrap;\n               overflow: hidden; text-overflow: ellipsis; }\n.driver-level { font-size: 13px; font-weight: 700; margin-top: 1px; }\n.driver-context { margin-top: 5px; font-size: 10px; color: #6b7280;\n                  line-height: 1.3; }\n.section { margin: 20px 0; }\n.section h2 { font-size: 16px; color: #2c3e50; border-bottom: 1px solid #ddd;\n               padding-bottom: 5px; }\n.drivers li { margin: 6px 0; font-size: 13px; line-height: 1.5; }\n.shap-val { color: #888; font-size: 12px; }\ntable { width: 100%; border-collapse: collapse; font-size: 13px; }\nth { background: #ecf0f1; padding: 8px; text-align: left; }\ntd { padding: 6px 8px; border-bottom: 1px solid #eee; }\n.map-container { width: 100%; height: 420px; border: 1px solid #ddd;\n                  border-radius: 4px; overflow: hidden; margin: 10px 0; }\n.footer { color: #aaa; font-size: 11px; margin-top: 30px; text-align: center; }\n\n.demo-popup { max-width: 380px; font-size: 13px; }\n.demo-popup h1 { font-size: 15px; margin: 2px 0 2px; }\n.demo-popup .meta { font-size: 11px; margin-bottom: 8px; }\n.demo-popup .indicators { gap: 10px; margin: 10px 0; }\n.demo-popup .indicator-level { font-size: 20px; }\n.demo-popup .indicator-icon { width: 22px; height: 22px; }\n.demo-popup .drivers-block { padding: 8px 10px; margin: 8px 0; }\n.demo-popup .driver { min-width: 150px; }\n.demo-banner { background: #FEF3C7; border: 1px solid #F59E0B;\n    color: #92400E; font-size: 10px; line-height: 1.35; padding: 5px 8px;\n    border-radius: 4px; margin-bottom: 8px; text-align: center;\n    font-weight: 600; }\n.demo-netline { font-size: 10px; color: #6b7280; margin-top: 8px;\n    text-align: center; line-height: 1.4; }\n.demo-action { text-align: center; margin-top: 12px; }\n.demo-action a { background: #2563EB; color: #fff; padding: 7px 18px;\n    border-radius: 4px; font-weight: bold; text-decoration: none;\n    display: inline-block; font-size: 11px; letter-spacing: 0.05em; }\n</style><h1>DEMO-20260713-0005</h1><div class=\"meta\">Demo District &middot; 2026-07-13 &middot; Excavator E &middot; FENCE INSTALL</div>\n<div class=\"indicators\">\n  <div class=\"indicator\">\n    <div class=\"indicator-pill\" style=\"background:#16A34A;\">\n      <svg viewBox=\"0 0 24 24\" width=\"32\" height=\"32\" fill=\"none\" stroke=\"white\" stroke-width=\"2\" stroke-linecap=\"round\" stroke-linejoin=\"round\" class=\"indicator-icon\"><path d=\"m21.73 18-8-14a2 2 0 0 0-3.48 0l-8 14A2 2 0 0 0 4 21h16a2 2 0 0 0 1.73-3\"/><path d=\"M12 9v4\"/><path d=\"M12 17h.01\"/></svg>\n      <div class=\"indicator-body\">\n        <div class=\"indicator-label\">Damage Likelihood</div>\n        <div class=\"indicator-level\">LOW</div>\n        <div class=\"indicator-sublabel\">Bottom 20% of all tickets</div>\n      </div>\n    </div>\n    <div class=\"indicator-context\">Bottom 20% by damage probability</div>\n  </div>\n  <div class=\"indicator\">\n    <div class=\"indicator-pill\" style=\"background:#16A34A;\">\n      <svg viewBox=\"0 0 24 24\" width=\"32\" height=\"32\" fill=\"none\" stroke=\"white\" stroke-width=\"2\" stroke-linecap=\"round\" stroke-linejoin=\"round\" class=\"indicator-icon\"><path d=\"M12 2 L20 5 V11 C 20 16 16 20 12 22 C 8 20 4 16 4 11 V5 Z\"/><path d=\"M12 9 V13\"/><path d=\"M12 17 h.01\"/></svg>\n      <div class=\"indicator-body\">\n        <div class=\"indicator-label\">Impact</div>\n        <div class=\"indicator-level\">LOW</div>\n        <div class=\"indicator-sublabel\">Bottom 21% by consequence</div>\n      </div>\n    </div>\n    <div class=\"indicator-context\">3 businesses nearby</div>\n  </div>\n</div>\n\n<div class=\"drivers-block\">\n  <div class=\"drivers-title\">Likelihood Drivers</div>\n  <div class=\"drivers-row\">\n    <div class=\"driver\">\n      <div class=\"driver-pill\" style=\"background:#16A34A;\">\n        <svg viewBox=\"0 0 30 26\" width=\"18\" height=\"18\" fill=\"none\" stroke=\"white\" stroke-width=\"1.4\" stroke-linecap=\"round\" stroke-linejoin=\"round\" class=\"driver-icon\"><rect x=\"2\" y=\"19.5\" width=\"16\" height=\"4.5\" rx=\"2.2\"/><circle cx=\"5.5\" cy=\"21.75\" r=\"1.1\" stroke-width=\"1\"/><circle cx=\"10\" cy=\"21.75\" r=\"1.1\" stroke-width=\"1\"/><circle cx=\"14.5\" cy=\"21.75\" r=\"1.1\" stroke-width=\"1\"/><path d=\"M4.5 18.5 V15 H7.5 V13 H18 V18.5\"/><path d=\"M12 11.5 L19 4 L20.5 5.5 L13.5 13 Z\"/><path d=\"M21.5 4 L27 12 L25.5 13 L20 5 Z\"/><path d=\"M26.5 14 L27 17 Q 26.5 19.5 24 19 L23 16 Z\"/></svg>\n        <div class=\"driver-body\">\n          <div class=\"driver-name\">Excavator History</div>\n          <div class=\"driver-level\">LOW</div>\n        </div>\n      </div>\n      <div class=\"driver-context\">1.7% damage rate (90d, 459 tickets)</div>\n    </div>\n    <div class=\"driver\">\n      <div class=\"driver-pill\" style=\"background:#16A34A;\">\n        <svg viewBox=\"0 0 24 24\" width=\"18\" height=\"18\" fill=\"none\" stroke=\"white\" stroke-width=\"2\" stroke-linecap=\"round\" stroke-linejoin=\"round\" class=\"driver-icon\"><ellipse cx=\"12\" cy=\"5\" rx=\"9\" ry=\"3\"/><path d=\"M3 5v14a9 3 0 0 0 18 0V5\"/></svg>\n        <div class=\"driver-body\">\n          <div class=\"driver-name\">Pipe Vulnerability</div>\n          <div class=\"driver-level\">LOW</div>\n        </div>\n      </div>\n      <div class=\"driver-context\">24-year-old MDPE (bottom 6%)</div>\n    </div>\n    <div class=\"driver\">\n      <div class=\"driver-pill\" style=\"background:#F59E0B;\">\n        <svg viewBox=\"0 0 24 24\" width=\"18\" height=\"18\" fill=\"none\" stroke=\"white\" stroke-width=\"2\" stroke-linecap=\"round\" stroke-linejoin=\"round\" class=\"driver-icon\"><path d=\"M4 20 L14 10\"/><path d=\"M9 5 L19 15\"/></svg>\n        <div class=\"driver-body\">\n          <div class=\"driver-name\">Work Activity</div>\n          <div class=\"driver-level\">MODERATE</div>\n        </div>\n      </div>\n      <div class=\"driver-context\">Fence Install with Hand Auger</div>\n    </div>\n    <div class=\"driver\">\n      <div class=\"driver-pill\" style=\"background:#16A34A;\">\n        <svg viewBox=\"0 0 24 24\" width=\"18\" height=\"18\" fill=\"none\" stroke=\"white\" stroke-width=\"2\" stroke-linecap=\"round\" stroke-linejoin=\"round\" class=\"driver-icon\"><path d=\"M3 7V5a2 2 0 0 1 2-2h2\"/><path d=\"M17 3h2a2 2 0 0 1 2 2v2\"/><path d=\"M21 17v2a2 2 0 0 1-2 2h-2\"/><path d=\"M7 21H5a2 2 0 0 1-2-2v-2\"/></svg>\n        <div class=\"driver-body\">\n          <div class=\"driver-name\">Locate Quality</div>\n          <div class=\"driver-level\">GOOD</div>\n        </div>\n      </div>\n      <div class=\"driver-context\">Locator: Unit E (clean record)</div>\n    </div>\n  </div>\n</div>\n<div class=\"drivers-block\">\n  <div class=\"drivers-title\">Impact Drivers</div>\n  <div class=\"drivers-row\">\n    <div class=\"driver\">\n      <div class=\"driver-pill\" style=\"background:#16A34A;\">\n        <svg viewBox=\"0 0 24 24\" width=\"18\" height=\"18\" fill=\"none\" stroke=\"white\" stroke-width=\"2\" stroke-linecap=\"round\" stroke-linejoin=\"round\" class=\"driver-icon\"><path d=\"M3 12 L12 4 L21 12\"/><path d=\"M5 11 V20 H19 V11\"/></svg>\n        <div class=\"driver-body\">\n          <div class=\"driver-name\">Service Disruption</div>\n          <div class=\"driver-level\">LOW</div>\n        </div>\n      </div>\n      <div class=\"driver-context\">No chokepoint</div>\n    </div>\n    <div class=\"driver\">\n      <div class=\"driver-pill\" style=\"background:#16A34A;\">\n        <svg viewBox=\"0 0 24 24\" width=\"18\" height=\"18\" fill=\"none\" stroke=\"white\" stroke-width=\"2\" stroke-linecap=\"round\" stroke-linejoin=\"round\" class=\"driver-icon\"><path d=\"M12 7v4\"/><path d=\"M14 21v-3a2 2 0 0 0-4 0v3\"/><path d=\"M14 9h-4\"/><path d=\"M18 11h2a2 2 0 0 1 2 2v6a2 2 0 0 1-2 2H4a2 2 0 0 1-2-2v-9a2 2 0 0 1 2-2h2\"/><path d=\"M18 21V5a2 2 0 0 0-2-2H8a2 2 0 0 0-2 2v16\"/></svg>\n        <div class=\"driver-body\">\n          <div class=\"driver-name\">Critical Facilities</div>\n          <div class=\"driver-level\">LOW</div>\n        </div>\n      </div>\n      <div class=\"driver-context\">None</div>\n    </div>\n    <div class=\"driver\">\n      <div class=\"driver-pill\" style=\"background:#F59E0B;\">\n        <svg viewBox=\"0 0 24 24\" width=\"18\" height=\"18\" fill=\"none\" stroke=\"white\" stroke-width=\"2\" stroke-linecap=\"round\" stroke-linejoin=\"round\" class=\"driver-icon\"><path d=\"M10 12h4\"/><path d=\"M10 8h4\"/><path d=\"M14 21v-3a2 2 0 0 0-4 0v3\"/><path d=\"M6 10H4a2 2 0 0 0-2 2v7a2 2 0 0 0 2 2h16a2 2 0 0 0 2-2V9a2 2 0 0 0-2-2h-2\"/><path d=\"M6 21V5a2 2 0 0 1 2-2h8a2 2 0 0 1 2 2v16\"/></svg>\n        <div class=\"driver-body\">\n          <div class=\"driver-name\">Business District</div>\n          <div class=\"driver-level\">MODERATE</div>\n        </div>\n      </div>\n      <div class=\"driver-context\">3 businesses</div>\n    </div>\n    <div class=\"driver\">\n      <div class=\"driver-pill\" style=\"background:#16A34A;\">\n        <svg viewBox=\"0 0 24 24\" width=\"18\" height=\"18\" fill=\"none\" stroke=\"white\" stroke-width=\"2\" stroke-linecap=\"round\" stroke-linejoin=\"round\" class=\"driver-icon\"><path d=\"M13 2 L3 14 h9 l-1 8 10-12 h-9 z\"/></svg>\n        <div class=\"driver-body\">\n          <div class=\"driver-name\">Transmission Main</div>\n          <div class=\"driver-level\">LOW</div>\n        </div>\n      </div>\n      <div class=\"driver-context\">Distribution only</div>\n    </div>\n  </div>\n</div>\n<div class=\"demo-netline\">1 segments in dig area (1 mains, 0 services) &middot; oldest 24-yr MDPE</div><div class=\"demo-action\"><a href=\"https://kartasoft.github.io/excavation-risk-demo/action_form.html?ticket_id=DEMO-20260713-0005&demo=1\" target=\"_blank\" rel=\"noopener\">LOG ACTION</a></div></div>"}}, {"type": "Feature", "geometry": {"type": "Polygon", "coordinates": [[[-82.98444231523976, 39.94699000328094], [-82.98450478417585, 39.94915107551402], [-82.98731264018761, 39.949102959661424], [-82.98725008300656, 39.94694189109104], [-82.98444231523976, 39.94699000328094]]]}, "properties": {"ticket_id": "DEMO-20260713-0006", "priority_level": "HIGH", "likelihood_level": "HIGH", "impact_level": "HIGH", "division": "Demo District", "date": "2026-07-13", "excavator_name": "Excavator F", "work_type": "TRENCHING", "demo_note": "synthetic demo data", "popup_html": "<div class=\"demo-popup\"><style>\n.demo-popup { font-family: -apple-system, BlinkMacSystemFont, 'Segoe UI', sans-serif;\n       color: #333; max-width: 920px; margin: 0 auto; padding: 20px; }\nh1 { color: #2c3e50; font-size: 20px; margin-bottom: 5px; }\n.meta { color: #7f8c8d; font-size: 13px; margin-bottom: 15px; }\n.risk-box { background: #f8f9fa; border-left: 4px solid #888888;\n             padding: 12px 16px; margin: 15px 0; border-radius: 4px; }\n.risk-pct { font-size: 28px; font-weight: bold; color: #888888; }\n.risk-score { font-size: 14px; color: #555; margin-top: 2px; }\n.indicators { display: flex; gap: 20px; margin: 20px 0; justify-content: center; }\n.indicator { flex: 1; max-width: 420px; text-align: center; }\n.indicator-pill { border-radius: 14px; padding: 18px 24px; color: white;\n                  box-shadow: 0 2px 6px rgba(0,0,0,0.12);\n                  display: flex; align-items: center; gap: 14px;\n                  text-align: left; }\n.indicator-icon { flex-shrink: 0; width: 32px; height: 32px; opacity: 0.95; }\n.indicator-body { flex: 1; }\n.indicator-label { font-size: 11px; letter-spacing: 0.1em; opacity: 0.9;\n                   text-transform: uppercase; }\n.indicator-level { font-size: 28px; font-weight: 800; letter-spacing: 0.04em;\n                   margin: 2px 0 2px 0; line-height: 1.1; }\n.indicator-sublabel { font-size: 13px; opacity: 0.95; font-weight: 500; }\n.indicator-context { margin-top: 8px; font-size: 12px; color: #555;\n                     line-height: 1.4; }\n.drivers-block { background: #f9fafb; border: 1px solid #e5e7eb;\n                 border-radius: 8px; padding: 14px 16px; margin: 14px 0; }\n.drivers-title { font-size: 11px; letter-spacing: 0.1em; text-transform: uppercase;\n                 color: #6b7280; font-weight: 700; margin-bottom: 8px; }\n.drivers-row { display: flex; gap: 10px; justify-content: center;\n               flex-wrap: wrap; }\n.driver { flex: 1; min-width: 180px; max-width: 220px; text-align: center; }\n.driver-pill { border-radius: 10px; padding: 10px 12px; color: white;\n               box-shadow: 0 1px 3px rgba(0,0,0,0.10);\n               display: flex; align-items: center; gap: 8px;\n               text-align: left; }\n.driver-pill.gray { background: #9ca3af; }\n.driver-icon { flex-shrink: 0; width: 18px; height: 18px; opacity: 0.95; }\n.driver-body { flex: 1; min-width: 0; }\n.driver-name { font-size: 10px; font-weight: 700; letter-spacing: 0.04em;\n               text-transform: uppercase; opacity: 0.95; white-space: nowrap;\n               overflow: hidden; text-overflow: ellipsis; }\n.driver-level { font-size: 13px; font-weight: 700; margin-top: 1px; }\n.driver-context { margin-top: 5px; font-size: 10px; color: #6b7280;\n                  line-height: 1.3; }\n.section { margin: 20px 0; }\n.section h2 { font-size: 16px; color: #2c3e50; border-bottom: 1px solid #ddd;\n               padding-bottom: 5px; }\n.drivers li { margin: 6px 0; font-size: 13px; line-height: 1.5; }\n.shap-val { color: #888; font-size: 12px; }\ntable { width: 100%; border-collapse: collapse; font-size: 13px; }\nth { background: #ecf0f1; padding: 8px; text-align: left; }\ntd { padding: 6px 8px; border-bottom: 1px solid #eee; }\n.map-container { width: 100%; height: 420px; border: 1px solid #ddd;\n                  border-radius: 4px; overflow: hidden; margin: 10px 0; }\n.footer { color: #aaa; font-size: 11px; margin-top: 30px; text-align: center; }\n\n.demo-popup { max-width: 380px; font-size: 13px; }\n.demo-popup h1 { font-size: 15px; margin: 2px 0 2px; }\n.demo-popup .meta { font-size: 11px; margin-bottom: 8px; }\n.demo-popup .indicators { gap: 10px; margin: 10px 0; }\n.demo-popup .indicator-level { font-size: 20px; }\n.demo-popup .indicator-icon { width: 22px; height: 22px; }\n.demo-popup .drivers-block { padding: 8px 10px; margin: 8px 0; }\n.demo-popup .driver { min-width: 150px; }\n.demo-banner { background: #FEF3C7; border: 1px solid #F59E0B;\n    color: #92400E; font-size: 10px; line-height: 1.35; padding: 5px 8px;\n    border-radius: 4px; margin-bottom: 8px; text-align: center;\n    font-weight: 600; }\n.demo-netline { font-size: 10px; color: #6b7280; margin-top: 8px;\n    text-align: center; line-height: 1.4; }\n.demo-action { text-align: center; margin-top: 12px; }\n.demo-action a { background: #2563EB; color: #fff; padding: 7px 18px;\n    border-radius: 4px; font-weight: bold; text-decoration: none;\n    display: inline-block; font-size: 11px; letter-spacing: 0.05em; }\n</style><h1>DEMO-20260713-0006</h1><div class=\"meta\">Demo District &middot; 2026-07-13 &middot; Excavator F &middot; TRENCHING</div>\n<div class=\"indicators\">\n  <div class=\"indicator\">\n    <div class=\"indicator-pill\" style=\"background:#DC2626;\">\n      <svg viewBox=\"0 0 24 24\" width=\"32\" height=\"32\" fill=\"none\" stroke=\"white\" stroke-width=\"2\" stroke-linecap=\"round\" stroke-linejoin=\"round\" class=\"indicator-icon\"><path d=\"m21.73 18-8-14a2 2 0 0 0-3.48 0l-8 14A2 2 0 0 0 4 21h16a2 2 0 0 0 1.73-3\"/><path d=\"M12 9v4\"/><path d=\"M12 17h.01\"/></svg>\n      <div class=\"indicator-body\">\n        <div class=\"indicator-label\">Damage Likelihood</div>\n        <div class=\"indicator-level\">HIGH</div>\n        <div class=\"indicator-sublabel\">Top 5% of all tickets</div>\n      </div>\n    </div>\n    <div class=\"indicator-context\">Top 5% by damage probability</div>\n  </div>\n  <div class=\"indicator\">\n    <div class=\"indicator-pill\" style=\"background:#DC2626;\">\n      <svg viewBox=\"0 0 24 24\" width=\"32\" height=\"32\" fill=\"none\" stroke=\"white\" stroke-width=\"2\" stroke-linecap=\"round\" stroke-linejoin=\"round\" class=\"indicator-icon\"><path d=\"M12 2 L20 5 V11 C 20 16 16 20 12 22 C 8 20 4 16 4 11 V5 Z\"/><path d=\"M12 9 V13\"/><path d=\"M12 17 h.01\"/></svg>\n      <div class=\"indicator-body\">\n        <div class=\"indicator-label\">Impact</div>\n        <div class=\"indicator-level\">HIGH</div>\n        <div class=\"indicator-sublabel\">Top 2% by consequence</div>\n      </div>\n    </div>\n    <div class=\"indicator-context\">603 services, 64 businesses nearby</div>\n  </div>\n</div>\n\n<div class=\"drivers-block\">\n  <div class=\"drivers-title\">Likelihood Drivers</div>\n  <div class=\"drivers-row\">\n    <div class=\"driver\">\n      <div class=\"driver-pill\" style=\"background:#DC2626;\">\n        <svg viewBox=\"0 0 30 26\" width=\"18\" height=\"18\" fill=\"none\" stroke=\"white\" stroke-width=\"1.4\" stroke-linecap=\"round\" stroke-linejoin=\"round\" class=\"driver-icon\"><rect x=\"2\" y=\"19.5\" width=\"16\" height=\"4.5\" rx=\"2.2\"/><circle cx=\"5.5\" cy=\"21.75\" r=\"1.1\" stroke-width=\"1\"/><circle cx=\"10\" cy=\"21.75\" r=\"1.1\" stroke-width=\"1\"/><circle cx=\"14.5\" cy=\"21.75\" r=\"1.1\" stroke-width=\"1\"/><path d=\"M4.5 18.5 V15 H7.5 V13 H18 V18.5\"/><path d=\"M12 11.5 L19 4 L20.5 5.5 L13.5 13 Z\"/><path d=\"M21.5 4 L27 12 L25.5 13 L20 5 Z\"/><path d=\"M26.5 14 L27 17 Q 26.5 19.5 24 19 L23 16 Z\"/></svg>\n        <div class=\"driver-body\">\n          <div class=\"driver-name\">Excavator History</div>\n          <div class=\"driver-level\">HIGH</div>\n        </div>\n      </div>\n      <div class=\"driver-context\">8.9% damage rate (90d, 581 tickets)</div>\n    </div>\n    <div class=\"driver\">\n      <div class=\"driver-pill\" style=\"background:#16A34A;\">\n        <svg viewBox=\"0 0 24 24\" width=\"18\" height=\"18\" fill=\"none\" stroke=\"white\" stroke-width=\"2\" stroke-linecap=\"round\" stroke-linejoin=\"round\" class=\"driver-icon\"><ellipse cx=\"12\" cy=\"5\" rx=\"9\" ry=\"3\"/><path d=\"M3 5v14a9 3 0 0 0 18 0V5\"/></svg>\n        <div class=\"driver-body\">\n          <div class=\"driver-name\">Pipe Vulnerability</div>\n          <div class=\"driver-level\">LOW</div>\n        </div>\n      </div>\n      <div class=\"driver-context\">51-year-old Steel (bottom 69%)</div>\n    </div>\n    <div class=\"driver\">\n      <div class=\"driver-pill\" style=\"background:#DC2626;\">\n        <svg viewBox=\"0 0 24 24\" width=\"18\" height=\"18\" fill=\"none\" stroke=\"white\" stroke-width=\"2\" stroke-linecap=\"round\" stroke-linejoin=\"round\" class=\"driver-icon\"><path d=\"M4 20 L14 10\"/><path d=\"M9 5 L19 15\"/></svg>\n        <div class=\"driver-body\">\n          <div class=\"driver-name\">Work Activity</div>\n          <div class=\"driver-level\">HIGH</div>\n        </div>\n      </div>\n      <div class=\"driver-context\">Trenching with Trencher</div>\n    </div>\n    <div class=\"driver\">\n      <div class=\"driver-pill\" style=\"background:#16A34A;\">\n        <svg viewBox=\"0 0 24 24\" width=\"18\" height=\"18\" fill=\"none\" stroke=\"white\" stroke-width=\"2\" stroke-linecap=\"round\" stroke-linejoin=\"round\" class=\"driver-icon\"><path d=\"M3 7V5a2 2 0 0 1 2-2h2\"/><path d=\"M17 3h2a2 2 0 0 1 2 2v2\"/><path d=\"M21 17v2a2 2 0 0 1-2 2h-2\"/><path d=\"M7 21H5a2 2 0 0 1-2-2v-2\"/></svg>\n        <div class=\"driver-body\">\n          <div class=\"driver-name\">Locate Quality</div>\n          <div class=\"driver-level\">GOOD</div>\n        </div>\n      </div>\n      <div class=\"driver-context\">Locator: Unit F (clean record)</div>\n    </div>\n  </div>\n</div>\n<div class=\"drivers-block\">\n  <div class=\"drivers-title\">Impact Drivers</div>\n  <div class=\"drivers-row\">\n    <div class=\"driver\">\n      <div class=\"driver-pill\" style=\"background:#DC2626;\">\n        <svg viewBox=\"0 0 24 24\" width=\"18\" height=\"18\" fill=\"none\" stroke=\"white\" stroke-width=\"2\" stroke-linecap=\"round\" stroke-linejoin=\"round\" class=\"driver-icon\"><path d=\"M3 12 L12 4 L21 12\"/><path d=\"M5 11 V20 H19 V11\"/></svg>\n        <div class=\"driver-body\">\n          <div class=\"driver-name\">Service Disruption</div>\n          <div class=\"driver-level\">HIGH</div>\n        </div>\n      </div>\n      <div class=\"driver-context\">603 services at risk</div>\n    </div>\n    <div class=\"driver\">\n      <div class=\"driver-pill\" style=\"background:#16A34A;\">\n        <svg viewBox=\"0 0 24 24\" width=\"18\" height=\"18\" fill=\"none\" stroke=\"white\" stroke-width=\"2\" stroke-linecap=\"round\" stroke-linejoin=\"round\" class=\"driver-icon\"><path d=\"M12 7v4\"/><path d=\"M14 21v-3a2 2 0 0 0-4 0v3\"/><path d=\"M14 9h-4\"/><path d=\"M18 11h2a2 2 0 0 1 2 2v6a2 2 0 0 1-2 2H4a2 2 0 0 1-2-2v-9a2 2 0 0 1 2-2h2\"/><path d=\"M18 21V5a2 2 0 0 0-2-2H8a2 2 0 0 0-2 2v16\"/></svg>\n        <div class=\"driver-body\">\n          <div class=\"driver-name\">Critical Facilities</div>\n          <div class=\"driver-level\">LOW</div>\n        </div>\n      </div>\n      <div class=\"driver-context\">None</div>\n    </div>\n    <div class=\"driver\">\n      <div class=\"driver-pill\" style=\"background:#DC2626;\">\n        <svg viewBox=\"0 0 24 24\" width=\"18\" height=\"18\" fill=\"none\" stroke=\"white\" stroke-width=\"2\" stroke-linecap=\"round\" stroke-linejoin=\"round\" class=\"driver-icon\"><path d=\"M10 12h4\"/><path d=\"M10 8h4\"/><path d=\"M14 21v-3a2 2 0 0 0-4 0v3\"/><path d=\"M6 10H4a2 2 0 0 0-2 2v7a2 2 0 0 0 2 2h16a2 2 0 0 0 2-2V9a2 2 0 0 0-2-2h-2\"/><path d=\"M6 21V5a2 2 0 0 1 2-2h8a2 2 0 0 1 2 2v16\"/></svg>\n        <div class=\"driver-body\">\n          <div class=\"driver-name\">Business District</div>\n          <div class=\"driver-level\">HIGH</div>\n        </div>\n      </div>\n      <div class=\"driver-context\">64 businesses</div>\n    </div>\n    <div class=\"driver\">\n      <div class=\"driver-pill\" style=\"background:#16A34A;\">\n        <svg viewBox=\"0 0 24 24\" width=\"18\" height=\"18\" fill=\"none\" stroke=\"white\" stroke-width=\"2\" stroke-linecap=\"round\" stroke-linejoin=\"round\" class=\"driver-icon\"><path d=\"M13 2 L3 14 h9 l-1 8 10-12 h-9 z\"/></svg>\n        <div class=\"driver-body\">\n          <div class=\"driver-name\">Transmission Main</div>\n          <div class=\"driver-level\">LOW</div>\n        </div>\n      </div>\n      <div class=\"driver-context\">Distribution only</div>\n    </div>\n  </div>\n</div>\n<div class=\"demo-netline\">210 segments in dig area (50 mains, 160 services) &middot; oldest 51-yr Steel</div><div class=\"demo-action\"><a href=\"https://kartasoft.github.io/excavation-risk-demo/action_form.html?ticket_id=DEMO-20260713-0006&demo=1\" target=\"_blank\" rel=\"noopener\">LOG ACTION</a></div></div>"}}, {"type": "Feature", "geometry": {"type": "Polygon", "coordinates": [[[-82.9969777421127, 39.94774940288528], [-82.9969829806097, 39.94792949087566], [-82.99721696293095, 39.947925458734545], [-82.99721172382115, 39.947745370769745], [-82.9969777421127, 39.94774940288528]]]}, "properties": {"ticket_id": "DEMO-20260713-0007", "priority_level": "HIGH", "likelihood_level": "LOW", "impact_level": "HIGH", "division": "Demo District", "date": "2026-07-13", "excavator_name": "Excavator G", "work_type": "FIBER INSTALL", "demo_note": "synthetic demo data", "popup_html": "<div class=\"demo-popup\"><style>\n.demo-popup { font-family: -apple-system, BlinkMacSystemFont, 'Segoe UI', sans-serif;\n       color: #333; max-width: 920px; margin: 0 auto; padding: 20px; }\nh1 { color: #2c3e50; font-size: 20px; margin-bottom: 5px; }\n.meta { color: #7f8c8d; font-size: 13px; margin-bottom: 15px; }\n.risk-box { background: #f8f9fa; border-left: 4px solid #888888;\n             padding: 12px 16px; margin: 15px 0; border-radius: 4px; }\n.risk-pct { font-size: 28px; font-weight: bold; color: #888888; }\n.risk-score { font-size: 14px; color: #555; margin-top: 2px; }\n.indicators { display: flex; gap: 20px; margin: 20px 0; justify-content: center; }\n.indicator { flex: 1; max-width: 420px; text-align: center; }\n.indicator-pill { border-radius: 14px; padding: 18px 24px; color: white;\n                  box-shadow: 0 2px 6px rgba(0,0,0,0.12);\n                  display: flex; align-items: center; gap: 14px;\n                  text-align: left; }\n.indicator-icon { flex-shrink: 0; width: 32px; height: 32px; opacity: 0.95; }\n.indicator-body { flex: 1; }\n.indicator-label { font-size: 11px; letter-spacing: 0.1em; opacity: 0.9;\n                   text-transform: uppercase; }\n.indicator-level { font-size: 28px; font-weight: 800; letter-spacing: 0.04em;\n                   margin: 2px 0 2px 0; line-height: 1.1; }\n.indicator-sublabel { font-size: 13px; opacity: 0.95; font-weight: 500; }\n.indicator-context { margin-top: 8px; font-size: 12px; color: #555;\n                     line-height: 1.4; }\n.drivers-block { background: #f9fafb; border: 1px solid #e5e7eb;\n                 border-radius: 8px; padding: 14px 16px; margin: 14px 0; }\n.drivers-title { font-size: 11px; letter-spacing: 0.1em; text-transform: uppercase;\n                 color: #6b7280; font-weight: 700; margin-bottom: 8px; }\n.drivers-row { display: flex; gap: 10px; justify-content: center;\n               flex-wrap: wrap; }\n.driver { flex: 1; min-width: 180px; max-width: 220px; text-align: center; }\n.driver-pill { border-radius: 10px; padding: 10px 12px; color: white;\n               box-shadow: 0 1px 3px rgba(0,0,0,0.10);\n               display: flex; align-items: center; gap: 8px;\n               text-align: left; }\n.driver-pill.gray { background: #9ca3af; }\n.driver-icon { flex-shrink: 0; width: 18px; height: 18px; opacity: 0.95; }\n.driver-body { flex: 1; min-width: 0; }\n.driver-name { font-size: 10px; font-weight: 700; letter-spacing: 0.04em;\n               text-transform: uppercase; opacity: 0.95; white-space: nowrap;\n               overflow: hidden; text-overflow: ellipsis; }\n.driver-level { font-size: 13px; font-weight: 700; margin-top: 1px; }\n.driver-context { margin-top: 5px; font-size: 10px; color: #6b7280;\n                  line-height: 1.3; }\n.section { margin: 20px 0; }\n.section h2 { font-size: 16px; color: #2c3e50; border-bottom: 1px solid #ddd;\n               padding-bottom: 5px; }\n.drivers li { margin: 6px 0; font-size: 13px; line-height: 1.5; }\n.shap-val { color: #888; font-size: 12px; }\ntable { width: 100%; border-collapse: collapse; font-size: 13px; }\nth { background: #ecf0f1; padding: 8px; text-align: left; }\ntd { padding: 6px 8px; border-bottom: 1px solid #eee; }\n.map-container { width: 100%; height: 420px; border: 1px solid #ddd;\n                  border-radius: 4px; overflow: hidden; margin: 10px 0; }\n.footer { color: #aaa; font-size: 11px; margin-top: 30px; text-align: center; }\n\n.demo-popup { max-width: 380px; font-size: 13px; }\n.demo-popup h1 { font-size: 15px; margin: 2px 0 2px; }\n.demo-popup .meta { font-size: 11px; margin-bottom: 8px; }\n.demo-popup .indicators { gap: 10px; margin: 10px 0; }\n.demo-popup .indicator-level { font-size: 20px; }\n.demo-popup .indicator-icon { width: 22px; height: 22px; }\n.demo-popup .drivers-block { padding: 8px 10px; margin: 8px 0; }\n.demo-popup .driver { min-width: 150px; }\n.demo-banner { background: #FEF3C7; border: 1px solid #F59E0B;\n    color: #92400E; font-size: 10px; line-height: 1.35; padding: 5px 8px;\n    border-radius: 4px; margin-bottom: 8px; text-align: center;\n    font-weight: 600; }\n.demo-netline { font-size: 10px; color: #6b7280; margin-top: 8px;\n    text-align: center; line-height: 1.4; }\n.demo-action { text-align: center; margin-top: 12px; }\n.demo-action a { background: #2563EB; color: #fff; padding: 7px 18px;\n    border-radius: 4px; font-weight: bold; text-decoration: none;\n    display: inline-block; font-size: 11px; letter-spacing: 0.05em; }\n</style><h1>DEMO-20260713-0007</h1><div class=\"meta\">Demo District &middot; 2026-07-13 &middot; Excavator G &middot; FIBER INSTALL</div>\n<div class=\"indicators\">\n  <div class=\"indicator\">\n    <div class=\"indicator-pill\" style=\"background:#16A34A;\">\n      <svg viewBox=\"0 0 24 24\" width=\"32\" height=\"32\" fill=\"none\" stroke=\"white\" stroke-width=\"2\" stroke-linecap=\"round\" stroke-linejoin=\"round\" class=\"indicator-icon\"><path d=\"m21.73 18-8-14a2 2 0 0 0-3.48 0l-8 14A2 2 0 0 0 4 21h16a2 2 0 0 0 1.73-3\"/><path d=\"M12 9v4\"/><path d=\"M12 17h.01\"/></svg>\n      <div class=\"indicator-body\">\n        <div class=\"indicator-label\">Damage Likelihood</div>\n        <div class=\"indicator-level\">LOW</div>\n        <div class=\"indicator-sublabel\">Bottom 18% of all tickets</div>\n      </div>\n    </div>\n    <div class=\"indicator-context\">Bottom 18% by damage probability</div>\n  </div>\n  <div class=\"indicator\">\n    <div class=\"indicator-pill\" style=\"background:#DC2626;\">\n      <svg viewBox=\"0 0 24 24\" width=\"32\" height=\"32\" fill=\"none\" stroke=\"white\" stroke-width=\"2\" stroke-linecap=\"round\" stroke-linejoin=\"round\" class=\"indicator-icon\"><path d=\"M12 2 L20 5 V11 C 20 16 16 20 12 22 C 8 20 4 16 4 11 V5 Z\"/><path d=\"M12 9 V13\"/><path d=\"M12 17 h.01\"/></svg>\n      <div class=\"indicator-body\">\n        <div class=\"indicator-label\">Impact</div>\n        <div class=\"indicator-level\">HIGH</div>\n        <div class=\"indicator-sublabel\">Top 3% by consequence</div>\n      </div>\n    </div>\n    <div class=\"indicator-context\">386 services, 39 businesses nearby</div>\n  </div>\n</div>\n\n<div class=\"drivers-block\">\n  <div class=\"drivers-title\">Likelihood Drivers</div>\n  <div class=\"drivers-row\">\n    <div class=\"driver\">\n      <div class=\"driver-pill\" style=\"background:#16A34A;\">\n        <svg viewBox=\"0 0 30 26\" width=\"18\" height=\"18\" fill=\"none\" stroke=\"white\" stroke-width=\"1.4\" stroke-linecap=\"round\" stroke-linejoin=\"round\" class=\"driver-icon\"><rect x=\"2\" y=\"19.5\" width=\"16\" height=\"4.5\" rx=\"2.2\"/><circle cx=\"5.5\" cy=\"21.75\" r=\"1.1\" stroke-width=\"1\"/><circle cx=\"10\" cy=\"21.75\" r=\"1.1\" stroke-width=\"1\"/><circle cx=\"14.5\" cy=\"21.75\" r=\"1.1\" stroke-width=\"1\"/><path d=\"M4.5 18.5 V15 H7.5 V13 H18 V18.5\"/><path d=\"M12 11.5 L19 4 L20.5 5.5 L13.5 13 Z\"/><path d=\"M21.5 4 L27 12 L25.5 13 L20 5 Z\"/><path d=\"M26.5 14 L27 17 Q 26.5 19.5 24 19 L23 16 Z\"/></svg>\n        <div class=\"driver-body\">\n          <div class=\"driver-name\">Excavator History</div>\n          <div class=\"driver-level\">LOW</div>\n        </div>\n      </div>\n      <div class=\"driver-context\">1.8% damage rate (90d, 526 tickets)</div>\n    </div>\n    <div class=\"driver\">\n      <div class=\"driver-pill\" style=\"background:#16A34A;\">\n        <svg viewBox=\"0 0 24 24\" width=\"18\" height=\"18\" fill=\"none\" stroke=\"white\" stroke-width=\"2\" stroke-linecap=\"round\" stroke-linejoin=\"round\" class=\"driver-icon\"><ellipse cx=\"12\" cy=\"5\" rx=\"9\" ry=\"3\"/><path d=\"M3 5v14a9 3 0 0 0 18 0V5\"/></svg>\n        <div class=\"driver-body\">\n          <div class=\"driver-name\">Pipe Vulnerability</div>\n          <div class=\"driver-level\">LOW</div>\n        </div>\n      </div>\n      <div class=\"driver-context\">37-year-old MDPE (bottom 34%)</div>\n    </div>\n    <div class=\"driver\">\n      <div class=\"driver-pill\" style=\"background:#16A34A;\">\n        <svg viewBox=\"0 0 24 24\" width=\"18\" height=\"18\" fill=\"none\" stroke=\"white\" stroke-width=\"2\" stroke-linecap=\"round\" stroke-linejoin=\"round\" class=\"driver-icon\"><path d=\"M4 20 L14 10\"/><path d=\"M9 5 L19 15\"/></svg>\n        <div class=\"driver-body\">\n          <div class=\"driver-name\">Work Activity</div>\n          <div class=\"driver-level\">LOW</div>\n        </div>\n      </div>\n      <div class=\"driver-context\">Fiber Install with Vibratory Plow</div>\n    </div>\n    <div class=\"driver\">\n      <div class=\"driver-pill\" style=\"background:#16A34A;\">\n        <svg viewBox=\"0 0 24 24\" width=\"18\" height=\"18\" fill=\"none\" stroke=\"white\" stroke-width=\"2\" stroke-linecap=\"round\" stroke-linejoin=\"round\" class=\"driver-icon\"><path d=\"M3 7V5a2 2 0 0 1 2-2h2\"/><path d=\"M17 3h2a2 2 0 0 1 2 2v2\"/><path d=\"M21 17v2a2 2 0 0 1-2 2h-2\"/><path d=\"M7 21H5a2 2 0 0 1-2-2v-2\"/></svg>\n        <div class=\"driver-body\">\n          <div class=\"driver-name\">Locate Quality</div>\n          <div class=\"driver-level\">GOOD</div>\n        </div>\n      </div>\n      <div class=\"driver-context\">Locator: Unit G (clean record)</div>\n    </div>\n  </div>\n</div>\n<div class=\"drivers-block\">\n  <div class=\"drivers-title\">Impact Drivers</div>\n  <div class=\"drivers-row\">\n    <div class=\"driver\">\n      <div class=\"driver-pill\" style=\"background:#DC2626;\">\n        <svg viewBox=\"0 0 24 24\" width=\"18\" height=\"18\" fill=\"none\" stroke=\"white\" stroke-width=\"2\" stroke-linecap=\"round\" stroke-linejoin=\"round\" class=\"driver-icon\"><path d=\"M3 12 L12 4 L21 12\"/><path d=\"M5 11 V20 H19 V11\"/></svg>\n        <div class=\"driver-body\">\n          <div class=\"driver-name\">Service Disruption</div>\n          <div class=\"driver-level\">HIGH</div>\n        </div>\n      </div>\n      <div class=\"driver-context\">386 services at risk</div>\n    </div>\n    <div class=\"driver\">\n      <div class=\"driver-pill\" style=\"background:#16A34A;\">\n        <svg viewBox=\"0 0 24 24\" width=\"18\" height=\"18\" fill=\"none\" stroke=\"white\" stroke-width=\"2\" stroke-linecap=\"round\" stroke-linejoin=\"round\" class=\"driver-icon\"><path d=\"M12 7v4\"/><path d=\"M14 21v-3a2 2 0 0 0-4 0v3\"/><path d=\"M14 9h-4\"/><path d=\"M18 11h2a2 2 0 0 1 2 2v6a2 2 0 0 1-2 2H4a2 2 0 0 1-2-2v-9a2 2 0 0 1 2-2h2\"/><path d=\"M18 21V5a2 2 0 0 0-2-2H8a2 2 0 0 0-2 2v16\"/></svg>\n        <div class=\"driver-body\">\n          <div class=\"driver-name\">Critical Facilities</div>\n          <div class=\"driver-level\">LOW</div>\n        </div>\n      </div>\n      <div class=\"driver-context\">None</div>\n    </div>\n    <div class=\"driver\">\n      <div class=\"driver-pill\" style=\"background:#DC2626;\">\n        <svg viewBox=\"0 0 24 24\" width=\"18\" height=\"18\" fill=\"none\" stroke=\"white\" stroke-width=\"2\" stroke-linecap=\"round\" stroke-linejoin=\"round\" class=\"driver-icon\"><path d=\"M10 12h4\"/><path d=\"M10 8h4\"/><path d=\"M14 21v-3a2 2 0 0 0-4 0v3\"/><path d=\"M6 10H4a2 2 0 0 0-2 2v7a2 2 0 0 0 2 2h16a2 2 0 0 0 2-2V9a2 2 0 0 0-2-2h-2\"/><path d=\"M6 21V5a2 2 0 0 1 2-2h8a2 2 0 0 1 2 2v16\"/></svg>\n        <div class=\"driver-body\">\n          <div class=\"driver-name\">Business District</div>\n          <div class=\"driver-level\">HIGH</div>\n        </div>\n      </div>\n      <div class=\"driver-context\">39 businesses</div>\n    </div>\n    <div class=\"driver\">\n      <div class=\"driver-pill\" style=\"background:#16A34A;\">\n        <svg viewBox=\"0 0 24 24\" width=\"18\" height=\"18\" fill=\"none\" stroke=\"white\" stroke-width=\"2\" stroke-linecap=\"round\" stroke-linejoin=\"round\" class=\"driver-icon\"><path d=\"M13 2 L3 14 h9 l-1 8 10-12 h-9 z\"/></svg>\n        <div class=\"driver-body\">\n          <div class=\"driver-name\">Transmission Main</div>\n          <div class=\"driver-level\">LOW</div>\n        </div>\n      </div>\n      <div class=\"driver-context\">Distribution only</div>\n    </div>\n  </div>\n</div>\n<div class=\"demo-netline\">1 segments in dig area (0 mains, 1 services) &middot; oldest 37-yr MDPE</div><div class=\"demo-action\"><a href=\"https://kartasoft.github.io/excavation-risk-demo/action_form.html?ticket_id=DEMO-20260713-0007&demo=1\" target=\"_blank\" rel=\"noopener\">LOG ACTION</a></div></div>"}}, {"type": "Feature", "geometry": {"type": "Polygon", "coordinates": [[[-82.99832663932348, 39.9673773542062], [-82.99835464474823, 39.96833877831198], [-82.99960416619938, 39.96831722275663], [-82.99957614329196, 39.96735579938077], [-82.99832663932348, 39.9673773542062]]]}, "properties": {"ticket_id": "DEMO-20260713-0008", "priority_level": "LOW", "likelihood_level": "LOW", "impact_level": "LOW", "division": "Demo District", "date": "2026-07-13", "excavator_name": "Excavator H", "work_type": "TRENCHING", "demo_note": "synthetic demo data", "popup_html": "<div class=\"demo-popup\"><style>\n.demo-popup { font-family: -apple-system, BlinkMacSystemFont, 'Segoe UI', sans-serif;\n       color: #333; max-width: 920px; margin: 0 auto; padding: 20px; }\nh1 { color: #2c3e50; font-size: 20px; margin-bottom: 5px; }\n.meta { color: #7f8c8d; font-size: 13px; margin-bottom: 15px; }\n.risk-box { background: #f8f9fa; border-left: 4px solid #888888;\n             padding: 12px 16px; margin: 15px 0; border-radius: 4px; }\n.risk-pct { font-size: 28px; font-weight: bold; color: #888888; }\n.risk-score { font-size: 14px; color: #555; margin-top: 2px; }\n.indicators { display: flex; gap: 20px; margin: 20px 0; justify-content: center; }\n.indicator { flex: 1; max-width: 420px; text-align: center; }\n.indicator-pill { border-radius: 14px; padding: 18px 24px; color: white;\n                  box-shadow: 0 2px 6px rgba(0,0,0,0.12);\n                  display: flex; align-items: center; gap: 14px;\n                  text-align: left; }\n.indicator-icon { flex-shrink: 0; width: 32px; height: 32px; opacity: 0.95; }\n.indicator-body { flex: 1; }\n.indicator-label { font-size: 11px; letter-spacing: 0.1em; opacity: 0.9;\n                   text-transform: uppercase; }\n.indicator-level { font-size: 28px; font-weight: 800; letter-spacing: 0.04em;\n                   margin: 2px 0 2px 0; line-height: 1.1; }\n.indicator-sublabel { font-size: 13px; opacity: 0.95; font-weight: 500; }\n.indicator-context { margin-top: 8px; font-size: 12px; color: #555;\n                     line-height: 1.4; }\n.drivers-block { background: #f9fafb; border: 1px solid #e5e7eb;\n                 border-radius: 8px; padding: 14px 16px; margin: 14px 0; }\n.drivers-title { font-size: 11px; letter-spacing: 0.1em; text-transform: uppercase;\n                 color: #6b7280; font-weight: 700; margin-bottom: 8px; }\n.drivers-row { display: flex; gap: 10px; justify-content: center;\n               flex-wrap: wrap; }\n.driver { flex: 1; min-width: 180px; max-width: 220px; text-align: center; }\n.driver-pill { border-radius: 10px; padding: 10px 12px; color: white;\n               box-shadow: 0 1px 3px rgba(0,0,0,0.10);\n               display: flex; align-items: center; gap: 8px;\n               text-align: left; }\n.driver-pill.gray { background: #9ca3af; }\n.driver-icon { flex-shrink: 0; width: 18px; height: 18px; opacity: 0.95; }\n.driver-body { flex: 1; min-width: 0; }\n.driver-name { font-size: 10px; font-weight: 700; letter-spacing: 0.04em;\n               text-transform: uppercase; opacity: 0.95; white-space: nowrap;\n               overflow: hidden; text-overflow: ellipsis; }\n.driver-level { font-size: 13px; font-weight: 700; margin-top: 1px; }\n.driver-context { margin-top: 5px; font-size: 10px; color: #6b7280;\n                  line-height: 1.3; }\n.section { margin: 20px 0; }\n.section h2 { font-size: 16px; color: #2c3e50; border-bottom: 1px solid #ddd;\n               padding-bottom: 5px; }\n.drivers li { margin: 6px 0; font-size: 13px; line-height: 1.5; }\n.shap-val { color: #888; font-size: 12px; }\ntable { width: 100%; border-collapse: collapse; font-size: 13px; }\nth { background: #ecf0f1; padding: 8px; text-align: left; }\ntd { padding: 6px 8px; border-bottom: 1px solid #eee; }\n.map-container { width: 100%; height: 420px; border: 1px solid #ddd;\n                  border-radius: 4px; overflow: hidden; margin: 10px 0; }\n.footer { color: #aaa; font-size: 11px; margin-top: 30px; text-align: center; }\n\n.demo-popup { max-width: 380px; font-size: 13px; }\n.demo-popup h1 { font-size: 15px; margin: 2px 0 2px; }\n.demo-popup .meta { font-size: 11px; margin-bottom: 8px; }\n.demo-popup .indicators { gap: 10px; margin: 10px 0; }\n.demo-popup .indicator-level { font-size: 20px; }\n.demo-popup .indicator-icon { width: 22px; height: 22px; }\n.demo-popup .drivers-block { padding: 8px 10px; margin: 8px 0; }\n.demo-popup .driver { min-width: 150px; }\n.demo-banner { background: #FEF3C7; border: 1px solid #F59E0B;\n    color: #92400E; font-size: 10px; line-height: 1.35; padding: 5px 8px;\n    border-radius: 4px; margin-bottom: 8px; text-align: center;\n    font-weight: 600; }\n.demo-netline { font-size: 10px; color: #6b7280; margin-top: 8px;\n    text-align: center; line-height: 1.4; }\n.demo-action { text-align: center; margin-top: 12px; }\n.demo-action a { background: #2563EB; color: #fff; padding: 7px 18px;\n    border-radius: 4px; font-weight: bold; text-decoration: none;\n    display: inline-block; font-size: 11px; letter-spacing: 0.05em; }\n</style><h1>DEMO-20260713-0008</h1><div class=\"meta\">Demo District &middot; 2026-07-13 &middot; Excavator H &middot; TRENCHING</div>\n<div class=\"indicators\">\n  <div class=\"indicator\">\n    <div class=\"indicator-pill\" style=\"background:#16A34A;\">\n      <svg viewBox=\"0 0 24 24\" width=\"32\" height=\"32\" fill=\"none\" stroke=\"white\" stroke-width=\"2\" stroke-linecap=\"round\" stroke-linejoin=\"round\" class=\"indicator-icon\"><path d=\"m21.73 18-8-14a2 2 0 0 0-3.48 0l-8 14A2 2 0 0 0 4 21h16a2 2 0 0 0 1.73-3\"/><path d=\"M12 9v4\"/><path d=\"M12 17h.01\"/></svg>\n      <div class=\"indicator-body\">\n        <div class=\"indicator-label\">Damage Likelihood</div>\n        <div class=\"indicator-level\">LOW</div>\n        <div class=\"indicator-sublabel\">Bottom 35% of all tickets</div>\n      </div>\n    </div>\n    <div class=\"indicator-context\">Bottom 35% by damage probability</div>\n  </div>\n  <div class=\"indicator\">\n    <div class=\"indicator-pill\" style=\"background:#16A34A;\">\n      <svg viewBox=\"0 0 24 24\" width=\"32\" height=\"32\" fill=\"none\" stroke=\"white\" stroke-width=\"2\" stroke-linecap=\"round\" stroke-linejoin=\"round\" class=\"indicator-icon\"><path d=\"M12 2 L20 5 V11 C 20 16 16 20 12 22 C 8 20 4 16 4 11 V5 Z\"/><path d=\"M12 9 V13\"/><path d=\"M12 17 h.01\"/></svg>\n      <div class=\"indicator-body\">\n        <div class=\"indicator-label\">Impact</div>\n        <div class=\"indicator-level\">LOW</div>\n        <div class=\"indicator-sublabel\">Bottom 60% by consequence</div>\n      </div>\n    </div>\n    <div class=\"indicator-context\">30 services, 5 businesses nearby</div>\n  </div>\n</div>\n\n<div class=\"drivers-block\">\n  <div class=\"drivers-title\">Likelihood Drivers</div>\n  <div class=\"drivers-row\">\n    <div class=\"driver\">\n      <div class=\"driver-pill\" style=\"background:#9CA3AF;\">\n        <svg viewBox=\"0 0 30 26\" width=\"18\" height=\"18\" fill=\"none\" stroke=\"white\" stroke-width=\"1.4\" stroke-linecap=\"round\" stroke-linejoin=\"round\" class=\"driver-icon\"><rect x=\"2\" y=\"19.5\" width=\"16\" height=\"4.5\" rx=\"2.2\"/><circle cx=\"5.5\" cy=\"21.75\" r=\"1.1\" stroke-width=\"1\"/><circle cx=\"10\" cy=\"21.75\" r=\"1.1\" stroke-width=\"1\"/><circle cx=\"14.5\" cy=\"21.75\" r=\"1.1\" stroke-width=\"1\"/><path d=\"M4.5 18.5 V15 H7.5 V13 H18 V18.5\"/><path d=\"M12 11.5 L19 4 L20.5 5.5 L13.5 13 Z\"/><path d=\"M21.5 4 L27 12 L25.5 13 L20 5 Z\"/><path d=\"M26.5 14 L27 17 Q 26.5 19.5 24 19 L23 16 Z\"/></svg>\n        <div class=\"driver-body\">\n          <div class=\"driver-name\">Excavator History</div>\n          <div class=\"driver-level\">NEW</div>\n        </div>\n      </div>\n      <div class=\"driver-context\">New excavator (< 20 lifetime tickets)</div>\n    </div>\n    <div class=\"driver\">\n      <div class=\"driver-pill\" style=\"background:#16A34A;\">\n        <svg viewBox=\"0 0 24 24\" width=\"18\" height=\"18\" fill=\"none\" stroke=\"white\" stroke-width=\"2\" stroke-linecap=\"round\" stroke-linejoin=\"round\" class=\"driver-icon\"><ellipse cx=\"12\" cy=\"5\" rx=\"9\" ry=\"3\"/><path d=\"M3 5v14a9 3 0 0 0 18 0V5\"/></svg>\n        <div class=\"driver-body\">\n          <div class=\"driver-name\">Pipe Vulnerability</div>\n          <div class=\"driver-level\">LOW</div>\n        </div>\n      </div>\n      <div class=\"driver-context\">29-year-old MDPE (bottom 19%)</div>\n    </div>\n    <div class=\"driver\">\n      <div class=\"driver-pill\" style=\"background:#DC2626;\">\n        <svg viewBox=\"0 0 24 24\" width=\"18\" height=\"18\" fill=\"none\" stroke=\"white\" stroke-width=\"2\" stroke-linecap=\"round\" stroke-linejoin=\"round\" class=\"driver-icon\"><path d=\"M4 20 L14 10\"/><path d=\"M9 5 L19 15\"/></svg>\n        <div class=\"driver-body\">\n          <div class=\"driver-name\">Work Activity</div>\n          <div class=\"driver-level\">HIGH</div>\n        </div>\n      </div>\n      <div class=\"driver-context\">Trenching with Trencher</div>\n    </div>\n    <div class=\"driver\">\n      <div class=\"driver-pill\" style=\"background:#F59E0B;\">\n        <svg viewBox=\"0 0 24 24\" width=\"18\" height=\"18\" fill=\"none\" stroke=\"white\" stroke-width=\"2\" stroke-linecap=\"round\" stroke-linejoin=\"round\" class=\"driver-icon\"><path d=\"M3 7V5a2 2 0 0 1 2-2h2\"/><path d=\"M17 3h2a2 2 0 0 1 2 2v2\"/><path d=\"M21 17v2a2 2 0 0 1-2 2h-2\"/><path d=\"M7 21H5a2 2 0 0 1-2-2v-2\"/></svg>\n        <div class=\"driver-body\">\n          <div class=\"driver-name\">Locate Quality</div>\n          <div class=\"driver-level\">WATCH</div>\n        </div>\n      </div>\n      <div class=\"driver-context\">Locator: Unit H (mixed record)</div>\n    </div>\n  </div>\n</div>\n<div class=\"drivers-block\">\n  <div class=\"drivers-title\">Impact Drivers</div>\n  <div class=\"drivers-row\">\n    <div class=\"driver\">\n      <div class=\"driver-pill\" style=\"background:#F59E0B;\">\n        <svg viewBox=\"0 0 24 24\" width=\"18\" height=\"18\" fill=\"none\" stroke=\"white\" stroke-width=\"2\" stroke-linecap=\"round\" stroke-linejoin=\"round\" class=\"driver-icon\"><path d=\"M3 12 L12 4 L21 12\"/><path d=\"M5 11 V20 H19 V11\"/></svg>\n        <div class=\"driver-body\">\n          <div class=\"driver-name\">Service Disruption</div>\n          <div class=\"driver-level\">MODERATE</div>\n        </div>\n      </div>\n      <div class=\"driver-context\">30 services at risk</div>\n    </div>\n    <div class=\"driver\">\n      <div class=\"driver-pill\" style=\"background:#16A34A;\">\n        <svg viewBox=\"0 0 24 24\" width=\"18\" height=\"18\" fill=\"none\" stroke=\"white\" stroke-width=\"2\" stroke-linecap=\"round\" stroke-linejoin=\"round\" class=\"driver-icon\"><path d=\"M12 7v4\"/><path d=\"M14 21v-3a2 2 0 0 0-4 0v3\"/><path d=\"M14 9h-4\"/><path d=\"M18 11h2a2 2 0 0 1 2 2v6a2 2 0 0 1-2 2H4a2 2 0 0 1-2-2v-9a2 2 0 0 1 2-2h2\"/><path d=\"M18 21V5a2 2 0 0 0-2-2H8a2 2 0 0 0-2 2v16\"/></svg>\n        <div class=\"driver-body\">\n          <div class=\"driver-name\">Critical Facilities</div>\n          <div class=\"driver-level\">LOW</div>\n        </div>\n      </div>\n      <div class=\"driver-context\">None</div>\n    </div>\n    <div class=\"driver\">\n      <div class=\"driver-pill\" style=\"background:#F59E0B;\">\n        <svg viewBox=\"0 0 24 24\" width=\"18\" height=\"18\" fill=\"none\" stroke=\"white\" stroke-width=\"2\" stroke-linecap=\"round\" stroke-linejoin=\"round\" class=\"driver-icon\"><path d=\"M10 12h4\"/><path d=\"M10 8h4\"/><path d=\"M14 21v-3a2 2 0 0 0-4 0v3\"/><path d=\"M6 10H4a2 2 0 0 0-2 2v7a2 2 0 0 0 2 2h16a2 2 0 0 0 2-2V9a2 2 0 0 0-2-2h-2\"/><path d=\"M6 21V5a2 2 0 0 1 2-2h8a2 2 0 0 1 2 2v16\"/></svg>\n        <div class=\"driver-body\">\n          <div class=\"driver-name\">Business District</div>\n          <div class=\"driver-level\">MODERATE</div>\n        </div>\n      </div>\n      <div class=\"driver-context\">5 businesses</div>\n    </div>\n    <div class=\"driver\">\n      <div class=\"driver-pill\" style=\"background:#16A34A;\">\n        <svg viewBox=\"0 0 24 24\" width=\"18\" height=\"18\" fill=\"none\" stroke=\"white\" stroke-width=\"2\" stroke-linecap=\"round\" stroke-linejoin=\"round\" class=\"driver-icon\"><path d=\"M13 2 L3 14 h9 l-1 8 10-12 h-9 z\"/></svg>\n        <div class=\"driver-body\">\n          <div class=\"driver-name\">Transmission Main</div>\n          <div class=\"driver-level\">LOW</div>\n        </div>\n      </div>\n      <div class=\"driver-context\">Distribution only</div>\n    </div>\n  </div>\n</div>\n<div class=\"demo-netline\">9 segments in dig area (5 mains, 4 services) &middot; oldest 29-yr MDPE</div><div class=\"demo-action\"><a href=\"https://kartasoft.github.io/excavation-risk-demo/action_form.html?ticket_id=DEMO-20260713-0008&demo=1\" target=\"_blank\" rel=\"noopener\">LOG ACTION</a></div></div>"}}, {"type": "Feature", "geometry": {"type": "Polygon", "coordinates": [[[-82.99875902945988, 39.94331821214158], [-82.99879477126221, 39.944546001931776], [-83.00038991698757, 39.94451847954212], [-83.0003541467077, 39.94329069094226], [-82.99875902945988, 39.94331821214158]]]}, "properties": {"ticket_id": "DEMO-20260713-0009", "priority_level": "LOW", "likelihood_level": "LOW", "impact_level": "LOW", "division": "Demo District", "date": "2026-07-13", "excavator_name": "Excavator I", "work_type": "SURVEY", "demo_note": "synthetic demo data", "popup_html": "<div class=\"demo-popup\"><style>\n.demo-popup { font-family: -apple-system, BlinkMacSystemFont, 'Segoe UI', sans-serif;\n       color: #333; max-width: 920px; margin: 0 auto; padding: 20px; }\nh1 { color: #2c3e50; font-size: 20px; margin-bottom: 5px; }\n.meta { color: #7f8c8d; font-size: 13px; margin-bottom: 15px; }\n.risk-box { background: #f8f9fa; border-left: 4px solid #888888;\n             padding: 12px 16px; margin: 15px 0; border-radius: 4px; }\n.risk-pct { font-size: 28px; font-weight: bold; color: #888888; }\n.risk-score { font-size: 14px; color: #555; margin-top: 2px; }\n.indicators { display: flex; gap: 20px; margin: 20px 0; justify-content: center; }\n.indicator { flex: 1; max-width: 420px; text-align: center; }\n.indicator-pill { border-radius: 14px; padding: 18px 24px; color: white;\n                  box-shadow: 0 2px 6px rgba(0,0,0,0.12);\n                  display: flex; align-items: center; gap: 14px;\n                  text-align: left; }\n.indicator-icon { flex-shrink: 0; width: 32px; height: 32px; opacity: 0.95; }\n.indicator-body { flex: 1; }\n.indicator-label { font-size: 11px; letter-spacing: 0.1em; opacity: 0.9;\n                   text-transform: uppercase; }\n.indicator-level { font-size: 28px; font-weight: 800; letter-spacing: 0.04em;\n                   margin: 2px 0 2px 0; line-height: 1.1; }\n.indicator-sublabel { font-size: 13px; opacity: 0.95; font-weight: 500; }\n.indicator-context { margin-top: 8px; font-size: 12px; color: #555;\n                     line-height: 1.4; }\n.drivers-block { background: #f9fafb; border: 1px solid #e5e7eb;\n                 border-radius: 8px; padding: 14px 16px; margin: 14px 0; }\n.drivers-title { font-size: 11px; letter-spacing: 0.1em; text-transform: uppercase;\n                 color: #6b7280; font-weight: 700; margin-bottom: 8px; }\n.drivers-row { display: flex; gap: 10px; justify-content: center;\n               flex-wrap: wrap; }\n.driver { flex: 1; min-width: 180px; max-width: 220px; text-align: center; }\n.driver-pill { border-radius: 10px; padding: 10px 12px; color: white;\n               box-shadow: 0 1px 3px rgba(0,0,0,0.10);\n               display: flex; align-items: center; gap: 8px;\n               text-align: left; }\n.driver-pill.gray { background: #9ca3af; }\n.driver-icon { flex-shrink: 0; width: 18px; height: 18px; opacity: 0.95; }\n.driver-body { flex: 1; min-width: 0; }\n.driver-name { font-size: 10px; font-weight: 700; letter-spacing: 0.04em;\n               text-transform: uppercase; opacity: 0.95; white-space: nowrap;\n               overflow: hidden; text-overflow: ellipsis; }\n.driver-level { font-size: 13px; font-weight: 700; margin-top: 1px; }\n.driver-context { margin-top: 5px; font-size: 10px; color: #6b7280;\n                  line-height: 1.3; }\n.section { margin: 20px 0; }\n.section h2 { font-size: 16px; color: #2c3e50; border-bottom: 1px solid #ddd;\n               padding-bottom: 5px; }\n.drivers li { margin: 6px 0; font-size: 13px; line-height: 1.5; }\n.shap-val { color: #888; font-size: 12px; }\ntable { width: 100%; border-collapse: collapse; font-size: 13px; }\nth { background: #ecf0f1; padding: 8px; text-align: left; }\ntd { padding: 6px 8px; border-bottom: 1px solid #eee; }\n.map-container { width: 100%; height: 420px; border: 1px solid #ddd;\n                  border-radius: 4px; overflow: hidden; margin: 10px 0; }\n.footer { color: #aaa; font-size: 11px; margin-top: 30px; text-align: center; }\n\n.demo-popup { max-width: 380px; font-size: 13px; }\n.demo-popup h1 { font-size: 15px; margin: 2px 0 2px; }\n.demo-popup .meta { font-size: 11px; margin-bottom: 8px; }\n.demo-popup .indicators { gap: 10px; margin: 10px 0; }\n.demo-popup .indicator-level { font-size: 20px; }\n.demo-popup .indicator-icon { width: 22px; height: 22px; }\n.demo-popup .drivers-block { padding: 8px 10px; margin: 8px 0; }\n.demo-popup .driver { min-width: 150px; }\n.demo-banner { background: #FEF3C7; border: 1px solid #F59E0B;\n    color: #92400E; font-size: 10px; line-height: 1.35; padding: 5px 8px;\n    border-radius: 4px; margin-bottom: 8px; text-align: center;\n    font-weight: 600; }\n.demo-netline { font-size: 10px; color: #6b7280; margin-top: 8px;\n    text-align: center; line-height: 1.4; }\n.demo-action { text-align: center; margin-top: 12px; }\n.demo-action a { background: #2563EB; color: #fff; padding: 7px 18px;\n    border-radius: 4px; font-weight: bold; text-decoration: none;\n    display: inline-block; font-size: 11px; letter-spacing: 0.05em; }\n</style><h1>DEMO-20260713-0009</h1><div class=\"meta\">Demo District &middot; 2026-07-13 &middot; Excavator I &middot; SURVEY</div>\n<div class=\"indicators\">\n  <div class=\"indicator\">\n    <div class=\"indicator-pill\" style=\"background:#16A34A;\">\n      <svg viewBox=\"0 0 24 24\" width=\"32\" height=\"32\" fill=\"none\" stroke=\"white\" stroke-width=\"2\" stroke-linecap=\"round\" stroke-linejoin=\"round\" class=\"indicator-icon\"><path d=\"m21.73 18-8-14a2 2 0 0 0-3.48 0l-8 14A2 2 0 0 0 4 21h16a2 2 0 0 0 1.73-3\"/><path d=\"M12 9v4\"/><path d=\"M12 17h.01\"/></svg>\n      <div class=\"indicator-body\">\n        <div class=\"indicator-label\">Damage Likelihood</div>\n        <div class=\"indicator-level\">LOW</div>\n        <div class=\"indicator-sublabel\">Bottom 10% of all tickets</div>\n      </div>\n    </div>\n    <div class=\"indicator-context\">Bottom 10% by damage probability</div>\n  </div>\n  <div class=\"indicator\">\n    <div class=\"indicator-pill\" style=\"background:#16A34A;\">\n      <svg viewBox=\"0 0 24 24\" width=\"32\" height=\"32\" fill=\"none\" stroke=\"white\" stroke-width=\"2\" stroke-linecap=\"round\" stroke-linejoin=\"round\" class=\"indicator-icon\"><path d=\"M12 2 L20 5 V11 C 20 16 16 20 12 22 C 8 20 4 16 4 11 V5 Z\"/><path d=\"M12 9 V13\"/><path d=\"M12 17 h.01\"/></svg>\n      <div class=\"indicator-body\">\n        <div class=\"indicator-label\">Impact</div>\n        <div class=\"indicator-level\">LOW</div>\n        <div class=\"indicator-sublabel\">Bottom 73% by consequence</div>\n      </div>\n    </div>\n    <div class=\"indicator-context\">1 school, 18 businesses nearby</div>\n  </div>\n</div>\n\n<div class=\"drivers-block\">\n  <div class=\"drivers-title\">Likelihood Drivers</div>\n  <div class=\"drivers-row\">\n    <div class=\"driver\">\n      <div class=\"driver-pill\" style=\"background:#16A34A;\">\n        <svg viewBox=\"0 0 30 26\" width=\"18\" height=\"18\" fill=\"none\" stroke=\"white\" stroke-width=\"1.4\" stroke-linecap=\"round\" stroke-linejoin=\"round\" class=\"driver-icon\"><rect x=\"2\" y=\"19.5\" width=\"16\" height=\"4.5\" rx=\"2.2\"/><circle cx=\"5.5\" cy=\"21.75\" r=\"1.1\" stroke-width=\"1\"/><circle cx=\"10\" cy=\"21.75\" r=\"1.1\" stroke-width=\"1\"/><circle cx=\"14.5\" cy=\"21.75\" r=\"1.1\" stroke-width=\"1\"/><path d=\"M4.5 18.5 V15 H7.5 V13 H18 V18.5\"/><path d=\"M12 11.5 L19 4 L20.5 5.5 L13.5 13 Z\"/><path d=\"M21.5 4 L27 12 L25.5 13 L20 5 Z\"/><path d=\"M26.5 14 L27 17 Q 26.5 19.5 24 19 L23 16 Z\"/></svg>\n        <div class=\"driver-body\">\n          <div class=\"driver-name\">Excavator History</div>\n          <div class=\"driver-level\">LOW</div>\n        </div>\n      </div>\n      <div class=\"driver-context\">1.8% damage rate (90d, 126 tickets)</div>\n    </div>\n    <div class=\"driver\">\n      <div class=\"driver-pill\" style=\"background:#16A34A;\">\n        <svg viewBox=\"0 0 24 24\" width=\"18\" height=\"18\" fill=\"none\" stroke=\"white\" stroke-width=\"2\" stroke-linecap=\"round\" stroke-linejoin=\"round\" class=\"driver-icon\"><ellipse cx=\"12\" cy=\"5\" rx=\"9\" ry=\"3\"/><path d=\"M3 5v14a9 3 0 0 0 18 0V5\"/></svg>\n        <div class=\"driver-body\">\n          <div class=\"driver-name\">Pipe Vulnerability</div>\n          <div class=\"driver-level\">LOW</div>\n        </div>\n      </div>\n      <div class=\"driver-context\">39-year-old Steel (bottom 48%)</div>\n    </div>\n    <div class=\"driver\">\n      <div class=\"driver-pill\" style=\"background:#16A34A;\">\n        <svg viewBox=\"0 0 24 24\" width=\"18\" height=\"18\" fill=\"none\" stroke=\"white\" stroke-width=\"2\" stroke-linecap=\"round\" stroke-linejoin=\"round\" class=\"driver-icon\"><path d=\"M4 20 L14 10\"/><path d=\"M9 5 L19 15\"/></svg>\n        <div class=\"driver-body\">\n          <div class=\"driver-name\">Work Activity</div>\n          <div class=\"driver-level\">LOW</div>\n        </div>\n      </div>\n      <div class=\"driver-context\">Survey</div>\n    </div>\n    <div class=\"driver\">\n      <div class=\"driver-pill\" style=\"background:#9CA3AF;\">\n        <svg viewBox=\"0 0 24 24\" width=\"18\" height=\"18\" fill=\"none\" stroke=\"white\" stroke-width=\"2\" stroke-linecap=\"round\" stroke-linejoin=\"round\" class=\"driver-icon\"><path d=\"M3 7V5a2 2 0 0 1 2-2h2\"/><path d=\"M17 3h2a2 2 0 0 1 2 2v2\"/><path d=\"M21 17v2a2 2 0 0 1-2 2h-2\"/><path d=\"M7 21H5a2 2 0 0 1-2-2v-2\"/></svg>\n        <div class=\"driver-body\">\n          <div class=\"driver-name\">Locate Quality</div>\n          <div class=\"driver-level\">PENDING</div>\n        </div>\n      </div>\n      <div class=\"driver-context\">Locator: pending</div>\n    </div>\n  </div>\n</div>\n<div class=\"drivers-block\">\n  <div class=\"drivers-title\">Impact Drivers</div>\n  <div class=\"drivers-row\">\n    <div class=\"driver\">\n      <div class=\"driver-pill\" style=\"background:#16A34A;\">\n        <svg viewBox=\"0 0 24 24\" width=\"18\" height=\"18\" fill=\"none\" stroke=\"white\" stroke-width=\"2\" stroke-linecap=\"round\" stroke-linejoin=\"round\" class=\"driver-icon\"><path d=\"M3 12 L12 4 L21 12\"/><path d=\"M5 11 V20 H19 V11\"/></svg>\n        <div class=\"driver-body\">\n          <div class=\"driver-name\">Service Disruption</div>\n          <div class=\"driver-level\">LOW</div>\n        </div>\n      </div>\n      <div class=\"driver-context\">No chokepoint</div>\n    </div>\n    <div class=\"driver\">\n      <div class=\"driver-pill\" style=\"background:#F59E0B;\">\n        <svg viewBox=\"0 0 24 24\" width=\"18\" height=\"18\" fill=\"none\" stroke=\"white\" stroke-width=\"2\" stroke-linecap=\"round\" stroke-linejoin=\"round\" class=\"driver-icon\"><path d=\"M12 7v4\"/><path d=\"M14 21v-3a2 2 0 0 0-4 0v3\"/><path d=\"M14 9h-4\"/><path d=\"M18 11h2a2 2 0 0 1 2 2v6a2 2 0 0 1-2 2H4a2 2 0 0 1-2-2v-9a2 2 0 0 1 2-2h2\"/><path d=\"M18 21V5a2 2 0 0 0-2-2H8a2 2 0 0 0-2 2v16\"/></svg>\n        <div class=\"driver-body\">\n          <div class=\"driver-name\">Critical Facilities</div>\n          <div class=\"driver-level\">MODERATE</div>\n        </div>\n      </div>\n      <div class=\"driver-context\">1 school</div>\n    </div>\n    <div class=\"driver\">\n      <div class=\"driver-pill\" style=\"background:#DC2626;\">\n        <svg viewBox=\"0 0 24 24\" width=\"18\" height=\"18\" fill=\"none\" stroke=\"white\" stroke-width=\"2\" stroke-linecap=\"round\" stroke-linejoin=\"round\" class=\"driver-icon\"><path d=\"M10 12h4\"/><path d=\"M10 8h4\"/><path d=\"M14 21v-3a2 2 0 0 0-4 0v3\"/><path d=\"M6 10H4a2 2 0 0 0-2 2v7a2 2 0 0 0 2 2h16a2 2 0 0 0 2-2V9a2 2 0 0 0-2-2h-2\"/><path d=\"M6 21V5a2 2 0 0 1 2-2h8a2 2 0 0 1 2 2v16\"/></svg>\n        <div class=\"driver-body\">\n          <div class=\"driver-name\">Business District</div>\n          <div class=\"driver-level\">HIGH</div>\n        </div>\n      </div>\n      <div class=\"driver-context\">18 businesses</div>\n    </div>\n    <div class=\"driver\">\n      <div class=\"driver-pill\" style=\"background:#16A34A;\">\n        <svg viewBox=\"0 0 24 24\" width=\"18\" height=\"18\" fill=\"none\" stroke=\"white\" stroke-width=\"2\" stroke-linecap=\"round\" stroke-linejoin=\"round\" class=\"driver-icon\"><path d=\"M13 2 L3 14 h9 l-1 8 10-12 h-9 z\"/></svg>\n        <div class=\"driver-body\">\n          <div class=\"driver-name\">Transmission Main</div>\n          <div class=\"driver-level\">LOW</div>\n        </div>\n      </div>\n      <div class=\"driver-context\">Distribution only</div>\n    </div>\n  </div>\n</div>\n<div class=\"demo-netline\">21 segments in dig area (12 mains, 9 services) &middot; oldest 39-yr Steel</div><div class=\"demo-action\"><a href=\"https://kartasoft.github.io/excavation-risk-demo/action_form.html?ticket_id=DEMO-20260713-0009&demo=1\" target=\"_blank\" rel=\"noopener\">LOG ACTION</a></div></div>"}}, {"type": "Feature", "geometry": {"type": "Polygon", "coordinates": [[[-83.01293914001701, 39.945230696273896], [-83.01297794967739, 39.94655437956729], [-83.01469773110432, 39.94652449479674], [-83.01465888834169, 39.94520081289681], [-83.01293914001701, 39.945230696273896]]]}, "properties": {"ticket_id": "DEMO-20260713-0010", "priority_level": "LOW", "likelihood_level": "LOW", "impact_level": "LOW", "division": "Demo District", "date": "2026-07-13", "excavator_name": "Excavator J", "work_type": "SIDEWALK REPAIR", "demo_note": "synthetic demo data", "popup_html": "<div class=\"demo-popup\"><style>\n.demo-popup { font-family: -apple-system, BlinkMacSystemFont, 'Segoe UI', sans-serif;\n       color: #333; max-width: 920px; margin: 0 auto; padding: 20px; }\nh1 { color: #2c3e50; font-size: 20px; margin-bottom: 5px; }\n.meta { color: #7f8c8d; font-size: 13px; margin-bottom: 15px; }\n.risk-box { background: #f8f9fa; border-left: 4px solid #888888;\n             padding: 12px 16px; margin: 15px 0; border-radius: 4px; }\n.risk-pct { font-size: 28px; font-weight: bold; color: #888888; }\n.risk-score { font-size: 14px; color: #555; margin-top: 2px; }\n.indicators { display: flex; gap: 20px; margin: 20px 0; justify-content: center; }\n.indicator { flex: 1; max-width: 420px; text-align: center; }\n.indicator-pill { border-radius: 14px; padding: 18px 24px; color: white;\n                  box-shadow: 0 2px 6px rgba(0,0,0,0.12);\n                  display: flex; align-items: center; gap: 14px;\n                  text-align: left; }\n.indicator-icon { flex-shrink: 0; width: 32px; height: 32px; opacity: 0.95; }\n.indicator-body { flex: 1; }\n.indicator-label { font-size: 11px; letter-spacing: 0.1em; opacity: 0.9;\n                   text-transform: uppercase; }\n.indicator-level { font-size: 28px; font-weight: 800; letter-spacing: 0.04em;\n                   margin: 2px 0 2px 0; line-height: 1.1; }\n.indicator-sublabel { font-size: 13px; opacity: 0.95; font-weight: 500; }\n.indicator-context { margin-top: 8px; font-size: 12px; color: #555;\n                     line-height: 1.4; }\n.drivers-block { background: #f9fafb; border: 1px solid #e5e7eb;\n                 border-radius: 8px; padding: 14px 16px; margin: 14px 0; }\n.drivers-title { font-size: 11px; letter-spacing: 0.1em; text-transform: uppercase;\n                 color: #6b7280; font-weight: 700; margin-bottom: 8px; }\n.drivers-row { display: flex; gap: 10px; justify-content: center;\n               flex-wrap: wrap; }\n.driver { flex: 1; min-width: 180px; max-width: 220px; text-align: center; }\n.driver-pill { border-radius: 10px; padding: 10px 12px; color: white;\n               box-shadow: 0 1px 3px rgba(0,0,0,0.10);\n               display: flex; align-items: center; gap: 8px;\n               text-align: left; }\n.driver-pill.gray { background: #9ca3af; }\n.driver-icon { flex-shrink: 0; width: 18px; height: 18px; opacity: 0.95; }\n.driver-body { flex: 1; min-width: 0; }\n.driver-name { font-size: 10px; font-weight: 700; letter-spacing: 0.04em;\n               text-transform: uppercase; opacity: 0.95; white-space: nowrap;\n               overflow: hidden; text-overflow: ellipsis; }\n.driver-level { font-size: 13px; font-weight: 700; margin-top: 1px; }\n.driver-context { margin-top: 5px; font-size: 10px; color: #6b7280;\n                  line-height: 1.3; }\n.section { margin: 20px 0; }\n.section h2 { font-size: 16px; color: #2c3e50; border-bottom: 1px solid #ddd;\n               padding-bottom: 5px; }\n.drivers li { margin: 6px 0; font-size: 13px; line-height: 1.5; }\n.shap-val { color: #888; font-size: 12px; }\ntable { width: 100%; border-collapse: collapse; font-size: 13px; }\nth { background: #ecf0f1; padding: 8px; text-align: left; }\ntd { padding: 6px 8px; border-bottom: 1px solid #eee; }\n.map-container { width: 100%; height: 420px; border: 1px solid #ddd;\n                  border-radius: 4px; overflow: hidden; margin: 10px 0; }\n.footer { color: #aaa; font-size: 11px; margin-top: 30px; text-align: center; }\n\n.demo-popup { max-width: 380px; font-size: 13px; }\n.demo-popup h1 { font-size: 15px; margin: 2px 0 2px; }\n.demo-popup .meta { font-size: 11px; margin-bottom: 8px; }\n.demo-popup .indicators { gap: 10px; margin: 10px 0; }\n.demo-popup .indicator-level { font-size: 20px; }\n.demo-popup .indicator-icon { width: 22px; height: 22px; }\n.demo-popup .drivers-block { padding: 8px 10px; margin: 8px 0; }\n.demo-popup .driver { min-width: 150px; }\n.demo-banner { background: #FEF3C7; border: 1px solid #F59E0B;\n    color: #92400E; font-size: 10px; line-height: 1.35; padding: 5px 8px;\n    border-radius: 4px; margin-bottom: 8px; text-align: center;\n    font-weight: 600; }\n.demo-netline { font-size: 10px; color: #6b7280; margin-top: 8px;\n    text-align: center; line-height: 1.4; }\n.demo-action { text-align: center; margin-top: 12px; }\n.demo-action a { background: #2563EB; color: #fff; padding: 7px 18px;\n    border-radius: 4px; font-weight: bold; text-decoration: none;\n    display: inline-block; font-size: 11px; letter-spacing: 0.05em; }\n</style><h1>DEMO-20260713-0010</h1><div class=\"meta\">Demo District &middot; 2026-07-13 &middot; Excavator J &middot; SIDEWALK REPAIR</div>\n<div class=\"indicators\">\n  <div class=\"indicator\">\n    <div class=\"indicator-pill\" style=\"background:#16A34A;\">\n      <svg viewBox=\"0 0 24 24\" width=\"32\" height=\"32\" fill=\"none\" stroke=\"white\" stroke-width=\"2\" stroke-linecap=\"round\" stroke-linejoin=\"round\" class=\"indicator-icon\"><path d=\"m21.73 18-8-14a2 2 0 0 0-3.48 0l-8 14A2 2 0 0 0 4 21h16a2 2 0 0 0 1.73-3\"/><path d=\"M12 9v4\"/><path d=\"M12 17h.01\"/></svg>\n      <div class=\"indicator-body\">\n        <div class=\"indicator-label\">Damage Likelihood</div>\n        <div class=\"indicator-level\">LOW</div>\n        <div class=\"indicator-sublabel\">Bottom 12% of all tickets</div>\n      </div>\n    </div>\n    <div class=\"indicator-context\">Bottom 12% by damage probability</div>\n  </div>\n  <div class=\"indicator\">\n    <div class=\"indicator-pill\" style=\"background:#16A34A;\">\n      <svg viewBox=\"0 0 24 24\" width=\"32\" height=\"32\" fill=\"none\" stroke=\"white\" stroke-width=\"2\" stroke-linecap=\"round\" stroke-linejoin=\"round\" class=\"indicator-icon\"><path d=\"M12 2 L20 5 V11 C 20 16 16 20 12 22 C 8 20 4 16 4 11 V5 Z\"/><path d=\"M12 9 V13\"/><path d=\"M12 17 h.01\"/></svg>\n      <div class=\"indicator-body\">\n        <div class=\"indicator-label\">Impact</div>\n        <div class=\"indicator-level\">LOW</div>\n        <div class=\"indicator-sublabel\">Bottom 5% by consequence</div>\n      </div>\n    </div>\n    <div class=\"indicator-context\">No downstream impact data</div>\n  </div>\n</div>\n\n<div class=\"drivers-block\">\n  <div class=\"drivers-title\">Likelihood Drivers</div>\n  <div class=\"drivers-row\">\n    <div class=\"driver\">\n      <div class=\"driver-pill\" style=\"background:#16A34A;\">\n        <svg viewBox=\"0 0 30 26\" width=\"18\" height=\"18\" fill=\"none\" stroke=\"white\" stroke-width=\"1.4\" stroke-linecap=\"round\" stroke-linejoin=\"round\" class=\"driver-icon\"><rect x=\"2\" y=\"19.5\" width=\"16\" height=\"4.5\" rx=\"2.2\"/><circle cx=\"5.5\" cy=\"21.75\" r=\"1.1\" stroke-width=\"1\"/><circle cx=\"10\" cy=\"21.75\" r=\"1.1\" stroke-width=\"1\"/><circle cx=\"14.5\" cy=\"21.75\" r=\"1.1\" stroke-width=\"1\"/><path d=\"M4.5 18.5 V15 H7.5 V13 H18 V18.5\"/><path d=\"M12 11.5 L19 4 L20.5 5.5 L13.5 13 Z\"/><path d=\"M21.5 4 L27 12 L25.5 13 L20 5 Z\"/><path d=\"M26.5 14 L27 17 Q 26.5 19.5 24 19 L23 16 Z\"/></svg>\n        <div class=\"driver-body\">\n          <div class=\"driver-name\">Excavator History</div>\n          <div class=\"driver-level\">LOW</div>\n        </div>\n      </div>\n      <div class=\"driver-context\">0.3% damage rate (90d, 709 tickets)</div>\n    </div>\n    <div class=\"driver\">\n      <div class=\"driver-pill\" style=\"background:#16A34A;\">\n        <svg viewBox=\"0 0 24 24\" width=\"18\" height=\"18\" fill=\"none\" stroke=\"white\" stroke-width=\"2\" stroke-linecap=\"round\" stroke-linejoin=\"round\" class=\"driver-icon\"><ellipse cx=\"12\" cy=\"5\" rx=\"9\" ry=\"3\"/><path d=\"M3 5v14a9 3 0 0 0 18 0V5\"/></svg>\n        <div class=\"driver-body\">\n          <div class=\"driver-name\">Pipe Vulnerability</div>\n          <div class=\"driver-level\">LOW</div>\n        </div>\n      </div>\n      <div class=\"driver-context\">33-year-old MDPE (bottom 12%)</div>\n    </div>\n    <div class=\"driver\">\n      <div class=\"driver-pill\" style=\"background:#F59E0B;\">\n        <svg viewBox=\"0 0 24 24\" width=\"18\" height=\"18\" fill=\"none\" stroke=\"white\" stroke-width=\"2\" stroke-linecap=\"round\" stroke-linejoin=\"round\" class=\"driver-icon\"><path d=\"M4 20 L14 10\"/><path d=\"M9 5 L19 15\"/></svg>\n        <div class=\"driver-body\">\n          <div class=\"driver-name\">Work Activity</div>\n          <div class=\"driver-level\">MODERATE</div>\n        </div>\n      </div>\n      <div class=\"driver-context\">Sidewalk Repair with Concrete Saw</div>\n    </div>\n    <div class=\"driver\">\n      <div class=\"driver-pill\" style=\"background:#16A34A;\">\n        <svg viewBox=\"0 0 24 24\" width=\"18\" height=\"18\" fill=\"none\" stroke=\"white\" stroke-width=\"2\" stroke-linecap=\"round\" stroke-linejoin=\"round\" class=\"driver-icon\"><path d=\"M3 7V5a2 2 0 0 1 2-2h2\"/><path d=\"M17 3h2a2 2 0 0 1 2 2v2\"/><path d=\"M21 17v2a2 2 0 0 1-2 2h-2\"/><path d=\"M7 21H5a2 2 0 0 1-2-2v-2\"/></svg>\n        <div class=\"driver-body\">\n          <div class=\"driver-name\">Locate Quality</div>\n          <div class=\"driver-level\">GOOD</div>\n        </div>\n      </div>\n      <div class=\"driver-context\">Locator: Unit J (clean record)</div>\n    </div>\n  </div>\n</div>\n<div class=\"drivers-block\">\n  <div class=\"drivers-title\">Impact Drivers</div>\n  <div class=\"drivers-row\">\n    <div class=\"driver\">\n      <div class=\"driver-pill\" style=\"background:#16A34A;\">\n        <svg viewBox=\"0 0 24 24\" width=\"18\" height=\"18\" fill=\"none\" stroke=\"white\" stroke-width=\"2\" stroke-linecap=\"round\" stroke-linejoin=\"round\" class=\"driver-icon\"><path d=\"M3 12 L12 4 L21 12\"/><path d=\"M5 11 V20 H19 V11\"/></svg>\n        <div class=\"driver-body\">\n          <div class=\"driver-name\">Service Disruption</div>\n          <div class=\"driver-level\">LOW</div>\n        </div>\n      </div>\n      <div class=\"driver-context\">No chokepoint</div>\n    </div>\n    <div class=\"driver\">\n      <div class=\"driver-pill\" style=\"background:#16A34A;\">\n        <svg viewBox=\"0 0 24 24\" width=\"18\" height=\"18\" fill=\"none\" stroke=\"white\" stroke-width=\"2\" stroke-linecap=\"round\" stroke-linejoin=\"round\" class=\"driver-icon\"><path d=\"M12 7v4\"/><path d=\"M14 21v-3a2 2 0 0 0-4 0v3\"/><path d=\"M14 9h-4\"/><path d=\"M18 11h2a2 2 0 0 1 2 2v6a2 2 0 0 1-2 2H4a2 2 0 0 1-2-2v-9a2 2 0 0 1 2-2h2\"/><path d=\"M18 21V5a2 2 0 0 0-2-2H8a2 2 0 0 0-2 2v16\"/></svg>\n        <div class=\"driver-body\">\n          <div class=\"driver-name\">Critical Facilities</div>\n          <div class=\"driver-level\">LOW</div>\n        </div>\n      </div>\n      <div class=\"driver-context\">None</div>\n    </div>\n    <div class=\"driver\">\n      <div class=\"driver-pill\" style=\"background:#16A34A;\">\n        <svg viewBox=\"0 0 24 24\" width=\"18\" height=\"18\" fill=\"none\" stroke=\"white\" stroke-width=\"2\" stroke-linecap=\"round\" stroke-linejoin=\"round\" class=\"driver-icon\"><path d=\"M10 12h4\"/><path d=\"M10 8h4\"/><path d=\"M14 21v-3a2 2 0 0 0-4 0v3\"/><path d=\"M6 10H4a2 2 0 0 0-2 2v7a2 2 0 0 0 2 2h16a2 2 0 0 0 2-2V9a2 2 0 0 0-2-2h-2\"/><path d=\"M6 21V5a2 2 0 0 1 2-2h8a2 2 0 0 1 2 2v16\"/></svg>\n        <div class=\"driver-body\">\n          <div class=\"driver-name\">Business District</div>\n          <div class=\"driver-level\">LOW</div>\n        </div>\n      </div>\n      <div class=\"driver-context\">Low density area</div>\n    </div>\n    <div class=\"driver\">\n      <div class=\"driver-pill\" style=\"background:#16A34A;\">\n        <svg viewBox=\"0 0 24 24\" width=\"18\" height=\"18\" fill=\"none\" stroke=\"white\" stroke-width=\"2\" stroke-linecap=\"round\" stroke-linejoin=\"round\" class=\"driver-icon\"><path d=\"M13 2 L3 14 h9 l-1 8 10-12 h-9 z\"/></svg>\n        <div class=\"driver-body\">\n          <div class=\"driver-name\">Transmission Main</div>\n          <div class=\"driver-level\">LOW</div>\n        </div>\n      </div>\n      <div class=\"driver-context\">Distribution only</div>\n    </div>\n  </div>\n</div>\n<div class=\"demo-netline\">4 segments in dig area (4 mains, 0 services) &middot; oldest 33-yr MDPE</div><div class=\"demo-action\"><a href=\"https://kartasoft.github.io/excavation-risk-demo/action_form.html?ticket_id=DEMO-20260713-0010&demo=1\" target=\"_blank\" rel=\"noopener\">LOG ACTION</a></div></div>"}}, {"type": "Feature", "geometry": {"type": "Polygon", "coordinates": [[[-83.00934166368371, 39.957879415403994], [-83.00940494050396, 39.96004045074554], [-83.01221319915763, 39.95999172087411], [-83.01214983404977, 39.957830689241696], [-83.00934166368371, 39.957879415403994]]]}, "properties": {"ticket_id": "DEMO-20260713-0011", "priority_level": "MODERATE", "likelihood_level": "LOW", "impact_level": "MODERATE", "division": "Demo District", "date": "2026-07-13", "excavator_name": "Excavator K", "work_type": "GAS SERVICE INSTALL", "demo_note": "synthetic demo data", "popup_html": "<div class=\"demo-popup\"><style>\n.demo-popup { font-family: -apple-system, BlinkMacSystemFont, 'Segoe UI', sans-serif;\n       color: #333; max-width: 920px; margin: 0 auto; padding: 20px; }\nh1 { color: #2c3e50; font-size: 20px; margin-bottom: 5px; }\n.meta { color: #7f8c8d; font-size: 13px; margin-bottom: 15px; }\n.risk-box { background: #f8f9fa; border-left: 4px solid #888888;\n             padding: 12px 16px; margin: 15px 0; border-radius: 4px; }\n.risk-pct { font-size: 28px; font-weight: bold; color: #888888; }\n.risk-score { font-size: 14px; color: #555; margin-top: 2px; }\n.indicators { display: flex; gap: 20px; margin: 20px 0; justify-content: center; }\n.indicator { flex: 1; max-width: 420px; text-align: center; }\n.indicator-pill { border-radius: 14px; padding: 18px 24px; color: white;\n                  box-shadow: 0 2px 6px rgba(0,0,0,0.12);\n                  display: flex; align-items: center; gap: 14px;\n                  text-align: left; }\n.indicator-icon { flex-shrink: 0; width: 32px; height: 32px; opacity: 0.95; }\n.indicator-body { flex: 1; }\n.indicator-label { font-size: 11px; letter-spacing: 0.1em; opacity: 0.9;\n                   text-transform: uppercase; }\n.indicator-level { font-size: 28px; font-weight: 800; letter-spacing: 0.04em;\n                   margin: 2px 0 2px 0; line-height: 1.1; }\n.indicator-sublabel { font-size: 13px; opacity: 0.95; font-weight: 500; }\n.indicator-context { margin-top: 8px; font-size: 12px; color: #555;\n                     line-height: 1.4; }\n.drivers-block { background: #f9fafb; border: 1px solid #e5e7eb;\n                 border-radius: 8px; padding: 14px 16px; margin: 14px 0; }\n.drivers-title { font-size: 11px; letter-spacing: 0.1em; text-transform: uppercase;\n                 color: #6b7280; font-weight: 700; margin-bottom: 8px; }\n.drivers-row { display: flex; gap: 10px; justify-content: center;\n               flex-wrap: wrap; }\n.driver { flex: 1; min-width: 180px; max-width: 220px; text-align: center; }\n.driver-pill { border-radius: 10px; padding: 10px 12px; color: white;\n               box-shadow: 0 1px 3px rgba(0,0,0,0.10);\n               display: flex; align-items: center; gap: 8px;\n               text-align: left; }\n.driver-pill.gray { background: #9ca3af; }\n.driver-icon { flex-shrink: 0; width: 18px; height: 18px; opacity: 0.95; }\n.driver-body { flex: 1; min-width: 0; }\n.driver-name { font-size: 10px; font-weight: 700; letter-spacing: 0.04em;\n               text-transform: uppercase; opacity: 0.95; white-space: nowrap;\n               overflow: hidden; text-overflow: ellipsis; }\n.driver-level { font-size: 13px; font-weight: 700; margin-top: 1px; }\n.driver-context { margin-top: 5px; font-size: 10px; color: #6b7280;\n                  line-height: 1.3; }\n.section { margin: 20px 0; }\n.section h2 { font-size: 16px; color: #2c3e50; border-bottom: 1px solid #ddd;\n               padding-bottom: 5px; }\n.drivers li { margin: 6px 0; font-size: 13px; line-height: 1.5; }\n.shap-val { color: #888; font-size: 12px; }\ntable { width: 100%; border-collapse: collapse; font-size: 13px; }\nth { background: #ecf0f1; padding: 8px; text-align: left; }\ntd { padding: 6px 8px; border-bottom: 1px solid #eee; }\n.map-container { width: 100%; height: 420px; border: 1px solid #ddd;\n                  border-radius: 4px; overflow: hidden; margin: 10px 0; }\n.footer { color: #aaa; font-size: 11px; margin-top: 30px; text-align: center; }\n\n.demo-popup { max-width: 380px; font-size: 13px; }\n.demo-popup h1 { font-size: 15px; margin: 2px 0 2px; }\n.demo-popup .meta { font-size: 11px; margin-bottom: 8px; }\n.demo-popup .indicators { gap: 10px; margin: 10px 0; }\n.demo-popup .indicator-level { font-size: 20px; }\n.demo-popup .indicator-icon { width: 22px; height: 22px; }\n.demo-popup .drivers-block { padding: 8px 10px; margin: 8px 0; }\n.demo-popup .driver { min-width: 150px; }\n.demo-banner { background: #FEF3C7; border: 1px solid #F59E0B;\n    color: #92400E; font-size: 10px; line-height: 1.35; padding: 5px 8px;\n    border-radius: 4px; margin-bottom: 8px; text-align: center;\n    font-weight: 600; }\n.demo-netline { font-size: 10px; color: #6b7280; margin-top: 8px;\n    text-align: center; line-height: 1.4; }\n.demo-action { text-align: center; margin-top: 12px; }\n.demo-action a { background: #2563EB; color: #fff; padding: 7px 18px;\n    border-radius: 4px; font-weight: bold; text-decoration: none;\n    display: inline-block; font-size: 11px; letter-spacing: 0.05em; }\n</style><h1>DEMO-20260713-0011</h1><div class=\"meta\">Demo District &middot; 2026-07-13 &middot; Excavator K &middot; GAS SERVICE INSTALL</div>\n<div class=\"indicators\">\n  <div class=\"indicator\">\n    <div class=\"indicator-pill\" style=\"background:#16A34A;\">\n      <svg viewBox=\"0 0 24 24\" width=\"32\" height=\"32\" fill=\"none\" stroke=\"white\" stroke-width=\"2\" stroke-linecap=\"round\" stroke-linejoin=\"round\" class=\"indicator-icon\"><path d=\"m21.73 18-8-14a2 2 0 0 0-3.48 0l-8 14A2 2 0 0 0 4 21h16a2 2 0 0 0 1.73-3\"/><path d=\"M12 9v4\"/><path d=\"M12 17h.01\"/></svg>\n      <div class=\"indicator-body\">\n        <div class=\"indicator-label\">Damage Likelihood</div>\n        <div class=\"indicator-level\">LOW</div>\n        <div class=\"indicator-sublabel\">Bottom 42% of all tickets</div>\n      </div>\n    </div>\n    <div class=\"indicator-context\">Bottom 42% by damage probability</div>\n  </div>\n  <div class=\"indicator\">\n    <div class=\"indicator-pill\" style=\"background:#F59E0B;\">\n      <svg viewBox=\"0 0 24 24\" width=\"32\" height=\"32\" fill=\"none\" stroke=\"white\" stroke-width=\"2\" stroke-linecap=\"round\" stroke-linejoin=\"round\" class=\"indicator-icon\"><path d=\"M12 2 L20 5 V11 C 20 16 16 20 12 22 C 8 20 4 16 4 11 V5 Z\"/><path d=\"M12 9 V13\"/><path d=\"M12 17 h.01\"/></svg>\n      <div class=\"indicator-body\">\n        <div class=\"indicator-label\">Impact</div>\n        <div class=\"indicator-level\">MODERATE</div>\n        <div class=\"indicator-sublabel\">Top 18% by consequence</div>\n      </div>\n    </div>\n    <div class=\"indicator-context\">57 services, 3 businesses nearby, near transmission</div>\n  </div>\n</div>\n\n<div class=\"drivers-block\">\n  <div class=\"drivers-title\">Likelihood Drivers</div>\n  <div class=\"drivers-row\">\n    <div class=\"driver\">\n      <div class=\"driver-pill\" style=\"background:#16A34A;\">\n        <svg viewBox=\"0 0 30 26\" width=\"18\" height=\"18\" fill=\"none\" stroke=\"white\" stroke-width=\"1.4\" stroke-linecap=\"round\" stroke-linejoin=\"round\" class=\"driver-icon\"><rect x=\"2\" y=\"19.5\" width=\"16\" height=\"4.5\" rx=\"2.2\"/><circle cx=\"5.5\" cy=\"21.75\" r=\"1.1\" stroke-width=\"1\"/><circle cx=\"10\" cy=\"21.75\" r=\"1.1\" stroke-width=\"1\"/><circle cx=\"14.5\" cy=\"21.75\" r=\"1.1\" stroke-width=\"1\"/><path d=\"M4.5 18.5 V15 H7.5 V13 H18 V18.5\"/><path d=\"M12 11.5 L19 4 L20.5 5.5 L13.5 13 Z\"/><path d=\"M21.5 4 L27 12 L25.5 13 L20 5 Z\"/><path d=\"M26.5 14 L27 17 Q 26.5 19.5 24 19 L23 16 Z\"/></svg>\n        <div class=\"driver-body\">\n          <div class=\"driver-name\">Excavator History</div>\n          <div class=\"driver-level\">LOW</div>\n        </div>\n      </div>\n      <div class=\"driver-context\">0.0% damage rate (90d, 59 tickets)</div>\n    </div>\n    <div class=\"driver\">\n      <div class=\"driver-pill\" style=\"background:#16A34A;\">\n        <svg viewBox=\"0 0 24 24\" width=\"18\" height=\"18\" fill=\"none\" stroke=\"white\" stroke-width=\"2\" stroke-linecap=\"round\" stroke-linejoin=\"round\" class=\"driver-icon\"><ellipse cx=\"12\" cy=\"5\" rx=\"9\" ry=\"3\"/><path d=\"M3 5v14a9 3 0 0 0 18 0V5\"/></svg>\n        <div class=\"driver-body\">\n          <div class=\"driver-name\">Pipe Vulnerability</div>\n          <div class=\"driver-level\">LOW</div>\n        </div>\n      </div>\n      <div class=\"driver-context\">41-year-old MDPE (bottom 39%)</div>\n    </div>\n    <div class=\"driver\">\n      <div class=\"driver-pill\" style=\"background:#DC2626;\">\n        <svg viewBox=\"0 0 24 24\" width=\"18\" height=\"18\" fill=\"none\" stroke=\"white\" stroke-width=\"2\" stroke-linecap=\"round\" stroke-linejoin=\"round\" class=\"driver-icon\"><path d=\"M4 20 L14 10\"/><path d=\"M9 5 L19 15\"/></svg>\n        <div class=\"driver-body\">\n          <div class=\"driver-name\">Work Activity</div>\n          <div class=\"driver-level\">HIGH</div>\n        </div>\n      </div>\n      <div class=\"driver-context\">Gas Service Install with Backhoe</div>\n    </div>\n    <div class=\"driver\">\n      <div class=\"driver-pill\" style=\"background:#F59E0B;\">\n        <svg viewBox=\"0 0 24 24\" width=\"18\" height=\"18\" fill=\"none\" stroke=\"white\" stroke-width=\"2\" stroke-linecap=\"round\" stroke-linejoin=\"round\" class=\"driver-icon\"><path d=\"M3 7V5a2 2 0 0 1 2-2h2\"/><path d=\"M17 3h2a2 2 0 0 1 2 2v2\"/><path d=\"M21 17v2a2 2 0 0 1-2 2h-2\"/><path d=\"M7 21H5a2 2 0 0 1-2-2v-2\"/></svg>\n        <div class=\"driver-body\">\n          <div class=\"driver-name\">Locate Quality</div>\n          <div class=\"driver-level\">WATCH</div>\n        </div>\n      </div>\n      <div class=\"driver-context\">Locator: Unit K (mixed record)</div>\n    </div>\n  </div>\n</div>\n<div class=\"drivers-block\">\n  <div class=\"drivers-title\">Impact Drivers</div>\n  <div class=\"drivers-row\">\n    <div class=\"driver\">\n      <div class=\"driver-pill\" style=\"background:#F59E0B;\">\n        <svg viewBox=\"0 0 24 24\" width=\"18\" height=\"18\" fill=\"none\" stroke=\"white\" stroke-width=\"2\" stroke-linecap=\"round\" stroke-linejoin=\"round\" class=\"driver-icon\"><path d=\"M3 12 L12 4 L21 12\"/><path d=\"M5 11 V20 H19 V11\"/></svg>\n        <div class=\"driver-body\">\n          <div class=\"driver-name\">Service Disruption</div>\n          <div class=\"driver-level\">MODERATE</div>\n        </div>\n      </div>\n      <div class=\"driver-context\">57 services at risk</div>\n    </div>\n    <div class=\"driver\">\n      <div class=\"driver-pill\" style=\"background:#16A34A;\">\n        <svg viewBox=\"0 0 24 24\" width=\"18\" height=\"18\" fill=\"none\" stroke=\"white\" stroke-width=\"2\" stroke-linecap=\"round\" stroke-linejoin=\"round\" class=\"driver-icon\"><path d=\"M12 7v4\"/><path d=\"M14 21v-3a2 2 0 0 0-4 0v3\"/><path d=\"M14 9h-4\"/><path d=\"M18 11h2a2 2 0 0 1 2 2v6a2 2 0 0 1-2 2H4a2 2 0 0 1-2-2v-9a2 2 0 0 1 2-2h2\"/><path d=\"M18 21V5a2 2 0 0 0-2-2H8a2 2 0 0 0-2 2v16\"/></svg>\n        <div class=\"driver-body\">\n          <div class=\"driver-name\">Critical Facilities</div>\n          <div class=\"driver-level\">LOW</div>\n        </div>\n      </div>\n      <div class=\"driver-context\">None</div>\n    </div>\n    <div class=\"driver\">\n      <div class=\"driver-pill\" style=\"background:#F59E0B;\">\n        <svg viewBox=\"0 0 24 24\" width=\"18\" height=\"18\" fill=\"none\" stroke=\"white\" stroke-width=\"2\" stroke-linecap=\"round\" stroke-linejoin=\"round\" class=\"driver-icon\"><path d=\"M10 12h4\"/><path d=\"M10 8h4\"/><path d=\"M14 21v-3a2 2 0 0 0-4 0v3\"/><path d=\"M6 10H4a2 2 0 0 0-2 2v7a2 2 0 0 0 2 2h16a2 2 0 0 0 2-2V9a2 2 0 0 0-2-2h-2\"/><path d=\"M6 21V5a2 2 0 0 1 2-2h8a2 2 0 0 1 2 2v16\"/></svg>\n        <div class=\"driver-body\">\n          <div class=\"driver-name\">Business District</div>\n          <div class=\"driver-level\">MODERATE</div>\n        </div>\n      </div>\n      <div class=\"driver-context\">3 businesses</div>\n    </div>\n    <div class=\"driver\">\n      <div class=\"driver-pill\" style=\"background:#DC2626;\">\n        <svg viewBox=\"0 0 24 24\" width=\"18\" height=\"18\" fill=\"none\" stroke=\"white\" stroke-width=\"2\" stroke-linecap=\"round\" stroke-linejoin=\"round\" class=\"driver-icon\"><path d=\"M13 2 L3 14 h9 l-1 8 10-12 h-9 z\"/></svg>\n        <div class=\"driver-body\">\n          <div class=\"driver-name\">Transmission Main</div>\n          <div class=\"driver-level\">HIGH</div>\n        </div>\n      </div>\n      <div class=\"driver-context\">Near transmission main</div>\n    </div>\n  </div>\n</div>\n<div class=\"demo-netline\">42 segments in dig area (35 mains, 7 services) &middot; oldest 41-yr MDPE</div><div class=\"demo-action\"><a href=\"https://kartasoft.github.io/excavation-risk-demo/action_form.html?ticket_id=DEMO-20260713-0011&demo=1\" target=\"_blank\" rel=\"noopener\">LOG ACTION</a></div></div>"}}, {"type": "Feature", "geometry": {"type": "Polygon", "coordinates": [[[-83.01482274893112, 39.95613320484882], [-83.01482803578904, 39.95631329060908], [-83.01506204412013, 39.95630922174871], [-83.0150567566492, 39.95612913601426], [-83.01482274893112, 39.95613320484882]]]}, "properties": {"ticket_id": "DEMO-20260713-0012", "priority_level": "LOW", "likelihood_level": "LOW", "impact_level": "LOW", "division": "Demo District", "date": "2026-07-13", "excavator_name": "Excavator L", "work_type": "FIBER INSTALL", "demo_note": "synthetic demo data", "popup_html": "<div class=\"demo-popup\"><style>\n.demo-popup { font-family: -apple-system, BlinkMacSystemFont, 'Segoe UI', sans-serif;\n       color: #333; max-width: 920px; margin: 0 auto; padding: 20px; }\nh1 { color: #2c3e50; font-size: 20px; margin-bottom: 5px; }\n.meta { color: #7f8c8d; font-size: 13px; margin-bottom: 15px; }\n.risk-box { background: #f8f9fa; border-left: 4px solid #888888;\n             padding: 12px 16px; margin: 15px 0; border-radius: 4px; }\n.risk-pct { font-size: 28px; font-weight: bold; color: #888888; }\n.risk-score { font-size: 14px; color: #555; margin-top: 2px; }\n.indicators { display: flex; gap: 20px; margin: 20px 0; justify-content: center; }\n.indicator { flex: 1; max-width: 420px; text-align: center; }\n.indicator-pill { border-radius: 14px; padding: 18px 24px; color: white;\n                  box-shadow: 0 2px 6px rgba(0,0,0,0.12);\n                  display: flex; align-items: center; gap: 14px;\n                  text-align: left; }\n.indicator-icon { flex-shrink: 0; width: 32px; height: 32px; opacity: 0.95; }\n.indicator-body { flex: 1; }\n.indicator-label { font-size: 11px; letter-spacing: 0.1em; opacity: 0.9;\n                   text-transform: uppercase; }\n.indicator-level { font-size: 28px; font-weight: 800; letter-spacing: 0.04em;\n                   margin: 2px 0 2px 0; line-height: 1.1; }\n.indicator-sublabel { font-size: 13px; opacity: 0.95; font-weight: 500; }\n.indicator-context { margin-top: 8px; font-size: 12px; color: #555;\n                     line-height: 1.4; }\n.drivers-block { background: #f9fafb; border: 1px solid #e5e7eb;\n                 border-radius: 8px; padding: 14px 16px; margin: 14px 0; }\n.drivers-title { font-size: 11px; letter-spacing: 0.1em; text-transform: uppercase;\n                 color: #6b7280; font-weight: 700; margin-bottom: 8px; }\n.drivers-row { display: flex; gap: 10px; justify-content: center;\n               flex-wrap: wrap; }\n.driver { flex: 1; min-width: 180px; max-width: 220px; text-align: center; }\n.driver-pill { border-radius: 10px; padding: 10px 12px; color: white;\n               box-shadow: 0 1px 3px rgba(0,0,0,0.10);\n               display: flex; align-items: center; gap: 8px;\n               text-align: left; }\n.driver-pill.gray { background: #9ca3af; }\n.driver-icon { flex-shrink: 0; width: 18px; height: 18px; opacity: 0.95; }\n.driver-body { flex: 1; min-width: 0; }\n.driver-name { font-size: 10px; font-weight: 700; letter-spacing: 0.04em;\n               text-transform: uppercase; opacity: 0.95; white-space: nowrap;\n               overflow: hidden; text-overflow: ellipsis; }\n.driver-level { font-size: 13px; font-weight: 700; margin-top: 1px; }\n.driver-context { margin-top: 5px; font-size: 10px; color: #6b7280;\n                  line-height: 1.3; }\n.section { margin: 20px 0; }\n.section h2 { font-size: 16px; color: #2c3e50; border-bottom: 1px solid #ddd;\n               padding-bottom: 5px; }\n.drivers li { margin: 6px 0; font-size: 13px; line-height: 1.5; }\n.shap-val { color: #888; font-size: 12px; }\ntable { width: 100%; border-collapse: collapse; font-size: 13px; }\nth { background: #ecf0f1; padding: 8px; text-align: left; }\ntd { padding: 6px 8px; border-bottom: 1px solid #eee; }\n.map-container { width: 100%; height: 420px; border: 1px solid #ddd;\n                  border-radius: 4px; overflow: hidden; margin: 10px 0; }\n.footer { color: #aaa; font-size: 11px; margin-top: 30px; text-align: center; }\n\n.demo-popup { max-width: 380px; font-size: 13px; }\n.demo-popup h1 { font-size: 15px; margin: 2px 0 2px; }\n.demo-popup .meta { font-size: 11px; margin-bottom: 8px; }\n.demo-popup .indicators { gap: 10px; margin: 10px 0; }\n.demo-popup .indicator-level { font-size: 20px; }\n.demo-popup .indicator-icon { width: 22px; height: 22px; }\n.demo-popup .drivers-block { padding: 8px 10px; margin: 8px 0; }\n.demo-popup .driver { min-width: 150px; }\n.demo-banner { background: #FEF3C7; border: 1px solid #F59E0B;\n    color: #92400E; font-size: 10px; line-height: 1.35; padding: 5px 8px;\n    border-radius: 4px; margin-bottom: 8px; text-align: center;\n    font-weight: 600; }\n.demo-netline { font-size: 10px; color: #6b7280; margin-top: 8px;\n    text-align: center; line-height: 1.4; }\n.demo-action { text-align: center; margin-top: 12px; }\n.demo-action a { background: #2563EB; color: #fff; padding: 7px 18px;\n    border-radius: 4px; font-weight: bold; text-decoration: none;\n    display: inline-block; font-size: 11px; letter-spacing: 0.05em; }\n</style><h1>DEMO-20260713-0012</h1><div class=\"meta\">Demo District &middot; 2026-07-13 &middot; Excavator L &middot; FIBER INSTALL</div>\n<div class=\"indicators\">\n  <div class=\"indicator\">\n    <div class=\"indicator-pill\" style=\"background:#16A34A;\">\n      <svg viewBox=\"0 0 24 24\" width=\"32\" height=\"32\" fill=\"none\" stroke=\"white\" stroke-width=\"2\" stroke-linecap=\"round\" stroke-linejoin=\"round\" class=\"indicator-icon\"><path d=\"m21.73 18-8-14a2 2 0 0 0-3.48 0l-8 14A2 2 0 0 0 4 21h16a2 2 0 0 0 1.73-3\"/><path d=\"M12 9v4\"/><path d=\"M12 17h.01\"/></svg>\n      <div class=\"indicator-body\">\n        <div class=\"indicator-label\">Damage Likelihood</div>\n        <div class=\"indicator-level\">LOW</div>\n        <div class=\"indicator-sublabel\">Bottom 23% of all tickets</div>\n      </div>\n    </div>\n    <div class=\"indicator-context\">Bottom 23% by damage probability</div>\n  </div>\n  <div class=\"indicator\">\n    <div class=\"indicator-pill\" style=\"background:#16A34A;\">\n      <svg viewBox=\"0 0 24 24\" width=\"32\" height=\"32\" fill=\"none\" stroke=\"white\" stroke-width=\"2\" stroke-linecap=\"round\" stroke-linejoin=\"round\" class=\"indicator-icon\"><path d=\"M12 2 L20 5 V11 C 20 16 16 20 12 22 C 8 20 4 16 4 11 V5 Z\"/><path d=\"M12 9 V13\"/><path d=\"M12 17 h.01\"/></svg>\n      <div class=\"indicator-body\">\n        <div class=\"indicator-label\">Impact</div>\n        <div class=\"indicator-level\">LOW</div>\n        <div class=\"indicator-sublabel\">Bottom 58% by consequence</div>\n      </div>\n    </div>\n    <div class=\"indicator-context\">16 businesses nearby</div>\n  </div>\n</div>\n\n<div class=\"drivers-block\">\n  <div class=\"drivers-title\">Likelihood Drivers</div>\n  <div class=\"drivers-row\">\n    <div class=\"driver\">\n      <div class=\"driver-pill\" style=\"background:#DC2626;\">\n        <svg viewBox=\"0 0 30 26\" width=\"18\" height=\"18\" fill=\"none\" stroke=\"white\" stroke-width=\"1.4\" stroke-linecap=\"round\" stroke-linejoin=\"round\" class=\"driver-icon\"><rect x=\"2\" y=\"19.5\" width=\"16\" height=\"4.5\" rx=\"2.2\"/><circle cx=\"5.5\" cy=\"21.75\" r=\"1.1\" stroke-width=\"1\"/><circle cx=\"10\" cy=\"21.75\" r=\"1.1\" stroke-width=\"1\"/><circle cx=\"14.5\" cy=\"21.75\" r=\"1.1\" stroke-width=\"1\"/><path d=\"M4.5 18.5 V15 H7.5 V13 H18 V18.5\"/><path d=\"M12 11.5 L19 4 L20.5 5.5 L13.5 13 Z\"/><path d=\"M21.5 4 L27 12 L25.5 13 L20 5 Z\"/><path d=\"M26.5 14 L27 17 Q 26.5 19.5 24 19 L23 16 Z\"/></svg>\n        <div class=\"driver-body\">\n          <div class=\"driver-name\">Excavator History</div>\n          <div class=\"driver-level\">HIGH</div>\n        </div>\n      </div>\n      <div class=\"driver-context\">6.3% damage rate (90d, 669 tickets)</div>\n    </div>\n    <div class=\"driver\">\n      <div class=\"driver-pill\" style=\"background:#16A34A;\">\n        <svg viewBox=\"0 0 24 24\" width=\"18\" height=\"18\" fill=\"none\" stroke=\"white\" stroke-width=\"2\" stroke-linecap=\"round\" stroke-linejoin=\"round\" class=\"driver-icon\"><ellipse cx=\"12\" cy=\"5\" rx=\"9\" ry=\"3\"/><path d=\"M3 5v14a9 3 0 0 0 18 0V5\"/></svg>\n        <div class=\"driver-body\">\n          <div class=\"driver-name\">Pipe Vulnerability</div>\n          <div class=\"driver-level\">LOW</div>\n        </div>\n      </div>\n      <div class=\"driver-context\">29-year-old MDPE (bottom 11%)</div>\n    </div>\n    <div class=\"driver\">\n      <div class=\"driver-pill\" style=\"background:#16A34A;\">\n        <svg viewBox=\"0 0 24 24\" width=\"18\" height=\"18\" fill=\"none\" stroke=\"white\" stroke-width=\"2\" stroke-linecap=\"round\" stroke-linejoin=\"round\" class=\"driver-icon\"><path d=\"M4 20 L14 10\"/><path d=\"M9 5 L19 15\"/></svg>\n        <div class=\"driver-body\">\n          <div class=\"driver-name\">Work Activity</div>\n          <div class=\"driver-level\">LOW</div>\n        </div>\n      </div>\n      <div class=\"driver-context\">Fiber Install with Vibratory Plow</div>\n    </div>\n    <div class=\"driver\">\n      <div class=\"driver-pill\" style=\"background:#16A34A;\">\n        <svg viewBox=\"0 0 24 24\" width=\"18\" height=\"18\" fill=\"none\" stroke=\"white\" stroke-width=\"2\" stroke-linecap=\"round\" stroke-linejoin=\"round\" class=\"driver-icon\"><path d=\"M3 7V5a2 2 0 0 1 2-2h2\"/><path d=\"M17 3h2a2 2 0 0 1 2 2v2\"/><path d=\"M21 17v2a2 2 0 0 1-2 2h-2\"/><path d=\"M7 21H5a2 2 0 0 1-2-2v-2\"/></svg>\n        <div class=\"driver-body\">\n          <div class=\"driver-name\">Locate Quality</div>\n          <div class=\"driver-level\">GOOD</div>\n        </div>\n      </div>\n      <div class=\"driver-context\">Locator: Unit L (clean record)</div>\n    </div>\n  </div>\n</div>\n<div class=\"drivers-block\">\n  <div class=\"drivers-title\">Impact Drivers</div>\n  <div class=\"drivers-row\">\n    <div class=\"driver\">\n      <div class=\"driver-pill\" style=\"background:#16A34A;\">\n        <svg viewBox=\"0 0 24 24\" width=\"18\" height=\"18\" fill=\"none\" stroke=\"white\" stroke-width=\"2\" stroke-linecap=\"round\" stroke-linejoin=\"round\" class=\"driver-icon\"><path d=\"M3 12 L12 4 L21 12\"/><path d=\"M5 11 V20 H19 V11\"/></svg>\n        <div class=\"driver-body\">\n          <div class=\"driver-name\">Service Disruption</div>\n          <div class=\"driver-level\">LOW</div>\n        </div>\n      </div>\n      <div class=\"driver-context\">No chokepoint</div>\n    </div>\n    <div class=\"driver\">\n      <div class=\"driver-pill\" style=\"background:#16A34A;\">\n        <svg viewBox=\"0 0 24 24\" width=\"18\" height=\"18\" fill=\"none\" stroke=\"white\" stroke-width=\"2\" stroke-linecap=\"round\" stroke-linejoin=\"round\" class=\"driver-icon\"><path d=\"M12 7v4\"/><path d=\"M14 21v-3a2 2 0 0 0-4 0v3\"/><path d=\"M14 9h-4\"/><path d=\"M18 11h2a2 2 0 0 1 2 2v6a2 2 0 0 1-2 2H4a2 2 0 0 1-2-2v-9a2 2 0 0 1 2-2h2\"/><path d=\"M18 21V5a2 2 0 0 0-2-2H8a2 2 0 0 0-2 2v16\"/></svg>\n        <div class=\"driver-body\">\n          <div class=\"driver-name\">Critical Facilities</div>\n          <div class=\"driver-level\">LOW</div>\n        </div>\n      </div>\n      <div class=\"driver-context\">None</div>\n    </div>\n    <div class=\"driver\">\n      <div class=\"driver-pill\" style=\"background:#DC2626;\">\n        <svg viewBox=\"0 0 24 24\" width=\"18\" height=\"18\" fill=\"none\" stroke=\"white\" stroke-width=\"2\" stroke-linecap=\"round\" stroke-linejoin=\"round\" class=\"driver-icon\"><path d=\"M10 12h4\"/><path d=\"M10 8h4\"/><path d=\"M14 21v-3a2 2 0 0 0-4 0v3\"/><path d=\"M6 10H4a2 2 0 0 0-2 2v7a2 2 0 0 0 2 2h16a2 2 0 0 0 2-2V9a2 2 0 0 0-2-2h-2\"/><path d=\"M6 21V5a2 2 0 0 1 2-2h8a2 2 0 0 1 2 2v16\"/></svg>\n        <div class=\"driver-body\">\n          <div class=\"driver-name\">Business District</div>\n          <div class=\"driver-level\">HIGH</div>\n        </div>\n      </div>\n      <div class=\"driver-context\">16 businesses</div>\n    </div>\n    <div class=\"driver\">\n      <div class=\"driver-pill\" style=\"background:#16A34A;\">\n        <svg viewBox=\"0 0 24 24\" width=\"18\" height=\"18\" fill=\"none\" stroke=\"white\" stroke-width=\"2\" stroke-linecap=\"round\" stroke-linejoin=\"round\" class=\"driver-icon\"><path d=\"M13 2 L3 14 h9 l-1 8 10-12 h-9 z\"/></svg>\n        <div class=\"driver-body\">\n          <div class=\"driver-name\">Transmission Main</div>\n          <div class=\"driver-level\">LOW</div>\n        </div>\n      </div>\n      <div class=\"driver-context\">Distribution only</div>\n    </div>\n  </div>\n</div>\n<div class=\"demo-netline\">2 segments in dig area (2 mains, 0 services) &middot; oldest 29-yr MDPE</div><div class=\"demo-action\"><a href=\"https://kartasoft.github.io/excavation-risk-demo/action_form.html?ticket_id=DEMO-20260713-0012&demo=1\" target=\"_blank\" rel=\"noopener\">LOG ACTION</a></div></div>"}}, {"type": "Feature", "geometry": {"type": "Polygon", "coordinates": [[[-83.01201238924324, 39.95497132510174], [-83.01202979991182, 39.95556523056906], [-83.01280152809828, 39.95555182893149], [-83.01278411076271, 39.95495792374452], [-83.01201238924324, 39.95497132510174]]]}, "properties": {"ticket_id": "DEMO-20260713-0013", "priority_level": "MODERATE", "likelihood_level": "LOW", "impact_level": "MODERATE", "division": "Demo District", "date": "2026-07-13", "excavator_name": "Excavator M", "work_type": "FENCE INSTALL", "demo_note": "synthetic demo data", "popup_html": "<div class=\"demo-popup\"><style>\n.demo-popup { font-family: -apple-system, BlinkMacSystemFont, 'Segoe UI', sans-serif;\n       color: #333; max-width: 920px; margin: 0 auto; padding: 20px; }\nh1 { color: #2c3e50; font-size: 20px; margin-bottom: 5px; }\n.meta { color: #7f8c8d; font-size: 13px; margin-bottom: 15px; }\n.risk-box { background: #f8f9fa; border-left: 4px solid #888888;\n             padding: 12px 16px; margin: 15px 0; border-radius: 4px; }\n.risk-pct { font-size: 28px; font-weight: bold; color: #888888; }\n.risk-score { font-size: 14px; color: #555; margin-top: 2px; }\n.indicators { display: flex; gap: 20px; margin: 20px 0; justify-content: center; }\n.indicator { flex: 1; max-width: 420px; text-align: center; }\n.indicator-pill { border-radius: 14px; padding: 18px 24px; color: white;\n                  box-shadow: 0 2px 6px rgba(0,0,0,0.12);\n                  display: flex; align-items: center; gap: 14px;\n                  text-align: left; }\n.indicator-icon { flex-shrink: 0; width: 32px; height: 32px; opacity: 0.95; }\n.indicator-body { flex: 1; }\n.indicator-label { font-size: 11px; letter-spacing: 0.1em; opacity: 0.9;\n                   text-transform: uppercase; }\n.indicator-level { font-size: 28px; font-weight: 800; letter-spacing: 0.04em;\n                   margin: 2px 0 2px 0; line-height: 1.1; }\n.indicator-sublabel { font-size: 13px; opacity: 0.95; font-weight: 500; }\n.indicator-context { margin-top: 8px; font-size: 12px; color: #555;\n                     line-height: 1.4; }\n.drivers-block { background: #f9fafb; border: 1px solid #e5e7eb;\n                 border-radius: 8px; padding: 14px 16px; margin: 14px 0; }\n.drivers-title { font-size: 11px; letter-spacing: 0.1em; text-transform: uppercase;\n                 color: #6b7280; font-weight: 700; margin-bottom: 8px; }\n.drivers-row { display: flex; gap: 10px; justify-content: center;\n               flex-wrap: wrap; }\n.driver { flex: 1; min-width: 180px; max-width: 220px; text-align: center; }\n.driver-pill { border-radius: 10px; padding: 10px 12px; color: white;\n               box-shadow: 0 1px 3px rgba(0,0,0,0.10);\n               display: flex; align-items: center; gap: 8px;\n               text-align: left; }\n.driver-pill.gray { background: #9ca3af; }\n.driver-icon { flex-shrink: 0; width: 18px; height: 18px; opacity: 0.95; }\n.driver-body { flex: 1; min-width: 0; }\n.driver-name { font-size: 10px; font-weight: 700; letter-spacing: 0.04em;\n               text-transform: uppercase; opacity: 0.95; white-space: nowrap;\n               overflow: hidden; text-overflow: ellipsis; }\n.driver-level { font-size: 13px; font-weight: 700; margin-top: 1px; }\n.driver-context { margin-top: 5px; font-size: 10px; color: #6b7280;\n                  line-height: 1.3; }\n.section { margin: 20px 0; }\n.section h2 { font-size: 16px; color: #2c3e50; border-bottom: 1px solid #ddd;\n               padding-bottom: 5px; }\n.drivers li { margin: 6px 0; font-size: 13px; line-height: 1.5; }\n.shap-val { color: #888; font-size: 12px; }\ntable { width: 100%; border-collapse: collapse; font-size: 13px; }\nth { background: #ecf0f1; padding: 8px; text-align: left; }\ntd { padding: 6px 8px; border-bottom: 1px solid #eee; }\n.map-container { width: 100%; height: 420px; border: 1px solid #ddd;\n                  border-radius: 4px; overflow: hidden; margin: 10px 0; }\n.footer { color: #aaa; font-size: 11px; margin-top: 30px; text-align: center; }\n\n.demo-popup { max-width: 380px; font-size: 13px; }\n.demo-popup h1 { font-size: 15px; margin: 2px 0 2px; }\n.demo-popup .meta { font-size: 11px; margin-bottom: 8px; }\n.demo-popup .indicators { gap: 10px; margin: 10px 0; }\n.demo-popup .indicator-level { font-size: 20px; }\n.demo-popup .indicator-icon { width: 22px; height: 22px; }\n.demo-popup .drivers-block { padding: 8px 10px; margin: 8px 0; }\n.demo-popup .driver { min-width: 150px; }\n.demo-banner { background: #FEF3C7; border: 1px solid #F59E0B;\n    color: #92400E; font-size: 10px; line-height: 1.35; padding: 5px 8px;\n    border-radius: 4px; margin-bottom: 8px; text-align: center;\n    font-weight: 600; }\n.demo-netline { font-size: 10px; color: #6b7280; margin-top: 8px;\n    text-align: center; line-height: 1.4; }\n.demo-action { text-align: center; margin-top: 12px; }\n.demo-action a { background: #2563EB; color: #fff; padding: 7px 18px;\n    border-radius: 4px; font-weight: bold; text-decoration: none;\n    display: inline-block; font-size: 11px; letter-spacing: 0.05em; }\n</style><h1>DEMO-20260713-0013</h1><div class=\"meta\">Demo District &middot; 2026-07-13 &middot; Excavator M &middot; FENCE INSTALL</div>\n<div class=\"indicators\">\n  <div class=\"indicator\">\n    <div class=\"indicator-pill\" style=\"background:#16A34A;\">\n      <svg viewBox=\"0 0 24 24\" width=\"32\" height=\"32\" fill=\"none\" stroke=\"white\" stroke-width=\"2\" stroke-linecap=\"round\" stroke-linejoin=\"round\" class=\"indicator-icon\"><path d=\"m21.73 18-8-14a2 2 0 0 0-3.48 0l-8 14A2 2 0 0 0 4 21h16a2 2 0 0 0 1.73-3\"/><path d=\"M12 9v4\"/><path d=\"M12 17h.01\"/></svg>\n      <div class=\"indicator-body\">\n        <div class=\"indicator-label\">Damage Likelihood</div>\n        <div class=\"indicator-level\">LOW</div>\n        <div class=\"indicator-sublabel\">Bottom 17% of all tickets</div>\n      </div>\n    </div>\n    <div class=\"indicator-context\">Bottom 17% by damage probability</div>\n  </div>\n  <div class=\"indicator\">\n    <div class=\"indicator-pill\" style=\"background:#F59E0B;\">\n      <svg viewBox=\"0 0 24 24\" width=\"32\" height=\"32\" fill=\"none\" stroke=\"white\" stroke-width=\"2\" stroke-linecap=\"round\" stroke-linejoin=\"round\" class=\"indicator-icon\"><path d=\"M12 2 L20 5 V11 C 20 16 16 20 12 22 C 8 20 4 16 4 11 V5 Z\"/><path d=\"M12 9 V13\"/><path d=\"M12 17 h.01\"/></svg>\n      <div class=\"indicator-body\">\n        <div class=\"indicator-label\">Impact</div>\n        <div class=\"indicator-level\">MODERATE</div>\n        <div class=\"indicator-sublabel\">Top 15% by consequence</div>\n      </div>\n    </div>\n    <div class=\"indicator-context\">118 services, 4 businesses nearby</div>\n  </div>\n</div>\n\n<div class=\"drivers-block\">\n  <div class=\"drivers-title\">Likelihood Drivers</div>\n  <div class=\"drivers-row\">\n    <div class=\"driver\">\n      <div class=\"driver-pill\" style=\"background:#16A34A;\">\n        <svg viewBox=\"0 0 30 26\" width=\"18\" height=\"18\" fill=\"none\" stroke=\"white\" stroke-width=\"1.4\" stroke-linecap=\"round\" stroke-linejoin=\"round\" class=\"driver-icon\"><rect x=\"2\" y=\"19.5\" width=\"16\" height=\"4.5\" rx=\"2.2\"/><circle cx=\"5.5\" cy=\"21.75\" r=\"1.1\" stroke-width=\"1\"/><circle cx=\"10\" cy=\"21.75\" r=\"1.1\" stroke-width=\"1\"/><circle cx=\"14.5\" cy=\"21.75\" r=\"1.1\" stroke-width=\"1\"/><path d=\"M4.5 18.5 V15 H7.5 V13 H18 V18.5\"/><path d=\"M12 11.5 L19 4 L20.5 5.5 L13.5 13 Z\"/><path d=\"M21.5 4 L27 12 L25.5 13 L20 5 Z\"/><path d=\"M26.5 14 L27 17 Q 26.5 19.5 24 19 L23 16 Z\"/></svg>\n        <div class=\"driver-body\">\n          <div class=\"driver-name\">Excavator History</div>\n          <div class=\"driver-level\">LOW</div>\n        </div>\n      </div>\n      <div class=\"driver-context\">1.4% damage rate (90d, 700 tickets)</div>\n    </div>\n    <div class=\"driver\">\n      <div class=\"driver-pill\" style=\"background:#16A34A;\">\n        <svg viewBox=\"0 0 24 24\" width=\"18\" height=\"18\" fill=\"none\" stroke=\"white\" stroke-width=\"2\" stroke-linecap=\"round\" stroke-linejoin=\"round\" class=\"driver-icon\"><ellipse cx=\"12\" cy=\"5\" rx=\"9\" ry=\"3\"/><path d=\"M3 5v14a9 3 0 0 0 18 0V5\"/></svg>\n        <div class=\"driver-body\">\n          <div class=\"driver-name\">Pipe Vulnerability</div>\n          <div class=\"driver-level\">LOW</div>\n        </div>\n      </div>\n      <div class=\"driver-context\">23-year-old MDPE (bottom 8%)</div>\n    </div>\n    <div class=\"driver\">\n      <div class=\"driver-pill\" style=\"background:#F59E0B;\">\n        <svg viewBox=\"0 0 24 24\" width=\"18\" height=\"18\" fill=\"none\" stroke=\"white\" stroke-width=\"2\" stroke-linecap=\"round\" stroke-linejoin=\"round\" class=\"driver-icon\"><path d=\"M4 20 L14 10\"/><path d=\"M9 5 L19 15\"/></svg>\n        <div class=\"driver-body\">\n          <div class=\"driver-name\">Work Activity</div>\n          <div class=\"driver-level\">MODERATE</div>\n        </div>\n      </div>\n      <div class=\"driver-context\">Fence Install with Hand Auger</div>\n    </div>\n    <div class=\"driver\">\n      <div class=\"driver-pill\" style=\"background:#F59E0B;\">\n        <svg viewBox=\"0 0 24 24\" width=\"18\" height=\"18\" fill=\"none\" stroke=\"white\" stroke-width=\"2\" stroke-linecap=\"round\" stroke-linejoin=\"round\" class=\"driver-icon\"><path d=\"M3 7V5a2 2 0 0 1 2-2h2\"/><path d=\"M17 3h2a2 2 0 0 1 2 2v2\"/><path d=\"M21 17v2a2 2 0 0 1-2 2h-2\"/><path d=\"M7 21H5a2 2 0 0 1-2-2v-2\"/></svg>\n        <div class=\"driver-body\">\n          <div class=\"driver-name\">Locate Quality</div>\n          <div class=\"driver-level\">WATCH</div>\n        </div>\n      </div>\n      <div class=\"driver-context\">Locator: Unit M (mixed record)</div>\n    </div>\n  </div>\n</div>\n<div class=\"drivers-block\">\n  <div class=\"drivers-title\">Impact Drivers</div>\n  <div class=\"drivers-row\">\n    <div class=\"driver\">\n      <div class=\"driver-pill\" style=\"background:#DC2626;\">\n        <svg viewBox=\"0 0 24 24\" width=\"18\" height=\"18\" fill=\"none\" stroke=\"white\" stroke-width=\"2\" stroke-linecap=\"round\" stroke-linejoin=\"round\" class=\"driver-icon\"><path d=\"M3 12 L12 4 L21 12\"/><path d=\"M5 11 V20 H19 V11\"/></svg>\n        <div class=\"driver-body\">\n          <div class=\"driver-name\">Service Disruption</div>\n          <div class=\"driver-level\">HIGH</div>\n        </div>\n      </div>\n      <div class=\"driver-context\">118 services at risk</div>\n    </div>\n    <div class=\"driver\">\n      <div class=\"driver-pill\" style=\"background:#16A34A;\">\n        <svg viewBox=\"0 0 24 24\" width=\"18\" height=\"18\" fill=\"none\" stroke=\"white\" stroke-width=\"2\" stroke-linecap=\"round\" stroke-linejoin=\"round\" class=\"driver-icon\"><path d=\"M12 7v4\"/><path d=\"M14 21v-3a2 2 0 0 0-4 0v3\"/><path d=\"M14 9h-4\"/><path d=\"M18 11h2a2 2 0 0 1 2 2v6a2 2 0 0 1-2 2H4a2 2 0 0 1-2-2v-9a2 2 0 0 1 2-2h2\"/><path d=\"M18 21V5a2 2 0 0 0-2-2H8a2 2 0 0 0-2 2v16\"/></svg>\n        <div class=\"driver-body\">\n          <div class=\"driver-name\">Critical Facilities</div>\n          <div class=\"driver-level\">LOW</div>\n        </div>\n      </div>\n      <div class=\"driver-context\">None</div>\n    </div>\n    <div class=\"driver\">\n      <div class=\"driver-pill\" style=\"background:#F59E0B;\">\n        <svg viewBox=\"0 0 24 24\" width=\"18\" height=\"18\" fill=\"none\" stroke=\"white\" stroke-width=\"2\" stroke-linecap=\"round\" stroke-linejoin=\"round\" class=\"driver-icon\"><path d=\"M10 12h4\"/><path d=\"M10 8h4\"/><path d=\"M14 21v-3a2 2 0 0 0-4 0v3\"/><path d=\"M6 10H4a2 2 0 0 0-2 2v7a2 2 0 0 0 2 2h16a2 2 0 0 0 2-2V9a2 2 0 0 0-2-2h-2\"/><path d=\"M6 21V5a2 2 0 0 1 2-2h8a2 2 0 0 1 2 2v16\"/></svg>\n        <div class=\"driver-body\">\n          <div class=\"driver-name\">Business District</div>\n          <div class=\"driver-level\">MODERATE</div>\n        </div>\n      </div>\n      <div class=\"driver-context\">4 businesses</div>\n    </div>\n    <div class=\"driver\">\n      <div class=\"driver-pill\" style=\"background:#16A34A;\">\n        <svg viewBox=\"0 0 24 24\" width=\"18\" height=\"18\" fill=\"none\" stroke=\"white\" stroke-width=\"2\" stroke-linecap=\"round\" stroke-linejoin=\"round\" class=\"driver-icon\"><path d=\"M13 2 L3 14 h9 l-1 8 10-12 h-9 z\"/></svg>\n        <div class=\"driver-body\">\n          <div class=\"driver-name\">Transmission Main</div>\n          <div class=\"driver-level\">LOW</div>\n        </div>\n      </div>\n      <div class=\"driver-context\">Distribution only</div>\n    </div>\n  </div>\n</div>\n<div class=\"demo-netline\">5 segments in dig area (3 mains, 2 services) &middot; oldest 23-yr MDPE</div><div class=\"demo-action\"><a href=\"https://kartasoft.github.io/excavation-risk-demo/action_form.html?ticket_id=DEMO-20260713-0013&demo=1\" target=\"_blank\" rel=\"noopener\">LOG ACTION</a></div></div>"}}, {"type": "Feature", "geometry": {"type": "Polygon", "coordinates": [[[-83.01168322684597, 39.95655758855296], [-83.0116885055485, 39.956737674647684], [-83.01192251577787, 39.95673361208889], [-83.0119172364623, 39.95655352601993], [-83.01168322684597, 39.95655758855296]]]}, "properties": {"ticket_id": "DEMO-20260713-0014", "priority_level": "LOW", "likelihood_level": "LOW", "impact_level": "LOW", "division": "Demo District", "date": "2026-07-13", "excavator_name": "Excavator N", "work_type": "TRENCHING", "demo_note": "synthetic demo data", "popup_html": "<div class=\"demo-popup\"><style>\n.demo-popup { font-family: -apple-system, BlinkMacSystemFont, 'Segoe UI', sans-serif;\n       color: #333; max-width: 920px; margin: 0 auto; padding: 20px; }\nh1 { color: #2c3e50; font-size: 20px; margin-bottom: 5px; }\n.meta { color: #7f8c8d; font-size: 13px; margin-bottom: 15px; }\n.risk-box { background: #f8f9fa; border-left: 4px solid #888888;\n             padding: 12px 16px; margin: 15px 0; border-radius: 4px; }\n.risk-pct { font-size: 28px; font-weight: bold; color: #888888; }\n.risk-score { font-size: 14px; color: #555; margin-top: 2px; }\n.indicators { display: flex; gap: 20px; margin: 20px 0; justify-content: center; }\n.indicator { flex: 1; max-width: 420px; text-align: center; }\n.indicator-pill { border-radius: 14px; padding: 18px 24px; color: white;\n                  box-shadow: 0 2px 6px rgba(0,0,0,0.12);\n                  display: flex; align-items: center; gap: 14px;\n                  text-align: left; }\n.indicator-icon { flex-shrink: 0; width: 32px; height: 32px; opacity: 0.95; }\n.indicator-body { flex: 1; }\n.indicator-label { font-size: 11px; letter-spacing: 0.1em; opacity: 0.9;\n                   text-transform: uppercase; }\n.indicator-level { font-size: 28px; font-weight: 800; letter-spacing: 0.04em;\n                   margin: 2px 0 2px 0; line-height: 1.1; }\n.indicator-sublabel { font-size: 13px; opacity: 0.95; font-weight: 500; }\n.indicator-context { margin-top: 8px; font-size: 12px; color: #555;\n                     line-height: 1.4; }\n.drivers-block { background: #f9fafb; border: 1px solid #e5e7eb;\n                 border-radius: 8px; padding: 14px 16px; margin: 14px 0; }\n.drivers-title { font-size: 11px; letter-spacing: 0.1em; text-transform: uppercase;\n                 color: #6b7280; font-weight: 700; margin-bottom: 8px; }\n.drivers-row { display: flex; gap: 10px; justify-content: center;\n               flex-wrap: wrap; }\n.driver { flex: 1; min-width: 180px; max-width: 220px; text-align: center; }\n.driver-pill { border-radius: 10px; padding: 10px 12px; color: white;\n               box-shadow: 0 1px 3px rgba(0,0,0,0.10);\n               display: flex; align-items: center; gap: 8px;\n               text-align: left; }\n.driver-pill.gray { background: #9ca3af; }\n.driver-icon { flex-shrink: 0; width: 18px; height: 18px; opacity: 0.95; }\n.driver-body { flex: 1; min-width: 0; }\n.driver-name { font-size: 10px; font-weight: 700; letter-spacing: 0.04em;\n               text-transform: uppercase; opacity: 0.95; white-space: nowrap;\n               overflow: hidden; text-overflow: ellipsis; }\n.driver-level { font-size: 13px; font-weight: 700; margin-top: 1px; }\n.driver-context { margin-top: 5px; font-size: 10px; color: #6b7280;\n                  line-height: 1.3; }\n.section { margin: 20px 0; }\n.section h2 { font-size: 16px; color: #2c3e50; border-bottom: 1px solid #ddd;\n               padding-bottom: 5px; }\n.drivers li { margin: 6px 0; font-size: 13px; line-height: 1.5; }\n.shap-val { color: #888; font-size: 12px; }\ntable { width: 100%; border-collapse: collapse; font-size: 13px; }\nth { background: #ecf0f1; padding: 8px; text-align: left; }\ntd { padding: 6px 8px; border-bottom: 1px solid #eee; }\n.map-container { width: 100%; height: 420px; border: 1px solid #ddd;\n                  border-radius: 4px; overflow: hidden; margin: 10px 0; }\n.footer { color: #aaa; font-size: 11px; margin-top: 30px; text-align: center; }\n\n.demo-popup { max-width: 380px; font-size: 13px; }\n.demo-popup h1 { font-size: 15px; margin: 2px 0 2px; }\n.demo-popup .meta { font-size: 11px; margin-bottom: 8px; }\n.demo-popup .indicators { gap: 10px; margin: 10px 0; }\n.demo-popup .indicator-level { font-size: 20px; }\n.demo-popup .indicator-icon { width: 22px; height: 22px; }\n.demo-popup .drivers-block { padding: 8px 10px; margin: 8px 0; }\n.demo-popup .driver { min-width: 150px; }\n.demo-banner { background: #FEF3C7; border: 1px solid #F59E0B;\n    color: #92400E; font-size: 10px; line-height: 1.35; padding: 5px 8px;\n    border-radius: 4px; margin-bottom: 8px; text-align: center;\n    font-weight: 600; }\n.demo-netline { font-size: 10px; color: #6b7280; margin-top: 8px;\n    text-align: center; line-height: 1.4; }\n.demo-action { text-align: center; margin-top: 12px; }\n.demo-action a { background: #2563EB; color: #fff; padding: 7px 18px;\n    border-radius: 4px; font-weight: bold; text-decoration: none;\n    display: inline-block; font-size: 11px; letter-spacing: 0.05em; }\n</style><h1>DEMO-20260713-0014</h1><div class=\"meta\">Demo District &middot; 2026-07-13 &middot; Excavator N &middot; TRENCHING</div>\n<div class=\"indicators\">\n  <div class=\"indicator\">\n    <div class=\"indicator-pill\" style=\"background:#16A34A;\">\n      <svg viewBox=\"0 0 24 24\" width=\"32\" height=\"32\" fill=\"none\" stroke=\"white\" stroke-width=\"2\" stroke-linecap=\"round\" stroke-linejoin=\"round\" class=\"indicator-icon\"><path d=\"m21.73 18-8-14a2 2 0 0 0-3.48 0l-8 14A2 2 0 0 0 4 21h16a2 2 0 0 0 1.73-3\"/><path d=\"M12 9v4\"/><path d=\"M12 17h.01\"/></svg>\n      <div class=\"indicator-body\">\n        <div class=\"indicator-label\">Damage Likelihood</div>\n        <div class=\"indicator-level\">LOW</div>\n        <div class=\"indicator-sublabel\">Bottom 25% of all tickets</div>\n      </div>\n    </div>\n    <div class=\"indicator-context\">Bottom 25% by damage probability</div>\n  </div>\n  <div class=\"indicator\">\n    <div class=\"indicator-pill\" style=\"background:#16A34A;\">\n      <svg viewBox=\"0 0 24 24\" width=\"32\" height=\"32\" fill=\"none\" stroke=\"white\" stroke-width=\"2\" stroke-linecap=\"round\" stroke-linejoin=\"round\" class=\"indicator-icon\"><path d=\"M12 2 L20 5 V11 C 20 16 16 20 12 22 C 8 20 4 16 4 11 V5 Z\"/><path d=\"M12 9 V13\"/><path d=\"M12 17 h.01\"/></svg>\n      <div class=\"indicator-body\">\n        <div class=\"indicator-label\">Impact</div>\n        <div class=\"indicator-level\">LOW</div>\n        <div class=\"indicator-sublabel\">Bottom 51% by consequence</div>\n      </div>\n    </div>\n    <div class=\"indicator-context\">10 businesses nearby</div>\n  </div>\n</div>\n\n<div class=\"drivers-block\">\n  <div class=\"drivers-title\">Likelihood Drivers</div>\n  <div class=\"drivers-row\">\n    <div class=\"driver\">\n      <div class=\"driver-pill\" style=\"background:#16A34A;\">\n        <svg viewBox=\"0 0 30 26\" width=\"18\" height=\"18\" fill=\"none\" stroke=\"white\" stroke-width=\"1.4\" stroke-linecap=\"round\" stroke-linejoin=\"round\" class=\"driver-icon\"><rect x=\"2\" y=\"19.5\" width=\"16\" height=\"4.5\" rx=\"2.2\"/><circle cx=\"5.5\" cy=\"21.75\" r=\"1.1\" stroke-width=\"1\"/><circle cx=\"10\" cy=\"21.75\" r=\"1.1\" stroke-width=\"1\"/><circle cx=\"14.5\" cy=\"21.75\" r=\"1.1\" stroke-width=\"1\"/><path d=\"M4.5 18.5 V15 H7.5 V13 H18 V18.5\"/><path d=\"M12 11.5 L19 4 L20.5 5.5 L13.5 13 Z\"/><path d=\"M21.5 4 L27 12 L25.5 13 L20 5 Z\"/><path d=\"M26.5 14 L27 17 Q 26.5 19.5 24 19 L23 16 Z\"/></svg>\n        <div class=\"driver-body\">\n          <div class=\"driver-name\">Excavator History</div>\n          <div class=\"driver-level\">LOW</div>\n        </div>\n      </div>\n      <div class=\"driver-context\">0.5% damage rate (90d, 312 tickets)</div>\n    </div>\n    <div class=\"driver\">\n      <div class=\"driver-pill\" style=\"background:#16A34A;\">\n        <svg viewBox=\"0 0 24 24\" width=\"18\" height=\"18\" fill=\"none\" stroke=\"white\" stroke-width=\"2\" stroke-linecap=\"round\" stroke-linejoin=\"round\" class=\"driver-icon\"><ellipse cx=\"12\" cy=\"5\" rx=\"9\" ry=\"3\"/><path d=\"M3 5v14a9 3 0 0 0 18 0V5\"/></svg>\n        <div class=\"driver-body\">\n          <div class=\"driver-name\">Pipe Vulnerability</div>\n          <div class=\"driver-level\">LOW</div>\n        </div>\n      </div>\n      <div class=\"driver-context\">17-year-old MDPE (bottom 4%)</div>\n    </div>\n    <div class=\"driver\">\n      <div class=\"driver-pill\" style=\"background:#DC2626;\">\n        <svg viewBox=\"0 0 24 24\" width=\"18\" height=\"18\" fill=\"none\" stroke=\"white\" stroke-width=\"2\" stroke-linecap=\"round\" stroke-linejoin=\"round\" class=\"driver-icon\"><path d=\"M4 20 L14 10\"/><path d=\"M9 5 L19 15\"/></svg>\n        <div class=\"driver-body\">\n          <div class=\"driver-name\">Work Activity</div>\n          <div class=\"driver-level\">HIGH</div>\n        </div>\n      </div>\n      <div class=\"driver-context\">Trenching with Trencher</div>\n    </div>\n    <div class=\"driver\">\n      <div class=\"driver-pill\" style=\"background:#16A34A;\">\n        <svg viewBox=\"0 0 24 24\" width=\"18\" height=\"18\" fill=\"none\" stroke=\"white\" stroke-width=\"2\" stroke-linecap=\"round\" stroke-linejoin=\"round\" class=\"driver-icon\"><path d=\"M3 7V5a2 2 0 0 1 2-2h2\"/><path d=\"M17 3h2a2 2 0 0 1 2 2v2\"/><path d=\"M21 17v2a2 2 0 0 1-2 2h-2\"/><path d=\"M7 21H5a2 2 0 0 1-2-2v-2\"/></svg>\n        <div class=\"driver-body\">\n          <div class=\"driver-name\">Locate Quality</div>\n          <div class=\"driver-level\">GOOD</div>\n        </div>\n      </div>\n      <div class=\"driver-context\">Locator: Unit N (clean record)</div>\n    </div>\n  </div>\n</div>\n<div class=\"drivers-block\">\n  <div class=\"drivers-title\">Impact Drivers</div>\n  <div class=\"drivers-row\">\n    <div class=\"driver\">\n      <div class=\"driver-pill\" style=\"background:#16A34A;\">\n        <svg viewBox=\"0 0 24 24\" width=\"18\" height=\"18\" fill=\"none\" stroke=\"white\" stroke-width=\"2\" stroke-linecap=\"round\" stroke-linejoin=\"round\" class=\"driver-icon\"><path d=\"M3 12 L12 4 L21 12\"/><path d=\"M5 11 V20 H19 V11\"/></svg>\n        <div class=\"driver-body\">\n          <div class=\"driver-name\">Service Disruption</div>\n          <div class=\"driver-level\">LOW</div>\n        </div>\n      </div>\n      <div class=\"driver-context\">No chokepoint</div>\n    </div>\n    <div class=\"driver\">\n      <div class=\"driver-pill\" style=\"background:#16A34A;\">\n        <svg viewBox=\"0 0 24 24\" width=\"18\" height=\"18\" fill=\"none\" stroke=\"white\" stroke-width=\"2\" stroke-linecap=\"round\" stroke-linejoin=\"round\" class=\"driver-icon\"><path d=\"M12 7v4\"/><path d=\"M14 21v-3a2 2 0 0 0-4 0v3\"/><path d=\"M14 9h-4\"/><path d=\"M18 11h2a2 2 0 0 1 2 2v6a2 2 0 0 1-2 2H4a2 2 0 0 1-2-2v-9a2 2 0 0 1 2-2h2\"/><path d=\"M18 21V5a2 2 0 0 0-2-2H8a2 2 0 0 0-2 2v16\"/></svg>\n        <div class=\"driver-body\">\n          <div class=\"driver-name\">Critical Facilities</div>\n          <div class=\"driver-level\">LOW</div>\n        </div>\n      </div>\n      <div class=\"driver-context\">None</div>\n    </div>\n    <div class=\"driver\">\n      <div class=\"driver-pill\" style=\"background:#F59E0B;\">\n        <svg viewBox=\"0 0 24 24\" width=\"18\" height=\"18\" fill=\"none\" stroke=\"white\" stroke-width=\"2\" stroke-linecap=\"round\" stroke-linejoin=\"round\" class=\"driver-icon\"><path d=\"M10 12h4\"/><path d=\"M10 8h4\"/><path d=\"M14 21v-3a2 2 0 0 0-4 0v3\"/><path d=\"M6 10H4a2 2 0 0 0-2 2v7a2 2 0 0 0 2 2h16a2 2 0 0 0 2-2V9a2 2 0 0 0-2-2h-2\"/><path d=\"M6 21V5a2 2 0 0 1 2-2h8a2 2 0 0 1 2 2v16\"/></svg>\n        <div class=\"driver-body\">\n          <div class=\"driver-name\">Business District</div>\n          <div class=\"driver-level\">MODERATE</div>\n        </div>\n      </div>\n      <div class=\"driver-context\">10 businesses</div>\n    </div>\n    <div class=\"driver\">\n      <div class=\"driver-pill\" style=\"background:#16A34A;\">\n        <svg viewBox=\"0 0 24 24\" width=\"18\" height=\"18\" fill=\"none\" stroke=\"white\" stroke-width=\"2\" stroke-linecap=\"round\" stroke-linejoin=\"round\" class=\"driver-icon\"><path d=\"M13 2 L3 14 h9 l-1 8 10-12 h-9 z\"/></svg>\n        <div class=\"driver-body\">\n          <div class=\"driver-name\">Transmission Main</div>\n          <div class=\"driver-level\">LOW</div>\n        </div>\n      </div>\n      <div class=\"driver-context\">Distribution only</div>\n    </div>\n  </div>\n</div>\n<div class=\"demo-netline\">1 segments in dig area (0 mains, 1 services) &middot; oldest 17-yr MDPE</div><div class=\"demo-action\"><a href=\"https://kartasoft.github.io/excavation-risk-demo/action_form.html?ticket_id=DEMO-20260713-0014&demo=1\" target=\"_blank\" rel=\"noopener\">LOG ACTION</a></div></div>"}}, {"type": "Feature", "geometry": {"type": "Polygon", "coordinates": [[[-83.01253570655768, 39.96703655285755], [-83.01257134752852, 39.968251465980586], [-83.01415031542133, 39.96822403101496], [-83.01411464653435, 39.967009119065864], [-83.01253570655768, 39.96703655285755]]]}, "properties": {"ticket_id": "DEMO-20260713-0015", "priority_level": "LOW", "likelihood_level": "LOW", "impact_level": "LOW", "division": "Demo District", "date": "2026-07-13", "excavator_name": "Excavator O", "work_type": "GAS SERVICE INSTALL", "demo_note": "synthetic demo data", "popup_html": "<div class=\"demo-popup\"><style>\n.demo-popup { font-family: -apple-system, BlinkMacSystemFont, 'Segoe UI', sans-serif;\n       color: #333; max-width: 920px; margin: 0 auto; padding: 20px; }\nh1 { color: #2c3e50; font-size: 20px; margin-bottom: 5px; }\n.meta { color: #7f8c8d; font-size: 13px; margin-bottom: 15px; }\n.risk-box { background: #f8f9fa; border-left: 4px solid #888888;\n             padding: 12px 16px; margin: 15px 0; border-radius: 4px; }\n.risk-pct { font-size: 28px; font-weight: bold; color: #888888; }\n.risk-score { font-size: 14px; color: #555; margin-top: 2px; }\n.indicators { display: flex; gap: 20px; margin: 20px 0; justify-content: center; }\n.indicator { flex: 1; max-width: 420px; text-align: center; }\n.indicator-pill { border-radius: 14px; padding: 18px 24px; color: white;\n                  box-shadow: 0 2px 6px rgba(0,0,0,0.12);\n                  display: flex; align-items: center; gap: 14px;\n                  text-align: left; }\n.indicator-icon { flex-shrink: 0; width: 32px; height: 32px; opacity: 0.95; }\n.indicator-body { flex: 1; }\n.indicator-label { font-size: 11px; letter-spacing: 0.1em; opacity: 0.9;\n                   text-transform: uppercase; }\n.indicator-level { font-size: 28px; font-weight: 800; letter-spacing: 0.04em;\n                   margin: 2px 0 2px 0; line-height: 1.1; }\n.indicator-sublabel { font-size: 13px; opacity: 0.95; font-weight: 500; }\n.indicator-context { margin-top: 8px; font-size: 12px; color: #555;\n                     line-height: 1.4; }\n.drivers-block { background: #f9fafb; border: 1px solid #e5e7eb;\n                 border-radius: 8px; padding: 14px 16px; margin: 14px 0; }\n.drivers-title { font-size: 11px; letter-spacing: 0.1em; text-transform: uppercase;\n                 color: #6b7280; font-weight: 700; margin-bottom: 8px; }\n.drivers-row { display: flex; gap: 10px; justify-content: center;\n               flex-wrap: wrap; }\n.driver { flex: 1; min-width: 180px; max-width: 220px; text-align: center; }\n.driver-pill { border-radius: 10px; padding: 10px 12px; color: white;\n               box-shadow: 0 1px 3px rgba(0,0,0,0.10);\n               display: flex; align-items: center; gap: 8px;\n               text-align: left; }\n.driver-pill.gray { background: #9ca3af; }\n.driver-icon { flex-shrink: 0; width: 18px; height: 18px; opacity: 0.95; }\n.driver-body { flex: 1; min-width: 0; }\n.driver-name { font-size: 10px; font-weight: 700; letter-spacing: 0.04em;\n               text-transform: uppercase; opacity: 0.95; white-space: nowrap;\n               overflow: hidden; text-overflow: ellipsis; }\n.driver-level { font-size: 13px; font-weight: 700; margin-top: 1px; }\n.driver-context { margin-top: 5px; font-size: 10px; color: #6b7280;\n                  line-height: 1.3; }\n.section { margin: 20px 0; }\n.section h2 { font-size: 16px; color: #2c3e50; border-bottom: 1px solid #ddd;\n               padding-bottom: 5px; }\n.drivers li { margin: 6px 0; font-size: 13px; line-height: 1.5; }\n.shap-val { color: #888; font-size: 12px; }\ntable { width: 100%; border-collapse: collapse; font-size: 13px; }\nth { background: #ecf0f1; padding: 8px; text-align: left; }\ntd { padding: 6px 8px; border-bottom: 1px solid #eee; }\n.map-container { width: 100%; height: 420px; border: 1px solid #ddd;\n                  border-radius: 4px; overflow: hidden; margin: 10px 0; }\n.footer { color: #aaa; font-size: 11px; margin-top: 30px; text-align: center; }\n\n.demo-popup { max-width: 380px; font-size: 13px; }\n.demo-popup h1 { font-size: 15px; margin: 2px 0 2px; }\n.demo-popup .meta { font-size: 11px; margin-bottom: 8px; }\n.demo-popup .indicators { gap: 10px; margin: 10px 0; }\n.demo-popup .indicator-level { font-size: 20px; }\n.demo-popup .indicator-icon { width: 22px; height: 22px; }\n.demo-popup .drivers-block { padding: 8px 10px; margin: 8px 0; }\n.demo-popup .driver { min-width: 150px; }\n.demo-banner { background: #FEF3C7; border: 1px solid #F59E0B;\n    color: #92400E; font-size: 10px; line-height: 1.35; padding: 5px 8px;\n    border-radius: 4px; margin-bottom: 8px; text-align: center;\n    font-weight: 600; }\n.demo-netline { font-size: 10px; color: #6b7280; margin-top: 8px;\n    text-align: center; line-height: 1.4; }\n.demo-action { text-align: center; margin-top: 12px; }\n.demo-action a { background: #2563EB; color: #fff; padding: 7px 18px;\n    border-radius: 4px; font-weight: bold; text-decoration: none;\n    display: inline-block; font-size: 11px; letter-spacing: 0.05em; }\n</style><h1>DEMO-20260713-0015</h1><div class=\"meta\">Demo District &middot; 2026-07-13 &middot; Excavator O &middot; GAS SERVICE INSTALL</div>\n<div class=\"indicators\">\n  <div class=\"indicator\">\n    <div class=\"indicator-pill\" style=\"background:#16A34A;\">\n      <svg viewBox=\"0 0 24 24\" width=\"32\" height=\"32\" fill=\"none\" stroke=\"white\" stroke-width=\"2\" stroke-linecap=\"round\" stroke-linejoin=\"round\" class=\"indicator-icon\"><path d=\"m21.73 18-8-14a2 2 0 0 0-3.48 0l-8 14A2 2 0 0 0 4 21h16a2 2 0 0 0 1.73-3\"/><path d=\"M12 9v4\"/><path d=\"M12 17h.01\"/></svg>\n      <div class=\"indicator-body\">\n        <div class=\"indicator-label\">Damage Likelihood</div>\n        <div class=\"indicator-level\">LOW</div>\n        <div class=\"indicator-sublabel\">Bottom 48% of all tickets</div>\n      </div>\n    </div>\n    <div class=\"indicator-context\">Bottom 48% by damage probability</div>\n  </div>\n  <div class=\"indicator\">\n    <div class=\"indicator-pill\" style=\"background:#16A34A;\">\n      <svg viewBox=\"0 0 24 24\" width=\"32\" height=\"32\" fill=\"none\" stroke=\"white\" stroke-width=\"2\" stroke-linecap=\"round\" stroke-linejoin=\"round\" class=\"indicator-icon\"><path d=\"M12 2 L20 5 V11 C 20 16 16 20 12 22 C 8 20 4 16 4 11 V5 Z\"/><path d=\"M12 9 V13\"/><path d=\"M12 17 h.01\"/></svg>\n      <div class=\"indicator-body\">\n        <div class=\"indicator-label\">Impact</div>\n        <div class=\"indicator-level\">LOW</div>\n        <div class=\"indicator-sublabel\">Bottom 18% by consequence</div>\n      </div>\n    </div>\n    <div class=\"indicator-context\">2 businesses nearby</div>\n  </div>\n</div>\n\n<div class=\"drivers-block\">\n  <div class=\"drivers-title\">Likelihood Drivers</div>\n  <div class=\"drivers-row\">\n    <div class=\"driver\">\n      <div class=\"driver-pill\" style=\"background:#F59E0B;\">\n        <svg viewBox=\"0 0 30 26\" width=\"18\" height=\"18\" fill=\"none\" stroke=\"white\" stroke-width=\"1.4\" stroke-linecap=\"round\" stroke-linejoin=\"round\" class=\"driver-icon\"><rect x=\"2\" y=\"19.5\" width=\"16\" height=\"4.5\" rx=\"2.2\"/><circle cx=\"5.5\" cy=\"21.75\" r=\"1.1\" stroke-width=\"1\"/><circle cx=\"10\" cy=\"21.75\" r=\"1.1\" stroke-width=\"1\"/><circle cx=\"14.5\" cy=\"21.75\" r=\"1.1\" stroke-width=\"1\"/><path d=\"M4.5 18.5 V15 H7.5 V13 H18 V18.5\"/><path d=\"M12 11.5 L19 4 L20.5 5.5 L13.5 13 Z\"/><path d=\"M21.5 4 L27 12 L25.5 13 L20 5 Z\"/><path d=\"M26.5 14 L27 17 Q 26.5 19.5 24 19 L23 16 Z\"/></svg>\n        <div class=\"driver-body\">\n          <div class=\"driver-name\">Excavator History</div>\n          <div class=\"driver-level\">MODERATE</div>\n        </div>\n      </div>\n      <div class=\"driver-context\">2.8% damage rate (90d, 654 tickets)</div>\n    </div>\n    <div class=\"driver\">\n      <div class=\"driver-pill\" style=\"background:#16A34A;\">\n        <svg viewBox=\"0 0 24 24\" width=\"18\" height=\"18\" fill=\"none\" stroke=\"white\" stroke-width=\"2\" stroke-linecap=\"round\" stroke-linejoin=\"round\" class=\"driver-icon\"><ellipse cx=\"12\" cy=\"5\" rx=\"9\" ry=\"3\"/><path d=\"M3 5v14a9 3 0 0 0 18 0V5\"/></svg>\n        <div class=\"driver-body\">\n          <div class=\"driver-name\">Pipe Vulnerability</div>\n          <div class=\"driver-level\">LOW</div>\n        </div>\n      </div>\n      <div class=\"driver-context\">47-year-old Steel (bottom 51%)</div>\n    </div>\n    <div class=\"driver\">\n      <div class=\"driver-pill\" style=\"background:#DC2626;\">\n        <svg viewBox=\"0 0 24 24\" width=\"18\" height=\"18\" fill=\"none\" stroke=\"white\" stroke-width=\"2\" stroke-linecap=\"round\" stroke-linejoin=\"round\" class=\"driver-icon\"><path d=\"M4 20 L14 10\"/><path d=\"M9 5 L19 15\"/></svg>\n        <div class=\"driver-body\">\n          <div class=\"driver-name\">Work Activity</div>\n          <div class=\"driver-level\">HIGH</div>\n        </div>\n      </div>\n      <div class=\"driver-context\">Gas Service Install with Backhoe</div>\n    </div>\n    <div class=\"driver\">\n      <div class=\"driver-pill\" style=\"background:#16A34A;\">\n        <svg viewBox=\"0 0 24 24\" width=\"18\" height=\"18\" fill=\"none\" stroke=\"white\" stroke-width=\"2\" stroke-linecap=\"round\" stroke-linejoin=\"round\" class=\"driver-icon\"><path d=\"M3 7V5a2 2 0 0 1 2-2h2\"/><path d=\"M17 3h2a2 2 0 0 1 2 2v2\"/><path d=\"M21 17v2a2 2 0 0 1-2 2h-2\"/><path d=\"M7 21H5a2 2 0 0 1-2-2v-2\"/></svg>\n        <div class=\"driver-body\">\n          <div class=\"driver-name\">Locate Quality</div>\n          <div class=\"driver-level\">GOOD</div>\n        </div>\n      </div>\n      <div class=\"driver-context\">Locator: Unit O (clean record)</div>\n    </div>\n  </div>\n</div>\n<div class=\"drivers-block\">\n  <div class=\"drivers-title\">Impact Drivers</div>\n  <div class=\"drivers-row\">\n    <div class=\"driver\">\n      <div class=\"driver-pill\" style=\"background:#16A34A;\">\n        <svg viewBox=\"0 0 24 24\" width=\"18\" height=\"18\" fill=\"none\" stroke=\"white\" stroke-width=\"2\" stroke-linecap=\"round\" stroke-linejoin=\"round\" class=\"driver-icon\"><path d=\"M3 12 L12 4 L21 12\"/><path d=\"M5 11 V20 H19 V11\"/></svg>\n        <div class=\"driver-body\">\n          <div class=\"driver-name\">Service Disruption</div>\n          <div class=\"driver-level\">LOW</div>\n        </div>\n      </div>\n      <div class=\"driver-context\">No chokepoint</div>\n    </div>\n    <div class=\"driver\">\n      <div class=\"driver-pill\" style=\"background:#16A34A;\">\n        <svg viewBox=\"0 0 24 24\" width=\"18\" height=\"18\" fill=\"none\" stroke=\"white\" stroke-width=\"2\" stroke-linecap=\"round\" stroke-linejoin=\"round\" class=\"driver-icon\"><path d=\"M12 7v4\"/><path d=\"M14 21v-3a2 2 0 0 0-4 0v3\"/><path d=\"M14 9h-4\"/><path d=\"M18 11h2a2 2 0 0 1 2 2v6a2 2 0 0 1-2 2H4a2 2 0 0 1-2-2v-9a2 2 0 0 1 2-2h2\"/><path d=\"M18 21V5a2 2 0 0 0-2-2H8a2 2 0 0 0-2 2v16\"/></svg>\n        <div class=\"driver-body\">\n          <div class=\"driver-name\">Critical Facilities</div>\n          <div class=\"driver-level\">LOW</div>\n        </div>\n      </div>\n      <div class=\"driver-context\">None</div>\n    </div>\n    <div class=\"driver\">\n      <div class=\"driver-pill\" style=\"background:#F59E0B;\">\n        <svg viewBox=\"0 0 24 24\" width=\"18\" height=\"18\" fill=\"none\" stroke=\"white\" stroke-width=\"2\" stroke-linecap=\"round\" stroke-linejoin=\"round\" class=\"driver-icon\"><path d=\"M10 12h4\"/><path d=\"M10 8h4\"/><path d=\"M14 21v-3a2 2 0 0 0-4 0v3\"/><path d=\"M6 10H4a2 2 0 0 0-2 2v7a2 2 0 0 0 2 2h16a2 2 0 0 0 2-2V9a2 2 0 0 0-2-2h-2\"/><path d=\"M6 21V5a2 2 0 0 1 2-2h8a2 2 0 0 1 2 2v16\"/></svg>\n        <div class=\"driver-body\">\n          <div class=\"driver-name\">Business District</div>\n          <div class=\"driver-level\">MODERATE</div>\n        </div>\n      </div>\n      <div class=\"driver-context\">2 businesses</div>\n    </div>\n    <div class=\"driver\">\n      <div class=\"driver-pill\" style=\"background:#16A34A;\">\n        <svg viewBox=\"0 0 24 24\" width=\"18\" height=\"18\" fill=\"none\" stroke=\"white\" stroke-width=\"2\" stroke-linecap=\"round\" stroke-linejoin=\"round\" class=\"driver-icon\"><path d=\"M13 2 L3 14 h9 l-1 8 10-12 h-9 z\"/></svg>\n        <div class=\"driver-body\">\n          <div class=\"driver-name\">Transmission Main</div>\n          <div class=\"driver-level\">LOW</div>\n        </div>\n      </div>\n      <div class=\"driver-context\">Distribution only</div>\n    </div>\n  </div>\n</div>\n<div class=\"demo-netline\">10 segments in dig area (8 mains, 2 services) &middot; oldest 47-yr Steel</div><div class=\"demo-action\"><a href=\"https://kartasoft.github.io/excavation-risk-demo/action_form.html?ticket_id=DEMO-20260713-0015&demo=1\" target=\"_blank\" rel=\"noopener\">LOG ACTION</a></div></div>"}}, {"type": "Feature", "geometry": {"type": "Polygon", "coordinates": [[[-82.98979377365798, 39.94299147546136], [-82.9898197618967, 39.94388825776312], [-82.99098485132772, 39.94386824804025], [-82.99095884789674, 39.9429714663706], [-82.98979377365798, 39.94299147546136]]]}, "properties": {"ticket_id": "DEMO-20260713-0016", "priority_level": "LOW", "likelihood_level": "LOW", "impact_level": "LOW", "division": "Demo District", "date": "2026-07-13", "excavator_name": "Excavator P", "work_type": "SURVEY", "demo_note": "synthetic demo data", "popup_html": "<div class=\"demo-popup\"><style>\n.demo-popup { font-family: -apple-system, BlinkMacSystemFont, 'Segoe UI', sans-serif;\n       color: #333; max-width: 920px; margin: 0 auto; padding: 20px; }\nh1 { color: #2c3e50; font-size: 20px; margin-bottom: 5px; }\n.meta { color: #7f8c8d; font-size: 13px; margin-bottom: 15px; }\n.risk-box { background: #f8f9fa; border-left: 4px solid #888888;\n             padding: 12px 16px; margin: 15px 0; border-radius: 4px; }\n.risk-pct { font-size: 28px; font-weight: bold; color: #888888; }\n.risk-score { font-size: 14px; color: #555; margin-top: 2px; }\n.indicators { display: flex; gap: 20px; margin: 20px 0; justify-content: center; }\n.indicator { flex: 1; max-width: 420px; text-align: center; }\n.indicator-pill { border-radius: 14px; padding: 18px 24px; color: white;\n                  box-shadow: 0 2px 6px rgba(0,0,0,0.12);\n                  display: flex; align-items: center; gap: 14px;\n                  text-align: left; }\n.indicator-icon { flex-shrink: 0; width: 32px; height: 32px; opacity: 0.95; }\n.indicator-body { flex: 1; }\n.indicator-label { font-size: 11px; letter-spacing: 0.1em; opacity: 0.9;\n                   text-transform: uppercase; }\n.indicator-level { font-size: 28px; font-weight: 800; letter-spacing: 0.04em;\n                   margin: 2px 0 2px 0; line-height: 1.1; }\n.indicator-sublabel { font-size: 13px; opacity: 0.95; font-weight: 500; }\n.indicator-context { margin-top: 8px; font-size: 12px; color: #555;\n                     line-height: 1.4; }\n.drivers-block { background: #f9fafb; border: 1px solid #e5e7eb;\n                 border-radius: 8px; padding: 14px 16px; margin: 14px 0; }\n.drivers-title { font-size: 11px; letter-spacing: 0.1em; text-transform: uppercase;\n                 color: #6b7280; font-weight: 700; margin-bottom: 8px; }\n.drivers-row { display: flex; gap: 10px; justify-content: center;\n               flex-wrap: wrap; }\n.driver { flex: 1; min-width: 180px; max-width: 220px; text-align: center; }\n.driver-pill { border-radius: 10px; padding: 10px 12px; color: white;\n               box-shadow: 0 1px 3px rgba(0,0,0,0.10);\n               display: flex; align-items: center; gap: 8px;\n               text-align: left; }\n.driver-pill.gray { background: #9ca3af; }\n.driver-icon { flex-shrink: 0; width: 18px; height: 18px; opacity: 0.95; }\n.driver-body { flex: 1; min-width: 0; }\n.driver-name { font-size: 10px; font-weight: 700; letter-spacing: 0.04em;\n               text-transform: uppercase; opacity: 0.95; white-space: nowrap;\n               overflow: hidden; text-overflow: ellipsis; }\n.driver-level { font-size: 13px; font-weight: 700; margin-top: 1px; }\n.driver-context { margin-top: 5px; font-size: 10px; color: #6b7280;\n                  line-height: 1.3; }\n.section { margin: 20px 0; }\n.section h2 { font-size: 16px; color: #2c3e50; border-bottom: 1px solid #ddd;\n               padding-bottom: 5px; }\n.drivers li { margin: 6px 0; font-size: 13px; line-height: 1.5; }\n.shap-val { color: #888; font-size: 12px; }\ntable { width: 100%; border-collapse: collapse; font-size: 13px; }\nth { background: #ecf0f1; padding: 8px; text-align: left; }\ntd { padding: 6px 8px; border-bottom: 1px solid #eee; }\n.map-container { width: 100%; height: 420px; border: 1px solid #ddd;\n                  border-radius: 4px; overflow: hidden; margin: 10px 0; }\n.footer { color: #aaa; font-size: 11px; margin-top: 30px; text-align: center; }\n\n.demo-popup { max-width: 380px; font-size: 13px; }\n.demo-popup h1 { font-size: 15px; margin: 2px 0 2px; }\n.demo-popup .meta { font-size: 11px; margin-bottom: 8px; }\n.demo-popup .indicators { gap: 10px; margin: 10px 0; }\n.demo-popup .indicator-level { font-size: 20px; }\n.demo-popup .indicator-icon { width: 22px; height: 22px; }\n.demo-popup .drivers-block { padding: 8px 10px; margin: 8px 0; }\n.demo-popup .driver { min-width: 150px; }\n.demo-banner { background: #FEF3C7; border: 1px solid #F59E0B;\n    color: #92400E; font-size: 10px; line-height: 1.35; padding: 5px 8px;\n    border-radius: 4px; margin-bottom: 8px; text-align: center;\n    font-weight: 600; }\n.demo-netline { font-size: 10px; color: #6b7280; margin-top: 8px;\n    text-align: center; line-height: 1.4; }\n.demo-action { text-align: center; margin-top: 12px; }\n.demo-action a { background: #2563EB; color: #fff; padding: 7px 18px;\n    border-radius: 4px; font-weight: bold; text-decoration: none;\n    display: inline-block; font-size: 11px; letter-spacing: 0.05em; }\n</style><h1>DEMO-20260713-0016</h1><div class=\"meta\">Demo District &middot; 2026-07-13 &middot; Excavator P &middot; SURVEY</div>\n<div class=\"indicators\">\n  <div class=\"indicator\">\n    <div class=\"indicator-pill\" style=\"background:#16A34A;\">\n      <svg viewBox=\"0 0 24 24\" width=\"32\" height=\"32\" fill=\"none\" stroke=\"white\" stroke-width=\"2\" stroke-linecap=\"round\" stroke-linejoin=\"round\" class=\"indicator-icon\"><path d=\"m21.73 18-8-14a2 2 0 0 0-3.48 0l-8 14A2 2 0 0 0 4 21h16a2 2 0 0 0 1.73-3\"/><path d=\"M12 9v4\"/><path d=\"M12 17h.01\"/></svg>\n      <div class=\"indicator-body\">\n        <div class=\"indicator-label\">Damage Likelihood</div>\n        <div class=\"indicator-level\">LOW</div>\n        <div class=\"indicator-sublabel\">Bottom 57% of all tickets</div>\n      </div>\n    </div>\n    <div class=\"indicator-context\">Bottom 57% by damage probability</div>\n  </div>\n  <div class=\"indicator\">\n    <div class=\"indicator-pill\" style=\"background:#16A34A;\">\n      <svg viewBox=\"0 0 24 24\" width=\"32\" height=\"32\" fill=\"none\" stroke=\"white\" stroke-width=\"2\" stroke-linecap=\"round\" stroke-linejoin=\"round\" class=\"indicator-icon\"><path d=\"M12 2 L20 5 V11 C 20 16 16 20 12 22 C 8 20 4 16 4 11 V5 Z\"/><path d=\"M12 9 V13\"/><path d=\"M12 17 h.01\"/></svg>\n      <div class=\"indicator-body\">\n        <div class=\"indicator-label\">Impact</div>\n        <div class=\"indicator-level\">LOW</div>\n        <div class=\"indicator-sublabel\">Bottom 77% by consequence</div>\n      </div>\n    </div>\n    <div class=\"indicator-context\">38 businesses nearby</div>\n  </div>\n</div>\n\n<div class=\"drivers-block\">\n  <div class=\"drivers-title\">Likelihood Drivers</div>\n  <div class=\"drivers-row\">\n    <div class=\"driver\">\n      <div class=\"driver-pill\" style=\"background:#DC2626;\">\n        <svg viewBox=\"0 0 30 26\" width=\"18\" height=\"18\" fill=\"none\" stroke=\"white\" stroke-width=\"1.4\" stroke-linecap=\"round\" stroke-linejoin=\"round\" class=\"driver-icon\"><rect x=\"2\" y=\"19.5\" width=\"16\" height=\"4.5\" rx=\"2.2\"/><circle cx=\"5.5\" cy=\"21.75\" r=\"1.1\" stroke-width=\"1\"/><circle cx=\"10\" cy=\"21.75\" r=\"1.1\" stroke-width=\"1\"/><circle cx=\"14.5\" cy=\"21.75\" r=\"1.1\" stroke-width=\"1\"/><path d=\"M4.5 18.5 V15 H7.5 V13 H18 V18.5\"/><path d=\"M12 11.5 L19 4 L20.5 5.5 L13.5 13 Z\"/><path d=\"M21.5 4 L27 12 L25.5 13 L20 5 Z\"/><path d=\"M26.5 14 L27 17 Q 26.5 19.5 24 19 L23 16 Z\"/></svg>\n        <div class=\"driver-body\">\n          <div class=\"driver-name\">Excavator History</div>\n          <div class=\"driver-level\">HIGH</div>\n        </div>\n      </div>\n      <div class=\"driver-context\">5.8% damage rate (90d, 385 tickets)</div>\n    </div>\n    <div class=\"driver\">\n      <div class=\"driver-pill\" style=\"background:#16A34A;\">\n        <svg viewBox=\"0 0 24 24\" width=\"18\" height=\"18\" fill=\"none\" stroke=\"white\" stroke-width=\"2\" stroke-linecap=\"round\" stroke-linejoin=\"round\" class=\"driver-icon\"><ellipse cx=\"12\" cy=\"5\" rx=\"9\" ry=\"3\"/><path d=\"M3 5v14a9 3 0 0 0 18 0V5\"/></svg>\n        <div class=\"driver-body\">\n          <div class=\"driver-name\">Pipe Vulnerability</div>\n          <div class=\"driver-level\">LOW</div>\n        </div>\n      </div>\n      <div class=\"driver-context\">54-year-old Steel (bottom 56%)</div>\n    </div>\n    <div class=\"driver\">\n      <div class=\"driver-pill\" style=\"background:#16A34A;\">\n        <svg viewBox=\"0 0 24 24\" width=\"18\" height=\"18\" fill=\"none\" stroke=\"white\" stroke-width=\"2\" stroke-linecap=\"round\" stroke-linejoin=\"round\" class=\"driver-icon\"><path d=\"M4 20 L14 10\"/><path d=\"M9 5 L19 15\"/></svg>\n        <div class=\"driver-body\">\n          <div class=\"driver-name\">Work Activity</div>\n          <div class=\"driver-level\">LOW</div>\n        </div>\n      </div>\n      <div class=\"driver-context\">Survey</div>\n    </div>\n    <div class=\"driver\">\n      <div class=\"driver-pill\" style=\"background:#F59E0B;\">\n        <svg viewBox=\"0 0 24 24\" width=\"18\" height=\"18\" fill=\"none\" stroke=\"white\" stroke-width=\"2\" stroke-linecap=\"round\" stroke-linejoin=\"round\" class=\"driver-icon\"><path d=\"M3 7V5a2 2 0 0 1 2-2h2\"/><path d=\"M17 3h2a2 2 0 0 1 2 2v2\"/><path d=\"M21 17v2a2 2 0 0 1-2 2h-2\"/><path d=\"M7 21H5a2 2 0 0 1-2-2v-2\"/></svg>\n        <div class=\"driver-body\">\n          <div class=\"driver-name\">Locate Quality</div>\n          <div class=\"driver-level\">WATCH</div>\n        </div>\n      </div>\n      <div class=\"driver-context\">Locator: Unit P (mixed record)</div>\n    </div>\n  </div>\n</div>\n<div class=\"drivers-block\">\n  <div class=\"drivers-title\">Impact Drivers</div>\n  <div class=\"drivers-row\">\n    <div class=\"driver\">\n      <div class=\"driver-pill\" style=\"background:#16A34A;\">\n        <svg viewBox=\"0 0 24 24\" width=\"18\" height=\"18\" fill=\"none\" stroke=\"white\" stroke-width=\"2\" stroke-linecap=\"round\" stroke-linejoin=\"round\" class=\"driver-icon\"><path d=\"M3 12 L12 4 L21 12\"/><path d=\"M5 11 V20 H19 V11\"/></svg>\n        <div class=\"driver-body\">\n          <div class=\"driver-name\">Service Disruption</div>\n          <div class=\"driver-level\">LOW</div>\n        </div>\n      </div>\n      <div class=\"driver-context\">No chokepoint</div>\n    </div>\n    <div class=\"driver\">\n      <div class=\"driver-pill\" style=\"background:#16A34A;\">\n        <svg viewBox=\"0 0 24 24\" width=\"18\" height=\"18\" fill=\"none\" stroke=\"white\" stroke-width=\"2\" stroke-linecap=\"round\" stroke-linejoin=\"round\" class=\"driver-icon\"><path d=\"M12 7v4\"/><path d=\"M14 21v-3a2 2 0 0 0-4 0v3\"/><path d=\"M14 9h-4\"/><path d=\"M18 11h2a2 2 0 0 1 2 2v6a2 2 0 0 1-2 2H4a2 2 0 0 1-2-2v-9a2 2 0 0 1 2-2h2\"/><path d=\"M18 21V5a2 2 0 0 0-2-2H8a2 2 0 0 0-2 2v16\"/></svg>\n        <div class=\"driver-body\">\n          <div class=\"driver-name\">Critical Facilities</div>\n          <div class=\"driver-level\">LOW</div>\n        </div>\n      </div>\n      <div class=\"driver-context\">None</div>\n    </div>\n    <div class=\"driver\">\n      <div class=\"driver-pill\" style=\"background:#DC2626;\">\n        <svg viewBox=\"0 0 24 24\" width=\"18\" height=\"18\" fill=\"none\" stroke=\"white\" stroke-width=\"2\" stroke-linecap=\"round\" stroke-linejoin=\"round\" class=\"driver-icon\"><path d=\"M10 12h4\"/><path d=\"M10 8h4\"/><path d=\"M14 21v-3a2 2 0 0 0-4 0v3\"/><path d=\"M6 10H4a2 2 0 0 0-2 2v7a2 2 0 0 0 2 2h16a2 2 0 0 0 2-2V9a2 2 0 0 0-2-2h-2\"/><path d=\"M6 21V5a2 2 0 0 1 2-2h8a2 2 0 0 1 2 2v16\"/></svg>\n        <div class=\"driver-body\">\n          <div class=\"driver-name\">Business District</div>\n          <div class=\"driver-level\">HIGH</div>\n        </div>\n      </div>\n      <div class=\"driver-context\">38 businesses</div>\n    </div>\n    <div class=\"driver\">\n      <div class=\"driver-pill\" style=\"background:#16A34A;\">\n        <svg viewBox=\"0 0 24 24\" width=\"18\" height=\"18\" fill=\"none\" stroke=\"white\" stroke-width=\"2\" stroke-linecap=\"round\" stroke-linejoin=\"round\" class=\"driver-icon\"><path d=\"M13 2 L3 14 h9 l-1 8 10-12 h-9 z\"/></svg>\n        <div class=\"driver-body\">\n          <div class=\"driver-name\">Transmission Main</div>\n          <div class=\"driver-level\">LOW</div>\n        </div>\n      </div>\n      <div class=\"driver-context\">Distribution only</div>\n    </div>\n  </div>\n</div>\n<div class=\"demo-netline\">22 segments in dig area (11 mains, 11 services) &middot; oldest 54-yr Steel</div><div class=\"demo-action\"><a href=\"https://kartasoft.github.io/excavation-risk-demo/action_form.html?ticket_id=DEMO-20260713-0016&demo=1\" target=\"_blank\" rel=\"noopener\">LOG ACTION</a></div></div>"}}, {"type": "Feature", "geometry": {"type": "Polygon", "coordinates": [[[-82.99665132161817, 39.959793852732396], [-82.9966930102991, 39.961226593282156], [-82.99855488560863, 39.961194497167476], [-82.99851315811692, 39.95976175823743], [-82.99665132161817, 39.959793852732396]]]}, "properties": {"ticket_id": "DEMO-20260713-0017", "priority_level": "MODERATE", "likelihood_level": "LOW", "impact_level": "MODERATE", "division": "Demo District", "date": "2026-07-13", "excavator_name": "Excavator Q", "work_type": "GAS SERVICE INSTALL", "demo_note": "synthetic demo data", "popup_html": "<div class=\"demo-popup\"><style>\n.demo-popup { font-family: -apple-system, BlinkMacSystemFont, 'Segoe UI', sans-serif;\n       color: #333; max-width: 920px; margin: 0 auto; padding: 20px; }\nh1 { color: #2c3e50; font-size: 20px; margin-bottom: 5px; }\n.meta { color: #7f8c8d; font-size: 13px; margin-bottom: 15px; }\n.risk-box { background: #f8f9fa; border-left: 4px solid #888888;\n             padding: 12px 16px; margin: 15px 0; border-radius: 4px; }\n.risk-pct { font-size: 28px; font-weight: bold; color: #888888; }\n.risk-score { font-size: 14px; color: #555; margin-top: 2px; }\n.indicators { display: flex; gap: 20px; margin: 20px 0; justify-content: center; }\n.indicator { flex: 1; max-width: 420px; text-align: center; }\n.indicator-pill { border-radius: 14px; padding: 18px 24px; color: white;\n                  box-shadow: 0 2px 6px rgba(0,0,0,0.12);\n                  display: flex; align-items: center; gap: 14px;\n                  text-align: left; }\n.indicator-icon { flex-shrink: 0; width: 32px; height: 32px; opacity: 0.95; }\n.indicator-body { flex: 1; }\n.indicator-label { font-size: 11px; letter-spacing: 0.1em; opacity: 0.9;\n                   text-transform: uppercase; }\n.indicator-level { font-size: 28px; font-weight: 800; letter-spacing: 0.04em;\n                   margin: 2px 0 2px 0; line-height: 1.1; }\n.indicator-sublabel { font-size: 13px; opacity: 0.95; font-weight: 500; }\n.indicator-context { margin-top: 8px; font-size: 12px; color: #555;\n                     line-height: 1.4; }\n.drivers-block { background: #f9fafb; border: 1px solid #e5e7eb;\n                 border-radius: 8px; padding: 14px 16px; margin: 14px 0; }\n.drivers-title { font-size: 11px; letter-spacing: 0.1em; text-transform: uppercase;\n                 color: #6b7280; font-weight: 700; margin-bottom: 8px; }\n.drivers-row { display: flex; gap: 10px; justify-content: center;\n               flex-wrap: wrap; }\n.driver { flex: 1; min-width: 180px; max-width: 220px; text-align: center; }\n.driver-pill { border-radius: 10px; padding: 10px 12px; color: white;\n               box-shadow: 0 1px 3px rgba(0,0,0,0.10);\n               display: flex; align-items: center; gap: 8px;\n               text-align: left; }\n.driver-pill.gray { background: #9ca3af; }\n.driver-icon { flex-shrink: 0; width: 18px; height: 18px; opacity: 0.95; }\n.driver-body { flex: 1; min-width: 0; }\n.driver-name { font-size: 10px; font-weight: 700; letter-spacing: 0.04em;\n               text-transform: uppercase; opacity: 0.95; white-space: nowrap;\n               overflow: hidden; text-overflow: ellipsis; }\n.driver-level { font-size: 13px; font-weight: 700; margin-top: 1px; }\n.driver-context { margin-top: 5px; font-size: 10px; color: #6b7280;\n                  line-height: 1.3; }\n.section { margin: 20px 0; }\n.section h2 { font-size: 16px; color: #2c3e50; border-bottom: 1px solid #ddd;\n               padding-bottom: 5px; }\n.drivers li { margin: 6px 0; font-size: 13px; line-height: 1.5; }\n.shap-val { color: #888; font-size: 12px; }\ntable { width: 100%; border-collapse: collapse; font-size: 13px; }\nth { background: #ecf0f1; padding: 8px; text-align: left; }\ntd { padding: 6px 8px; border-bottom: 1px solid #eee; }\n.map-container { width: 100%; height: 420px; border: 1px solid #ddd;\n                  border-radius: 4px; overflow: hidden; margin: 10px 0; }\n.footer { color: #aaa; font-size: 11px; margin-top: 30px; text-align: center; }\n\n.demo-popup { max-width: 380px; font-size: 13px; }\n.demo-popup h1 { font-size: 15px; margin: 2px 0 2px; }\n.demo-popup .meta { font-size: 11px; margin-bottom: 8px; }\n.demo-popup .indicators { gap: 10px; margin: 10px 0; }\n.demo-popup .indicator-level { font-size: 20px; }\n.demo-popup .indicator-icon { width: 22px; height: 22px; }\n.demo-popup .drivers-block { padding: 8px 10px; margin: 8px 0; }\n.demo-popup .driver { min-width: 150px; }\n.demo-banner { background: #FEF3C7; border: 1px solid #F59E0B;\n    color: #92400E; font-size: 10px; line-height: 1.35; padding: 5px 8px;\n    border-radius: 4px; margin-bottom: 8px; text-align: center;\n    font-weight: 600; }\n.demo-netline { font-size: 10px; color: #6b7280; margin-top: 8px;\n    text-align: center; line-height: 1.4; }\n.demo-action { text-align: center; margin-top: 12px; }\n.demo-action a { background: #2563EB; color: #fff; padding: 7px 18px;\n    border-radius: 4px; font-weight: bold; text-decoration: none;\n    display: inline-block; font-size: 11px; letter-spacing: 0.05em; }\n</style><h1>DEMO-20260713-0017</h1><div class=\"meta\">Demo District &middot; 2026-07-13 &middot; Excavator Q &middot; GAS SERVICE INSTALL</div>\n<div class=\"indicators\">\n  <div class=\"indicator\">\n    <div class=\"indicator-pill\" style=\"background:#16A34A;\">\n      <svg viewBox=\"0 0 24 24\" width=\"32\" height=\"32\" fill=\"none\" stroke=\"white\" stroke-width=\"2\" stroke-linecap=\"round\" stroke-linejoin=\"round\" class=\"indicator-icon\"><path d=\"m21.73 18-8-14a2 2 0 0 0-3.48 0l-8 14A2 2 0 0 0 4 21h16a2 2 0 0 0 1.73-3\"/><path d=\"M12 9v4\"/><path d=\"M12 17h.01\"/></svg>\n      <div class=\"indicator-body\">\n        <div class=\"indicator-label\">Damage Likelihood</div>\n        <div class=\"indicator-level\">LOW</div>\n        <div class=\"indicator-sublabel\">Bottom 78% of all tickets</div>\n      </div>\n    </div>\n    <div class=\"indicator-context\">Bottom 78% by damage probability</div>\n  </div>\n  <div class=\"indicator\">\n    <div class=\"indicator-pill\" style=\"background:#F59E0B;\">\n      <svg viewBox=\"0 0 24 24\" width=\"32\" height=\"32\" fill=\"none\" stroke=\"white\" stroke-width=\"2\" stroke-linecap=\"round\" stroke-linejoin=\"round\" class=\"indicator-icon\"><path d=\"M12 2 L20 5 V11 C 20 16 16 20 12 22 C 8 20 4 16 4 11 V5 Z\"/><path d=\"M12 9 V13\"/><path d=\"M12 17 h.01\"/></svg>\n      <div class=\"indicator-body\">\n        <div class=\"indicator-label\">Impact</div>\n        <div class=\"indicator-level\">MODERATE</div>\n        <div class=\"indicator-sublabel\">Top 20% by consequence</div>\n      </div>\n    </div>\n    <div class=\"indicator-context\">103 services, 4 businesses nearby</div>\n  </div>\n</div>\n\n<div class=\"drivers-block\">\n  <div class=\"drivers-title\">Likelihood Drivers</div>\n  <div class=\"drivers-row\">\n    <div class=\"driver\">\n      <div class=\"driver-pill\" style=\"background:#16A34A;\">\n        <svg viewBox=\"0 0 30 26\" width=\"18\" height=\"18\" fill=\"none\" stroke=\"white\" stroke-width=\"1.4\" stroke-linecap=\"round\" stroke-linejoin=\"round\" class=\"driver-icon\"><rect x=\"2\" y=\"19.5\" width=\"16\" height=\"4.5\" rx=\"2.2\"/><circle cx=\"5.5\" cy=\"21.75\" r=\"1.1\" stroke-width=\"1\"/><circle cx=\"10\" cy=\"21.75\" r=\"1.1\" stroke-width=\"1\"/><circle cx=\"14.5\" cy=\"21.75\" r=\"1.1\" stroke-width=\"1\"/><path d=\"M4.5 18.5 V15 H7.5 V13 H18 V18.5\"/><path d=\"M12 11.5 L19 4 L20.5 5.5 L13.5 13 Z\"/><path d=\"M21.5 4 L27 12 L25.5 13 L20 5 Z\"/><path d=\"M26.5 14 L27 17 Q 26.5 19.5 24 19 L23 16 Z\"/></svg>\n        <div class=\"driver-body\">\n          <div class=\"driver-name\">Excavator History</div>\n          <div class=\"driver-level\">LOW</div>\n        </div>\n      </div>\n      <div class=\"driver-context\">1.7% damage rate (90d, 312 tickets)</div>\n    </div>\n    <div class=\"driver\">\n      <div class=\"driver-pill\" style=\"background:#16A34A;\">\n        <svg viewBox=\"0 0 24 24\" width=\"18\" height=\"18\" fill=\"none\" stroke=\"white\" stroke-width=\"2\" stroke-linecap=\"round\" stroke-linejoin=\"round\" class=\"driver-icon\"><ellipse cx=\"12\" cy=\"5\" rx=\"9\" ry=\"3\"/><path d=\"M3 5v14a9 3 0 0 0 18 0V5\"/></svg>\n        <div class=\"driver-body\">\n          <div class=\"driver-name\">Pipe Vulnerability</div>\n          <div class=\"driver-level\">LOW</div>\n        </div>\n      </div>\n      <div class=\"driver-context\">63-year-old Steel (bottom 61%)</div>\n    </div>\n    <div class=\"driver\">\n      <div class=\"driver-pill\" style=\"background:#DC2626;\">\n        <svg viewBox=\"0 0 24 24\" width=\"18\" height=\"18\" fill=\"none\" stroke=\"white\" stroke-width=\"2\" stroke-linecap=\"round\" stroke-linejoin=\"round\" class=\"driver-icon\"><path d=\"M4 20 L14 10\"/><path d=\"M9 5 L19 15\"/></svg>\n        <div class=\"driver-body\">\n          <div class=\"driver-name\">Work Activity</div>\n          <div class=\"driver-level\">HIGH</div>\n        </div>\n      </div>\n      <div class=\"driver-context\">Gas Service Install with Backhoe</div>\n    </div>\n    <div class=\"driver\">\n      <div class=\"driver-pill\" style=\"background:#16A34A;\">\n        <svg viewBox=\"0 0 24 24\" width=\"18\" height=\"18\" fill=\"none\" stroke=\"white\" stroke-width=\"2\" stroke-linecap=\"round\" stroke-linejoin=\"round\" class=\"driver-icon\"><path d=\"M3 7V5a2 2 0 0 1 2-2h2\"/><path d=\"M17 3h2a2 2 0 0 1 2 2v2\"/><path d=\"M21 17v2a2 2 0 0 1-2 2h-2\"/><path d=\"M7 21H5a2 2 0 0 1-2-2v-2\"/></svg>\n        <div class=\"driver-body\">\n          <div class=\"driver-name\">Locate Quality</div>\n          <div class=\"driver-level\">GOOD</div>\n        </div>\n      </div>\n      <div class=\"driver-context\">Locator: Unit Q (clean record)</div>\n    </div>\n  </div>\n</div>\n<div class=\"drivers-block\">\n  <div class=\"drivers-title\">Impact Drivers</div>\n  <div class=\"drivers-row\">\n    <div class=\"driver\">\n      <div class=\"driver-pill\" style=\"background:#DC2626;\">\n        <svg viewBox=\"0 0 24 24\" width=\"18\" height=\"18\" fill=\"none\" stroke=\"white\" stroke-width=\"2\" stroke-linecap=\"round\" stroke-linejoin=\"round\" class=\"driver-icon\"><path d=\"M3 12 L12 4 L21 12\"/><path d=\"M5 11 V20 H19 V11\"/></svg>\n        <div class=\"driver-body\">\n          <div class=\"driver-name\">Service Disruption</div>\n          <div class=\"driver-level\">HIGH</div>\n        </div>\n      </div>\n      <div class=\"driver-context\">103 services at risk</div>\n    </div>\n    <div class=\"driver\">\n      <div class=\"driver-pill\" style=\"background:#16A34A;\">\n        <svg viewBox=\"0 0 24 24\" width=\"18\" height=\"18\" fill=\"none\" stroke=\"white\" stroke-width=\"2\" stroke-linecap=\"round\" stroke-linejoin=\"round\" class=\"driver-icon\"><path d=\"M12 7v4\"/><path d=\"M14 21v-3a2 2 0 0 0-4 0v3\"/><path d=\"M14 9h-4\"/><path d=\"M18 11h2a2 2 0 0 1 2 2v6a2 2 0 0 1-2 2H4a2 2 0 0 1-2-2v-9a2 2 0 0 1 2-2h2\"/><path d=\"M18 21V5a2 2 0 0 0-2-2H8a2 2 0 0 0-2 2v16\"/></svg>\n        <div class=\"driver-body\">\n          <div class=\"driver-name\">Critical Facilities</div>\n          <div class=\"driver-level\">LOW</div>\n        </div>\n      </div>\n      <div class=\"driver-context\">None</div>\n    </div>\n    <div class=\"driver\">\n      <div class=\"driver-pill\" style=\"background:#F59E0B;\">\n        <svg viewBox=\"0 0 24 24\" width=\"18\" height=\"18\" fill=\"none\" stroke=\"white\" stroke-width=\"2\" stroke-linecap=\"round\" stroke-linejoin=\"round\" class=\"driver-icon\"><path d=\"M10 12h4\"/><path d=\"M10 8h4\"/><path d=\"M14 21v-3a2 2 0 0 0-4 0v3\"/><path d=\"M6 10H4a2 2 0 0 0-2 2v7a2 2 0 0 0 2 2h16a2 2 0 0 0 2-2V9a2 2 0 0 0-2-2h-2\"/><path d=\"M6 21V5a2 2 0 0 1 2-2h8a2 2 0 0 1 2 2v16\"/></svg>\n        <div class=\"driver-body\">\n          <div class=\"driver-name\">Business District</div>\n          <div class=\"driver-level\">MODERATE</div>\n        </div>\n      </div>\n      <div class=\"driver-context\">4 businesses</div>\n    </div>\n    <div class=\"driver\">\n      <div class=\"driver-pill\" style=\"background:#16A34A;\">\n        <svg viewBox=\"0 0 24 24\" width=\"18\" height=\"18\" fill=\"none\" stroke=\"white\" stroke-width=\"2\" stroke-linecap=\"round\" stroke-linejoin=\"round\" class=\"driver-icon\"><path d=\"M13 2 L3 14 h9 l-1 8 10-12 h-9 z\"/></svg>\n        <div class=\"driver-body\">\n          <div class=\"driver-name\">Transmission Main</div>\n          <div class=\"driver-level\">LOW</div>\n        </div>\n      </div>\n      <div class=\"driver-context\">Distribution only</div>\n    </div>\n  </div>\n</div>\n<div class=\"demo-netline\">23 segments in dig area (20 mains, 3 services) &middot; oldest 63-yr Steel</div><div class=\"demo-action\"><a href=\"https://kartasoft.github.io/excavation-risk-demo/action_form.html?ticket_id=DEMO-20260713-0017&demo=1\" target=\"_blank\" rel=\"noopener\">LOG ACTION</a></div></div>"}}, {"type": "Feature", "geometry": {"type": "Polygon", "coordinates": [[[-82.99998010855094, 39.95808383498454], [-83.0000253924853, 39.95963763317337], [-83.00204453719002, 39.95960276680964], [-83.00199920761324, 39.95804897052899], [-82.99998010855094, 39.95808383498454]]]}, "properties": {"ticket_id": "DEMO-20260713-0018", "priority_level": "HIGH", "likelihood_level": "HIGH", "impact_level": "MODERATE", "division": "Demo District", "date": "2026-07-13", "excavator_name": "Excavator R", "work_type": "NEW CONSTRUCTION", "demo_note": "synthetic demo data", "popup_html": "<div class=\"demo-popup\"><style>\n.demo-popup { font-family: -apple-system, BlinkMacSystemFont, 'Segoe UI', sans-serif;\n       color: #333; max-width: 920px; margin: 0 auto; padding: 20px; }\nh1 { color: #2c3e50; font-size: 20px; margin-bottom: 5px; }\n.meta { color: #7f8c8d; font-size: 13px; margin-bottom: 15px; }\n.risk-box { background: #f8f9fa; border-left: 4px solid #888888;\n             padding: 12px 16px; margin: 15px 0; border-radius: 4px; }\n.risk-pct { font-size: 28px; font-weight: bold; color: #888888; }\n.risk-score { font-size: 14px; color: #555; margin-top: 2px; }\n.indicators { display: flex; gap: 20px; margin: 20px 0; justify-content: center; }\n.indicator { flex: 1; max-width: 420px; text-align: center; }\n.indicator-pill { border-radius: 14px; padding: 18px 24px; color: white;\n                  box-shadow: 0 2px 6px rgba(0,0,0,0.12);\n                  display: flex; align-items: center; gap: 14px;\n                  text-align: left; }\n.indicator-icon { flex-shrink: 0; width: 32px; height: 32px; opacity: 0.95; }\n.indicator-body { flex: 1; }\n.indicator-label { font-size: 11px; letter-spacing: 0.1em; opacity: 0.9;\n                   text-transform: uppercase; }\n.indicator-level { font-size: 28px; font-weight: 800; letter-spacing: 0.04em;\n                   margin: 2px 0 2px 0; line-height: 1.1; }\n.indicator-sublabel { font-size: 13px; opacity: 0.95; font-weight: 500; }\n.indicator-context { margin-top: 8px; font-size: 12px; color: #555;\n                     line-height: 1.4; }\n.drivers-block { background: #f9fafb; border: 1px solid #e5e7eb;\n                 border-radius: 8px; padding: 14px 16px; margin: 14px 0; }\n.drivers-title { font-size: 11px; letter-spacing: 0.1em; text-transform: uppercase;\n                 color: #6b7280; font-weight: 700; margin-bottom: 8px; }\n.drivers-row { display: flex; gap: 10px; justify-content: center;\n               flex-wrap: wrap; }\n.driver { flex: 1; min-width: 180px; max-width: 220px; text-align: center; }\n.driver-pill { border-radius: 10px; padding: 10px 12px; color: white;\n               box-shadow: 0 1px 3px rgba(0,0,0,0.10);\n               display: flex; align-items: center; gap: 8px;\n               text-align: left; }\n.driver-pill.gray { background: #9ca3af; }\n.driver-icon { flex-shrink: 0; width: 18px; height: 18px; opacity: 0.95; }\n.driver-body { flex: 1; min-width: 0; }\n.driver-name { font-size: 10px; font-weight: 700; letter-spacing: 0.04em;\n               text-transform: uppercase; opacity: 0.95; white-space: nowrap;\n               overflow: hidden; text-overflow: ellipsis; }\n.driver-level { font-size: 13px; font-weight: 700; margin-top: 1px; }\n.driver-context { margin-top: 5px; font-size: 10px; color: #6b7280;\n                  line-height: 1.3; }\n.section { margin: 20px 0; }\n.section h2 { font-size: 16px; color: #2c3e50; border-bottom: 1px solid #ddd;\n               padding-bottom: 5px; }\n.drivers li { margin: 6px 0; font-size: 13px; line-height: 1.5; }\n.shap-val { color: #888; font-size: 12px; }\ntable { width: 100%; border-collapse: collapse; font-size: 13px; }\nth { background: #ecf0f1; padding: 8px; text-align: left; }\ntd { padding: 6px 8px; border-bottom: 1px solid #eee; }\n.map-container { width: 100%; height: 420px; border: 1px solid #ddd;\n                  border-radius: 4px; overflow: hidden; margin: 10px 0; }\n.footer { color: #aaa; font-size: 11px; margin-top: 30px; text-align: center; }\n\n.demo-popup { max-width: 380px; font-size: 13px; }\n.demo-popup h1 { font-size: 15px; margin: 2px 0 2px; }\n.demo-popup .meta { font-size: 11px; margin-bottom: 8px; }\n.demo-popup .indicators { gap: 10px; margin: 10px 0; }\n.demo-popup .indicator-level { font-size: 20px; }\n.demo-popup .indicator-icon { width: 22px; height: 22px; }\n.demo-popup .drivers-block { padding: 8px 10px; margin: 8px 0; }\n.demo-popup .driver { min-width: 150px; }\n.demo-banner { background: #FEF3C7; border: 1px solid #F59E0B;\n    color: #92400E; font-size: 10px; line-height: 1.35; padding: 5px 8px;\n    border-radius: 4px; margin-bottom: 8px; text-align: center;\n    font-weight: 600; }\n.demo-netline { font-size: 10px; color: #6b7280; margin-top: 8px;\n    text-align: center; line-height: 1.4; }\n.demo-action { text-align: center; margin-top: 12px; }\n.demo-action a { background: #2563EB; color: #fff; padding: 7px 18px;\n    border-radius: 4px; font-weight: bold; text-decoration: none;\n    display: inline-block; font-size: 11px; letter-spacing: 0.05em; }\n</style><h1>DEMO-20260713-0018</h1><div class=\"meta\">Demo District &middot; 2026-07-13 &middot; Excavator R &middot; NEW CONSTRUCTION</div>\n<div class=\"indicators\">\n  <div class=\"indicator\">\n    <div class=\"indicator-pill\" style=\"background:#DC2626;\">\n      <svg viewBox=\"0 0 24 24\" width=\"32\" height=\"32\" fill=\"none\" stroke=\"white\" stroke-width=\"2\" stroke-linecap=\"round\" stroke-linejoin=\"round\" class=\"indicator-icon\"><path d=\"m21.73 18-8-14a2 2 0 0 0-3.48 0l-8 14A2 2 0 0 0 4 21h16a2 2 0 0 0 1.73-3\"/><path d=\"M12 9v4\"/><path d=\"M12 17h.01\"/></svg>\n      <div class=\"indicator-body\">\n        <div class=\"indicator-label\">Damage Likelihood</div>\n        <div class=\"indicator-level\">HIGH</div>\n        <div class=\"indicator-sublabel\">Top 2% of all tickets</div>\n      </div>\n    </div>\n    <div class=\"indicator-context\">Top 2% by damage probability</div>\n  </div>\n  <div class=\"indicator\">\n    <div class=\"indicator-pill\" style=\"background:#F59E0B;\">\n      <svg viewBox=\"0 0 24 24\" width=\"32\" height=\"32\" fill=\"none\" stroke=\"white\" stroke-width=\"2\" stroke-linecap=\"round\" stroke-linejoin=\"round\" class=\"indicator-icon\"><path d=\"M12 2 L20 5 V11 C 20 16 16 20 12 22 C 8 20 4 16 4 11 V5 Z\"/><path d=\"M12 9 V13\"/><path d=\"M12 17 h.01\"/></svg>\n      <div class=\"indicator-body\">\n        <div class=\"indicator-label\">Impact</div>\n        <div class=\"indicator-level\">MODERATE</div>\n        <div class=\"indicator-sublabel\">Top 17% by consequence</div>\n      </div>\n    </div>\n    <div class=\"indicator-context\">106 services, 8 businesses nearby</div>\n  </div>\n</div>\n\n<div class=\"drivers-block\">\n  <div class=\"drivers-title\">Likelihood Drivers</div>\n  <div class=\"drivers-row\">\n    <div class=\"driver\">\n      <div class=\"driver-pill\" style=\"background:#F59E0B;\">\n        <svg viewBox=\"0 0 30 26\" width=\"18\" height=\"18\" fill=\"none\" stroke=\"white\" stroke-width=\"1.4\" stroke-linecap=\"round\" stroke-linejoin=\"round\" class=\"driver-icon\"><rect x=\"2\" y=\"19.5\" width=\"16\" height=\"4.5\" rx=\"2.2\"/><circle cx=\"5.5\" cy=\"21.75\" r=\"1.1\" stroke-width=\"1\"/><circle cx=\"10\" cy=\"21.75\" r=\"1.1\" stroke-width=\"1\"/><circle cx=\"14.5\" cy=\"21.75\" r=\"1.1\" stroke-width=\"1\"/><path d=\"M4.5 18.5 V15 H7.5 V13 H18 V18.5\"/><path d=\"M12 11.5 L19 4 L20.5 5.5 L13.5 13 Z\"/><path d=\"M21.5 4 L27 12 L25.5 13 L20 5 Z\"/><path d=\"M26.5 14 L27 17 Q 26.5 19.5 24 19 L23 16 Z\"/></svg>\n        <div class=\"driver-body\">\n          <div class=\"driver-name\">Excavator History</div>\n          <div class=\"driver-level\">MODERATE</div>\n        </div>\n      </div>\n      <div class=\"driver-context\">3.0% damage rate (90d, 511 tickets)</div>\n    </div>\n    <div class=\"driver\">\n      <div class=\"driver-pill\" style=\"background:#F59E0B;\">\n        <svg viewBox=\"0 0 24 24\" width=\"18\" height=\"18\" fill=\"none\" stroke=\"white\" stroke-width=\"2\" stroke-linecap=\"round\" stroke-linejoin=\"round\" class=\"driver-icon\"><ellipse cx=\"12\" cy=\"5\" rx=\"9\" ry=\"3\"/><path d=\"M3 5v14a9 3 0 0 0 18 0V5\"/></svg>\n        <div class=\"driver-body\">\n          <div class=\"driver-name\">Pipe Vulnerability</div>\n          <div class=\"driver-level\">MODERATE</div>\n        </div>\n      </div>\n      <div class=\"driver-context\">68-year-old Steel (top 15%)</div>\n    </div>\n    <div class=\"driver\">\n      <div class=\"driver-pill\" style=\"background:#DC2626;\">\n        <svg viewBox=\"0 0 24 24\" width=\"18\" height=\"18\" fill=\"none\" stroke=\"white\" stroke-width=\"2\" stroke-linecap=\"round\" stroke-linejoin=\"round\" class=\"driver-icon\"><path d=\"M4 20 L14 10\"/><path d=\"M9 5 L19 15\"/></svg>\n        <div class=\"driver-body\">\n          <div class=\"driver-name\">Work Activity</div>\n          <div class=\"driver-level\">HIGH</div>\n        </div>\n      </div>\n      <div class=\"driver-context\">New Construction with Excavator</div>\n    </div>\n    <div class=\"driver\">\n      <div class=\"driver-pill\" style=\"background:#F59E0B;\">\n        <svg viewBox=\"0 0 24 24\" width=\"18\" height=\"18\" fill=\"none\" stroke=\"white\" stroke-width=\"2\" stroke-linecap=\"round\" stroke-linejoin=\"round\" class=\"driver-icon\"><path d=\"M3 7V5a2 2 0 0 1 2-2h2\"/><path d=\"M17 3h2a2 2 0 0 1 2 2v2\"/><path d=\"M21 17v2a2 2 0 0 1-2 2h-2\"/><path d=\"M7 21H5a2 2 0 0 1-2-2v-2\"/></svg>\n        <div class=\"driver-body\">\n          <div class=\"driver-name\">Locate Quality</div>\n          <div class=\"driver-level\">WATCH</div>\n        </div>\n      </div>\n      <div class=\"driver-context\">Locator: Unit R (mixed record)</div>\n    </div>\n  </div>\n</div>\n<div class=\"drivers-block\">\n  <div class=\"drivers-title\">Impact Drivers</div>\n  <div class=\"drivers-row\">\n    <div class=\"driver\">\n      <div class=\"driver-pill\" style=\"background:#DC2626;\">\n        <svg viewBox=\"0 0 24 24\" width=\"18\" height=\"18\" fill=\"none\" stroke=\"white\" stroke-width=\"2\" stroke-linecap=\"round\" stroke-linejoin=\"round\" class=\"driver-icon\"><path d=\"M3 12 L12 4 L21 12\"/><path d=\"M5 11 V20 H19 V11\"/></svg>\n        <div class=\"driver-body\">\n          <div class=\"driver-name\">Service Disruption</div>\n          <div class=\"driver-level\">HIGH</div>\n        </div>\n      </div>\n      <div class=\"driver-context\">106 services at risk</div>\n    </div>\n    <div class=\"driver\">\n      <div class=\"driver-pill\" style=\"background:#16A34A;\">\n        <svg viewBox=\"0 0 24 24\" width=\"18\" height=\"18\" fill=\"none\" stroke=\"white\" stroke-width=\"2\" stroke-linecap=\"round\" stroke-linejoin=\"round\" class=\"driver-icon\"><path d=\"M12 7v4\"/><path d=\"M14 21v-3a2 2 0 0 0-4 0v3\"/><path d=\"M14 9h-4\"/><path d=\"M18 11h2a2 2 0 0 1 2 2v6a2 2 0 0 1-2 2H4a2 2 0 0 1-2-2v-9a2 2 0 0 1 2-2h2\"/><path d=\"M18 21V5a2 2 0 0 0-2-2H8a2 2 0 0 0-2 2v16\"/></svg>\n        <div class=\"driver-body\">\n          <div class=\"driver-name\">Critical Facilities</div>\n          <div class=\"driver-level\">LOW</div>\n        </div>\n      </div>\n      <div class=\"driver-context\">None</div>\n    </div>\n    <div class=\"driver\">\n      <div class=\"driver-pill\" style=\"background:#F59E0B;\">\n        <svg viewBox=\"0 0 24 24\" width=\"18\" height=\"18\" fill=\"none\" stroke=\"white\" stroke-width=\"2\" stroke-linecap=\"round\" stroke-linejoin=\"round\" class=\"driver-icon\"><path d=\"M10 12h4\"/><path d=\"M10 8h4\"/><path d=\"M14 21v-3a2 2 0 0 0-4 0v3\"/><path d=\"M6 10H4a2 2 0 0 0-2 2v7a2 2 0 0 0 2 2h16a2 2 0 0 0 2-2V9a2 2 0 0 0-2-2h-2\"/><path d=\"M6 21V5a2 2 0 0 1 2-2h8a2 2 0 0 1 2 2v16\"/></svg>\n        <div class=\"driver-body\">\n          <div class=\"driver-name\">Business District</div>\n          <div class=\"driver-level\">MODERATE</div>\n        </div>\n      </div>\n      <div class=\"driver-context\">8 businesses</div>\n    </div>\n    <div class=\"driver\">\n      <div class=\"driver-pill\" style=\"background:#16A34A;\">\n        <svg viewBox=\"0 0 24 24\" width=\"18\" height=\"18\" fill=\"none\" stroke=\"white\" stroke-width=\"2\" stroke-linecap=\"round\" stroke-linejoin=\"round\" class=\"driver-icon\"><path d=\"M13 2 L3 14 h9 l-1 8 10-12 h-9 z\"/></svg>\n        <div class=\"driver-body\">\n          <div class=\"driver-name\">Transmission Main</div>\n          <div class=\"driver-level\">LOW</div>\n        </div>\n      </div>\n      <div class=\"driver-context\">Distribution only</div>\n    </div>\n  </div>\n</div>\n<div class=\"demo-netline\">28 segments in dig area (19 mains, 9 services) &middot; oldest 68-yr Steel</div><div class=\"demo-action\"><a href=\"https://kartasoft.github.io/excavation-risk-demo/action_form.html?ticket_id=DEMO-20260713-0018&demo=1\" target=\"_blank\" rel=\"noopener\">LOG ACTION</a></div></div>"}}, {"type": "Feature", "geometry": {"type": "Polygon", "coordinates": [[[-82.99363974933986, 39.96652994136354], [-82.99366168538458, 39.967284802610536], [-82.99464273088445, 39.967267919556875], [-82.99462078406286, 39.96651305875875], [-82.99363974933986, 39.96652994136354]]]}, "properties": {"ticket_id": "DEMO-20260713-0019", "priority_level": "LOW", "likelihood_level": "LOW", "impact_level": "LOW", "division": "Demo District", "date": "2026-07-13", "excavator_name": "Excavator S", "work_type": "SEWER LATERAL REPAIR", "demo_note": "synthetic demo data", "popup_html": "<div class=\"demo-popup\"><style>\n.demo-popup { font-family: -apple-system, BlinkMacSystemFont, 'Segoe UI', sans-serif;\n       color: #333; max-width: 920px; margin: 0 auto; padding: 20px; }\nh1 { color: #2c3e50; font-size: 20px; margin-bottom: 5px; }\n.meta { color: #7f8c8d; font-size: 13px; margin-bottom: 15px; }\n.risk-box { background: #f8f9fa; border-left: 4px solid #888888;\n             padding: 12px 16px; margin: 15px 0; border-radius: 4px; }\n.risk-pct { font-size: 28px; font-weight: bold; color: #888888; }\n.risk-score { font-size: 14px; color: #555; margin-top: 2px; }\n.indicators { display: flex; gap: 20px; margin: 20px 0; justify-content: center; }\n.indicator { flex: 1; max-width: 420px; text-align: center; }\n.indicator-pill { border-radius: 14px; padding: 18px 24px; color: white;\n                  box-shadow: 0 2px 6px rgba(0,0,0,0.12);\n                  display: flex; align-items: center; gap: 14px;\n                  text-align: left; }\n.indicator-icon { flex-shrink: 0; width: 32px; height: 32px; opacity: 0.95; }\n.indicator-body { flex: 1; }\n.indicator-label { font-size: 11px; letter-spacing: 0.1em; opacity: 0.9;\n                   text-transform: uppercase; }\n.indicator-level { font-size: 28px; font-weight: 800; letter-spacing: 0.04em;\n                   margin: 2px 0 2px 0; line-height: 1.1; }\n.indicator-sublabel { font-size: 13px; opacity: 0.95; font-weight: 500; }\n.indicator-context { margin-top: 8px; font-size: 12px; color: #555;\n                     line-height: 1.4; }\n.drivers-block { background: #f9fafb; border: 1px solid #e5e7eb;\n                 border-radius: 8px; padding: 14px 16px; margin: 14px 0; }\n.drivers-title { font-size: 11px; letter-spacing: 0.1em; text-transform: uppercase;\n                 color: #6b7280; font-weight: 700; margin-bottom: 8px; }\n.drivers-row { display: flex; gap: 10px; justify-content: center;\n               flex-wrap: wrap; }\n.driver { flex: 1; min-width: 180px; max-width: 220px; text-align: center; }\n.driver-pill { border-radius: 10px; padding: 10px 12px; color: white;\n               box-shadow: 0 1px 3px rgba(0,0,0,0.10);\n               display: flex; align-items: center; gap: 8px;\n               text-align: left; }\n.driver-pill.gray { background: #9ca3af; }\n.driver-icon { flex-shrink: 0; width: 18px; height: 18px; opacity: 0.95; }\n.driver-body { flex: 1; min-width: 0; }\n.driver-name { font-size: 10px; font-weight: 700; letter-spacing: 0.04em;\n               text-transform: uppercase; opacity: 0.95; white-space: nowrap;\n               overflow: hidden; text-overflow: ellipsis; }\n.driver-level { font-size: 13px; font-weight: 700; margin-top: 1px; }\n.driver-context { margin-top: 5px; font-size: 10px; color: #6b7280;\n                  line-height: 1.3; }\n.section { margin: 20px 0; }\n.section h2 { font-size: 16px; color: #2c3e50; border-bottom: 1px solid #ddd;\n               padding-bottom: 5px; }\n.drivers li { margin: 6px 0; font-size: 13px; line-height: 1.5; }\n.shap-val { color: #888; font-size: 12px; }\ntable { width: 100%; border-collapse: collapse; font-size: 13px; }\nth { background: #ecf0f1; padding: 8px; text-align: left; }\ntd { padding: 6px 8px; border-bottom: 1px solid #eee; }\n.map-container { width: 100%; height: 420px; border: 1px solid #ddd;\n                  border-radius: 4px; overflow: hidden; margin: 10px 0; }\n.footer { color: #aaa; font-size: 11px; margin-top: 30px; text-align: center; }\n\n.demo-popup { max-width: 380px; font-size: 13px; }\n.demo-popup h1 { font-size: 15px; margin: 2px 0 2px; }\n.demo-popup .meta { font-size: 11px; margin-bottom: 8px; }\n.demo-popup .indicators { gap: 10px; margin: 10px 0; }\n.demo-popup .indicator-level { font-size: 20px; }\n.demo-popup .indicator-icon { width: 22px; height: 22px; }\n.demo-popup .drivers-block { padding: 8px 10px; margin: 8px 0; }\n.demo-popup .driver { min-width: 150px; }\n.demo-banner { background: #FEF3C7; border: 1px solid #F59E0B;\n    color: #92400E; font-size: 10px; line-height: 1.35; padding: 5px 8px;\n    border-radius: 4px; margin-bottom: 8px; text-align: center;\n    font-weight: 600; }\n.demo-netline { font-size: 10px; color: #6b7280; margin-top: 8px;\n    text-align: center; line-height: 1.4; }\n.demo-action { text-align: center; margin-top: 12px; }\n.demo-action a { background: #2563EB; color: #fff; padding: 7px 18px;\n    border-radius: 4px; font-weight: bold; text-decoration: none;\n    display: inline-block; font-size: 11px; letter-spacing: 0.05em; }\n</style><h1>DEMO-20260713-0019</h1><div class=\"meta\">Demo District &middot; 2026-07-13 &middot; Excavator S &middot; SEWER LATERAL REPAIR</div>\n<div class=\"indicators\">\n  <div class=\"indicator\">\n    <div class=\"indicator-pill\" style=\"background:#16A34A;\">\n      <svg viewBox=\"0 0 24 24\" width=\"32\" height=\"32\" fill=\"none\" stroke=\"white\" stroke-width=\"2\" stroke-linecap=\"round\" stroke-linejoin=\"round\" class=\"indicator-icon\"><path d=\"m21.73 18-8-14a2 2 0 0 0-3.48 0l-8 14A2 2 0 0 0 4 21h16a2 2 0 0 0 1.73-3\"/><path d=\"M12 9v4\"/><path d=\"M12 17h.01\"/></svg>\n      <div class=\"indicator-body\">\n        <div class=\"indicator-label\">Damage Likelihood</div>\n        <div class=\"indicator-level\">LOW</div>\n        <div class=\"indicator-sublabel\">Bottom 22% of all tickets</div>\n      </div>\n    </div>\n    <div class=\"indicator-context\">Bottom 22% by damage probability</div>\n  </div>\n  <div class=\"indicator\">\n    <div class=\"indicator-pill\" style=\"background:#16A34A;\">\n      <svg viewBox=\"0 0 24 24\" width=\"32\" height=\"32\" fill=\"none\" stroke=\"white\" stroke-width=\"2\" stroke-linecap=\"round\" stroke-linejoin=\"round\" class=\"indicator-icon\"><path d=\"M12 2 L20 5 V11 C 20 16 16 20 12 22 C 8 20 4 16 4 11 V5 Z\"/><path d=\"M12 9 V13\"/><path d=\"M12 17 h.01\"/></svg>\n      <div class=\"indicator-body\">\n        <div class=\"indicator-label\">Impact</div>\n        <div class=\"indicator-level\">LOW</div>\n        <div class=\"indicator-sublabel\">Bottom 42% by consequence</div>\n      </div>\n    </div>\n    <div class=\"indicator-context\">7 businesses nearby</div>\n  </div>\n</div>\n\n<div class=\"drivers-block\">\n  <div class=\"drivers-title\">Likelihood Drivers</div>\n  <div class=\"drivers-row\">\n    <div class=\"driver\">\n      <div class=\"driver-pill\" style=\"background:#16A34A;\">\n        <svg viewBox=\"0 0 30 26\" width=\"18\" height=\"18\" fill=\"none\" stroke=\"white\" stroke-width=\"1.4\" stroke-linecap=\"round\" stroke-linejoin=\"round\" class=\"driver-icon\"><rect x=\"2\" y=\"19.5\" width=\"16\" height=\"4.5\" rx=\"2.2\"/><circle cx=\"5.5\" cy=\"21.75\" r=\"1.1\" stroke-width=\"1\"/><circle cx=\"10\" cy=\"21.75\" r=\"1.1\" stroke-width=\"1\"/><circle cx=\"14.5\" cy=\"21.75\" r=\"1.1\" stroke-width=\"1\"/><path d=\"M4.5 18.5 V15 H7.5 V13 H18 V18.5\"/><path d=\"M12 11.5 L19 4 L20.5 5.5 L13.5 13 Z\"/><path d=\"M21.5 4 L27 12 L25.5 13 L20 5 Z\"/><path d=\"M26.5 14 L27 17 Q 26.5 19.5 24 19 L23 16 Z\"/></svg>\n        <div class=\"driver-body\">\n          <div class=\"driver-name\">Excavator History</div>\n          <div class=\"driver-level\">LOW</div>\n        </div>\n      </div>\n      <div class=\"driver-context\">1.4% damage rate (90d, 312 tickets)</div>\n    </div>\n    <div class=\"driver\">\n      <div class=\"driver-pill\" style=\"background:#16A34A;\">\n        <svg viewBox=\"0 0 24 24\" width=\"18\" height=\"18\" fill=\"none\" stroke=\"white\" stroke-width=\"2\" stroke-linecap=\"round\" stroke-linejoin=\"round\" class=\"driver-icon\"><ellipse cx=\"12\" cy=\"5\" rx=\"9\" ry=\"3\"/><path d=\"M3 5v14a9 3 0 0 0 18 0V5\"/></svg>\n        <div class=\"driver-body\">\n          <div class=\"driver-name\">Pipe Vulnerability</div>\n          <div class=\"driver-level\">LOW</div>\n        </div>\n      </div>\n      <div class=\"driver-context\">33-year-old MDPE (bottom 28%)</div>\n    </div>\n    <div class=\"driver\">\n      <div class=\"driver-pill\" style=\"background:#F59E0B;\">\n        <svg viewBox=\"0 0 24 24\" width=\"18\" height=\"18\" fill=\"none\" stroke=\"white\" stroke-width=\"2\" stroke-linecap=\"round\" stroke-linejoin=\"round\" class=\"driver-icon\"><path d=\"M4 20 L14 10\"/><path d=\"M9 5 L19 15\"/></svg>\n        <div class=\"driver-body\">\n          <div class=\"driver-name\">Work Activity</div>\n          <div class=\"driver-level\">MODERATE</div>\n        </div>\n      </div>\n      <div class=\"driver-context\">Sewer Lateral Repair with Mini Excavator</div>\n    </div>\n    <div class=\"driver\">\n      <div class=\"driver-pill\" style=\"background:#16A34A;\">\n        <svg viewBox=\"0 0 24 24\" width=\"18\" height=\"18\" fill=\"none\" stroke=\"white\" stroke-width=\"2\" stroke-linecap=\"round\" stroke-linejoin=\"round\" class=\"driver-icon\"><path d=\"M3 7V5a2 2 0 0 1 2-2h2\"/><path d=\"M17 3h2a2 2 0 0 1 2 2v2\"/><path d=\"M21 17v2a2 2 0 0 1-2 2h-2\"/><path d=\"M7 21H5a2 2 0 0 1-2-2v-2\"/></svg>\n        <div class=\"driver-body\">\n          <div class=\"driver-name\">Locate Quality</div>\n          <div class=\"driver-level\">GOOD</div>\n        </div>\n      </div>\n      <div class=\"driver-context\">Locator: Unit S (clean record)</div>\n    </div>\n  </div>\n</div>\n<div class=\"drivers-block\">\n  <div class=\"drivers-title\">Impact Drivers</div>\n  <div class=\"drivers-row\">\n    <div class=\"driver\">\n      <div class=\"driver-pill\" style=\"background:#16A34A;\">\n        <svg viewBox=\"0 0 24 24\" width=\"18\" height=\"18\" fill=\"none\" stroke=\"white\" stroke-width=\"2\" stroke-linecap=\"round\" stroke-linejoin=\"round\" class=\"driver-icon\"><path d=\"M3 12 L12 4 L21 12\"/><path d=\"M5 11 V20 H19 V11\"/></svg>\n        <div class=\"driver-body\">\n          <div class=\"driver-name\">Service Disruption</div>\n          <div class=\"driver-level\">LOW</div>\n        </div>\n      </div>\n      <div class=\"driver-context\">No chokepoint</div>\n    </div>\n    <div class=\"driver\">\n      <div class=\"driver-pill\" style=\"background:#16A34A;\">\n        <svg viewBox=\"0 0 24 24\" width=\"18\" height=\"18\" fill=\"none\" stroke=\"white\" stroke-width=\"2\" stroke-linecap=\"round\" stroke-linejoin=\"round\" class=\"driver-icon\"><path d=\"M12 7v4\"/><path d=\"M14 21v-3a2 2 0 0 0-4 0v3\"/><path d=\"M14 9h-4\"/><path d=\"M18 11h2a2 2 0 0 1 2 2v6a2 2 0 0 1-2 2H4a2 2 0 0 1-2-2v-9a2 2 0 0 1 2-2h2\"/><path d=\"M18 21V5a2 2 0 0 0-2-2H8a2 2 0 0 0-2 2v16\"/></svg>\n        <div class=\"driver-body\">\n          <div class=\"driver-name\">Critical Facilities</div>\n          <div class=\"driver-level\">LOW</div>\n        </div>\n      </div>\n      <div class=\"driver-context\">None</div>\n    </div>\n    <div class=\"driver\">\n      <div class=\"driver-pill\" style=\"background:#F59E0B;\">\n        <svg viewBox=\"0 0 24 24\" width=\"18\" height=\"18\" fill=\"none\" stroke=\"white\" stroke-width=\"2\" stroke-linecap=\"round\" stroke-linejoin=\"round\" class=\"driver-icon\"><path d=\"M10 12h4\"/><path d=\"M10 8h4\"/><path d=\"M14 21v-3a2 2 0 0 0-4 0v3\"/><path d=\"M6 10H4a2 2 0 0 0-2 2v7a2 2 0 0 0 2 2h16a2 2 0 0 0 2-2V9a2 2 0 0 0-2-2h-2\"/><path d=\"M6 21V5a2 2 0 0 1 2-2h8a2 2 0 0 1 2 2v16\"/></svg>\n        <div class=\"driver-body\">\n          <div class=\"driver-name\">Business District</div>\n          <div class=\"driver-level\">MODERATE</div>\n        </div>\n      </div>\n      <div class=\"driver-context\">7 businesses</div>\n    </div>\n    <div class=\"driver\">\n      <div class=\"driver-pill\" style=\"background:#16A34A;\">\n        <svg viewBox=\"0 0 24 24\" width=\"18\" height=\"18\" fill=\"none\" stroke=\"white\" stroke-width=\"2\" stroke-linecap=\"round\" stroke-linejoin=\"round\" class=\"driver-icon\"><path d=\"M13 2 L3 14 h9 l-1 8 10-12 h-9 z\"/></svg>\n        <div class=\"driver-body\">\n          <div class=\"driver-name\">Transmission Main</div>\n          <div class=\"driver-level\">LOW</div>\n        </div>\n      </div>\n      <div class=\"driver-context\">Distribution only</div>\n    </div>\n  </div>\n</div>\n<div class=\"demo-netline\">9 segments in dig area (7 mains, 2 services) &middot; oldest 33-yr MDPE</div><div class=\"demo-action\"><a href=\"https://kartasoft.github.io/excavation-risk-demo/action_form.html?ticket_id=DEMO-20260713-0019&demo=1\" target=\"_blank\" rel=\"noopener\">LOG ACTION</a></div></div>"}}, {"type": "Feature", "geometry": {"type": "Polygon", "coordinates": [[[-82.99756173034896, 39.959422075929844], [-82.99762105888102, 39.9614601220688], [-83.00026954910604, 39.961414435530344], [-83.00021014204268, 39.95937639267094], [-82.99756173034896, 39.959422075929844]]]}, "properties": {"ticket_id": "DEMO-20260713-0020", "priority_level": "MODERATE", "likelihood_level": "MODERATE", "impact_level": "LOW", "division": "Demo District", "date": "2026-07-13", "excavator_name": "Excavator T", "work_type": "DIRECTIONAL BORE", "demo_note": "synthetic demo data", "popup_html": "<div class=\"demo-popup\"><style>\n.demo-popup { font-family: -apple-system, BlinkMacSystemFont, 'Segoe UI', sans-serif;\n       color: #333; max-width: 920px; margin: 0 auto; padding: 20px; }\nh1 { color: #2c3e50; font-size: 20px; margin-bottom: 5px; }\n.meta { color: #7f8c8d; font-size: 13px; margin-bottom: 15px; }\n.risk-box { background: #f8f9fa; border-left: 4px solid #888888;\n             padding: 12px 16px; margin: 15px 0; border-radius: 4px; }\n.risk-pct { font-size: 28px; font-weight: bold; color: #888888; }\n.risk-score { font-size: 14px; color: #555; margin-top: 2px; }\n.indicators { display: flex; gap: 20px; margin: 20px 0; justify-content: center; }\n.indicator { flex: 1; max-width: 420px; text-align: center; }\n.indicator-pill { border-radius: 14px; padding: 18px 24px; color: white;\n                  box-shadow: 0 2px 6px rgba(0,0,0,0.12);\n                  display: flex; align-items: center; gap: 14px;\n                  text-align: left; }\n.indicator-icon { flex-shrink: 0; width: 32px; height: 32px; opacity: 0.95; }\n.indicator-body { flex: 1; }\n.indicator-label { font-size: 11px; letter-spacing: 0.1em; opacity: 0.9;\n                   text-transform: uppercase; }\n.indicator-level { font-size: 28px; font-weight: 800; letter-spacing: 0.04em;\n                   margin: 2px 0 2px 0; line-height: 1.1; }\n.indicator-sublabel { font-size: 13px; opacity: 0.95; font-weight: 500; }\n.indicator-context { margin-top: 8px; font-size: 12px; color: #555;\n                     line-height: 1.4; }\n.drivers-block { background: #f9fafb; border: 1px solid #e5e7eb;\n                 border-radius: 8px; padding: 14px 16px; margin: 14px 0; }\n.drivers-title { font-size: 11px; letter-spacing: 0.1em; text-transform: uppercase;\n                 color: #6b7280; font-weight: 700; margin-bottom: 8px; }\n.drivers-row { display: flex; gap: 10px; justify-content: center;\n               flex-wrap: wrap; }\n.driver { flex: 1; min-width: 180px; max-width: 220px; text-align: center; }\n.driver-pill { border-radius: 10px; padding: 10px 12px; color: white;\n               box-shadow: 0 1px 3px rgba(0,0,0,0.10);\n               display: flex; align-items: center; gap: 8px;\n               text-align: left; }\n.driver-pill.gray { background: #9ca3af; }\n.driver-icon { flex-shrink: 0; width: 18px; height: 18px; opacity: 0.95; }\n.driver-body { flex: 1; min-width: 0; }\n.driver-name { font-size: 10px; font-weight: 700; letter-spacing: 0.04em;\n               text-transform: uppercase; opacity: 0.95; white-space: nowrap;\n               overflow: hidden; text-overflow: ellipsis; }\n.driver-level { font-size: 13px; font-weight: 700; margin-top: 1px; }\n.driver-context { margin-top: 5px; font-size: 10px; color: #6b7280;\n                  line-height: 1.3; }\n.section { margin: 20px 0; }\n.section h2 { font-size: 16px; color: #2c3e50; border-bottom: 1px solid #ddd;\n               padding-bottom: 5px; }\n.drivers li { margin: 6px 0; font-size: 13px; line-height: 1.5; }\n.shap-val { color: #888; font-size: 12px; }\ntable { width: 100%; border-collapse: collapse; font-size: 13px; }\nth { background: #ecf0f1; padding: 8px; text-align: left; }\ntd { padding: 6px 8px; border-bottom: 1px solid #eee; }\n.map-container { width: 100%; height: 420px; border: 1px solid #ddd;\n                  border-radius: 4px; overflow: hidden; margin: 10px 0; }\n.footer { color: #aaa; font-size: 11px; margin-top: 30px; text-align: center; }\n\n.demo-popup { max-width: 380px; font-size: 13px; }\n.demo-popup h1 { font-size: 15px; margin: 2px 0 2px; }\n.demo-popup .meta { font-size: 11px; margin-bottom: 8px; }\n.demo-popup .indicators { gap: 10px; margin: 10px 0; }\n.demo-popup .indicator-level { font-size: 20px; }\n.demo-popup .indicator-icon { width: 22px; height: 22px; }\n.demo-popup .drivers-block { padding: 8px 10px; margin: 8px 0; }\n.demo-popup .driver { min-width: 150px; }\n.demo-banner { background: #FEF3C7; border: 1px solid #F59E0B;\n    color: #92400E; font-size: 10px; line-height: 1.35; padding: 5px 8px;\n    border-radius: 4px; margin-bottom: 8px; text-align: center;\n    font-weight: 600; }\n.demo-netline { font-size: 10px; color: #6b7280; margin-top: 8px;\n    text-align: center; line-height: 1.4; }\n.demo-action { text-align: center; margin-top: 12px; }\n.demo-action a { background: #2563EB; color: #fff; padding: 7px 18px;\n    border-radius: 4px; font-weight: bold; text-decoration: none;\n    display: inline-block; font-size: 11px; letter-spacing: 0.05em; }\n</style><h1>DEMO-20260713-0020</h1><div class=\"meta\">Demo District &middot; 2026-07-13 &middot; Excavator T &middot; DIRECTIONAL BORE</div>\n<div class=\"indicators\">\n  <div class=\"indicator\">\n    <div class=\"indicator-pill\" style=\"background:#F59E0B;\">\n      <svg viewBox=\"0 0 24 24\" width=\"32\" height=\"32\" fill=\"none\" stroke=\"white\" stroke-width=\"2\" stroke-linecap=\"round\" stroke-linejoin=\"round\" class=\"indicator-icon\"><path d=\"m21.73 18-8-14a2 2 0 0 0-3.48 0l-8 14A2 2 0 0 0 4 21h16a2 2 0 0 0 1.73-3\"/><path d=\"M12 9v4\"/><path d=\"M12 17h.01\"/></svg>\n      <div class=\"indicator-body\">\n        <div class=\"indicator-label\">Damage Likelihood</div>\n        <div class=\"indicator-level\">MODERATE</div>\n        <div class=\"indicator-sublabel\">Top 10% of all tickets</div>\n      </div>\n    </div>\n    <div class=\"indicator-context\">Top 10% by damage probability</div>\n  </div>\n  <div class=\"indicator\">\n    <div class=\"indicator-pill\" style=\"background:#16A34A;\">\n      <svg viewBox=\"0 0 24 24\" width=\"32\" height=\"32\" fill=\"none\" stroke=\"white\" stroke-width=\"2\" stroke-linecap=\"round\" stroke-linejoin=\"round\" class=\"indicator-icon\"><path d=\"M12 2 L20 5 V11 C 20 16 16 20 12 22 C 8 20 4 16 4 11 V5 Z\"/><path d=\"M12 9 V13\"/><path d=\"M12 17 h.01\"/></svg>\n      <div class=\"indicator-body\">\n        <div class=\"indicator-label\">Impact</div>\n        <div class=\"indicator-level\">LOW</div>\n        <div class=\"indicator-sublabel\">Bottom 28% by consequence</div>\n      </div>\n    </div>\n    <div class=\"indicator-context\">5 businesses nearby</div>\n  </div>\n</div>\n\n<div class=\"drivers-block\">\n  <div class=\"drivers-title\">Likelihood Drivers</div>\n  <div class=\"drivers-row\">\n    <div class=\"driver\">\n      <div class=\"driver-pill\" style=\"background:#9CA3AF;\">\n        <svg viewBox=\"0 0 30 26\" width=\"18\" height=\"18\" fill=\"none\" stroke=\"white\" stroke-width=\"1.4\" stroke-linecap=\"round\" stroke-linejoin=\"round\" class=\"driver-icon\"><rect x=\"2\" y=\"19.5\" width=\"16\" height=\"4.5\" rx=\"2.2\"/><circle cx=\"5.5\" cy=\"21.75\" r=\"1.1\" stroke-width=\"1\"/><circle cx=\"10\" cy=\"21.75\" r=\"1.1\" stroke-width=\"1\"/><circle cx=\"14.5\" cy=\"21.75\" r=\"1.1\" stroke-width=\"1\"/><path d=\"M4.5 18.5 V15 H7.5 V13 H18 V18.5\"/><path d=\"M12 11.5 L19 4 L20.5 5.5 L13.5 13 Z\"/><path d=\"M21.5 4 L27 12 L25.5 13 L20 5 Z\"/><path d=\"M26.5 14 L27 17 Q 26.5 19.5 24 19 L23 16 Z\"/></svg>\n        <div class=\"driver-body\">\n          <div class=\"driver-name\">Excavator History</div>\n          <div class=\"driver-level\">NEW</div>\n        </div>\n      </div>\n      <div class=\"driver-context\">New excavator (< 20 lifetime tickets)</div>\n    </div>\n    <div class=\"driver\">\n      <div class=\"driver-pill\" style=\"background:#F59E0B;\">\n        <svg viewBox=\"0 0 24 24\" width=\"18\" height=\"18\" fill=\"none\" stroke=\"white\" stroke-width=\"2\" stroke-linecap=\"round\" stroke-linejoin=\"round\" class=\"driver-icon\"><ellipse cx=\"12\" cy=\"5\" rx=\"9\" ry=\"3\"/><path d=\"M3 5v14a9 3 0 0 0 18 0V5\"/></svg>\n        <div class=\"driver-body\">\n          <div class=\"driver-name\">Pipe Vulnerability</div>\n          <div class=\"driver-level\">MODERATE</div>\n        </div>\n      </div>\n      <div class=\"driver-context\">65-year-old Steel (top 19%)</div>\n    </div>\n    <div class=\"driver\">\n      <div class=\"driver-pill\" style=\"background:#DC2626;\">\n        <svg viewBox=\"0 0 24 24\" width=\"18\" height=\"18\" fill=\"none\" stroke=\"white\" stroke-width=\"2\" stroke-linecap=\"round\" stroke-linejoin=\"round\" class=\"driver-icon\"><path d=\"M4 20 L14 10\"/><path d=\"M9 5 L19 15\"/></svg>\n        <div class=\"driver-body\">\n          <div class=\"driver-name\">Work Activity</div>\n          <div class=\"driver-level\">HIGH</div>\n        </div>\n      </div>\n      <div class=\"driver-context\">Directional Bore with Directional Drill</div>\n    </div>\n    <div class=\"driver\">\n      <div class=\"driver-pill\" style=\"background:#9CA3AF;\">\n        <svg viewBox=\"0 0 24 24\" width=\"18\" height=\"18\" fill=\"none\" stroke=\"white\" stroke-width=\"2\" stroke-linecap=\"round\" stroke-linejoin=\"round\" class=\"driver-icon\"><path d=\"M3 7V5a2 2 0 0 1 2-2h2\"/><path d=\"M17 3h2a2 2 0 0 1 2 2v2\"/><path d=\"M21 17v2a2 2 0 0 1-2 2h-2\"/><path d=\"M7 21H5a2 2 0 0 1-2-2v-2\"/></svg>\n        <div class=\"driver-body\">\n          <div class=\"driver-name\">Locate Quality</div>\n          <div class=\"driver-level\">PENDING</div>\n        </div>\n      </div>\n      <div class=\"driver-context\">Locator: pending</div>\n    </div>\n  </div>\n</div>\n<div class=\"drivers-block\">\n  <div class=\"drivers-title\">Impact Drivers</div>\n  <div class=\"drivers-row\">\n    <div class=\"driver\">\n      <div class=\"driver-pill\" style=\"background:#16A34A;\">\n        <svg viewBox=\"0 0 24 24\" width=\"18\" height=\"18\" fill=\"none\" stroke=\"white\" stroke-width=\"2\" stroke-linecap=\"round\" stroke-linejoin=\"round\" class=\"driver-icon\"><path d=\"M3 12 L12 4 L21 12\"/><path d=\"M5 11 V20 H19 V11\"/></svg>\n        <div class=\"driver-body\">\n          <div class=\"driver-name\">Service Disruption</div>\n          <div class=\"driver-level\">LOW</div>\n        </div>\n      </div>\n      <div class=\"driver-context\">No chokepoint</div>\n    </div>\n    <div class=\"driver\">\n      <div class=\"driver-pill\" style=\"background:#16A34A;\">\n        <svg viewBox=\"0 0 24 24\" width=\"18\" height=\"18\" fill=\"none\" stroke=\"white\" stroke-width=\"2\" stroke-linecap=\"round\" stroke-linejoin=\"round\" class=\"driver-icon\"><path d=\"M12 7v4\"/><path d=\"M14 21v-3a2 2 0 0 0-4 0v3\"/><path d=\"M14 9h-4\"/><path d=\"M18 11h2a2 2 0 0 1 2 2v6a2 2 0 0 1-2 2H4a2 2 0 0 1-2-2v-9a2 2 0 0 1 2-2h2\"/><path d=\"M18 21V5a2 2 0 0 0-2-2H8a2 2 0 0 0-2 2v16\"/></svg>\n        <div class=\"driver-body\">\n          <div class=\"driver-name\">Critical Facilities</div>\n          <div class=\"driver-level\">LOW</div>\n        </div>\n      </div>\n      <div class=\"driver-context\">None</div>\n    </div>\n    <div class=\"driver\">\n      <div class=\"driver-pill\" style=\"background:#F59E0B;\">\n        <svg viewBox=\"0 0 24 24\" width=\"18\" height=\"18\" fill=\"none\" stroke=\"white\" stroke-width=\"2\" stroke-linecap=\"round\" stroke-linejoin=\"round\" class=\"driver-icon\"><path d=\"M10 12h4\"/><path d=\"M10 8h4\"/><path d=\"M14 21v-3a2 2 0 0 0-4 0v3\"/><path d=\"M6 10H4a2 2 0 0 0-2 2v7a2 2 0 0 0 2 2h16a2 2 0 0 0 2-2V9a2 2 0 0 0-2-2h-2\"/><path d=\"M6 21V5a2 2 0 0 1 2-2h8a2 2 0 0 1 2 2v16\"/></svg>\n        <div class=\"driver-body\">\n          <div class=\"driver-name\">Business District</div>\n          <div class=\"driver-level\">MODERATE</div>\n        </div>\n      </div>\n      <div class=\"driver-context\">5 businesses</div>\n    </div>\n    <div class=\"driver\">\n      <div class=\"driver-pill\" style=\"background:#16A34A;\">\n        <svg viewBox=\"0 0 24 24\" width=\"18\" height=\"18\" fill=\"none\" stroke=\"white\" stroke-width=\"2\" stroke-linecap=\"round\" stroke-linejoin=\"round\" class=\"driver-icon\"><path d=\"M13 2 L3 14 h9 l-1 8 10-12 h-9 z\"/></svg>\n        <div class=\"driver-body\">\n          <div class=\"driver-name\">Transmission Main</div>\n          <div class=\"driver-level\">LOW</div>\n        </div>\n      </div>\n      <div class=\"driver-context\">Distribution only</div>\n    </div>\n  </div>\n</div>\n<div class=\"demo-netline\">35 segments in dig area (26 mains, 9 services) &middot; oldest 65-yr Steel</div><div class=\"demo-action\"><a href=\"https://kartasoft.github.io/excavation-risk-demo/action_form.html?ticket_id=DEMO-20260713-0020&demo=1\" target=\"_blank\" rel=\"noopener\">LOG ACTION</a></div></div>"}}, {"type": "Feature", "geometry": {"type": "Polygon", "coordinates": [[[-82.98626584217739, 39.946347472188364], [-82.98632557852244, 39.948412165637244], [-82.98900818166109, 39.948366155613705], [-82.98894836476957, 39.94630146551104], [-82.98626584217739, 39.946347472188364]]]}, "properties": {"ticket_id": "DEMO-20260713-0021", "priority_level": "MODERATE", "likelihood_level": "MODERATE", "impact_level": "MODERATE", "division": "Demo District", "date": "2026-07-13", "excavator_name": "Excavator U", "work_type": "FENCE INSTALL", "demo_note": "synthetic demo data", "popup_html": "<div class=\"demo-popup\"><style>\n.demo-popup { font-family: -apple-system, BlinkMacSystemFont, 'Segoe UI', sans-serif;\n       color: #333; max-width: 920px; margin: 0 auto; padding: 20px; }\nh1 { color: #2c3e50; font-size: 20px; margin-bottom: 5px; }\n.meta { color: #7f8c8d; font-size: 13px; margin-bottom: 15px; }\n.risk-box { background: #f8f9fa; border-left: 4px solid #888888;\n             padding: 12px 16px; margin: 15px 0; border-radius: 4px; }\n.risk-pct { font-size: 28px; font-weight: bold; color: #888888; }\n.risk-score { font-size: 14px; color: #555; margin-top: 2px; }\n.indicators { display: flex; gap: 20px; margin: 20px 0; justify-content: center; }\n.indicator { flex: 1; max-width: 420px; text-align: center; }\n.indicator-pill { border-radius: 14px; padding: 18px 24px; color: white;\n                  box-shadow: 0 2px 6px rgba(0,0,0,0.12);\n                  display: flex; align-items: center; gap: 14px;\n                  text-align: left; }\n.indicator-icon { flex-shrink: 0; width: 32px; height: 32px; opacity: 0.95; }\n.indicator-body { flex: 1; }\n.indicator-label { font-size: 11px; letter-spacing: 0.1em; opacity: 0.9;\n                   text-transform: uppercase; }\n.indicator-level { font-size: 28px; font-weight: 800; letter-spacing: 0.04em;\n                   margin: 2px 0 2px 0; line-height: 1.1; }\n.indicator-sublabel { font-size: 13px; opacity: 0.95; font-weight: 500; }\n.indicator-context { margin-top: 8px; font-size: 12px; color: #555;\n                     line-height: 1.4; }\n.drivers-block { background: #f9fafb; border: 1px solid #e5e7eb;\n                 border-radius: 8px; padding: 14px 16px; margin: 14px 0; }\n.drivers-title { font-size: 11px; letter-spacing: 0.1em; text-transform: uppercase;\n                 color: #6b7280; font-weight: 700; margin-bottom: 8px; }\n.drivers-row { display: flex; gap: 10px; justify-content: center;\n               flex-wrap: wrap; }\n.driver { flex: 1; min-width: 180px; max-width: 220px; text-align: center; }\n.driver-pill { border-radius: 10px; padding: 10px 12px; color: white;\n               box-shadow: 0 1px 3px rgba(0,0,0,0.10);\n               display: flex; align-items: center; gap: 8px;\n               text-align: left; }\n.driver-pill.gray { background: #9ca3af; }\n.driver-icon { flex-shrink: 0; width: 18px; height: 18px; opacity: 0.95; }\n.driver-body { flex: 1; min-width: 0; }\n.driver-name { font-size: 10px; font-weight: 700; letter-spacing: 0.04em;\n               text-transform: uppercase; opacity: 0.95; white-space: nowrap;\n               overflow: hidden; text-overflow: ellipsis; }\n.driver-level { font-size: 13px; font-weight: 700; margin-top: 1px; }\n.driver-context { margin-top: 5px; font-size: 10px; color: #6b7280;\n                  line-height: 1.3; }\n.section { margin: 20px 0; }\n.section h2 { font-size: 16px; color: #2c3e50; border-bottom: 1px solid #ddd;\n               padding-bottom: 5px; }\n.drivers li { margin: 6px 0; font-size: 13px; line-height: 1.5; }\n.shap-val { color: #888; font-size: 12px; }\ntable { width: 100%; border-collapse: collapse; font-size: 13px; }\nth { background: #ecf0f1; padding: 8px; text-align: left; }\ntd { padding: 6px 8px; border-bottom: 1px solid #eee; }\n.map-container { width: 100%; height: 420px; border: 1px solid #ddd;\n                  border-radius: 4px; overflow: hidden; margin: 10px 0; }\n.footer { color: #aaa; font-size: 11px; margin-top: 30px; text-align: center; }\n\n.demo-popup { max-width: 380px; font-size: 13px; }\n.demo-popup h1 { font-size: 15px; margin: 2px 0 2px; }\n.demo-popup .meta { font-size: 11px; margin-bottom: 8px; }\n.demo-popup .indicators { gap: 10px; margin: 10px 0; }\n.demo-popup .indicator-level { font-size: 20px; }\n.demo-popup .indicator-icon { width: 22px; height: 22px; }\n.demo-popup .drivers-block { padding: 8px 10px; margin: 8px 0; }\n.demo-popup .driver { min-width: 150px; }\n.demo-banner { background: #FEF3C7; border: 1px solid #F59E0B;\n    color: #92400E; font-size: 10px; line-height: 1.35; padding: 5px 8px;\n    border-radius: 4px; margin-bottom: 8px; text-align: center;\n    font-weight: 600; }\n.demo-netline { font-size: 10px; color: #6b7280; margin-top: 8px;\n    text-align: center; line-height: 1.4; }\n.demo-action { text-align: center; margin-top: 12px; }\n.demo-action a { background: #2563EB; color: #fff; padding: 7px 18px;\n    border-radius: 4px; font-weight: bold; text-decoration: none;\n    display: inline-block; font-size: 11px; letter-spacing: 0.05em; }\n</style><h1>DEMO-20260713-0021</h1><div class=\"meta\">Demo District &middot; 2026-07-13 &middot; Excavator U &middot; FENCE INSTALL</div>\n<div class=\"indicators\">\n  <div class=\"indicator\">\n    <div class=\"indicator-pill\" style=\"background:#F59E0B;\">\n      <svg viewBox=\"0 0 24 24\" width=\"32\" height=\"32\" fill=\"none\" stroke=\"white\" stroke-width=\"2\" stroke-linecap=\"round\" stroke-linejoin=\"round\" class=\"indicator-icon\"><path d=\"m21.73 18-8-14a2 2 0 0 0-3.48 0l-8 14A2 2 0 0 0 4 21h16a2 2 0 0 0 1.73-3\"/><path d=\"M12 9v4\"/><path d=\"M12 17h.01\"/></svg>\n      <div class=\"indicator-body\">\n        <div class=\"indicator-label\">Damage Likelihood</div>\n        <div class=\"indicator-level\">MODERATE</div>\n        <div class=\"indicator-sublabel\">Top 13% of all tickets</div>\n      </div>\n    </div>\n    <div class=\"indicator-context\">Top 13% by damage probability</div>\n  </div>\n  <div class=\"indicator\">\n    <div class=\"indicator-pill\" style=\"background:#F59E0B;\">\n      <svg viewBox=\"0 0 24 24\" width=\"32\" height=\"32\" fill=\"none\" stroke=\"white\" stroke-width=\"2\" stroke-linecap=\"round\" stroke-linejoin=\"round\" class=\"indicator-icon\"><path d=\"M12 2 L20 5 V11 C 20 16 16 20 12 22 C 8 20 4 16 4 11 V5 Z\"/><path d=\"M12 9 V13\"/><path d=\"M12 17 h.01\"/></svg>\n      <div class=\"indicator-body\">\n        <div class=\"indicator-label\">Impact</div>\n        <div class=\"indicator-level\">MODERATE</div>\n        <div class=\"indicator-sublabel\">Top 7% by consequence</div>\n      </div>\n    </div>\n    <div class=\"indicator-context\">1 nursing home, 71 businesses nearby</div>\n  </div>\n</div>\n\n<div class=\"drivers-block\">\n  <div class=\"drivers-title\">Likelihood Drivers</div>\n  <div class=\"drivers-row\">\n    <div class=\"driver\">\n      <div class=\"driver-pill\" style=\"background:#9CA3AF;\">\n        <svg viewBox=\"0 0 30 26\" width=\"18\" height=\"18\" fill=\"none\" stroke=\"white\" stroke-width=\"1.4\" stroke-linecap=\"round\" stroke-linejoin=\"round\" class=\"driver-icon\"><rect x=\"2\" y=\"19.5\" width=\"16\" height=\"4.5\" rx=\"2.2\"/><circle cx=\"5.5\" cy=\"21.75\" r=\"1.1\" stroke-width=\"1\"/><circle cx=\"10\" cy=\"21.75\" r=\"1.1\" stroke-width=\"1\"/><circle cx=\"14.5\" cy=\"21.75\" r=\"1.1\" stroke-width=\"1\"/><path d=\"M4.5 18.5 V15 H7.5 V13 H18 V18.5\"/><path d=\"M12 11.5 L19 4 L20.5 5.5 L13.5 13 Z\"/><path d=\"M21.5 4 L27 12 L25.5 13 L20 5 Z\"/><path d=\"M26.5 14 L27 17 Q 26.5 19.5 24 19 L23 16 Z\"/></svg>\n        <div class=\"driver-body\">\n          <div class=\"driver-name\">Excavator History</div>\n          <div class=\"driver-level\">NEW</div>\n        </div>\n      </div>\n      <div class=\"driver-context\">New excavator (< 20 lifetime tickets)</div>\n    </div>\n    <div class=\"driver\">\n      <div class=\"driver-pill\" style=\"background:#DC2626;\">\n        <svg viewBox=\"0 0 24 24\" width=\"18\" height=\"18\" fill=\"none\" stroke=\"white\" stroke-width=\"2\" stroke-linecap=\"round\" stroke-linejoin=\"round\" class=\"driver-icon\"><ellipse cx=\"12\" cy=\"5\" rx=\"9\" ry=\"3\"/><path d=\"M3 5v14a9 3 0 0 0 18 0V5\"/></svg>\n        <div class=\"driver-body\">\n          <div class=\"driver-name\">Pipe Vulnerability</div>\n          <div class=\"driver-level\">HIGH</div>\n        </div>\n      </div>\n      <div class=\"driver-context\">72-year-old Steel (top 10%)</div>\n    </div>\n    <div class=\"driver\">\n      <div class=\"driver-pill\" style=\"background:#F59E0B;\">\n        <svg viewBox=\"0 0 24 24\" width=\"18\" height=\"18\" fill=\"none\" stroke=\"white\" stroke-width=\"2\" stroke-linecap=\"round\" stroke-linejoin=\"round\" class=\"driver-icon\"><path d=\"M4 20 L14 10\"/><path d=\"M9 5 L19 15\"/></svg>\n        <div class=\"driver-body\">\n          <div class=\"driver-name\">Work Activity</div>\n          <div class=\"driver-level\">MODERATE</div>\n        </div>\n      </div>\n      <div class=\"driver-context\">Fence Install with Hand Auger</div>\n    </div>\n    <div class=\"driver\">\n      <div class=\"driver-pill\" style=\"background:#16A34A;\">\n        <svg viewBox=\"0 0 24 24\" width=\"18\" height=\"18\" fill=\"none\" stroke=\"white\" stroke-width=\"2\" stroke-linecap=\"round\" stroke-linejoin=\"round\" class=\"driver-icon\"><path d=\"M3 7V5a2 2 0 0 1 2-2h2\"/><path d=\"M17 3h2a2 2 0 0 1 2 2v2\"/><path d=\"M21 17v2a2 2 0 0 1-2 2h-2\"/><path d=\"M7 21H5a2 2 0 0 1-2-2v-2\"/></svg>\n        <div class=\"driver-body\">\n          <div class=\"driver-name\">Locate Quality</div>\n          <div class=\"driver-level\">GOOD</div>\n        </div>\n      </div>\n      <div class=\"driver-context\">Locator: Unit U (clean record)</div>\n    </div>\n  </div>\n</div>\n<div class=\"drivers-block\">\n  <div class=\"drivers-title\">Impact Drivers</div>\n  <div class=\"drivers-row\">\n    <div class=\"driver\">\n      <div class=\"driver-pill\" style=\"background:#16A34A;\">\n        <svg viewBox=\"0 0 24 24\" width=\"18\" height=\"18\" fill=\"none\" stroke=\"white\" stroke-width=\"2\" stroke-linecap=\"round\" stroke-linejoin=\"round\" class=\"driver-icon\"><path d=\"M3 12 L12 4 L21 12\"/><path d=\"M5 11 V20 H19 V11\"/></svg>\n        <div class=\"driver-body\">\n          <div class=\"driver-name\">Service Disruption</div>\n          <div class=\"driver-level\">LOW</div>\n        </div>\n      </div>\n      <div class=\"driver-context\">No chokepoint</div>\n    </div>\n    <div class=\"driver\">\n      <div class=\"driver-pill\" style=\"background:#DC2626;\">\n        <svg viewBox=\"0 0 24 24\" width=\"18\" height=\"18\" fill=\"none\" stroke=\"white\" stroke-width=\"2\" stroke-linecap=\"round\" stroke-linejoin=\"round\" class=\"driver-icon\"><path d=\"M12 7v4\"/><path d=\"M14 21v-3a2 2 0 0 0-4 0v3\"/><path d=\"M14 9h-4\"/><path d=\"M18 11h2a2 2 0 0 1 2 2v6a2 2 0 0 1-2 2H4a2 2 0 0 1-2-2v-9a2 2 0 0 1 2-2h2\"/><path d=\"M18 21V5a2 2 0 0 0-2-2H8a2 2 0 0 0-2 2v16\"/></svg>\n        <div class=\"driver-body\">\n          <div class=\"driver-name\">Critical Facilities</div>\n          <div class=\"driver-level\">HIGH</div>\n        </div>\n      </div>\n      <div class=\"driver-context\">1 nursing home</div>\n    </div>\n    <div class=\"driver\">\n      <div class=\"driver-pill\" style=\"background:#DC2626;\">\n        <svg viewBox=\"0 0 24 24\" width=\"18\" height=\"18\" fill=\"none\" stroke=\"white\" stroke-width=\"2\" stroke-linecap=\"round\" stroke-linejoin=\"round\" class=\"driver-icon\"><path d=\"M10 12h4\"/><path d=\"M10 8h4\"/><path d=\"M14 21v-3a2 2 0 0 0-4 0v3\"/><path d=\"M6 10H4a2 2 0 0 0-2 2v7a2 2 0 0 0 2 2h16a2 2 0 0 0 2-2V9a2 2 0 0 0-2-2h-2\"/><path d=\"M6 21V5a2 2 0 0 1 2-2h8a2 2 0 0 1 2 2v16\"/></svg>\n        <div class=\"driver-body\">\n          <div class=\"driver-name\">Business District</div>\n          <div class=\"driver-level\">HIGH</div>\n        </div>\n      </div>\n      <div class=\"driver-context\">71 businesses</div>\n    </div>\n    <div class=\"driver\">\n      <div class=\"driver-pill\" style=\"background:#16A34A;\">\n        <svg viewBox=\"0 0 24 24\" width=\"18\" height=\"18\" fill=\"none\" stroke=\"white\" stroke-width=\"2\" stroke-linecap=\"round\" stroke-linejoin=\"round\" class=\"driver-icon\"><path d=\"M13 2 L3 14 h9 l-1 8 10-12 h-9 z\"/></svg>\n        <div class=\"driver-body\">\n          <div class=\"driver-name\">Transmission Main</div>\n          <div class=\"driver-level\">LOW</div>\n        </div>\n      </div>\n      <div class=\"driver-context\">Distribution only</div>\n    </div>\n  </div>\n</div>\n<div class=\"demo-netline\">209 segments in dig area (51 mains, 158 services) &middot; oldest 72-yr Steel</div><div class=\"demo-action\"><a href=\"https://kartasoft.github.io/excavation-risk-demo/action_form.html?ticket_id=DEMO-20260713-0021&demo=1\" target=\"_blank\" rel=\"noopener\">LOG ACTION</a></div></div>"}}, {"type": "Feature", "geometry": {"type": "Polygon", "coordinates": [[[-82.99553548354126, 39.95893978029711], [-82.99555909893641, 39.959751876615705], [-82.99661441200976, 39.95973369867379], [-82.99659078414628, 39.95892160287516], [-82.99553548354126, 39.95893978029711]]]}, "properties": {"ticket_id": "DEMO-20260713-0022", "priority_level": "MODERATE", "likelihood_level": "MODERATE", "impact_level": "LOW", "division": "Demo District", "date": "2026-07-13", "excavator_name": "Excavator V", "work_type": "AUGER BORE", "demo_note": "synthetic demo data", "popup_html": "<div class=\"demo-popup\"><style>\n.demo-popup { font-family: -apple-system, BlinkMacSystemFont, 'Segoe UI', sans-serif;\n       color: #333; max-width: 920px; margin: 0 auto; padding: 20px; }\nh1 { color: #2c3e50; font-size: 20px; margin-bottom: 5px; }\n.meta { color: #7f8c8d; font-size: 13px; margin-bottom: 15px; }\n.risk-box { background: #f8f9fa; border-left: 4px solid #888888;\n             padding: 12px 16px; margin: 15px 0; border-radius: 4px; }\n.risk-pct { font-size: 28px; font-weight: bold; color: #888888; }\n.risk-score { font-size: 14px; color: #555; margin-top: 2px; }\n.indicators { display: flex; gap: 20px; margin: 20px 0; justify-content: center; }\n.indicator { flex: 1; max-width: 420px; text-align: center; }\n.indicator-pill { border-radius: 14px; padding: 18px 24px; color: white;\n                  box-shadow: 0 2px 6px rgba(0,0,0,0.12);\n                  display: flex; align-items: center; gap: 14px;\n                  text-align: left; }\n.indicator-icon { flex-shrink: 0; width: 32px; height: 32px; opacity: 0.95; }\n.indicator-body { flex: 1; }\n.indicator-label { font-size: 11px; letter-spacing: 0.1em; opacity: 0.9;\n                   text-transform: uppercase; }\n.indicator-level { font-size: 28px; font-weight: 800; letter-spacing: 0.04em;\n                   margin: 2px 0 2px 0; line-height: 1.1; }\n.indicator-sublabel { font-size: 13px; opacity: 0.95; font-weight: 500; }\n.indicator-context { margin-top: 8px; font-size: 12px; color: #555;\n                     line-height: 1.4; }\n.drivers-block { background: #f9fafb; border: 1px solid #e5e7eb;\n                 border-radius: 8px; padding: 14px 16px; margin: 14px 0; }\n.drivers-title { font-size: 11px; letter-spacing: 0.1em; text-transform: uppercase;\n                 color: #6b7280; font-weight: 700; margin-bottom: 8px; }\n.drivers-row { display: flex; gap: 10px; justify-content: center;\n               flex-wrap: wrap; }\n.driver { flex: 1; min-width: 180px; max-width: 220px; text-align: center; }\n.driver-pill { border-radius: 10px; padding: 10px 12px; color: white;\n               box-shadow: 0 1px 3px rgba(0,0,0,0.10);\n               display: flex; align-items: center; gap: 8px;\n               text-align: left; }\n.driver-pill.gray { background: #9ca3af; }\n.driver-icon { flex-shrink: 0; width: 18px; height: 18px; opacity: 0.95; }\n.driver-body { flex: 1; min-width: 0; }\n.driver-name { font-size: 10px; font-weight: 700; letter-spacing: 0.04em;\n               text-transform: uppercase; opacity: 0.95; white-space: nowrap;\n               overflow: hidden; text-overflow: ellipsis; }\n.driver-level { font-size: 13px; font-weight: 700; margin-top: 1px; }\n.driver-context { margin-top: 5px; font-size: 10px; color: #6b7280;\n                  line-height: 1.3; }\n.section { margin: 20px 0; }\n.section h2 { font-size: 16px; color: #2c3e50; border-bottom: 1px solid #ddd;\n               padding-bottom: 5px; }\n.drivers li { margin: 6px 0; font-size: 13px; line-height: 1.5; }\n.shap-val { color: #888; font-size: 12px; }\ntable { width: 100%; border-collapse: collapse; font-size: 13px; }\nth { background: #ecf0f1; padding: 8px; text-align: left; }\ntd { padding: 6px 8px; border-bottom: 1px solid #eee; }\n.map-container { width: 100%; height: 420px; border: 1px solid #ddd;\n                  border-radius: 4px; overflow: hidden; margin: 10px 0; }\n.footer { color: #aaa; font-size: 11px; margin-top: 30px; text-align: center; }\n\n.demo-popup { max-width: 380px; font-size: 13px; }\n.demo-popup h1 { font-size: 15px; margin: 2px 0 2px; }\n.demo-popup .meta { font-size: 11px; margin-bottom: 8px; }\n.demo-popup .indicators { gap: 10px; margin: 10px 0; }\n.demo-popup .indicator-level { font-size: 20px; }\n.demo-popup .indicator-icon { width: 22px; height: 22px; }\n.demo-popup .drivers-block { padding: 8px 10px; margin: 8px 0; }\n.demo-popup .driver { min-width: 150px; }\n.demo-banner { background: #FEF3C7; border: 1px solid #F59E0B;\n    color: #92400E; font-size: 10px; line-height: 1.35; padding: 5px 8px;\n    border-radius: 4px; margin-bottom: 8px; text-align: center;\n    font-weight: 600; }\n.demo-netline { font-size: 10px; color: #6b7280; margin-top: 8px;\n    text-align: center; line-height: 1.4; }\n.demo-action { text-align: center; margin-top: 12px; }\n.demo-action a { background: #2563EB; color: #fff; padding: 7px 18px;\n    border-radius: 4px; font-weight: bold; text-decoration: none;\n    display: inline-block; font-size: 11px; letter-spacing: 0.05em; }\n</style><h1>DEMO-20260713-0022</h1><div class=\"meta\">Demo District &middot; 2026-07-13 &middot; Excavator V &middot; AUGER BORE</div>\n<div class=\"indicators\">\n  <div class=\"indicator\">\n    <div class=\"indicator-pill\" style=\"background:#F59E0B;\">\n      <svg viewBox=\"0 0 24 24\" width=\"32\" height=\"32\" fill=\"none\" stroke=\"white\" stroke-width=\"2\" stroke-linecap=\"round\" stroke-linejoin=\"round\" class=\"indicator-icon\"><path d=\"m21.73 18-8-14a2 2 0 0 0-3.48 0l-8 14A2 2 0 0 0 4 21h16a2 2 0 0 0 1.73-3\"/><path d=\"M12 9v4\"/><path d=\"M12 17h.01\"/></svg>\n      <div class=\"indicator-body\">\n        <div class=\"indicator-label\">Damage Likelihood</div>\n        <div class=\"indicator-level\">MODERATE</div>\n        <div class=\"indicator-sublabel\">Top 7% of all tickets</div>\n      </div>\n    </div>\n    <div class=\"indicator-context\">Top 7% by damage probability</div>\n  </div>\n  <div class=\"indicator\">\n    <div class=\"indicator-pill\" style=\"background:#16A34A;\">\n      <svg viewBox=\"0 0 24 24\" width=\"32\" height=\"32\" fill=\"none\" stroke=\"white\" stroke-width=\"2\" stroke-linecap=\"round\" stroke-linejoin=\"round\" class=\"indicator-icon\"><path d=\"M12 2 L20 5 V11 C 20 16 16 20 12 22 C 8 20 4 16 4 11 V5 Z\"/><path d=\"M12 9 V13\"/><path d=\"M12 17 h.01\"/></svg>\n      <div class=\"indicator-body\">\n        <div class=\"indicator-label\">Impact</div>\n        <div class=\"indicator-level\">LOW</div>\n        <div class=\"indicator-sublabel\">Bottom 28% by consequence</div>\n      </div>\n    </div>\n    <div class=\"indicator-context\">5 businesses nearby</div>\n  </div>\n</div>\n\n<div class=\"drivers-block\">\n  <div class=\"drivers-title\">Likelihood Drivers</div>\n  <div class=\"drivers-row\">\n    <div class=\"driver\">\n      <div class=\"driver-pill\" style=\"background:#F59E0B;\">\n        <svg viewBox=\"0 0 30 26\" width=\"18\" height=\"18\" fill=\"none\" stroke=\"white\" stroke-width=\"1.4\" stroke-linecap=\"round\" stroke-linejoin=\"round\" class=\"driver-icon\"><rect x=\"2\" y=\"19.5\" width=\"16\" height=\"4.5\" rx=\"2.2\"/><circle cx=\"5.5\" cy=\"21.75\" r=\"1.1\" stroke-width=\"1\"/><circle cx=\"10\" cy=\"21.75\" r=\"1.1\" stroke-width=\"1\"/><circle cx=\"14.5\" cy=\"21.75\" r=\"1.1\" stroke-width=\"1\"/><path d=\"M4.5 18.5 V15 H7.5 V13 H18 V18.5\"/><path d=\"M12 11.5 L19 4 L20.5 5.5 L13.5 13 Z\"/><path d=\"M21.5 4 L27 12 L25.5 13 L20 5 Z\"/><path d=\"M26.5 14 L27 17 Q 26.5 19.5 24 19 L23 16 Z\"/></svg>\n        <div class=\"driver-body\">\n          <div class=\"driver-name\">Excavator History</div>\n          <div class=\"driver-level\">MODERATE</div>\n        </div>\n      </div>\n      <div class=\"driver-context\">3.9% damage rate (90d, 846 tickets)</div>\n    </div>\n    <div class=\"driver\">\n      <div class=\"driver-pill\" style=\"background:#DC2626;\">\n        <svg viewBox=\"0 0 24 24\" width=\"18\" height=\"18\" fill=\"none\" stroke=\"white\" stroke-width=\"2\" stroke-linecap=\"round\" stroke-linejoin=\"round\" class=\"driver-icon\"><ellipse cx=\"12\" cy=\"5\" rx=\"9\" ry=\"3\"/><path d=\"M3 5v14a9 3 0 0 0 18 0V5\"/></svg>\n        <div class=\"driver-body\">\n          <div class=\"driver-name\">Pipe Vulnerability</div>\n          <div class=\"driver-level\">HIGH</div>\n        </div>\n      </div>\n      <div class=\"driver-context\">unknown age Cast Iron (top 0.8%)</div>\n    </div>\n    <div class=\"driver\">\n      <div class=\"driver-pill\" style=\"background:#DC2626;\">\n        <svg viewBox=\"0 0 24 24\" width=\"18\" height=\"18\" fill=\"none\" stroke=\"white\" stroke-width=\"2\" stroke-linecap=\"round\" stroke-linejoin=\"round\" class=\"driver-icon\"><path d=\"M4 20 L14 10\"/><path d=\"M9 5 L19 15\"/></svg>\n        <div class=\"driver-body\">\n          <div class=\"driver-name\">Work Activity</div>\n          <div class=\"driver-level\">HIGH</div>\n        </div>\n      </div>\n      <div class=\"driver-context\">Auger Bore with Auger</div>\n    </div>\n    <div class=\"driver\">\n      <div class=\"driver-pill\" style=\"background:#16A34A;\">\n        <svg viewBox=\"0 0 24 24\" width=\"18\" height=\"18\" fill=\"none\" stroke=\"white\" stroke-width=\"2\" stroke-linecap=\"round\" stroke-linejoin=\"round\" class=\"driver-icon\"><path d=\"M3 7V5a2 2 0 0 1 2-2h2\"/><path d=\"M17 3h2a2 2 0 0 1 2 2v2\"/><path d=\"M21 17v2a2 2 0 0 1-2 2h-2\"/><path d=\"M7 21H5a2 2 0 0 1-2-2v-2\"/></svg>\n        <div class=\"driver-body\">\n          <div class=\"driver-name\">Locate Quality</div>\n          <div class=\"driver-level\">GOOD</div>\n        </div>\n      </div>\n      <div class=\"driver-context\">Locator: Unit V (clean record)</div>\n    </div>\n  </div>\n</div>\n<div class=\"drivers-block\">\n  <div class=\"drivers-title\">Impact Drivers</div>\n  <div class=\"drivers-row\">\n    <div class=\"driver\">\n      <div class=\"driver-pill\" style=\"background:#16A34A;\">\n        <svg viewBox=\"0 0 24 24\" width=\"18\" height=\"18\" fill=\"none\" stroke=\"white\" stroke-width=\"2\" stroke-linecap=\"round\" stroke-linejoin=\"round\" class=\"driver-icon\"><path d=\"M3 12 L12 4 L21 12\"/><path d=\"M5 11 V20 H19 V11\"/></svg>\n        <div class=\"driver-body\">\n          <div class=\"driver-name\">Service Disruption</div>\n          <div class=\"driver-level\">LOW</div>\n        </div>\n      </div>\n      <div class=\"driver-context\">No chokepoint</div>\n    </div>\n    <div class=\"driver\">\n      <div class=\"driver-pill\" style=\"background:#16A34A;\">\n        <svg viewBox=\"0 0 24 24\" width=\"18\" height=\"18\" fill=\"none\" stroke=\"white\" stroke-width=\"2\" stroke-linecap=\"round\" stroke-linejoin=\"round\" class=\"driver-icon\"><path d=\"M12 7v4\"/><path d=\"M14 21v-3a2 2 0 0 0-4 0v3\"/><path d=\"M14 9h-4\"/><path d=\"M18 11h2a2 2 0 0 1 2 2v6a2 2 0 0 1-2 2H4a2 2 0 0 1-2-2v-9a2 2 0 0 1 2-2h2\"/><path d=\"M18 21V5a2 2 0 0 0-2-2H8a2 2 0 0 0-2 2v16\"/></svg>\n        <div class=\"driver-body\">\n          <div class=\"driver-name\">Critical Facilities</div>\n          <div class=\"driver-level\">LOW</div>\n        </div>\n      </div>\n      <div class=\"driver-context\">None</div>\n    </div>\n    <div class=\"driver\">\n      <div class=\"driver-pill\" style=\"background:#F59E0B;\">\n        <svg viewBox=\"0 0 24 24\" width=\"18\" height=\"18\" fill=\"none\" stroke=\"white\" stroke-width=\"2\" stroke-linecap=\"round\" stroke-linejoin=\"round\" class=\"driver-icon\"><path d=\"M10 12h4\"/><path d=\"M10 8h4\"/><path d=\"M14 21v-3a2 2 0 0 0-4 0v3\"/><path d=\"M6 10H4a2 2 0 0 0-2 2v7a2 2 0 0 0 2 2h16a2 2 0 0 0 2-2V9a2 2 0 0 0-2-2h-2\"/><path d=\"M6 21V5a2 2 0 0 1 2-2h8a2 2 0 0 1 2 2v16\"/></svg>\n        <div class=\"driver-body\">\n          <div class=\"driver-name\">Business District</div>\n          <div class=\"driver-level\">MODERATE</div>\n        </div>\n      </div>\n      <div class=\"driver-context\">5 businesses</div>\n    </div>\n    <div class=\"driver\">\n      <div class=\"driver-pill\" style=\"background:#16A34A;\">\n        <svg viewBox=\"0 0 24 24\" width=\"18\" height=\"18\" fill=\"none\" stroke=\"white\" stroke-width=\"2\" stroke-linecap=\"round\" stroke-linejoin=\"round\" class=\"driver-icon\"><path d=\"M13 2 L3 14 h9 l-1 8 10-12 h-9 z\"/></svg>\n        <div class=\"driver-body\">\n          <div class=\"driver-name\">Transmission Main</div>\n          <div class=\"driver-level\">LOW</div>\n        </div>\n      </div>\n      <div class=\"driver-context\">Distribution only</div>\n    </div>\n  </div>\n</div>\n<div class=\"demo-netline\">12 segments in dig area (9 mains, 3 services) &middot; oldest 119-yr Cast Iron</div><div class=\"demo-action\"><a href=\"https://kartasoft.github.io/excavation-risk-demo/action_form.html?ticket_id=DEMO-20260713-0022&demo=1\" target=\"_blank\" rel=\"noopener\">LOG ACTION</a></div></div>"}}, {"type": "Feature", "geometry": {"type": "Polygon", "coordinates": [[[-83.01400855134746, 39.95774142016112], [-83.01403888793747, 39.95877510950467], [-83.01538213994334, 39.95875175584972], [-83.01535178315387, 39.95771806735647], [-83.01400855134746, 39.95774142016112]]]}, "properties": {"ticket_id": "DEMO-20260713-0023", "priority_level": "LOW", "likelihood_level": "LOW", "impact_level": "LOW", "division": "Demo District", "date": "2026-07-13", "excavator_name": "Excavator W", "work_type": "GRADING", "demo_note": "synthetic demo data", "popup_html": "<div class=\"demo-popup\"><style>\n.demo-popup { font-family: -apple-system, BlinkMacSystemFont, 'Segoe UI', sans-serif;\n       color: #333; max-width: 920px; margin: 0 auto; padding: 20px; }\nh1 { color: #2c3e50; font-size: 20px; margin-bottom: 5px; }\n.meta { color: #7f8c8d; font-size: 13px; margin-bottom: 15px; }\n.risk-box { background: #f8f9fa; border-left: 4px solid #888888;\n             padding: 12px 16px; margin: 15px 0; border-radius: 4px; }\n.risk-pct { font-size: 28px; font-weight: bold; color: #888888; }\n.risk-score { font-size: 14px; color: #555; margin-top: 2px; }\n.indicators { display: flex; gap: 20px; margin: 20px 0; justify-content: center; }\n.indicator { flex: 1; max-width: 420px; text-align: center; }\n.indicator-pill { border-radius: 14px; padding: 18px 24px; color: white;\n                  box-shadow: 0 2px 6px rgba(0,0,0,0.12);\n                  display: flex; align-items: center; gap: 14px;\n                  text-align: left; }\n.indicator-icon { flex-shrink: 0; width: 32px; height: 32px; opacity: 0.95; }\n.indicator-body { flex: 1; }\n.indicator-label { font-size: 11px; letter-spacing: 0.1em; opacity: 0.9;\n                   text-transform: uppercase; }\n.indicator-level { font-size: 28px; font-weight: 800; letter-spacing: 0.04em;\n                   margin: 2px 0 2px 0; line-height: 1.1; }\n.indicator-sublabel { font-size: 13px; opacity: 0.95; font-weight: 500; }\n.indicator-context { margin-top: 8px; font-size: 12px; color: #555;\n                     line-height: 1.4; }\n.drivers-block { background: #f9fafb; border: 1px solid #e5e7eb;\n                 border-radius: 8px; padding: 14px 16px; margin: 14px 0; }\n.drivers-title { font-size: 11px; letter-spacing: 0.1em; text-transform: uppercase;\n                 color: #6b7280; font-weight: 700; margin-bottom: 8px; }\n.drivers-row { display: flex; gap: 10px; justify-content: center;\n               flex-wrap: wrap; }\n.driver { flex: 1; min-width: 180px; max-width: 220px; text-align: center; }\n.driver-pill { border-radius: 10px; padding: 10px 12px; color: white;\n               box-shadow: 0 1px 3px rgba(0,0,0,0.10);\n               display: flex; align-items: center; gap: 8px;\n               text-align: left; }\n.driver-pill.gray { background: #9ca3af; }\n.driver-icon { flex-shrink: 0; width: 18px; height: 18px; opacity: 0.95; }\n.driver-body { flex: 1; min-width: 0; }\n.driver-name { font-size: 10px; font-weight: 700; letter-spacing: 0.04em;\n               text-transform: uppercase; opacity: 0.95; white-space: nowrap;\n               overflow: hidden; text-overflow: ellipsis; }\n.driver-level { font-size: 13px; font-weight: 700; margin-top: 1px; }\n.driver-context { margin-top: 5px; font-size: 10px; color: #6b7280;\n                  line-height: 1.3; }\n.section { margin: 20px 0; }\n.section h2 { font-size: 16px; color: #2c3e50; border-bottom: 1px solid #ddd;\n               padding-bottom: 5px; }\n.drivers li { margin: 6px 0; font-size: 13px; line-height: 1.5; }\n.shap-val { color: #888; font-size: 12px; }\ntable { width: 100%; border-collapse: collapse; font-size: 13px; }\nth { background: #ecf0f1; padding: 8px; text-align: left; }\ntd { padding: 6px 8px; border-bottom: 1px solid #eee; }\n.map-container { width: 100%; height: 420px; border: 1px solid #ddd;\n                  border-radius: 4px; overflow: hidden; margin: 10px 0; }\n.footer { color: #aaa; font-size: 11px; margin-top: 30px; text-align: center; }\n\n.demo-popup { max-width: 380px; font-size: 13px; }\n.demo-popup h1 { font-size: 15px; margin: 2px 0 2px; }\n.demo-popup .meta { font-size: 11px; margin-bottom: 8px; }\n.demo-popup .indicators { gap: 10px; margin: 10px 0; }\n.demo-popup .indicator-level { font-size: 20px; }\n.demo-popup .indicator-icon { width: 22px; height: 22px; }\n.demo-popup .drivers-block { padding: 8px 10px; margin: 8px 0; }\n.demo-popup .driver { min-width: 150px; }\n.demo-banner { background: #FEF3C7; border: 1px solid #F59E0B;\n    color: #92400E; font-size: 10px; line-height: 1.35; padding: 5px 8px;\n    border-radius: 4px; margin-bottom: 8px; text-align: center;\n    font-weight: 600; }\n.demo-netline { font-size: 10px; color: #6b7280; margin-top: 8px;\n    text-align: center; line-height: 1.4; }\n.demo-action { text-align: center; margin-top: 12px; }\n.demo-action a { background: #2563EB; color: #fff; padding: 7px 18px;\n    border-radius: 4px; font-weight: bold; text-decoration: none;\n    display: inline-block; font-size: 11px; letter-spacing: 0.05em; }\n</style><h1>DEMO-20260713-0023</h1><div class=\"meta\">Demo District &middot; 2026-07-13 &middot; Excavator W &middot; GRADING</div>\n<div class=\"indicators\">\n  <div class=\"indicator\">\n    <div class=\"indicator-pill\" style=\"background:#16A34A;\">\n      <svg viewBox=\"0 0 24 24\" width=\"32\" height=\"32\" fill=\"none\" stroke=\"white\" stroke-width=\"2\" stroke-linecap=\"round\" stroke-linejoin=\"round\" class=\"indicator-icon\"><path d=\"m21.73 18-8-14a2 2 0 0 0-3.48 0l-8 14A2 2 0 0 0 4 21h16a2 2 0 0 0 1.73-3\"/><path d=\"M12 9v4\"/><path d=\"M12 17h.01\"/></svg>\n      <div class=\"indicator-body\">\n        <div class=\"indicator-label\">Damage Likelihood</div>\n        <div class=\"indicator-level\">LOW</div>\n        <div class=\"indicator-sublabel\">Bottom 38% of all tickets</div>\n      </div>\n    </div>\n    <div class=\"indicator-context\">Bottom 38% by damage probability</div>\n  </div>\n  <div class=\"indicator\">\n    <div class=\"indicator-pill\" style=\"background:#16A34A;\">\n      <svg viewBox=\"0 0 24 24\" width=\"32\" height=\"32\" fill=\"none\" stroke=\"white\" stroke-width=\"2\" stroke-linecap=\"round\" stroke-linejoin=\"round\" class=\"indicator-icon\"><path d=\"M12 2 L20 5 V11 C 20 16 16 20 12 22 C 8 20 4 16 4 11 V5 Z\"/><path d=\"M12 9 V13\"/><path d=\"M12 17 h.01\"/></svg>\n      <div class=\"indicator-body\">\n        <div class=\"indicator-label\">Impact</div>\n        <div class=\"indicator-level\">LOW</div>\n        <div class=\"indicator-sublabel\">Bottom 42% by consequence</div>\n      </div>\n    </div>\n    <div class=\"indicator-context\">7 businesses nearby</div>\n  </div>\n</div>\n\n<div class=\"drivers-block\">\n  <div class=\"drivers-title\">Likelihood Drivers</div>\n  <div class=\"drivers-row\">\n    <div class=\"driver\">\n      <div class=\"driver-pill\" style=\"background:#F59E0B;\">\n        <svg viewBox=\"0 0 30 26\" width=\"18\" height=\"18\" fill=\"none\" stroke=\"white\" stroke-width=\"1.4\" stroke-linecap=\"round\" stroke-linejoin=\"round\" class=\"driver-icon\"><rect x=\"2\" y=\"19.5\" width=\"16\" height=\"4.5\" rx=\"2.2\"/><circle cx=\"5.5\" cy=\"21.75\" r=\"1.1\" stroke-width=\"1\"/><circle cx=\"10\" cy=\"21.75\" r=\"1.1\" stroke-width=\"1\"/><circle cx=\"14.5\" cy=\"21.75\" r=\"1.1\" stroke-width=\"1\"/><path d=\"M4.5 18.5 V15 H7.5 V13 H18 V18.5\"/><path d=\"M12 11.5 L19 4 L20.5 5.5 L13.5 13 Z\"/><path d=\"M21.5 4 L27 12 L25.5 13 L20 5 Z\"/><path d=\"M26.5 14 L27 17 Q 26.5 19.5 24 19 L23 16 Z\"/></svg>\n        <div class=\"driver-body\">\n          <div class=\"driver-name\">Excavator History</div>\n          <div class=\"driver-level\">MODERATE</div>\n        </div>\n      </div>\n      <div class=\"driver-context\">3.7% damage rate (90d, 725 tickets)</div>\n    </div>\n    <div class=\"driver\">\n      <div class=\"driver-pill\" style=\"background:#16A34A;\">\n        <svg viewBox=\"0 0 24 24\" width=\"18\" height=\"18\" fill=\"none\" stroke=\"white\" stroke-width=\"2\" stroke-linecap=\"round\" stroke-linejoin=\"round\" class=\"driver-icon\"><ellipse cx=\"12\" cy=\"5\" rx=\"9\" ry=\"3\"/><path d=\"M3 5v14a9 3 0 0 0 18 0V5\"/></svg>\n        <div class=\"driver-body\">\n          <div class=\"driver-name\">Pipe Vulnerability</div>\n          <div class=\"driver-level\">LOW</div>\n        </div>\n      </div>\n      <div class=\"driver-context\">30-year-old MDPE (bottom 26%)</div>\n    </div>\n    <div class=\"driver\">\n      <div class=\"driver-pill\" style=\"background:#DC2626;\">\n        <svg viewBox=\"0 0 24 24\" width=\"18\" height=\"18\" fill=\"none\" stroke=\"white\" stroke-width=\"2\" stroke-linecap=\"round\" stroke-linejoin=\"round\" class=\"driver-icon\"><path d=\"M4 20 L14 10\"/><path d=\"M9 5 L19 15\"/></svg>\n        <div class=\"driver-body\">\n          <div class=\"driver-name\">Work Activity</div>\n          <div class=\"driver-level\">HIGH</div>\n        </div>\n      </div>\n      <div class=\"driver-context\">Grading with Grader</div>\n    </div>\n    <div class=\"driver\">\n      <div class=\"driver-pill\" style=\"background:#16A34A;\">\n        <svg viewBox=\"0 0 24 24\" width=\"18\" height=\"18\" fill=\"none\" stroke=\"white\" stroke-width=\"2\" stroke-linecap=\"round\" stroke-linejoin=\"round\" class=\"driver-icon\"><path d=\"M3 7V5a2 2 0 0 1 2-2h2\"/><path d=\"M17 3h2a2 2 0 0 1 2 2v2\"/><path d=\"M21 17v2a2 2 0 0 1-2 2h-2\"/><path d=\"M7 21H5a2 2 0 0 1-2-2v-2\"/></svg>\n        <div class=\"driver-body\">\n          <div class=\"driver-name\">Locate Quality</div>\n          <div class=\"driver-level\">GOOD</div>\n        </div>\n      </div>\n      <div class=\"driver-context\">Locator: Unit W (clean record)</div>\n    </div>\n  </div>\n</div>\n<div class=\"drivers-block\">\n  <div class=\"drivers-title\">Impact Drivers</div>\n  <div class=\"drivers-row\">\n    <div class=\"driver\">\n      <div class=\"driver-pill\" style=\"background:#16A34A;\">\n        <svg viewBox=\"0 0 24 24\" width=\"18\" height=\"18\" fill=\"none\" stroke=\"white\" stroke-width=\"2\" stroke-linecap=\"round\" stroke-linejoin=\"round\" class=\"driver-icon\"><path d=\"M3 12 L12 4 L21 12\"/><path d=\"M5 11 V20 H19 V11\"/></svg>\n        <div class=\"driver-body\">\n          <div class=\"driver-name\">Service Disruption</div>\n          <div class=\"driver-level\">LOW</div>\n        </div>\n      </div>\n      <div class=\"driver-context\">No chokepoint</div>\n    </div>\n    <div class=\"driver\">\n      <div class=\"driver-pill\" style=\"background:#16A34A;\">\n        <svg viewBox=\"0 0 24 24\" width=\"18\" height=\"18\" fill=\"none\" stroke=\"white\" stroke-width=\"2\" stroke-linecap=\"round\" stroke-linejoin=\"round\" class=\"driver-icon\"><path d=\"M12 7v4\"/><path d=\"M14 21v-3a2 2 0 0 0-4 0v3\"/><path d=\"M14 9h-4\"/><path d=\"M18 11h2a2 2 0 0 1 2 2v6a2 2 0 0 1-2 2H4a2 2 0 0 1-2-2v-9a2 2 0 0 1 2-2h2\"/><path d=\"M18 21V5a2 2 0 0 0-2-2H8a2 2 0 0 0-2 2v16\"/></svg>\n        <div class=\"driver-body\">\n          <div class=\"driver-name\">Critical Facilities</div>\n          <div class=\"driver-level\">LOW</div>\n        </div>\n      </div>\n      <div class=\"driver-context\">None</div>\n    </div>\n    <div class=\"driver\">\n      <div class=\"driver-pill\" style=\"background:#F59E0B;\">\n        <svg viewBox=\"0 0 24 24\" width=\"18\" height=\"18\" fill=\"none\" stroke=\"white\" stroke-width=\"2\" stroke-linecap=\"round\" stroke-linejoin=\"round\" class=\"driver-icon\"><path d=\"M10 12h4\"/><path d=\"M10 8h4\"/><path d=\"M14 21v-3a2 2 0 0 0-4 0v3\"/><path d=\"M6 10H4a2 2 0 0 0-2 2v7a2 2 0 0 0 2 2h16a2 2 0 0 0 2-2V9a2 2 0 0 0-2-2h-2\"/><path d=\"M6 21V5a2 2 0 0 1 2-2h8a2 2 0 0 1 2 2v16\"/></svg>\n        <div class=\"driver-body\">\n          <div class=\"driver-name\">Business District</div>\n          <div class=\"driver-level\">MODERATE</div>\n        </div>\n      </div>\n      <div class=\"driver-context\">7 businesses</div>\n    </div>\n    <div class=\"driver\">\n      <div class=\"driver-pill\" style=\"background:#16A34A;\">\n        <svg viewBox=\"0 0 24 24\" width=\"18\" height=\"18\" fill=\"none\" stroke=\"white\" stroke-width=\"2\" stroke-linecap=\"round\" stroke-linejoin=\"round\" class=\"driver-icon\"><path d=\"M13 2 L3 14 h9 l-1 8 10-12 h-9 z\"/></svg>\n        <div class=\"driver-body\">\n          <div class=\"driver-name\">Transmission Main</div>\n          <div class=\"driver-level\">LOW</div>\n        </div>\n      </div>\n      <div class=\"driver-context\">Distribution only</div>\n    </div>\n  </div>\n</div>\n<div class=\"demo-netline\">16 segments in dig area (10 mains, 6 services) &middot; oldest 30-yr MDPE</div><div class=\"demo-action\"><a href=\"https://kartasoft.github.io/excavation-risk-demo/action_form.html?ticket_id=DEMO-20260713-0023&demo=1\" target=\"_blank\" rel=\"noopener\">LOG ACTION</a></div></div>"}}, {"type": "Feature", "geometry": {"type": "Polygon", "coordinates": [[[-83.00834963122273, 39.95745366626071], [-83.00837735419042, 39.958400974647], [-83.00960834970726, 39.95837963350959], [-83.0095806097752, 39.9574323258354], [-83.00834963122273, 39.95745366626071]]]}, "properties": {"ticket_id": "DEMO-20260713-0024", "priority_level": "LOW", "likelihood_level": "LOW", "impact_level": "LOW", "division": "Demo District", "date": "2026-07-13", "excavator_name": "Excavator X", "work_type": "TRENCHING", "demo_note": "synthetic demo data", "popup_html": "<div class=\"demo-popup\"><style>\n.demo-popup { font-family: -apple-system, BlinkMacSystemFont, 'Segoe UI', sans-serif;\n       color: #333; max-width: 920px; margin: 0 auto; padding: 20px; }\nh1 { color: #2c3e50; font-size: 20px; margin-bottom: 5px; }\n.meta { color: #7f8c8d; font-size: 13px; margin-bottom: 15px; }\n.risk-box { background: #f8f9fa; border-left: 4px solid #888888;\n             padding: 12px 16px; margin: 15px 0; border-radius: 4px; }\n.risk-pct { font-size: 28px; font-weight: bold; color: #888888; }\n.risk-score { font-size: 14px; color: #555; margin-top: 2px; }\n.indicators { display: flex; gap: 20px; margin: 20px 0; justify-content: center; }\n.indicator { flex: 1; max-width: 420px; text-align: center; }\n.indicator-pill { border-radius: 14px; padding: 18px 24px; color: white;\n                  box-shadow: 0 2px 6px rgba(0,0,0,0.12);\n                  display: flex; align-items: center; gap: 14px;\n                  text-align: left; }\n.indicator-icon { flex-shrink: 0; width: 32px; height: 32px; opacity: 0.95; }\n.indicator-body { flex: 1; }\n.indicator-label { font-size: 11px; letter-spacing: 0.1em; opacity: 0.9;\n                   text-transform: uppercase; }\n.indicator-level { font-size: 28px; font-weight: 800; letter-spacing: 0.04em;\n                   margin: 2px 0 2px 0; line-height: 1.1; }\n.indicator-sublabel { font-size: 13px; opacity: 0.95; font-weight: 500; }\n.indicator-context { margin-top: 8px; font-size: 12px; color: #555;\n                     line-height: 1.4; }\n.drivers-block { background: #f9fafb; border: 1px solid #e5e7eb;\n                 border-radius: 8px; padding: 14px 16px; margin: 14px 0; }\n.drivers-title { font-size: 11px; letter-spacing: 0.1em; text-transform: uppercase;\n                 color: #6b7280; font-weight: 700; margin-bottom: 8px; }\n.drivers-row { display: flex; gap: 10px; justify-content: center;\n               flex-wrap: wrap; }\n.driver { flex: 1; min-width: 180px; max-width: 220px; text-align: center; }\n.driver-pill { border-radius: 10px; padding: 10px 12px; color: white;\n               box-shadow: 0 1px 3px rgba(0,0,0,0.10);\n               display: flex; align-items: center; gap: 8px;\n               text-align: left; }\n.driver-pill.gray { background: #9ca3af; }\n.driver-icon { flex-shrink: 0; width: 18px; height: 18px; opacity: 0.95; }\n.driver-body { flex: 1; min-width: 0; }\n.driver-name { font-size: 10px; font-weight: 700; letter-spacing: 0.04em;\n               text-transform: uppercase; opacity: 0.95; white-space: nowrap;\n               overflow: hidden; text-overflow: ellipsis; }\n.driver-level { font-size: 13px; font-weight: 700; margin-top: 1px; }\n.driver-context { margin-top: 5px; font-size: 10px; color: #6b7280;\n                  line-height: 1.3; }\n.section { margin: 20px 0; }\n.section h2 { font-size: 16px; color: #2c3e50; border-bottom: 1px solid #ddd;\n               padding-bottom: 5px; }\n.drivers li { margin: 6px 0; font-size: 13px; line-height: 1.5; }\n.shap-val { color: #888; font-size: 12px; }\ntable { width: 100%; border-collapse: collapse; font-size: 13px; }\nth { background: #ecf0f1; padding: 8px; text-align: left; }\ntd { padding: 6px 8px; border-bottom: 1px solid #eee; }\n.map-container { width: 100%; height: 420px; border: 1px solid #ddd;\n                  border-radius: 4px; overflow: hidden; margin: 10px 0; }\n.footer { color: #aaa; font-size: 11px; margin-top: 30px; text-align: center; }\n\n.demo-popup { max-width: 380px; font-size: 13px; }\n.demo-popup h1 { font-size: 15px; margin: 2px 0 2px; }\n.demo-popup .meta { font-size: 11px; margin-bottom: 8px; }\n.demo-popup .indicators { gap: 10px; margin: 10px 0; }\n.demo-popup .indicator-level { font-size: 20px; }\n.demo-popup .indicator-icon { width: 22px; height: 22px; }\n.demo-popup .drivers-block { padding: 8px 10px; margin: 8px 0; }\n.demo-popup .driver { min-width: 150px; }\n.demo-banner { background: #FEF3C7; border: 1px solid #F59E0B;\n    color: #92400E; font-size: 10px; line-height: 1.35; padding: 5px 8px;\n    border-radius: 4px; margin-bottom: 8px; text-align: center;\n    font-weight: 600; }\n.demo-netline { font-size: 10px; color: #6b7280; margin-top: 8px;\n    text-align: center; line-height: 1.4; }\n.demo-action { text-align: center; margin-top: 12px; }\n.demo-action a { background: #2563EB; color: #fff; padding: 7px 18px;\n    border-radius: 4px; font-weight: bold; text-decoration: none;\n    display: inline-block; font-size: 11px; letter-spacing: 0.05em; }\n</style><h1>DEMO-20260713-0024</h1><div class=\"meta\">Demo District &middot; 2026-07-13 &middot; Excavator X &middot; TRENCHING</div>\n<div class=\"indicators\">\n  <div class=\"indicator\">\n    <div class=\"indicator-pill\" style=\"background:#16A34A;\">\n      <svg viewBox=\"0 0 24 24\" width=\"32\" height=\"32\" fill=\"none\" stroke=\"white\" stroke-width=\"2\" stroke-linecap=\"round\" stroke-linejoin=\"round\" class=\"indicator-icon\"><path d=\"m21.73 18-8-14a2 2 0 0 0-3.48 0l-8 14A2 2 0 0 0 4 21h16a2 2 0 0 0 1.73-3\"/><path d=\"M12 9v4\"/><path d=\"M12 17h.01\"/></svg>\n      <div class=\"indicator-body\">\n        <div class=\"indicator-label\">Damage Likelihood</div>\n        <div class=\"indicator-level\">LOW</div>\n        <div class=\"indicator-sublabel\">Bottom 67% of all tickets</div>\n      </div>\n    </div>\n    <div class=\"indicator-context\">Bottom 67% by damage probability</div>\n  </div>\n  <div class=\"indicator\">\n    <div class=\"indicator-pill\" style=\"background:#16A34A;\">\n      <svg viewBox=\"0 0 24 24\" width=\"32\" height=\"32\" fill=\"none\" stroke=\"white\" stroke-width=\"2\" stroke-linecap=\"round\" stroke-linejoin=\"round\" class=\"indicator-icon\"><path d=\"M12 2 L20 5 V11 C 20 16 16 20 12 22 C 8 20 4 16 4 11 V5 Z\"/><path d=\"M12 9 V13\"/><path d=\"M12 17 h.01\"/></svg>\n      <div class=\"indicator-body\">\n        <div class=\"indicator-label\">Impact</div>\n        <div class=\"indicator-level\">LOW</div>\n        <div class=\"indicator-sublabel\">Bottom 18% by consequence</div>\n      </div>\n    </div>\n    <div class=\"indicator-context\">2 businesses nearby</div>\n  </div>\n</div>\n\n<div class=\"drivers-block\">\n  <div class=\"drivers-title\">Likelihood Drivers</div>\n  <div class=\"drivers-row\">\n    <div class=\"driver\">\n      <div class=\"driver-pill\" style=\"background:#DC2626;\">\n        <svg viewBox=\"0 0 30 26\" width=\"18\" height=\"18\" fill=\"none\" stroke=\"white\" stroke-width=\"1.4\" stroke-linecap=\"round\" stroke-linejoin=\"round\" class=\"driver-icon\"><rect x=\"2\" y=\"19.5\" width=\"16\" height=\"4.5\" rx=\"2.2\"/><circle cx=\"5.5\" cy=\"21.75\" r=\"1.1\" stroke-width=\"1\"/><circle cx=\"10\" cy=\"21.75\" r=\"1.1\" stroke-width=\"1\"/><circle cx=\"14.5\" cy=\"21.75\" r=\"1.1\" stroke-width=\"1\"/><path d=\"M4.5 18.5 V15 H7.5 V13 H18 V18.5\"/><path d=\"M12 11.5 L19 4 L20.5 5.5 L13.5 13 Z\"/><path d=\"M21.5 4 L27 12 L25.5 13 L20 5 Z\"/><path d=\"M26.5 14 L27 17 Q 26.5 19.5 24 19 L23 16 Z\"/></svg>\n        <div class=\"driver-body\">\n          <div class=\"driver-name\">Excavator History</div>\n          <div class=\"driver-level\">HIGH</div>\n        </div>\n      </div>\n      <div class=\"driver-context\">6.8% damage rate (90d, 311 tickets)</div>\n    </div>\n    <div class=\"driver\">\n      <div class=\"driver-pill\" style=\"background:#16A34A;\">\n        <svg viewBox=\"0 0 24 24\" width=\"18\" height=\"18\" fill=\"none\" stroke=\"white\" stroke-width=\"2\" stroke-linecap=\"round\" stroke-linejoin=\"round\" class=\"driver-icon\"><ellipse cx=\"12\" cy=\"5\" rx=\"9\" ry=\"3\"/><path d=\"M3 5v14a9 3 0 0 0 18 0V5\"/></svg>\n        <div class=\"driver-body\">\n          <div class=\"driver-name\">Pipe Vulnerability</div>\n          <div class=\"driver-level\">LOW</div>\n        </div>\n      </div>\n      <div class=\"driver-context\">60-year-old Steel (bottom 66%)</div>\n    </div>\n    <div class=\"driver\">\n      <div class=\"driver-pill\" style=\"background:#DC2626;\">\n        <svg viewBox=\"0 0 24 24\" width=\"18\" height=\"18\" fill=\"none\" stroke=\"white\" stroke-width=\"2\" stroke-linecap=\"round\" stroke-linejoin=\"round\" class=\"driver-icon\"><path d=\"M4 20 L14 10\"/><path d=\"M9 5 L19 15\"/></svg>\n        <div class=\"driver-body\">\n          <div class=\"driver-name\">Work Activity</div>\n          <div class=\"driver-level\">HIGH</div>\n        </div>\n      </div>\n      <div class=\"driver-context\">Trenching with Trencher</div>\n    </div>\n    <div class=\"driver\">\n      <div class=\"driver-pill\" style=\"background:#DC2626;\">\n        <svg viewBox=\"0 0 24 24\" width=\"18\" height=\"18\" fill=\"none\" stroke=\"white\" stroke-width=\"2\" stroke-linecap=\"round\" stroke-linejoin=\"round\" class=\"driver-icon\"><path d=\"M3 7V5a2 2 0 0 1 2-2h2\"/><path d=\"M17 3h2a2 2 0 0 1 2 2v2\"/><path d=\"M21 17v2a2 2 0 0 1-2 2h-2\"/><path d=\"M7 21H5a2 2 0 0 1-2-2v-2\"/></svg>\n        <div class=\"driver-body\">\n          <div class=\"driver-name\">Locate Quality</div>\n          <div class=\"driver-level\">POOR</div>\n        </div>\n      </div>\n      <div class=\"driver-context\">Locator: Unit X (above-avg damage rate)</div>\n    </div>\n  </div>\n</div>\n<div class=\"drivers-block\">\n  <div class=\"drivers-title\">Impact Drivers</div>\n  <div class=\"drivers-row\">\n    <div class=\"driver\">\n      <div class=\"driver-pill\" style=\"background:#16A34A;\">\n        <svg viewBox=\"0 0 24 24\" width=\"18\" height=\"18\" fill=\"none\" stroke=\"white\" stroke-width=\"2\" stroke-linecap=\"round\" stroke-linejoin=\"round\" class=\"driver-icon\"><path d=\"M3 12 L12 4 L21 12\"/><path d=\"M5 11 V20 H19 V11\"/></svg>\n        <div class=\"driver-body\">\n          <div class=\"driver-name\">Service Disruption</div>\n          <div class=\"driver-level\">LOW</div>\n        </div>\n      </div>\n      <div class=\"driver-context\">No chokepoint</div>\n    </div>\n    <div class=\"driver\">\n      <div class=\"driver-pill\" style=\"background:#16A34A;\">\n        <svg viewBox=\"0 0 24 24\" width=\"18\" height=\"18\" fill=\"none\" stroke=\"white\" stroke-width=\"2\" stroke-linecap=\"round\" stroke-linejoin=\"round\" class=\"driver-icon\"><path d=\"M12 7v4\"/><path d=\"M14 21v-3a2 2 0 0 0-4 0v3\"/><path d=\"M14 9h-4\"/><path d=\"M18 11h2a2 2 0 0 1 2 2v6a2 2 0 0 1-2 2H4a2 2 0 0 1-2-2v-9a2 2 0 0 1 2-2h2\"/><path d=\"M18 21V5a2 2 0 0 0-2-2H8a2 2 0 0 0-2 2v16\"/></svg>\n        <div class=\"driver-body\">\n          <div class=\"driver-name\">Critical Facilities</div>\n          <div class=\"driver-level\">LOW</div>\n        </div>\n      </div>\n      <div class=\"driver-context\">None</div>\n    </div>\n    <div class=\"driver\">\n      <div class=\"driver-pill\" style=\"background:#F59E0B;\">\n        <svg viewBox=\"0 0 24 24\" width=\"18\" height=\"18\" fill=\"none\" stroke=\"white\" stroke-width=\"2\" stroke-linecap=\"round\" stroke-linejoin=\"round\" class=\"driver-icon\"><path d=\"M10 12h4\"/><path d=\"M10 8h4\"/><path d=\"M14 21v-3a2 2 0 0 0-4 0v3\"/><path d=\"M6 10H4a2 2 0 0 0-2 2v7a2 2 0 0 0 2 2h16a2 2 0 0 0 2-2V9a2 2 0 0 0-2-2h-2\"/><path d=\"M6 21V5a2 2 0 0 1 2-2h8a2 2 0 0 1 2 2v16\"/></svg>\n        <div class=\"driver-body\">\n          <div class=\"driver-name\">Business District</div>\n          <div class=\"driver-level\">MODERATE</div>\n        </div>\n      </div>\n      <div class=\"driver-context\">2 businesses</div>\n    </div>\n    <div class=\"driver\">\n      <div class=\"driver-pill\" style=\"background:#16A34A;\">\n        <svg viewBox=\"0 0 24 24\" width=\"18\" height=\"18\" fill=\"none\" stroke=\"white\" stroke-width=\"2\" stroke-linecap=\"round\" stroke-linejoin=\"round\" class=\"driver-icon\"><path d=\"M13 2 L3 14 h9 l-1 8 10-12 h-9 z\"/></svg>\n        <div class=\"driver-body\">\n          <div class=\"driver-name\">Transmission Main</div>\n          <div class=\"driver-level\">LOW</div>\n        </div>\n      </div>\n      <div class=\"driver-context\">Distribution only</div>\n    </div>\n  </div>\n</div>\n<div class=\"demo-netline\">8 segments in dig area (7 mains, 1 services) &middot; oldest 60-yr Steel</div><div class=\"demo-action\"><a href=\"https://kartasoft.github.io/excavation-risk-demo/action_form.html?ticket_id=DEMO-20260713-0024&demo=1\" target=\"_blank\" rel=\"noopener\">LOG ACTION</a></div></div>"}}, {"type": "Feature", "geometry": {"type": "Polygon", "coordinates": [[[-83.01465932729039, 39.949384372478455], [-83.01466461245693, 39.949564458466995], [-83.01489859781351, 39.949560390503805], [-83.01489331203416, 39.949380304541066], [-83.01465932729039, 39.949384372478455]]]}, "properties": {"ticket_id": "DEMO-20260713-0025", "priority_level": "LOW", "likelihood_level": "LOW", "impact_level": "LOW", "division": "Demo District", "date": "2026-07-13", "excavator_name": "Excavator Y", "work_type": "CABLE INSTALL", "demo_note": "synthetic demo data", "popup_html": "<div class=\"demo-popup\"><style>\n.demo-popup { font-family: -apple-system, BlinkMacSystemFont, 'Segoe UI', sans-serif;\n       color: #333; max-width: 920px; margin: 0 auto; padding: 20px; }\nh1 { color: #2c3e50; font-size: 20px; margin-bottom: 5px; }\n.meta { color: #7f8c8d; font-size: 13px; margin-bottom: 15px; }\n.risk-box { background: #f8f9fa; border-left: 4px solid #888888;\n             padding: 12px 16px; margin: 15px 0; border-radius: 4px; }\n.risk-pct { font-size: 28px; font-weight: bold; color: #888888; }\n.risk-score { font-size: 14px; color: #555; margin-top: 2px; }\n.indicators { display: flex; gap: 20px; margin: 20px 0; justify-content: center; }\n.indicator { flex: 1; max-width: 420px; text-align: center; }\n.indicator-pill { border-radius: 14px; padding: 18px 24px; color: white;\n                  box-shadow: 0 2px 6px rgba(0,0,0,0.12);\n                  display: flex; align-items: center; gap: 14px;\n                  text-align: left; }\n.indicator-icon { flex-shrink: 0; width: 32px; height: 32px; opacity: 0.95; }\n.indicator-body { flex: 1; }\n.indicator-label { font-size: 11px; letter-spacing: 0.1em; opacity: 0.9;\n                   text-transform: uppercase; }\n.indicator-level { font-size: 28px; font-weight: 800; letter-spacing: 0.04em;\n                   margin: 2px 0 2px 0; line-height: 1.1; }\n.indicator-sublabel { font-size: 13px; opacity: 0.95; font-weight: 500; }\n.indicator-context { margin-top: 8px; font-size: 12px; color: #555;\n                     line-height: 1.4; }\n.drivers-block { background: #f9fafb; border: 1px solid #e5e7eb;\n                 border-radius: 8px; padding: 14px 16px; margin: 14px 0; }\n.drivers-title { font-size: 11px; letter-spacing: 0.1em; text-transform: uppercase;\n                 color: #6b7280; font-weight: 700; margin-bottom: 8px; }\n.drivers-row { display: flex; gap: 10px; justify-content: center;\n               flex-wrap: wrap; }\n.driver { flex: 1; min-width: 180px; max-width: 220px; text-align: center; }\n.driver-pill { border-radius: 10px; padding: 10px 12px; color: white;\n               box-shadow: 0 1px 3px rgba(0,0,0,0.10);\n               display: flex; align-items: center; gap: 8px;\n               text-align: left; }\n.driver-pill.gray { background: #9ca3af; }\n.driver-icon { flex-shrink: 0; width: 18px; height: 18px; opacity: 0.95; }\n.driver-body { flex: 1; min-width: 0; }\n.driver-name { font-size: 10px; font-weight: 700; letter-spacing: 0.04em;\n               text-transform: uppercase; opacity: 0.95; white-space: nowrap;\n               overflow: hidden; text-overflow: ellipsis; }\n.driver-level { font-size: 13px; font-weight: 700; margin-top: 1px; }\n.driver-context { margin-top: 5px; font-size: 10px; color: #6b7280;\n                  line-height: 1.3; }\n.section { margin: 20px 0; }\n.section h2 { font-size: 16px; color: #2c3e50; border-bottom: 1px solid #ddd;\n               padding-bottom: 5px; }\n.drivers li { margin: 6px 0; font-size: 13px; line-height: 1.5; }\n.shap-val { color: #888; font-size: 12px; }\ntable { width: 100%; border-collapse: collapse; font-size: 13px; }\nth { background: #ecf0f1; padding: 8px; text-align: left; }\ntd { padding: 6px 8px; border-bottom: 1px solid #eee; }\n.map-container { width: 100%; height: 420px; border: 1px solid #ddd;\n                  border-radius: 4px; overflow: hidden; margin: 10px 0; }\n.footer { color: #aaa; font-size: 11px; margin-top: 30px; text-align: center; }\n\n.demo-popup { max-width: 380px; font-size: 13px; }\n.demo-popup h1 { font-size: 15px; margin: 2px 0 2px; }\n.demo-popup .meta { font-size: 11px; margin-bottom: 8px; }\n.demo-popup .indicators { gap: 10px; margin: 10px 0; }\n.demo-popup .indicator-level { font-size: 20px; }\n.demo-popup .indicator-icon { width: 22px; height: 22px; }\n.demo-popup .drivers-block { padding: 8px 10px; margin: 8px 0; }\n.demo-popup .driver { min-width: 150px; }\n.demo-banner { background: #FEF3C7; border: 1px solid #F59E0B;\n    color: #92400E; font-size: 10px; line-height: 1.35; padding: 5px 8px;\n    border-radius: 4px; margin-bottom: 8px; text-align: center;\n    font-weight: 600; }\n.demo-netline { font-size: 10px; color: #6b7280; margin-top: 8px;\n    text-align: center; line-height: 1.4; }\n.demo-action { text-align: center; margin-top: 12px; }\n.demo-action a { background: #2563EB; color: #fff; padding: 7px 18px;\n    border-radius: 4px; font-weight: bold; text-decoration: none;\n    display: inline-block; font-size: 11px; letter-spacing: 0.05em; }\n</style><h1>DEMO-20260713-0025</h1><div class=\"meta\">Demo District &middot; 2026-07-13 &middot; Excavator Y &middot; CABLE INSTALL</div>\n<div class=\"indicators\">\n  <div class=\"indicator\">\n    <div class=\"indicator-pill\" style=\"background:#16A34A;\">\n      <svg viewBox=\"0 0 24 24\" width=\"32\" height=\"32\" fill=\"none\" stroke=\"white\" stroke-width=\"2\" stroke-linecap=\"round\" stroke-linejoin=\"round\" class=\"indicator-icon\"><path d=\"m21.73 18-8-14a2 2 0 0 0-3.48 0l-8 14A2 2 0 0 0 4 21h16a2 2 0 0 0 1.73-3\"/><path d=\"M12 9v4\"/><path d=\"M12 17h.01\"/></svg>\n      <div class=\"indicator-body\">\n        <div class=\"indicator-label\">Damage Likelihood</div>\n        <div class=\"indicator-level\">LOW</div>\n        <div class=\"indicator-sublabel\">Bottom 7% of all tickets</div>\n      </div>\n    </div>\n    <div class=\"indicator-context\">Bottom 7% by damage probability</div>\n  </div>\n  <div class=\"indicator\">\n    <div class=\"indicator-pill\" style=\"background:#16A34A;\">\n      <svg viewBox=\"0 0 24 24\" width=\"32\" height=\"32\" fill=\"none\" stroke=\"white\" stroke-width=\"2\" stroke-linecap=\"round\" stroke-linejoin=\"round\" class=\"indicator-icon\"><path d=\"M12 2 L20 5 V11 C 20 16 16 20 12 22 C 8 20 4 16 4 11 V5 Z\"/><path d=\"M12 9 V13\"/><path d=\"M12 17 h.01\"/></svg>\n      <div class=\"indicator-body\">\n        <div class=\"indicator-label\">Impact</div>\n        <div class=\"indicator-level\">LOW</div>\n        <div class=\"indicator-sublabel\">Bottom 5% by consequence</div>\n      </div>\n    </div>\n    <div class=\"indicator-context\">No downstream impact data</div>\n  </div>\n</div>\n\n<div class=\"drivers-block\">\n  <div class=\"drivers-title\">Likelihood Drivers</div>\n  <div class=\"drivers-row\">\n    <div class=\"driver\">\n      <div class=\"driver-pill\" style=\"background:#16A34A;\">\n        <svg viewBox=\"0 0 30 26\" width=\"18\" height=\"18\" fill=\"none\" stroke=\"white\" stroke-width=\"1.4\" stroke-linecap=\"round\" stroke-linejoin=\"round\" class=\"driver-icon\"><rect x=\"2\" y=\"19.5\" width=\"16\" height=\"4.5\" rx=\"2.2\"/><circle cx=\"5.5\" cy=\"21.75\" r=\"1.1\" stroke-width=\"1\"/><circle cx=\"10\" cy=\"21.75\" r=\"1.1\" stroke-width=\"1\"/><circle cx=\"14.5\" cy=\"21.75\" r=\"1.1\" stroke-width=\"1\"/><path d=\"M4.5 18.5 V15 H7.5 V13 H18 V18.5\"/><path d=\"M12 11.5 L19 4 L20.5 5.5 L13.5 13 Z\"/><path d=\"M21.5 4 L27 12 L25.5 13 L20 5 Z\"/><path d=\"M26.5 14 L27 17 Q 26.5 19.5 24 19 L23 16 Z\"/></svg>\n        <div class=\"driver-body\">\n          <div class=\"driver-name\">Excavator History</div>\n          <div class=\"driver-level\">LOW</div>\n        </div>\n      </div>\n      <div class=\"driver-context\">1.6% damage rate (90d, 398 tickets)</div>\n    </div>\n    <div class=\"driver\">\n      <div class=\"driver-pill\" style=\"background:#16A34A;\">\n        <svg viewBox=\"0 0 24 24\" width=\"18\" height=\"18\" fill=\"none\" stroke=\"white\" stroke-width=\"2\" stroke-linecap=\"round\" stroke-linejoin=\"round\" class=\"driver-icon\"><ellipse cx=\"12\" cy=\"5\" rx=\"9\" ry=\"3\"/><path d=\"M3 5v14a9 3 0 0 0 18 0V5\"/></svg>\n        <div class=\"driver-body\">\n          <div class=\"driver-name\">Pipe Vulnerability</div>\n          <div class=\"driver-level\">LOW</div>\n        </div>\n      </div>\n      <div class=\"driver-context\">27-year-old MDPE (bottom 18%)</div>\n    </div>\n    <div class=\"driver\">\n      <div class=\"driver-pill\" style=\"background:#16A34A;\">\n        <svg viewBox=\"0 0 24 24\" width=\"18\" height=\"18\" fill=\"none\" stroke=\"white\" stroke-width=\"2\" stroke-linecap=\"round\" stroke-linejoin=\"round\" class=\"driver-icon\"><path d=\"M4 20 L14 10\"/><path d=\"M9 5 L19 15\"/></svg>\n        <div class=\"driver-body\">\n          <div class=\"driver-name\">Work Activity</div>\n          <div class=\"driver-level\">LOW</div>\n        </div>\n      </div>\n      <div class=\"driver-context\">Cable Install with Vibratory Plow</div>\n    </div>\n    <div class=\"driver\">\n      <div class=\"driver-pill\" style=\"background:#16A34A;\">\n        <svg viewBox=\"0 0 24 24\" width=\"18\" height=\"18\" fill=\"none\" stroke=\"white\" stroke-width=\"2\" stroke-linecap=\"round\" stroke-linejoin=\"round\" class=\"driver-icon\"><path d=\"M3 7V5a2 2 0 0 1 2-2h2\"/><path d=\"M17 3h2a2 2 0 0 1 2 2v2\"/><path d=\"M21 17v2a2 2 0 0 1-2 2h-2\"/><path d=\"M7 21H5a2 2 0 0 1-2-2v-2\"/></svg>\n        <div class=\"driver-body\">\n          <div class=\"driver-name\">Locate Quality</div>\n          <div class=\"driver-level\">GOOD</div>\n        </div>\n      </div>\n      <div class=\"driver-context\">Locator: Unit Y (clean record)</div>\n    </div>\n  </div>\n</div>\n<div class=\"drivers-block\">\n  <div class=\"drivers-title\">Impact Drivers</div>\n  <div class=\"drivers-row\">\n    <div class=\"driver\">\n      <div class=\"driver-pill\" style=\"background:#16A34A;\">\n        <svg viewBox=\"0 0 24 24\" width=\"18\" height=\"18\" fill=\"none\" stroke=\"white\" stroke-width=\"2\" stroke-linecap=\"round\" stroke-linejoin=\"round\" class=\"driver-icon\"><path d=\"M3 12 L12 4 L21 12\"/><path d=\"M5 11 V20 H19 V11\"/></svg>\n        <div class=\"driver-body\">\n          <div class=\"driver-name\">Service Disruption</div>\n          <div class=\"driver-level\">LOW</div>\n        </div>\n      </div>\n      <div class=\"driver-context\">No chokepoint</div>\n    </div>\n    <div class=\"driver\">\n      <div class=\"driver-pill\" style=\"background:#16A34A;\">\n        <svg viewBox=\"0 0 24 24\" width=\"18\" height=\"18\" fill=\"none\" stroke=\"white\" stroke-width=\"2\" stroke-linecap=\"round\" stroke-linejoin=\"round\" class=\"driver-icon\"><path d=\"M12 7v4\"/><path d=\"M14 21v-3a2 2 0 0 0-4 0v3\"/><path d=\"M14 9h-4\"/><path d=\"M18 11h2a2 2 0 0 1 2 2v6a2 2 0 0 1-2 2H4a2 2 0 0 1-2-2v-9a2 2 0 0 1 2-2h2\"/><path d=\"M18 21V5a2 2 0 0 0-2-2H8a2 2 0 0 0-2 2v16\"/></svg>\n        <div class=\"driver-body\">\n          <div class=\"driver-name\">Critical Facilities</div>\n          <div class=\"driver-level\">LOW</div>\n        </div>\n      </div>\n      <div class=\"driver-context\">None</div>\n    </div>\n    <div class=\"driver\">\n      <div class=\"driver-pill\" style=\"background:#16A34A;\">\n        <svg viewBox=\"0 0 24 24\" width=\"18\" height=\"18\" fill=\"none\" stroke=\"white\" stroke-width=\"2\" stroke-linecap=\"round\" stroke-linejoin=\"round\" class=\"driver-icon\"><path d=\"M10 12h4\"/><path d=\"M10 8h4\"/><path d=\"M14 21v-3a2 2 0 0 0-4 0v3\"/><path d=\"M6 10H4a2 2 0 0 0-2 2v7a2 2 0 0 0 2 2h16a2 2 0 0 0 2-2V9a2 2 0 0 0-2-2h-2\"/><path d=\"M6 21V5a2 2 0 0 1 2-2h8a2 2 0 0 1 2 2v16\"/></svg>\n        <div class=\"driver-body\">\n          <div class=\"driver-name\">Business District</div>\n          <div class=\"driver-level\">LOW</div>\n        </div>\n      </div>\n      <div class=\"driver-context\">Low density area</div>\n    </div>\n    <div class=\"driver\">\n      <div class=\"driver-pill\" style=\"background:#16A34A;\">\n        <svg viewBox=\"0 0 24 24\" width=\"18\" height=\"18\" fill=\"none\" stroke=\"white\" stroke-width=\"2\" stroke-linecap=\"round\" stroke-linejoin=\"round\" class=\"driver-icon\"><path d=\"M13 2 L3 14 h9 l-1 8 10-12 h-9 z\"/></svg>\n        <div class=\"driver-body\">\n          <div class=\"driver-name\">Transmission Main</div>\n          <div class=\"driver-level\">LOW</div>\n        </div>\n      </div>\n      <div class=\"driver-context\">Distribution only</div>\n    </div>\n  </div>\n</div>\n<div class=\"demo-netline\">2 segments in dig area (2 mains, 0 services) &middot; oldest 27-yr MDPE</div><div class=\"demo-action\"><a href=\"https://kartasoft.github.io/excavation-risk-demo/action_form.html?ticket_id=DEMO-20260713-0025&demo=1\" target=\"_blank\" rel=\"noopener\">LOG ACTION</a></div></div>"}}, {"type": "Feature", "geometry": {"type": "Polygon", "coordinates": [[[-83.00201989097339, 39.944146600954824], [-83.00204149761794, 39.944887602085075], [-83.00300421217977, 39.944870967162885], [-83.00298259516227, 39.94412996646685], [-83.00201989097339, 39.944146600954824]]]}, "properties": {"ticket_id": "DEMO-20260713-0026", "priority_level": "LOW", "likelihood_level": "LOW", "impact_level": "LOW", "division": "Demo District", "date": "2026-07-13", "excavator_name": "Excavator Z", "work_type": "DIRECTIONAL BORE", "demo_note": "synthetic demo data", "popup_html": "<div class=\"demo-popup\"><style>\n.demo-popup { font-family: -apple-system, BlinkMacSystemFont, 'Segoe UI', sans-serif;\n       color: #333; max-width: 920px; margin: 0 auto; padding: 20px; }\nh1 { color: #2c3e50; font-size: 20px; margin-bottom: 5px; }\n.meta { color: #7f8c8d; font-size: 13px; margin-bottom: 15px; }\n.risk-box { background: #f8f9fa; border-left: 4px solid #888888;\n             padding: 12px 16px; margin: 15px 0; border-radius: 4px; }\n.risk-pct { font-size: 28px; font-weight: bold; color: #888888; }\n.risk-score { font-size: 14px; color: #555; margin-top: 2px; }\n.indicators { display: flex; gap: 20px; margin: 20px 0; justify-content: center; }\n.indicator { flex: 1; max-width: 420px; text-align: center; }\n.indicator-pill { border-radius: 14px; padding: 18px 24px; color: white;\n                  box-shadow: 0 2px 6px rgba(0,0,0,0.12);\n                  display: flex; align-items: center; gap: 14px;\n                  text-align: left; }\n.indicator-icon { flex-shrink: 0; width: 32px; height: 32px; opacity: 0.95; }\n.indicator-body { flex: 1; }\n.indicator-label { font-size: 11px; letter-spacing: 0.1em; opacity: 0.9;\n                   text-transform: uppercase; }\n.indicator-level { font-size: 28px; font-weight: 800; letter-spacing: 0.04em;\n                   margin: 2px 0 2px 0; line-height: 1.1; }\n.indicator-sublabel { font-size: 13px; opacity: 0.95; font-weight: 500; }\n.indicator-context { margin-top: 8px; font-size: 12px; color: #555;\n                     line-height: 1.4; }\n.drivers-block { background: #f9fafb; border: 1px solid #e5e7eb;\n                 border-radius: 8px; padding: 14px 16px; margin: 14px 0; }\n.drivers-title { font-size: 11px; letter-spacing: 0.1em; text-transform: uppercase;\n                 color: #6b7280; font-weight: 700; margin-bottom: 8px; }\n.drivers-row { display: flex; gap: 10px; justify-content: center;\n               flex-wrap: wrap; }\n.driver { flex: 1; min-width: 180px; max-width: 220px; text-align: center; }\n.driver-pill { border-radius: 10px; padding: 10px 12px; color: white;\n               box-shadow: 0 1px 3px rgba(0,0,0,0.10);\n               display: flex; align-items: center; gap: 8px;\n               text-align: left; }\n.driver-pill.gray { background: #9ca3af; }\n.driver-icon { flex-shrink: 0; width: 18px; height: 18px; opacity: 0.95; }\n.driver-body { flex: 1; min-width: 0; }\n.driver-name { font-size: 10px; font-weight: 700; letter-spacing: 0.04em;\n               text-transform: uppercase; opacity: 0.95; white-space: nowrap;\n               overflow: hidden; text-overflow: ellipsis; }\n.driver-level { font-size: 13px; font-weight: 700; margin-top: 1px; }\n.driver-context { margin-top: 5px; font-size: 10px; color: #6b7280;\n                  line-height: 1.3; }\n.section { margin: 20px 0; }\n.section h2 { font-size: 16px; color: #2c3e50; border-bottom: 1px solid #ddd;\n               padding-bottom: 5px; }\n.drivers li { margin: 6px 0; font-size: 13px; line-height: 1.5; }\n.shap-val { color: #888; font-size: 12px; }\ntable { width: 100%; border-collapse: collapse; font-size: 13px; }\nth { background: #ecf0f1; padding: 8px; text-align: left; }\ntd { padding: 6px 8px; border-bottom: 1px solid #eee; }\n.map-container { width: 100%; height: 420px; border: 1px solid #ddd;\n                  border-radius: 4px; overflow: hidden; margin: 10px 0; }\n.footer { color: #aaa; font-size: 11px; margin-top: 30px; text-align: center; }\n\n.demo-popup { max-width: 380px; font-size: 13px; }\n.demo-popup h1 { font-size: 15px; margin: 2px 0 2px; }\n.demo-popup .meta { font-size: 11px; margin-bottom: 8px; }\n.demo-popup .indicators { gap: 10px; margin: 10px 0; }\n.demo-popup .indicator-level { font-size: 20px; }\n.demo-popup .indicator-icon { width: 22px; height: 22px; }\n.demo-popup .drivers-block { padding: 8px 10px; margin: 8px 0; }\n.demo-popup .driver { min-width: 150px; }\n.demo-banner { background: #FEF3C7; border: 1px solid #F59E0B;\n    color: #92400E; font-size: 10px; line-height: 1.35; padding: 5px 8px;\n    border-radius: 4px; margin-bottom: 8px; text-align: center;\n    font-weight: 600; }\n.demo-netline { font-size: 10px; color: #6b7280; margin-top: 8px;\n    text-align: center; line-height: 1.4; }\n.demo-action { text-align: center; margin-top: 12px; }\n.demo-action a { background: #2563EB; color: #fff; padding: 7px 18px;\n    border-radius: 4px; font-weight: bold; text-decoration: none;\n    display: inline-block; font-size: 11px; letter-spacing: 0.05em; }\n</style><h1>DEMO-20260713-0026</h1><div class=\"meta\">Demo District &middot; 2026-07-13 &middot; Excavator Z &middot; DIRECTIONAL BORE</div>\n<div class=\"indicators\">\n  <div class=\"indicator\">\n    <div class=\"indicator-pill\" style=\"background:#16A34A;\">\n      <svg viewBox=\"0 0 24 24\" width=\"32\" height=\"32\" fill=\"none\" stroke=\"white\" stroke-width=\"2\" stroke-linecap=\"round\" stroke-linejoin=\"round\" class=\"indicator-icon\"><path d=\"m21.73 18-8-14a2 2 0 0 0-3.48 0l-8 14A2 2 0 0 0 4 21h16a2 2 0 0 0 1.73-3\"/><path d=\"M12 9v4\"/><path d=\"M12 17h.01\"/></svg>\n      <div class=\"indicator-body\">\n        <div class=\"indicator-label\">Damage Likelihood</div>\n        <div class=\"indicator-level\">LOW</div>\n        <div class=\"indicator-sublabel\">Bottom 53% of all tickets</div>\n      </div>\n    </div>\n    <div class=\"indicator-context\">Bottom 53% by damage probability</div>\n  </div>\n  <div class=\"indicator\">\n    <div class=\"indicator-pill\" style=\"background:#16A34A;\">\n      <svg viewBox=\"0 0 24 24\" width=\"32\" height=\"32\" fill=\"none\" stroke=\"white\" stroke-width=\"2\" stroke-linecap=\"round\" stroke-linejoin=\"round\" class=\"indicator-icon\"><path d=\"M12 2 L20 5 V11 C 20 16 16 20 12 22 C 8 20 4 16 4 11 V5 Z\"/><path d=\"M12 9 V13\"/><path d=\"M12 17 h.01\"/></svg>\n      <div class=\"indicator-body\">\n        <div class=\"indicator-label\">Impact</div>\n        <div class=\"indicator-level\">LOW</div>\n        <div class=\"indicator-sublabel\">Bottom 12% by consequence</div>\n      </div>\n    </div>\n    <div class=\"indicator-context\">1 business nearby</div>\n  </div>\n</div>\n\n<div class=\"drivers-block\">\n  <div class=\"drivers-title\">Likelihood Drivers</div>\n  <div class=\"drivers-row\">\n    <div class=\"driver\">\n      <div class=\"driver-pill\" style=\"background:#16A34A;\">\n        <svg viewBox=\"0 0 30 26\" width=\"18\" height=\"18\" fill=\"none\" stroke=\"white\" stroke-width=\"1.4\" stroke-linecap=\"round\" stroke-linejoin=\"round\" class=\"driver-icon\"><rect x=\"2\" y=\"19.5\" width=\"16\" height=\"4.5\" rx=\"2.2\"/><circle cx=\"5.5\" cy=\"21.75\" r=\"1.1\" stroke-width=\"1\"/><circle cx=\"10\" cy=\"21.75\" r=\"1.1\" stroke-width=\"1\"/><circle cx=\"14.5\" cy=\"21.75\" r=\"1.1\" stroke-width=\"1\"/><path d=\"M4.5 18.5 V15 H7.5 V13 H18 V18.5\"/><path d=\"M12 11.5 L19 4 L20.5 5.5 L13.5 13 Z\"/><path d=\"M21.5 4 L27 12 L25.5 13 L20 5 Z\"/><path d=\"M26.5 14 L27 17 Q 26.5 19.5 24 19 L23 16 Z\"/></svg>\n        <div class=\"driver-body\">\n          <div class=\"driver-name\">Excavator History</div>\n          <div class=\"driver-level\">LOW</div>\n        </div>\n      </div>\n      <div class=\"driver-context\">0.7% damage rate (90d, 192 tickets)</div>\n    </div>\n    <div class=\"driver\">\n      <div class=\"driver-pill\" style=\"background:#16A34A;\">\n        <svg viewBox=\"0 0 24 24\" width=\"18\" height=\"18\" fill=\"none\" stroke=\"white\" stroke-width=\"2\" stroke-linecap=\"round\" stroke-linejoin=\"round\" class=\"driver-icon\"><ellipse cx=\"12\" cy=\"5\" rx=\"9\" ry=\"3\"/><path d=\"M3 5v14a9 3 0 0 0 18 0V5\"/></svg>\n        <div class=\"driver-body\">\n          <div class=\"driver-name\">Pipe Vulnerability</div>\n          <div class=\"driver-level\">LOW</div>\n        </div>\n      </div>\n      <div class=\"driver-context\">54-year-old Steel (bottom 54%)</div>\n    </div>\n    <div class=\"driver\">\n      <div class=\"driver-pill\" style=\"background:#DC2626;\">\n        <svg viewBox=\"0 0 24 24\" width=\"18\" height=\"18\" fill=\"none\" stroke=\"white\" stroke-width=\"2\" stroke-linecap=\"round\" stroke-linejoin=\"round\" class=\"driver-icon\"><path d=\"M4 20 L14 10\"/><path d=\"M9 5 L19 15\"/></svg>\n        <div class=\"driver-body\">\n          <div class=\"driver-name\">Work Activity</div>\n          <div class=\"driver-level\">HIGH</div>\n        </div>\n      </div>\n      <div class=\"driver-context\">Directional Bore with Directional Drill</div>\n    </div>\n    <div class=\"driver\">\n      <div class=\"driver-pill\" style=\"background:#16A34A;\">\n        <svg viewBox=\"0 0 24 24\" width=\"18\" height=\"18\" fill=\"none\" stroke=\"white\" stroke-width=\"2\" stroke-linecap=\"round\" stroke-linejoin=\"round\" class=\"driver-icon\"><path d=\"M3 7V5a2 2 0 0 1 2-2h2\"/><path d=\"M17 3h2a2 2 0 0 1 2 2v2\"/><path d=\"M21 17v2a2 2 0 0 1-2 2h-2\"/><path d=\"M7 21H5a2 2 0 0 1-2-2v-2\"/></svg>\n        <div class=\"driver-body\">\n          <div class=\"driver-name\">Locate Quality</div>\n          <div class=\"driver-level\">GOOD</div>\n        </div>\n      </div>\n      <div class=\"driver-context\">Locator: Unit Z (clean record)</div>\n    </div>\n  </div>\n</div>\n<div class=\"drivers-block\">\n  <div class=\"drivers-title\">Impact Drivers</div>\n  <div class=\"drivers-row\">\n    <div class=\"driver\">\n      <div class=\"driver-pill\" style=\"background:#16A34A;\">\n        <svg viewBox=\"0 0 24 24\" width=\"18\" height=\"18\" fill=\"none\" stroke=\"white\" stroke-width=\"2\" stroke-linecap=\"round\" stroke-linejoin=\"round\" class=\"driver-icon\"><path d=\"M3 12 L12 4 L21 12\"/><path d=\"M5 11 V20 H19 V11\"/></svg>\n        <div class=\"driver-body\">\n          <div class=\"driver-name\">Service Disruption</div>\n          <div class=\"driver-level\">LOW</div>\n        </div>\n      </div>\n      <div class=\"driver-context\">No chokepoint</div>\n    </div>\n    <div class=\"driver\">\n      <div class=\"driver-pill\" style=\"background:#16A34A;\">\n        <svg viewBox=\"0 0 24 24\" width=\"18\" height=\"18\" fill=\"none\" stroke=\"white\" stroke-width=\"2\" stroke-linecap=\"round\" stroke-linejoin=\"round\" class=\"driver-icon\"><path d=\"M12 7v4\"/><path d=\"M14 21v-3a2 2 0 0 0-4 0v3\"/><path d=\"M14 9h-4\"/><path d=\"M18 11h2a2 2 0 0 1 2 2v6a2 2 0 0 1-2 2H4a2 2 0 0 1-2-2v-9a2 2 0 0 1 2-2h2\"/><path d=\"M18 21V5a2 2 0 0 0-2-2H8a2 2 0 0 0-2 2v16\"/></svg>\n        <div class=\"driver-body\">\n          <div class=\"driver-name\">Critical Facilities</div>\n          <div class=\"driver-level\">LOW</div>\n        </div>\n      </div>\n      <div class=\"driver-context\">None</div>\n    </div>\n    <div class=\"driver\">\n      <div class=\"driver-pill\" style=\"background:#F59E0B;\">\n        <svg viewBox=\"0 0 24 24\" width=\"18\" height=\"18\" fill=\"none\" stroke=\"white\" stroke-width=\"2\" stroke-linecap=\"round\" stroke-linejoin=\"round\" class=\"driver-icon\"><path d=\"M10 12h4\"/><path d=\"M10 8h4\"/><path d=\"M14 21v-3a2 2 0 0 0-4 0v3\"/><path d=\"M6 10H4a2 2 0 0 0-2 2v7a2 2 0 0 0 2 2h16a2 2 0 0 0 2-2V9a2 2 0 0 0-2-2h-2\"/><path d=\"M6 21V5a2 2 0 0 1 2-2h8a2 2 0 0 1 2 2v16\"/></svg>\n        <div class=\"driver-body\">\n          <div class=\"driver-name\">Business District</div>\n          <div class=\"driver-level\">MODERATE</div>\n        </div>\n      </div>\n      <div class=\"driver-context\">1 business</div>\n    </div>\n    <div class=\"driver\">\n      <div class=\"driver-pill\" style=\"background:#16A34A;\">\n        <svg viewBox=\"0 0 24 24\" width=\"18\" height=\"18\" fill=\"none\" stroke=\"white\" stroke-width=\"2\" stroke-linecap=\"round\" stroke-linejoin=\"round\" class=\"driver-icon\"><path d=\"M13 2 L3 14 h9 l-1 8 10-12 h-9 z\"/></svg>\n        <div class=\"driver-body\">\n          <div class=\"driver-name\">Transmission Main</div>\n          <div class=\"driver-level\">LOW</div>\n        </div>\n      </div>\n      <div class=\"driver-context\">Distribution only</div>\n    </div>\n  </div>\n</div>\n<div class=\"demo-netline\">5 segments in dig area (5 mains, 0 services) &middot; oldest 54-yr Steel</div><div class=\"demo-action\"><a href=\"https://kartasoft.github.io/excavation-risk-demo/action_form.html?ticket_id=DEMO-20260713-0026&demo=1\" target=\"_blank\" rel=\"noopener\">LOG ACTION</a></div></div>"}}, {"type": "Feature", "geometry": {"type": "Polygon", "coordinates": [[[-82.99612195346498, 39.966290008069336], [-82.99615817827733, 39.96753501707506], [-82.99777624331952, 39.96750713201387], [-82.99773998919133, 39.966262124230916], [-82.99612195346498, 39.966290008069336]]]}, "properties": {"ticket_id": "DEMO-20260713-0027", "priority_level": "LOW", "likelihood_level": "LOW", "impact_level": "LOW", "division": "Demo District", "date": "2026-07-13", "excavator_name": "Excavator AA", "work_type": "GAS SERVICE INSTALL", "demo_note": "synthetic demo data", "popup_html": "<div class=\"demo-popup\"><style>\n.demo-popup { font-family: -apple-system, BlinkMacSystemFont, 'Segoe UI', sans-serif;\n       color: #333; max-width: 920px; margin: 0 auto; padding: 20px; }\nh1 { color: #2c3e50; font-size: 20px; margin-bottom: 5px; }\n.meta { color: #7f8c8d; font-size: 13px; margin-bottom: 15px; }\n.risk-box { background: #f8f9fa; border-left: 4px solid #888888;\n             padding: 12px 16px; margin: 15px 0; border-radius: 4px; }\n.risk-pct { font-size: 28px; font-weight: bold; color: #888888; }\n.risk-score { font-size: 14px; color: #555; margin-top: 2px; }\n.indicators { display: flex; gap: 20px; margin: 20px 0; justify-content: center; }\n.indicator { flex: 1; max-width: 420px; text-align: center; }\n.indicator-pill { border-radius: 14px; padding: 18px 24px; color: white;\n                  box-shadow: 0 2px 6px rgba(0,0,0,0.12);\n                  display: flex; align-items: center; gap: 14px;\n                  text-align: left; }\n.indicator-icon { flex-shrink: 0; width: 32px; height: 32px; opacity: 0.95; }\n.indicator-body { flex: 1; }\n.indicator-label { font-size: 11px; letter-spacing: 0.1em; opacity: 0.9;\n                   text-transform: uppercase; }\n.indicator-level { font-size: 28px; font-weight: 800; letter-spacing: 0.04em;\n                   margin: 2px 0 2px 0; line-height: 1.1; }\n.indicator-sublabel { font-size: 13px; opacity: 0.95; font-weight: 500; }\n.indicator-context { margin-top: 8px; font-size: 12px; color: #555;\n                     line-height: 1.4; }\n.drivers-block { background: #f9fafb; border: 1px solid #e5e7eb;\n                 border-radius: 8px; padding: 14px 16px; margin: 14px 0; }\n.drivers-title { font-size: 11px; letter-spacing: 0.1em; text-transform: uppercase;\n                 color: #6b7280; font-weight: 700; margin-bottom: 8px; }\n.drivers-row { display: flex; gap: 10px; justify-content: center;\n               flex-wrap: wrap; }\n.driver { flex: 1; min-width: 180px; max-width: 220px; text-align: center; }\n.driver-pill { border-radius: 10px; padding: 10px 12px; color: white;\n               box-shadow: 0 1px 3px rgba(0,0,0,0.10);\n               display: flex; align-items: center; gap: 8px;\n               text-align: left; }\n.driver-pill.gray { background: #9ca3af; }\n.driver-icon { flex-shrink: 0; width: 18px; height: 18px; opacity: 0.95; }\n.driver-body { flex: 1; min-width: 0; }\n.driver-name { font-size: 10px; font-weight: 700; letter-spacing: 0.04em;\n               text-transform: uppercase; opacity: 0.95; white-space: nowrap;\n               overflow: hidden; text-overflow: ellipsis; }\n.driver-level { font-size: 13px; font-weight: 700; margin-top: 1px; }\n.driver-context { margin-top: 5px; font-size: 10px; color: #6b7280;\n                  line-height: 1.3; }\n.section { margin: 20px 0; }\n.section h2 { font-size: 16px; color: #2c3e50; border-bottom: 1px solid #ddd;\n               padding-bottom: 5px; }\n.drivers li { margin: 6px 0; font-size: 13px; line-height: 1.5; }\n.shap-val { color: #888; font-size: 12px; }\ntable { width: 100%; border-collapse: collapse; font-size: 13px; }\nth { background: #ecf0f1; padding: 8px; text-align: left; }\ntd { padding: 6px 8px; border-bottom: 1px solid #eee; }\n.map-container { width: 100%; height: 420px; border: 1px solid #ddd;\n                  border-radius: 4px; overflow: hidden; margin: 10px 0; }\n.footer { color: #aaa; font-size: 11px; margin-top: 30px; text-align: center; }\n\n.demo-popup { max-width: 380px; font-size: 13px; }\n.demo-popup h1 { font-size: 15px; margin: 2px 0 2px; }\n.demo-popup .meta { font-size: 11px; margin-bottom: 8px; }\n.demo-popup .indicators { gap: 10px; margin: 10px 0; }\n.demo-popup .indicator-level { font-size: 20px; }\n.demo-popup .indicator-icon { width: 22px; height: 22px; }\n.demo-popup .drivers-block { padding: 8px 10px; margin: 8px 0; }\n.demo-popup .driver { min-width: 150px; }\n.demo-banner { background: #FEF3C7; border: 1px solid #F59E0B;\n    color: #92400E; font-size: 10px; line-height: 1.35; padding: 5px 8px;\n    border-radius: 4px; margin-bottom: 8px; text-align: center;\n    font-weight: 600; }\n.demo-netline { font-size: 10px; color: #6b7280; margin-top: 8px;\n    text-align: center; line-height: 1.4; }\n.demo-action { text-align: center; margin-top: 12px; }\n.demo-action a { background: #2563EB; color: #fff; padding: 7px 18px;\n    border-radius: 4px; font-weight: bold; text-decoration: none;\n    display: inline-block; font-size: 11px; letter-spacing: 0.05em; }\n</style><h1>DEMO-20260713-0027</h1><div class=\"meta\">Demo District &middot; 2026-07-13 &middot; Excavator AA &middot; GAS SERVICE INSTALL</div>\n<div class=\"indicators\">\n  <div class=\"indicator\">\n    <div class=\"indicator-pill\" style=\"background:#16A34A;\">\n      <svg viewBox=\"0 0 24 24\" width=\"32\" height=\"32\" fill=\"none\" stroke=\"white\" stroke-width=\"2\" stroke-linecap=\"round\" stroke-linejoin=\"round\" class=\"indicator-icon\"><path d=\"m21.73 18-8-14a2 2 0 0 0-3.48 0l-8 14A2 2 0 0 0 4 21h16a2 2 0 0 0 1.73-3\"/><path d=\"M12 9v4\"/><path d=\"M12 17h.01\"/></svg>\n      <div class=\"indicator-body\">\n        <div class=\"indicator-label\">Damage Likelihood</div>\n        <div class=\"indicator-level\">LOW</div>\n        <div class=\"indicator-sublabel\">Bottom 73% of all tickets</div>\n      </div>\n    </div>\n    <div class=\"indicator-context\">Bottom 73% by damage probability</div>\n  </div>\n  <div class=\"indicator\">\n    <div class=\"indicator-pill\" style=\"background:#16A34A;\">\n      <svg viewBox=\"0 0 24 24\" width=\"32\" height=\"32\" fill=\"none\" stroke=\"white\" stroke-width=\"2\" stroke-linecap=\"round\" stroke-linejoin=\"round\" class=\"indicator-icon\"><path d=\"M12 2 L20 5 V11 C 20 16 16 20 12 22 C 8 20 4 16 4 11 V5 Z\"/><path d=\"M12 9 V13\"/><path d=\"M12 17 h.01\"/></svg>\n      <div class=\"indicator-body\">\n        <div class=\"indicator-label\">Impact</div>\n        <div class=\"indicator-level\">LOW</div>\n        <div class=\"indicator-sublabel\">Bottom 63% by consequence</div>\n      </div>\n    </div>\n    <div class=\"indicator-context\">35 services, 6 businesses nearby</div>\n  </div>\n</div>\n\n<div class=\"drivers-block\">\n  <div class=\"drivers-title\">Likelihood Drivers</div>\n  <div class=\"drivers-row\">\n    <div class=\"driver\">\n      <div class=\"driver-pill\" style=\"background:#16A34A;\">\n        <svg viewBox=\"0 0 30 26\" width=\"18\" height=\"18\" fill=\"none\" stroke=\"white\" stroke-width=\"1.4\" stroke-linecap=\"round\" stroke-linejoin=\"round\" class=\"driver-icon\"><rect x=\"2\" y=\"19.5\" width=\"16\" height=\"4.5\" rx=\"2.2\"/><circle cx=\"5.5\" cy=\"21.75\" r=\"1.1\" stroke-width=\"1\"/><circle cx=\"10\" cy=\"21.75\" r=\"1.1\" stroke-width=\"1\"/><circle cx=\"14.5\" cy=\"21.75\" r=\"1.1\" stroke-width=\"1\"/><path d=\"M4.5 18.5 V15 H7.5 V13 H18 V18.5\"/><path d=\"M12 11.5 L19 4 L20.5 5.5 L13.5 13 Z\"/><path d=\"M21.5 4 L27 12 L25.5 13 L20 5 Z\"/><path d=\"M26.5 14 L27 17 Q 26.5 19.5 24 19 L23 16 Z\"/></svg>\n        <div class=\"driver-body\">\n          <div class=\"driver-name\">Excavator History</div>\n          <div class=\"driver-level\">LOW</div>\n        </div>\n      </div>\n      <div class=\"driver-context\">1.4% damage rate (90d, 246 tickets)</div>\n    </div>\n    <div class=\"driver\">\n      <div class=\"driver-pill\" style=\"background:#F59E0B;\">\n        <svg viewBox=\"0 0 24 24\" width=\"18\" height=\"18\" fill=\"none\" stroke=\"white\" stroke-width=\"2\" stroke-linecap=\"round\" stroke-linejoin=\"round\" class=\"driver-icon\"><ellipse cx=\"12\" cy=\"5\" rx=\"9\" ry=\"3\"/><path d=\"M3 5v14a9 3 0 0 0 18 0V5\"/></svg>\n        <div class=\"driver-body\">\n          <div class=\"driver-name\">Pipe Vulnerability</div>\n          <div class=\"driver-level\">MODERATE</div>\n        </div>\n      </div>\n      <div class=\"driver-context\">66-year-old Steel (bottom 79%)</div>\n    </div>\n    <div class=\"driver\">\n      <div class=\"driver-pill\" style=\"background:#DC2626;\">\n        <svg viewBox=\"0 0 24 24\" width=\"18\" height=\"18\" fill=\"none\" stroke=\"white\" stroke-width=\"2\" stroke-linecap=\"round\" stroke-linejoin=\"round\" class=\"driver-icon\"><path d=\"M4 20 L14 10\"/><path d=\"M9 5 L19 15\"/></svg>\n        <div class=\"driver-body\">\n          <div class=\"driver-name\">Work Activity</div>\n          <div class=\"driver-level\">HIGH</div>\n        </div>\n      </div>\n      <div class=\"driver-context\">Gas Service Install with Backhoe</div>\n    </div>\n    <div class=\"driver\">\n      <div class=\"driver-pill\" style=\"background:#16A34A;\">\n        <svg viewBox=\"0 0 24 24\" width=\"18\" height=\"18\" fill=\"none\" stroke=\"white\" stroke-width=\"2\" stroke-linecap=\"round\" stroke-linejoin=\"round\" class=\"driver-icon\"><path d=\"M3 7V5a2 2 0 0 1 2-2h2\"/><path d=\"M17 3h2a2 2 0 0 1 2 2v2\"/><path d=\"M21 17v2a2 2 0 0 1-2 2h-2\"/><path d=\"M7 21H5a2 2 0 0 1-2-2v-2\"/></svg>\n        <div class=\"driver-body\">\n          <div class=\"driver-name\">Locate Quality</div>\n          <div class=\"driver-level\">GOOD</div>\n        </div>\n      </div>\n      <div class=\"driver-context\">Locator: Unit AA (clean record)</div>\n    </div>\n  </div>\n</div>\n<div class=\"drivers-block\">\n  <div class=\"drivers-title\">Impact Drivers</div>\n  <div class=\"drivers-row\">\n    <div class=\"driver\">\n      <div class=\"driver-pill\" style=\"background:#F59E0B;\">\n        <svg viewBox=\"0 0 24 24\" width=\"18\" height=\"18\" fill=\"none\" stroke=\"white\" stroke-width=\"2\" stroke-linecap=\"round\" stroke-linejoin=\"round\" class=\"driver-icon\"><path d=\"M3 12 L12 4 L21 12\"/><path d=\"M5 11 V20 H19 V11\"/></svg>\n        <div class=\"driver-body\">\n          <div class=\"driver-name\">Service Disruption</div>\n          <div class=\"driver-level\">MODERATE</div>\n        </div>\n      </div>\n      <div class=\"driver-context\">35 services at risk</div>\n    </div>\n    <div class=\"driver\">\n      <div class=\"driver-pill\" style=\"background:#16A34A;\">\n        <svg viewBox=\"0 0 24 24\" width=\"18\" height=\"18\" fill=\"none\" stroke=\"white\" stroke-width=\"2\" stroke-linecap=\"round\" stroke-linejoin=\"round\" class=\"driver-icon\"><path d=\"M12 7v4\"/><path d=\"M14 21v-3a2 2 0 0 0-4 0v3\"/><path d=\"M14 9h-4\"/><path d=\"M18 11h2a2 2 0 0 1 2 2v6a2 2 0 0 1-2 2H4a2 2 0 0 1-2-2v-9a2 2 0 0 1 2-2h2\"/><path d=\"M18 21V5a2 2 0 0 0-2-2H8a2 2 0 0 0-2 2v16\"/></svg>\n        <div class=\"driver-body\">\n          <div class=\"driver-name\">Critical Facilities</div>\n          <div class=\"driver-level\">LOW</div>\n        </div>\n      </div>\n      <div class=\"driver-context\">None</div>\n    </div>\n    <div class=\"driver\">\n      <div class=\"driver-pill\" style=\"background:#F59E0B;\">\n        <svg viewBox=\"0 0 24 24\" width=\"18\" height=\"18\" fill=\"none\" stroke=\"white\" stroke-width=\"2\" stroke-linecap=\"round\" stroke-linejoin=\"round\" class=\"driver-icon\"><path d=\"M10 12h4\"/><path d=\"M10 8h4\"/><path d=\"M14 21v-3a2 2 0 0 0-4 0v3\"/><path d=\"M6 10H4a2 2 0 0 0-2 2v7a2 2 0 0 0 2 2h16a2 2 0 0 0 2-2V9a2 2 0 0 0-2-2h-2\"/><path d=\"M6 21V5a2 2 0 0 1 2-2h8a2 2 0 0 1 2 2v16\"/></svg>\n        <div class=\"driver-body\">\n          <div class=\"driver-name\">Business District</div>\n          <div class=\"driver-level\">MODERATE</div>\n        </div>\n      </div>\n      <div class=\"driver-context\">6 businesses</div>\n    </div>\n    <div class=\"driver\">\n      <div class=\"driver-pill\" style=\"background:#16A34A;\">\n        <svg viewBox=\"0 0 24 24\" width=\"18\" height=\"18\" fill=\"none\" stroke=\"white\" stroke-width=\"2\" stroke-linecap=\"round\" stroke-linejoin=\"round\" class=\"driver-icon\"><path d=\"M13 2 L3 14 h9 l-1 8 10-12 h-9 z\"/></svg>\n        <div class=\"driver-body\">\n          <div class=\"driver-name\">Transmission Main</div>\n          <div class=\"driver-level\">LOW</div>\n        </div>\n      </div>\n      <div class=\"driver-context\">Distribution only</div>\n    </div>\n  </div>\n</div>\n<div class=\"demo-netline\">12 segments in dig area (10 mains, 2 services) &middot; oldest 66-yr Steel</div><div class=\"demo-action\"><a href=\"https://kartasoft.github.io/excavation-risk-demo/action_form.html?ticket_id=DEMO-20260713-0027&demo=1\" target=\"_blank\" rel=\"noopener\">LOG ACTION</a></div></div>"}}, {"type": "Feature", "geometry": {"type": "Polygon", "coordinates": [[[-83.00828515834601, 39.94949750614852], [-83.00831518662534, 39.950523909615086], [-83.00964880866113, 39.950500790529844], [-83.00961876047423, 39.94947438789913], [-83.00828515834601, 39.94949750614852]]]}, "properties": {"ticket_id": "DEMO-20260713-0028", "priority_level": "MODERATE", "likelihood_level": "MODERATE", "impact_level": "LOW", "division": "Demo District", "date": "2026-07-13", "excavator_name": "Excavator AB", "work_type": "LANDSCAPING", "demo_note": "synthetic demo data", "popup_html": "<div class=\"demo-popup\"><style>\n.demo-popup { font-family: -apple-system, BlinkMacSystemFont, 'Segoe UI', sans-serif;\n       color: #333; max-width: 920px; margin: 0 auto; padding: 20px; }\nh1 { color: #2c3e50; font-size: 20px; margin-bottom: 5px; }\n.meta { color: #7f8c8d; font-size: 13px; margin-bottom: 15px; }\n.risk-box { background: #f8f9fa; border-left: 4px solid #888888;\n             padding: 12px 16px; margin: 15px 0; border-radius: 4px; }\n.risk-pct { font-size: 28px; font-weight: bold; color: #888888; }\n.risk-score { font-size: 14px; color: #555; margin-top: 2px; }\n.indicators { display: flex; gap: 20px; margin: 20px 0; justify-content: center; }\n.indicator { flex: 1; max-width: 420px; text-align: center; }\n.indicator-pill { border-radius: 14px; padding: 18px 24px; color: white;\n                  box-shadow: 0 2px 6px rgba(0,0,0,0.12);\n                  display: flex; align-items: center; gap: 14px;\n                  text-align: left; }\n.indicator-icon { flex-shrink: 0; width: 32px; height: 32px; opacity: 0.95; }\n.indicator-body { flex: 1; }\n.indicator-label { font-size: 11px; letter-spacing: 0.1em; opacity: 0.9;\n                   text-transform: uppercase; }\n.indicator-level { font-size: 28px; font-weight: 800; letter-spacing: 0.04em;\n                   margin: 2px 0 2px 0; line-height: 1.1; }\n.indicator-sublabel { font-size: 13px; opacity: 0.95; font-weight: 500; }\n.indicator-context { margin-top: 8px; font-size: 12px; color: #555;\n                     line-height: 1.4; }\n.drivers-block { background: #f9fafb; border: 1px solid #e5e7eb;\n                 border-radius: 8px; padding: 14px 16px; margin: 14px 0; }\n.drivers-title { font-size: 11px; letter-spacing: 0.1em; text-transform: uppercase;\n                 color: #6b7280; font-weight: 700; margin-bottom: 8px; }\n.drivers-row { display: flex; gap: 10px; justify-content: center;\n               flex-wrap: wrap; }\n.driver { flex: 1; min-width: 180px; max-width: 220px; text-align: center; }\n.driver-pill { border-radius: 10px; padding: 10px 12px; color: white;\n               box-shadow: 0 1px 3px rgba(0,0,0,0.10);\n               display: flex; align-items: center; gap: 8px;\n               text-align: left; }\n.driver-pill.gray { background: #9ca3af; }\n.driver-icon { flex-shrink: 0; width: 18px; height: 18px; opacity: 0.95; }\n.driver-body { flex: 1; min-width: 0; }\n.driver-name { font-size: 10px; font-weight: 700; letter-spacing: 0.04em;\n               text-transform: uppercase; opacity: 0.95; white-space: nowrap;\n               overflow: hidden; text-overflow: ellipsis; }\n.driver-level { font-size: 13px; font-weight: 700; margin-top: 1px; }\n.driver-context { margin-top: 5px; font-size: 10px; color: #6b7280;\n                  line-height: 1.3; }\n.section { margin: 20px 0; }\n.section h2 { font-size: 16px; color: #2c3e50; border-bottom: 1px solid #ddd;\n               padding-bottom: 5px; }\n.drivers li { margin: 6px 0; font-size: 13px; line-height: 1.5; }\n.shap-val { color: #888; font-size: 12px; }\ntable { width: 100%; border-collapse: collapse; font-size: 13px; }\nth { background: #ecf0f1; padding: 8px; text-align: left; }\ntd { padding: 6px 8px; border-bottom: 1px solid #eee; }\n.map-container { width: 100%; height: 420px; border: 1px solid #ddd;\n                  border-radius: 4px; overflow: hidden; margin: 10px 0; }\n.footer { color: #aaa; font-size: 11px; margin-top: 30px; text-align: center; }\n\n.demo-popup { max-width: 380px; font-size: 13px; }\n.demo-popup h1 { font-size: 15px; margin: 2px 0 2px; }\n.demo-popup .meta { font-size: 11px; margin-bottom: 8px; }\n.demo-popup .indicators { gap: 10px; margin: 10px 0; }\n.demo-popup .indicator-level { font-size: 20px; }\n.demo-popup .indicator-icon { width: 22px; height: 22px; }\n.demo-popup .drivers-block { padding: 8px 10px; margin: 8px 0; }\n.demo-popup .driver { min-width: 150px; }\n.demo-banner { background: #FEF3C7; border: 1px solid #F59E0B;\n    color: #92400E; font-size: 10px; line-height: 1.35; padding: 5px 8px;\n    border-radius: 4px; margin-bottom: 8px; text-align: center;\n    font-weight: 600; }\n.demo-netline { font-size: 10px; color: #6b7280; margin-top: 8px;\n    text-align: center; line-height: 1.4; }\n.demo-action { text-align: center; margin-top: 12px; }\n.demo-action a { background: #2563EB; color: #fff; padding: 7px 18px;\n    border-radius: 4px; font-weight: bold; text-decoration: none;\n    display: inline-block; font-size: 11px; letter-spacing: 0.05em; }\n</style><h1>DEMO-20260713-0028</h1><div class=\"meta\">Demo District &middot; 2026-07-13 &middot; Excavator AB &middot; LANDSCAPING</div>\n<div class=\"indicators\">\n  <div class=\"indicator\">\n    <div class=\"indicator-pill\" style=\"background:#F59E0B;\">\n      <svg viewBox=\"0 0 24 24\" width=\"32\" height=\"32\" fill=\"none\" stroke=\"white\" stroke-width=\"2\" stroke-linecap=\"round\" stroke-linejoin=\"round\" class=\"indicator-icon\"><path d=\"m21.73 18-8-14a2 2 0 0 0-3.48 0l-8 14A2 2 0 0 0 4 21h16a2 2 0 0 0 1.73-3\"/><path d=\"M12 9v4\"/><path d=\"M12 17h.01\"/></svg>\n      <div class=\"indicator-body\">\n        <div class=\"indicator-label\">Damage Likelihood</div>\n        <div class=\"indicator-level\">MODERATE</div>\n        <div class=\"indicator-sublabel\">Top 12% of all tickets</div>\n      </div>\n    </div>\n    <div class=\"indicator-context\">Top 12% by damage probability</div>\n  </div>\n  <div class=\"indicator\">\n    <div class=\"indicator-pill\" style=\"background:#16A34A;\">\n      <svg viewBox=\"0 0 24 24\" width=\"32\" height=\"32\" fill=\"none\" stroke=\"white\" stroke-width=\"2\" stroke-linecap=\"round\" stroke-linejoin=\"round\" class=\"indicator-icon\"><path d=\"M12 2 L20 5 V11 C 20 16 16 20 12 22 C 8 20 4 16 4 11 V5 Z\"/><path d=\"M12 9 V13\"/><path d=\"M12 17 h.01\"/></svg>\n      <div class=\"indicator-body\">\n        <div class=\"indicator-label\">Impact</div>\n        <div class=\"indicator-level\">LOW</div>\n        <div class=\"indicator-sublabel\">Bottom 65% by consequence</div>\n      </div>\n    </div>\n    <div class=\"indicator-context\">1 business nearby, near transmission</div>\n  </div>\n</div>\n\n<div class=\"drivers-block\">\n  <div class=\"drivers-title\">Likelihood Drivers</div>\n  <div class=\"drivers-row\">\n    <div class=\"driver\">\n      <div class=\"driver-pill\" style=\"background:#9CA3AF;\">\n        <svg viewBox=\"0 0 30 26\" width=\"18\" height=\"18\" fill=\"none\" stroke=\"white\" stroke-width=\"1.4\" stroke-linecap=\"round\" stroke-linejoin=\"round\" class=\"driver-icon\"><rect x=\"2\" y=\"19.5\" width=\"16\" height=\"4.5\" rx=\"2.2\"/><circle cx=\"5.5\" cy=\"21.75\" r=\"1.1\" stroke-width=\"1\"/><circle cx=\"10\" cy=\"21.75\" r=\"1.1\" stroke-width=\"1\"/><circle cx=\"14.5\" cy=\"21.75\" r=\"1.1\" stroke-width=\"1\"/><path d=\"M4.5 18.5 V15 H7.5 V13 H18 V18.5\"/><path d=\"M12 11.5 L19 4 L20.5 5.5 L13.5 13 Z\"/><path d=\"M21.5 4 L27 12 L25.5 13 L20 5 Z\"/><path d=\"M26.5 14 L27 17 Q 26.5 19.5 24 19 L23 16 Z\"/></svg>\n        <div class=\"driver-body\">\n          <div class=\"driver-name\">Excavator History</div>\n          <div class=\"driver-level\">NEW</div>\n        </div>\n      </div>\n      <div class=\"driver-context\">New excavator (< 20 lifetime tickets)</div>\n    </div>\n    <div class=\"driver\">\n      <div class=\"driver-pill\" style=\"background:#F59E0B;\">\n        <svg viewBox=\"0 0 24 24\" width=\"18\" height=\"18\" fill=\"none\" stroke=\"white\" stroke-width=\"2\" stroke-linecap=\"round\" stroke-linejoin=\"round\" class=\"driver-icon\"><ellipse cx=\"12\" cy=\"5\" rx=\"9\" ry=\"3\"/><path d=\"M3 5v14a9 3 0 0 0 18 0V5\"/></svg>\n        <div class=\"driver-body\">\n          <div class=\"driver-name\">Pipe Vulnerability</div>\n          <div class=\"driver-level\">MODERATE</div>\n        </div>\n      </div>\n      <div class=\"driver-context\">68-year-old Steel (bottom 74%)</div>\n    </div>\n    <div class=\"driver\">\n      <div class=\"driver-pill\" style=\"background:#16A34A;\">\n        <svg viewBox=\"0 0 24 24\" width=\"18\" height=\"18\" fill=\"none\" stroke=\"white\" stroke-width=\"2\" stroke-linecap=\"round\" stroke-linejoin=\"round\" class=\"driver-icon\"><path d=\"M4 20 L14 10\"/><path d=\"M9 5 L19 15\"/></svg>\n        <div class=\"driver-body\">\n          <div class=\"driver-name\">Work Activity</div>\n          <div class=\"driver-level\">LOW</div>\n        </div>\n      </div>\n      <div class=\"driver-context\">Landscaping with Hand Tools</div>\n    </div>\n    <div class=\"driver\">\n      <div class=\"driver-pill\" style=\"background:#16A34A;\">\n        <svg viewBox=\"0 0 24 24\" width=\"18\" height=\"18\" fill=\"none\" stroke=\"white\" stroke-width=\"2\" stroke-linecap=\"round\" stroke-linejoin=\"round\" class=\"driver-icon\"><path d=\"M3 7V5a2 2 0 0 1 2-2h2\"/><path d=\"M17 3h2a2 2 0 0 1 2 2v2\"/><path d=\"M21 17v2a2 2 0 0 1-2 2h-2\"/><path d=\"M7 21H5a2 2 0 0 1-2-2v-2\"/></svg>\n        <div class=\"driver-body\">\n          <div class=\"driver-name\">Locate Quality</div>\n          <div class=\"driver-level\">GOOD</div>\n        </div>\n      </div>\n      <div class=\"driver-context\">Locator: Unit AB (clean record)</div>\n    </div>\n  </div>\n</div>\n<div class=\"drivers-block\">\n  <div class=\"drivers-title\">Impact Drivers</div>\n  <div class=\"drivers-row\">\n    <div class=\"driver\">\n      <div class=\"driver-pill\" style=\"background:#16A34A;\">\n        <svg viewBox=\"0 0 24 24\" width=\"18\" height=\"18\" fill=\"none\" stroke=\"white\" stroke-width=\"2\" stroke-linecap=\"round\" stroke-linejoin=\"round\" class=\"driver-icon\"><path d=\"M3 12 L12 4 L21 12\"/><path d=\"M5 11 V20 H19 V11\"/></svg>\n        <div class=\"driver-body\">\n          <div class=\"driver-name\">Service Disruption</div>\n          <div class=\"driver-level\">LOW</div>\n        </div>\n      </div>\n      <div class=\"driver-context\">No chokepoint</div>\n    </div>\n    <div class=\"driver\">\n      <div class=\"driver-pill\" style=\"background:#16A34A;\">\n        <svg viewBox=\"0 0 24 24\" width=\"18\" height=\"18\" fill=\"none\" stroke=\"white\" stroke-width=\"2\" stroke-linecap=\"round\" stroke-linejoin=\"round\" class=\"driver-icon\"><path d=\"M12 7v4\"/><path d=\"M14 21v-3a2 2 0 0 0-4 0v3\"/><path d=\"M14 9h-4\"/><path d=\"M18 11h2a2 2 0 0 1 2 2v6a2 2 0 0 1-2 2H4a2 2 0 0 1-2-2v-9a2 2 0 0 1 2-2h2\"/><path d=\"M18 21V5a2 2 0 0 0-2-2H8a2 2 0 0 0-2 2v16\"/></svg>\n        <div class=\"driver-body\">\n          <div class=\"driver-name\">Critical Facilities</div>\n          <div class=\"driver-level\">LOW</div>\n        </div>\n      </div>\n      <div class=\"driver-context\">None</div>\n    </div>\n    <div class=\"driver\">\n      <div class=\"driver-pill\" style=\"background:#F59E0B;\">\n        <svg viewBox=\"0 0 24 24\" width=\"18\" height=\"18\" fill=\"none\" stroke=\"white\" stroke-width=\"2\" stroke-linecap=\"round\" stroke-linejoin=\"round\" class=\"driver-icon\"><path d=\"M10 12h4\"/><path d=\"M10 8h4\"/><path d=\"M14 21v-3a2 2 0 0 0-4 0v3\"/><path d=\"M6 10H4a2 2 0 0 0-2 2v7a2 2 0 0 0 2 2h16a2 2 0 0 0 2-2V9a2 2 0 0 0-2-2h-2\"/><path d=\"M6 21V5a2 2 0 0 1 2-2h8a2 2 0 0 1 2 2v16\"/></svg>\n        <div class=\"driver-body\">\n          <div class=\"driver-name\">Business District</div>\n          <div class=\"driver-level\">MODERATE</div>\n        </div>\n      </div>\n      <div class=\"driver-context\">1 business</div>\n    </div>\n    <div class=\"driver\">\n      <div class=\"driver-pill\" style=\"background:#DC2626;\">\n        <svg viewBox=\"0 0 24 24\" width=\"18\" height=\"18\" fill=\"none\" stroke=\"white\" stroke-width=\"2\" stroke-linecap=\"round\" stroke-linejoin=\"round\" class=\"driver-icon\"><path d=\"M13 2 L3 14 h9 l-1 8 10-12 h-9 z\"/></svg>\n        <div class=\"driver-body\">\n          <div class=\"driver-name\">Transmission Main</div>\n          <div class=\"driver-level\">HIGH</div>\n        </div>\n      </div>\n      <div class=\"driver-context\">Near transmission main</div>\n    </div>\n  </div>\n</div>\n<div class=\"demo-netline\">6 segments in dig area (6 mains, 0 services) &middot; oldest 68-yr Steel</div><div class=\"demo-action\"><a href=\"https://kartasoft.github.io/excavation-risk-demo/action_form.html?ticket_id=DEMO-20260713-0028&demo=1\" target=\"_blank\" rel=\"noopener\">LOG ACTION</a></div></div>"}}, {"type": "Feature", "geometry": {"type": "Polygon", "coordinates": [[[-82.98285177898518, 39.95890026094313], [-82.98288155221935, 39.95993066608278], [-82.98422055931017, 39.959907746405904], [-82.98419076600278, 39.9588773420981], [-82.98285177898518, 39.95890026094313]]]}, "properties": {"ticket_id": "DEMO-20260713-0029", "priority_level": "LOW", "likelihood_level": "LOW", "impact_level": "LOW", "division": "Demo District", "date": "2026-07-13", "excavator_name": "Excavator AC", "work_type": "FIBER INSTALL", "demo_note": "synthetic demo data", "popup_html": "<div class=\"demo-popup\"><style>\n.demo-popup { font-family: -apple-system, BlinkMacSystemFont, 'Segoe UI', sans-serif;\n       color: #333; max-width: 920px; margin: 0 auto; padding: 20px; }\nh1 { color: #2c3e50; font-size: 20px; margin-bottom: 5px; }\n.meta { color: #7f8c8d; font-size: 13px; margin-bottom: 15px; }\n.risk-box { background: #f8f9fa; border-left: 4px solid #888888;\n             padding: 12px 16px; margin: 15px 0; border-radius: 4px; }\n.risk-pct { font-size: 28px; font-weight: bold; color: #888888; }\n.risk-score { font-size: 14px; color: #555; margin-top: 2px; }\n.indicators { display: flex; gap: 20px; margin: 20px 0; justify-content: center; }\n.indicator { flex: 1; max-width: 420px; text-align: center; }\n.indicator-pill { border-radius: 14px; padding: 18px 24px; color: white;\n                  box-shadow: 0 2px 6px rgba(0,0,0,0.12);\n                  display: flex; align-items: center; gap: 14px;\n                  text-align: left; }\n.indicator-icon { flex-shrink: 0; width: 32px; height: 32px; opacity: 0.95; }\n.indicator-body { flex: 1; }\n.indicator-label { font-size: 11px; letter-spacing: 0.1em; opacity: 0.9;\n                   text-transform: uppercase; }\n.indicator-level { font-size: 28px; font-weight: 800; letter-spacing: 0.04em;\n                   margin: 2px 0 2px 0; line-height: 1.1; }\n.indicator-sublabel { font-size: 13px; opacity: 0.95; font-weight: 500; }\n.indicator-context { margin-top: 8px; font-size: 12px; color: #555;\n                     line-height: 1.4; }\n.drivers-block { background: #f9fafb; border: 1px solid #e5e7eb;\n                 border-radius: 8px; padding: 14px 16px; margin: 14px 0; }\n.drivers-title { font-size: 11px; letter-spacing: 0.1em; text-transform: uppercase;\n                 color: #6b7280; font-weight: 700; margin-bottom: 8px; }\n.drivers-row { display: flex; gap: 10px; justify-content: center;\n               flex-wrap: wrap; }\n.driver { flex: 1; min-width: 180px; max-width: 220px; text-align: center; }\n.driver-pill { border-radius: 10px; padding: 10px 12px; color: white;\n               box-shadow: 0 1px 3px rgba(0,0,0,0.10);\n               display: flex; align-items: center; gap: 8px;\n               text-align: left; }\n.driver-pill.gray { background: #9ca3af; }\n.driver-icon { flex-shrink: 0; width: 18px; height: 18px; opacity: 0.95; }\n.driver-body { flex: 1; min-width: 0; }\n.driver-name { font-size: 10px; font-weight: 700; letter-spacing: 0.04em;\n               text-transform: uppercase; opacity: 0.95; white-space: nowrap;\n               overflow: hidden; text-overflow: ellipsis; }\n.driver-level { font-size: 13px; font-weight: 700; margin-top: 1px; }\n.driver-context { margin-top: 5px; font-size: 10px; color: #6b7280;\n                  line-height: 1.3; }\n.section { margin: 20px 0; }\n.section h2 { font-size: 16px; color: #2c3e50; border-bottom: 1px solid #ddd;\n               padding-bottom: 5px; }\n.drivers li { margin: 6px 0; font-size: 13px; line-height: 1.5; }\n.shap-val { color: #888; font-size: 12px; }\ntable { width: 100%; border-collapse: collapse; font-size: 13px; }\nth { background: #ecf0f1; padding: 8px; text-align: left; }\ntd { padding: 6px 8px; border-bottom: 1px solid #eee; }\n.map-container { width: 100%; height: 420px; border: 1px solid #ddd;\n                  border-radius: 4px; overflow: hidden; margin: 10px 0; }\n.footer { color: #aaa; font-size: 11px; margin-top: 30px; text-align: center; }\n\n.demo-popup { max-width: 380px; font-size: 13px; }\n.demo-popup h1 { font-size: 15px; margin: 2px 0 2px; }\n.demo-popup .meta { font-size: 11px; margin-bottom: 8px; }\n.demo-popup .indicators { gap: 10px; margin: 10px 0; }\n.demo-popup .indicator-level { font-size: 20px; }\n.demo-popup .indicator-icon { width: 22px; height: 22px; }\n.demo-popup .drivers-block { padding: 8px 10px; margin: 8px 0; }\n.demo-popup .driver { min-width: 150px; }\n.demo-banner { background: #FEF3C7; border: 1px solid #F59E0B;\n    color: #92400E; font-size: 10px; line-height: 1.35; padding: 5px 8px;\n    border-radius: 4px; margin-bottom: 8px; text-align: center;\n    font-weight: 600; }\n.demo-netline { font-size: 10px; color: #6b7280; margin-top: 8px;\n    text-align: center; line-height: 1.4; }\n.demo-action { text-align: center; margin-top: 12px; }\n.demo-action a { background: #2563EB; color: #fff; padding: 7px 18px;\n    border-radius: 4px; font-weight: bold; text-decoration: none;\n    display: inline-block; font-size: 11px; letter-spacing: 0.05em; }\n</style><h1>DEMO-20260713-0029</h1><div class=\"meta\">Demo District &middot; 2026-07-13 &middot; Excavator AC &middot; FIBER INSTALL</div>\n<div class=\"indicators\">\n  <div class=\"indicator\">\n    <div class=\"indicator-pill\" style=\"background:#16A34A;\">\n      <svg viewBox=\"0 0 24 24\" width=\"32\" height=\"32\" fill=\"none\" stroke=\"white\" stroke-width=\"2\" stroke-linecap=\"round\" stroke-linejoin=\"round\" class=\"indicator-icon\"><path d=\"m21.73 18-8-14a2 2 0 0 0-3.48 0l-8 14A2 2 0 0 0 4 21h16a2 2 0 0 0 1.73-3\"/><path d=\"M12 9v4\"/><path d=\"M12 17h.01\"/></svg>\n      <div class=\"indicator-body\">\n        <div class=\"indicator-label\">Damage Likelihood</div>\n        <div class=\"indicator-level\">LOW</div>\n        <div class=\"indicator-sublabel\">Bottom 2% of all tickets</div>\n      </div>\n    </div>\n    <div class=\"indicator-context\">Bottom 2% by damage probability</div>\n  </div>\n  <div class=\"indicator\">\n    <div class=\"indicator-pill\" style=\"background:#16A34A;\">\n      <svg viewBox=\"0 0 24 24\" width=\"32\" height=\"32\" fill=\"none\" stroke=\"white\" stroke-width=\"2\" stroke-linecap=\"round\" stroke-linejoin=\"round\" class=\"indicator-icon\"><path d=\"M12 2 L20 5 V11 C 20 16 16 20 12 22 C 8 20 4 16 4 11 V5 Z\"/><path d=\"M12 9 V13\"/><path d=\"M12 17 h.01\"/></svg>\n      <div class=\"indicator-body\">\n        <div class=\"indicator-label\">Impact</div>\n        <div class=\"indicator-level\">LOW</div>\n        <div class=\"indicator-sublabel\">Bottom 72% by consequence</div>\n      </div>\n    </div>\n    <div class=\"indicator-context\">1 nursing home, 10 businesses nearby</div>\n  </div>\n</div>\n\n<div class=\"drivers-block\">\n  <div class=\"drivers-title\">Likelihood Drivers</div>\n  <div class=\"drivers-row\">\n    <div class=\"driver\">\n      <div class=\"driver-pill\" style=\"background:#16A34A;\">\n        <svg viewBox=\"0 0 30 26\" width=\"18\" height=\"18\" fill=\"none\" stroke=\"white\" stroke-width=\"1.4\" stroke-linecap=\"round\" stroke-linejoin=\"round\" class=\"driver-icon\"><rect x=\"2\" y=\"19.5\" width=\"16\" height=\"4.5\" rx=\"2.2\"/><circle cx=\"5.5\" cy=\"21.75\" r=\"1.1\" stroke-width=\"1\"/><circle cx=\"10\" cy=\"21.75\" r=\"1.1\" stroke-width=\"1\"/><circle cx=\"14.5\" cy=\"21.75\" r=\"1.1\" stroke-width=\"1\"/><path d=\"M4.5 18.5 V15 H7.5 V13 H18 V18.5\"/><path d=\"M12 11.5 L19 4 L20.5 5.5 L13.5 13 Z\"/><path d=\"M21.5 4 L27 12 L25.5 13 L20 5 Z\"/><path d=\"M26.5 14 L27 17 Q 26.5 19.5 24 19 L23 16 Z\"/></svg>\n        <div class=\"driver-body\">\n          <div class=\"driver-name\">Excavator History</div>\n          <div class=\"driver-level\">LOW</div>\n        </div>\n      </div>\n      <div class=\"driver-context\">1.3% damage rate (90d, 179 tickets)</div>\n    </div>\n    <div class=\"driver\">\n      <div class=\"driver-pill\" style=\"background:#16A34A;\">\n        <svg viewBox=\"0 0 24 24\" width=\"18\" height=\"18\" fill=\"none\" stroke=\"white\" stroke-width=\"2\" stroke-linecap=\"round\" stroke-linejoin=\"round\" class=\"driver-icon\"><ellipse cx=\"12\" cy=\"5\" rx=\"9\" ry=\"3\"/><path d=\"M3 5v14a9 3 0 0 0 18 0V5\"/></svg>\n        <div class=\"driver-body\">\n          <div class=\"driver-name\">Pipe Vulnerability</div>\n          <div class=\"driver-level\">LOW</div>\n        </div>\n      </div>\n      <div class=\"driver-context\">10-year-old MDPE (bottom 2%)</div>\n    </div>\n    <div class=\"driver\">\n      <div class=\"driver-pill\" style=\"background:#16A34A;\">\n        <svg viewBox=\"0 0 24 24\" width=\"18\" height=\"18\" fill=\"none\" stroke=\"white\" stroke-width=\"2\" stroke-linecap=\"round\" stroke-linejoin=\"round\" class=\"driver-icon\"><path d=\"M4 20 L14 10\"/><path d=\"M9 5 L19 15\"/></svg>\n        <div class=\"driver-body\">\n          <div class=\"driver-name\">Work Activity</div>\n          <div class=\"driver-level\">LOW</div>\n        </div>\n      </div>\n      <div class=\"driver-context\">Fiber Install with Vibratory Plow</div>\n    </div>\n    <div class=\"driver\">\n      <div class=\"driver-pill\" style=\"background:#16A34A;\">\n        <svg viewBox=\"0 0 24 24\" width=\"18\" height=\"18\" fill=\"none\" stroke=\"white\" stroke-width=\"2\" stroke-linecap=\"round\" stroke-linejoin=\"round\" class=\"driver-icon\"><path d=\"M3 7V5a2 2 0 0 1 2-2h2\"/><path d=\"M17 3h2a2 2 0 0 1 2 2v2\"/><path d=\"M21 17v2a2 2 0 0 1-2 2h-2\"/><path d=\"M7 21H5a2 2 0 0 1-2-2v-2\"/></svg>\n        <div class=\"driver-body\">\n          <div class=\"driver-name\">Locate Quality</div>\n          <div class=\"driver-level\">GOOD</div>\n        </div>\n      </div>\n      <div class=\"driver-context\">Locator: Unit AC (clean record)</div>\n    </div>\n  </div>\n</div>\n<div class=\"drivers-block\">\n  <div class=\"drivers-title\">Impact Drivers</div>\n  <div class=\"drivers-row\">\n    <div class=\"driver\">\n      <div class=\"driver-pill\" style=\"background:#16A34A;\">\n        <svg viewBox=\"0 0 24 24\" width=\"18\" height=\"18\" fill=\"none\" stroke=\"white\" stroke-width=\"2\" stroke-linecap=\"round\" stroke-linejoin=\"round\" class=\"driver-icon\"><path d=\"M3 12 L12 4 L21 12\"/><path d=\"M5 11 V20 H19 V11\"/></svg>\n        <div class=\"driver-body\">\n          <div class=\"driver-name\">Service Disruption</div>\n          <div class=\"driver-level\">LOW</div>\n        </div>\n      </div>\n      <div class=\"driver-context\">No chokepoint</div>\n    </div>\n    <div class=\"driver\">\n      <div class=\"driver-pill\" style=\"background:#DC2626;\">\n        <svg viewBox=\"0 0 24 24\" width=\"18\" height=\"18\" fill=\"none\" stroke=\"white\" stroke-width=\"2\" stroke-linecap=\"round\" stroke-linejoin=\"round\" class=\"driver-icon\"><path d=\"M12 7v4\"/><path d=\"M14 21v-3a2 2 0 0 0-4 0v3\"/><path d=\"M14 9h-4\"/><path d=\"M18 11h2a2 2 0 0 1 2 2v6a2 2 0 0 1-2 2H4a2 2 0 0 1-2-2v-9a2 2 0 0 1 2-2h2\"/><path d=\"M18 21V5a2 2 0 0 0-2-2H8a2 2 0 0 0-2 2v16\"/></svg>\n        <div class=\"driver-body\">\n          <div class=\"driver-name\">Critical Facilities</div>\n          <div class=\"driver-level\">HIGH</div>\n        </div>\n      </div>\n      <div class=\"driver-context\">1 nursing home</div>\n    </div>\n    <div class=\"driver\">\n      <div class=\"driver-pill\" style=\"background:#F59E0B;\">\n        <svg viewBox=\"0 0 24 24\" width=\"18\" height=\"18\" fill=\"none\" stroke=\"white\" stroke-width=\"2\" stroke-linecap=\"round\" stroke-linejoin=\"round\" class=\"driver-icon\"><path d=\"M10 12h4\"/><path d=\"M10 8h4\"/><path d=\"M14 21v-3a2 2 0 0 0-4 0v3\"/><path d=\"M6 10H4a2 2 0 0 0-2 2v7a2 2 0 0 0 2 2h16a2 2 0 0 0 2-2V9a2 2 0 0 0-2-2h-2\"/><path d=\"M6 21V5a2 2 0 0 1 2-2h8a2 2 0 0 1 2 2v16\"/></svg>\n        <div class=\"driver-body\">\n          <div class=\"driver-name\">Business District</div>\n          <div class=\"driver-level\">MODERATE</div>\n        </div>\n      </div>\n      <div class=\"driver-context\">10 businesses</div>\n    </div>\n    <div class=\"driver\">\n      <div class=\"driver-pill\" style=\"background:#16A34A;\">\n        <svg viewBox=\"0 0 24 24\" width=\"18\" height=\"18\" fill=\"none\" stroke=\"white\" stroke-width=\"2\" stroke-linecap=\"round\" stroke-linejoin=\"round\" class=\"driver-icon\"><path d=\"M13 2 L3 14 h9 l-1 8 10-12 h-9 z\"/></svg>\n        <div class=\"driver-body\">\n          <div class=\"driver-name\">Transmission Main</div>\n          <div class=\"driver-level\">LOW</div>\n        </div>\n      </div>\n      <div class=\"driver-context\">Distribution only</div>\n    </div>\n  </div>\n</div>\n<div class=\"demo-netline\">15 segments in dig area (7 mains, 8 services) &middot; oldest 10-yr MDPE</div><div class=\"demo-action\"><a href=\"https://kartasoft.github.io/excavation-risk-demo/action_form.html?ticket_id=DEMO-20260713-0029&demo=1\" target=\"_blank\" rel=\"noopener\">LOG ACTION</a></div></div>"}}, {"type": "Feature", "geometry": {"type": "Polygon", "coordinates": [[[-82.99604981285997, 39.95663577823275], [-82.99611266850401, 39.958796831611004], [-82.998920899144, 39.958748424977685], [-82.99885795521494, 39.956587375284016], [-82.99604981285997, 39.95663577823275]]]}, "properties": {"ticket_id": "DEMO-20260713-0030", "priority_level": "HIGH", "likelihood_level": "HIGH", "impact_level": "LOW", "division": "Demo District", "date": "2026-07-13", "excavator_name": "Excavator AD", "work_type": "LANDSCAPING", "demo_note": "synthetic demo data", "popup_html": "<div class=\"demo-popup\"><style>\n.demo-popup { font-family: -apple-system, BlinkMacSystemFont, 'Segoe UI', sans-serif;\n       color: #333; max-width: 920px; margin: 0 auto; padding: 20px; }\nh1 { color: #2c3e50; font-size: 20px; margin-bottom: 5px; }\n.meta { color: #7f8c8d; font-size: 13px; margin-bottom: 15px; }\n.risk-box { background: #f8f9fa; border-left: 4px solid #888888;\n             padding: 12px 16px; margin: 15px 0; border-radius: 4px; }\n.risk-pct { font-size: 28px; font-weight: bold; color: #888888; }\n.risk-score { font-size: 14px; color: #555; margin-top: 2px; }\n.indicators { display: flex; gap: 20px; margin: 20px 0; justify-content: center; }\n.indicator { flex: 1; max-width: 420px; text-align: center; }\n.indicator-pill { border-radius: 14px; padding: 18px 24px; color: white;\n                  box-shadow: 0 2px 6px rgba(0,0,0,0.12);\n                  display: flex; align-items: center; gap: 14px;\n                  text-align: left; }\n.indicator-icon { flex-shrink: 0; width: 32px; height: 32px; opacity: 0.95; }\n.indicator-body { flex: 1; }\n.indicator-label { font-size: 11px; letter-spacing: 0.1em; opacity: 0.9;\n                   text-transform: uppercase; }\n.indicator-level { font-size: 28px; font-weight: 800; letter-spacing: 0.04em;\n                   margin: 2px 0 2px 0; line-height: 1.1; }\n.indicator-sublabel { font-size: 13px; opacity: 0.95; font-weight: 500; }\n.indicator-context { margin-top: 8px; font-size: 12px; color: #555;\n                     line-height: 1.4; }\n.drivers-block { background: #f9fafb; border: 1px solid #e5e7eb;\n                 border-radius: 8px; padding: 14px 16px; margin: 14px 0; }\n.drivers-title { font-size: 11px; letter-spacing: 0.1em; text-transform: uppercase;\n                 color: #6b7280; font-weight: 700; margin-bottom: 8px; }\n.drivers-row { display: flex; gap: 10px; justify-content: center;\n               flex-wrap: wrap; }\n.driver { flex: 1; min-width: 180px; max-width: 220px; text-align: center; }\n.driver-pill { border-radius: 10px; padding: 10px 12px; color: white;\n               box-shadow: 0 1px 3px rgba(0,0,0,0.10);\n               display: flex; align-items: center; gap: 8px;\n               text-align: left; }\n.driver-pill.gray { background: #9ca3af; }\n.driver-icon { flex-shrink: 0; width: 18px; height: 18px; opacity: 0.95; }\n.driver-body { flex: 1; min-width: 0; }\n.driver-name { font-size: 10px; font-weight: 700; letter-spacing: 0.04em;\n               text-transform: uppercase; opacity: 0.95; white-space: nowrap;\n               overflow: hidden; text-overflow: ellipsis; }\n.driver-level { font-size: 13px; font-weight: 700; margin-top: 1px; }\n.driver-context { margin-top: 5px; font-size: 10px; color: #6b7280;\n                  line-height: 1.3; }\n.section { margin: 20px 0; }\n.section h2 { font-size: 16px; color: #2c3e50; border-bottom: 1px solid #ddd;\n               padding-bottom: 5px; }\n.drivers li { margin: 6px 0; font-size: 13px; line-height: 1.5; }\n.shap-val { color: #888; font-size: 12px; }\ntable { width: 100%; border-collapse: collapse; font-size: 13px; }\nth { background: #ecf0f1; padding: 8px; text-align: left; }\ntd { padding: 6px 8px; border-bottom: 1px solid #eee; }\n.map-container { width: 100%; height: 420px; border: 1px solid #ddd;\n                  border-radius: 4px; overflow: hidden; margin: 10px 0; }\n.footer { color: #aaa; font-size: 11px; margin-top: 30px; text-align: center; }\n\n.demo-popup { max-width: 380px; font-size: 13px; }\n.demo-popup h1 { font-size: 15px; margin: 2px 0 2px; }\n.demo-popup .meta { font-size: 11px; margin-bottom: 8px; }\n.demo-popup .indicators { gap: 10px; margin: 10px 0; }\n.demo-popup .indicator-level { font-size: 20px; }\n.demo-popup .indicator-icon { width: 22px; height: 22px; }\n.demo-popup .drivers-block { padding: 8px 10px; margin: 8px 0; }\n.demo-popup .driver { min-width: 150px; }\n.demo-banner { background: #FEF3C7; border: 1px solid #F59E0B;\n    color: #92400E; font-size: 10px; line-height: 1.35; padding: 5px 8px;\n    border-radius: 4px; margin-bottom: 8px; text-align: center;\n    font-weight: 600; }\n.demo-netline { font-size: 10px; color: #6b7280; margin-top: 8px;\n    text-align: center; line-height: 1.4; }\n.demo-action { text-align: center; margin-top: 12px; }\n.demo-action a { background: #2563EB; color: #fff; padding: 7px 18px;\n    border-radius: 4px; font-weight: bold; text-decoration: none;\n    display: inline-block; font-size: 11px; letter-spacing: 0.05em; }\n</style><h1>DEMO-20260713-0030</h1><div class=\"meta\">Demo District &middot; 2026-07-13 &middot; Excavator AD &middot; LANDSCAPING</div>\n<div class=\"indicators\">\n  <div class=\"indicator\">\n    <div class=\"indicator-pill\" style=\"background:#DC2626;\">\n      <svg viewBox=\"0 0 24 24\" width=\"32\" height=\"32\" fill=\"none\" stroke=\"white\" stroke-width=\"2\" stroke-linecap=\"round\" stroke-linejoin=\"round\" class=\"indicator-icon\"><path d=\"m21.73 18-8-14a2 2 0 0 0-3.48 0l-8 14A2 2 0 0 0 4 21h16a2 2 0 0 0 1.73-3\"/><path d=\"M12 9v4\"/><path d=\"M12 17h.01\"/></svg>\n      <div class=\"indicator-body\">\n        <div class=\"indicator-label\">Damage Likelihood</div>\n        <div class=\"indicator-level\">HIGH</div>\n        <div class=\"indicator-sublabel\">Top 1% of all tickets</div>\n      </div>\n    </div>\n    <div class=\"indicator-context\">Top 0.0% by damage probability</div>\n  </div>\n  <div class=\"indicator\">\n    <div class=\"indicator-pill\" style=\"background:#16A34A;\">\n      <svg viewBox=\"0 0 24 24\" width=\"32\" height=\"32\" fill=\"none\" stroke=\"white\" stroke-width=\"2\" stroke-linecap=\"round\" stroke-linejoin=\"round\" class=\"indicator-icon\"><path d=\"M12 2 L20 5 V11 C 20 16 16 20 12 22 C 8 20 4 16 4 11 V5 Z\"/><path d=\"M12 9 V13\"/><path d=\"M12 17 h.01\"/></svg>\n      <div class=\"indicator-body\">\n        <div class=\"indicator-label\">Impact</div>\n        <div class=\"indicator-level\">LOW</div>\n        <div class=\"indicator-sublabel\">Bottom 28% by consequence</div>\n      </div>\n    </div>\n    <div class=\"indicator-context\">5 businesses nearby</div>\n  </div>\n</div>\n\n<div class=\"drivers-block\">\n  <div class=\"drivers-title\">Likelihood Drivers</div>\n  <div class=\"drivers-row\">\n    <div class=\"driver\">\n      <div class=\"driver-pill\" style=\"background:#F59E0B;\">\n        <svg viewBox=\"0 0 30 26\" width=\"18\" height=\"18\" fill=\"none\" stroke=\"white\" stroke-width=\"1.4\" stroke-linecap=\"round\" stroke-linejoin=\"round\" class=\"driver-icon\"><rect x=\"2\" y=\"19.5\" width=\"16\" height=\"4.5\" rx=\"2.2\"/><circle cx=\"5.5\" cy=\"21.75\" r=\"1.1\" stroke-width=\"1\"/><circle cx=\"10\" cy=\"21.75\" r=\"1.1\" stroke-width=\"1\"/><circle cx=\"14.5\" cy=\"21.75\" r=\"1.1\" stroke-width=\"1\"/><path d=\"M4.5 18.5 V15 H7.5 V13 H18 V18.5\"/><path d=\"M12 11.5 L19 4 L20.5 5.5 L13.5 13 Z\"/><path d=\"M21.5 4 L27 12 L25.5 13 L20 5 Z\"/><path d=\"M26.5 14 L27 17 Q 26.5 19.5 24 19 L23 16 Z\"/></svg>\n        <div class=\"driver-body\">\n          <div class=\"driver-name\">Excavator History</div>\n          <div class=\"driver-level\">MODERATE</div>\n        </div>\n      </div>\n      <div class=\"driver-context\">3.3% damage rate (90d, 610 tickets)</div>\n    </div>\n    <div class=\"driver\">\n      <div class=\"driver-pill\" style=\"background:#DC2626;\">\n        <svg viewBox=\"0 0 24 24\" width=\"18\" height=\"18\" fill=\"none\" stroke=\"white\" stroke-width=\"2\" stroke-linecap=\"round\" stroke-linejoin=\"round\" class=\"driver-icon\"><ellipse cx=\"12\" cy=\"5\" rx=\"9\" ry=\"3\"/><path d=\"M3 5v14a9 3 0 0 0 18 0V5\"/></svg>\n        <div class=\"driver-body\">\n          <div class=\"driver-name\">Pipe Vulnerability</div>\n          <div class=\"driver-level\">HIGH</div>\n        </div>\n      </div>\n      <div class=\"driver-context\">unknown age Cast Iron (top 3%)</div>\n    </div>\n    <div class=\"driver\">\n      <div class=\"driver-pill\" style=\"background:#16A34A;\">\n        <svg viewBox=\"0 0 24 24\" width=\"18\" height=\"18\" fill=\"none\" stroke=\"white\" stroke-width=\"2\" stroke-linecap=\"round\" stroke-linejoin=\"round\" class=\"driver-icon\"><path d=\"M4 20 L14 10\"/><path d=\"M9 5 L19 15\"/></svg>\n        <div class=\"driver-body\">\n          <div class=\"driver-name\">Work Activity</div>\n          <div class=\"driver-level\">LOW</div>\n        </div>\n      </div>\n      <div class=\"driver-context\">Landscaping with Hand Tools</div>\n    </div>\n    <div class=\"driver\">\n      <div class=\"driver-pill\" style=\"background:#F59E0B;\">\n        <svg viewBox=\"0 0 24 24\" width=\"18\" height=\"18\" fill=\"none\" stroke=\"white\" stroke-width=\"2\" stroke-linecap=\"round\" stroke-linejoin=\"round\" class=\"driver-icon\"><path d=\"M3 7V5a2 2 0 0 1 2-2h2\"/><path d=\"M17 3h2a2 2 0 0 1 2 2v2\"/><path d=\"M21 17v2a2 2 0 0 1-2 2h-2\"/><path d=\"M7 21H5a2 2 0 0 1-2-2v-2\"/></svg>\n        <div class=\"driver-body\">\n          <div class=\"driver-name\">Locate Quality</div>\n          <div class=\"driver-level\">WATCH</div>\n        </div>\n      </div>\n      <div class=\"driver-context\">Locator: Unit AD (mixed record)</div>\n    </div>\n  </div>\n</div>\n<div class=\"drivers-block\">\n  <div class=\"drivers-title\">Impact Drivers</div>\n  <div class=\"drivers-row\">\n    <div class=\"driver\">\n      <div class=\"driver-pill\" style=\"background:#16A34A;\">\n        <svg viewBox=\"0 0 24 24\" width=\"18\" height=\"18\" fill=\"none\" stroke=\"white\" stroke-width=\"2\" stroke-linecap=\"round\" stroke-linejoin=\"round\" class=\"driver-icon\"><path d=\"M3 12 L12 4 L21 12\"/><path d=\"M5 11 V20 H19 V11\"/></svg>\n        <div class=\"driver-body\">\n          <div class=\"driver-name\">Service Disruption</div>\n          <div class=\"driver-level\">LOW</div>\n        </div>\n      </div>\n      <div class=\"driver-context\">No chokepoint</div>\n    </div>\n    <div class=\"driver\">\n      <div class=\"driver-pill\" style=\"background:#16A34A;\">\n        <svg viewBox=\"0 0 24 24\" width=\"18\" height=\"18\" fill=\"none\" stroke=\"white\" stroke-width=\"2\" stroke-linecap=\"round\" stroke-linejoin=\"round\" class=\"driver-icon\"><path d=\"M12 7v4\"/><path d=\"M14 21v-3a2 2 0 0 0-4 0v3\"/><path d=\"M14 9h-4\"/><path d=\"M18 11h2a2 2 0 0 1 2 2v6a2 2 0 0 1-2 2H4a2 2 0 0 1-2-2v-9a2 2 0 0 1 2-2h2\"/><path d=\"M18 21V5a2 2 0 0 0-2-2H8a2 2 0 0 0-2 2v16\"/></svg>\n        <div class=\"driver-body\">\n          <div class=\"driver-name\">Critical Facilities</div>\n          <div class=\"driver-level\">LOW</div>\n        </div>\n      </div>\n      <div class=\"driver-context\">None</div>\n    </div>\n    <div class=\"driver\">\n      <div class=\"driver-pill\" style=\"background:#F59E0B;\">\n        <svg viewBox=\"0 0 24 24\" width=\"18\" height=\"18\" fill=\"none\" stroke=\"white\" stroke-width=\"2\" stroke-linecap=\"round\" stroke-linejoin=\"round\" class=\"driver-icon\"><path d=\"M10 12h4\"/><path d=\"M10 8h4\"/><path d=\"M14 21v-3a2 2 0 0 0-4 0v3\"/><path d=\"M6 10H4a2 2 0 0 0-2 2v7a2 2 0 0 0 2 2h16a2 2 0 0 0 2-2V9a2 2 0 0 0-2-2h-2\"/><path d=\"M6 21V5a2 2 0 0 1 2-2h8a2 2 0 0 1 2 2v16\"/></svg>\n        <div class=\"driver-body\">\n          <div class=\"driver-name\">Business District</div>\n          <div class=\"driver-level\">MODERATE</div>\n        </div>\n      </div>\n      <div class=\"driver-context\">5 businesses</div>\n    </div>\n    <div class=\"driver\">\n      <div class=\"driver-pill\" style=\"background:#16A34A;\">\n        <svg viewBox=\"0 0 24 24\" width=\"18\" height=\"18\" fill=\"none\" stroke=\"white\" stroke-width=\"2\" stroke-linecap=\"round\" stroke-linejoin=\"round\" class=\"driver-icon\"><path d=\"M13 2 L3 14 h9 l-1 8 10-12 h-9 z\"/></svg>\n        <div class=\"driver-body\">\n          <div class=\"driver-name\">Transmission Main</div>\n          <div class=\"driver-level\">LOW</div>\n        </div>\n      </div>\n      <div class=\"driver-context\">Distribution only</div>\n    </div>\n  </div>\n</div>\n<div class=\"demo-netline\">33 segments in dig area (24 mains, 9 services) &middot; oldest 117-yr Cast Iron</div><div class=\"demo-action\"><a href=\"https://kartasoft.github.io/excavation-risk-demo/action_form.html?ticket_id=DEMO-20260713-0030&demo=1\" target=\"_blank\" rel=\"noopener\">LOG ACTION</a></div></div>"}}, {"type": "Feature", "geometry": {"type": "Polygon", "coordinates": [[[-83.00096041372572, 39.96166591431353], [-83.00098560047994, 39.96252961218531], [-83.00210801530082, 39.962510225148414], [-83.00208281444158, 39.96164652786641], [-83.00096041372572, 39.96166591431353]]]}, "properties": {"ticket_id": "DEMO-20260713-0031", "priority_level": "LOW", "likelihood_level": "LOW", "impact_level": "LOW", "division": "Demo District", "date": "2026-07-13", "excavator_name": "Excavator AE", "work_type": "GRADING", "demo_note": "synthetic demo data", "popup_html": "<div class=\"demo-popup\"><style>\n.demo-popup { font-family: -apple-system, BlinkMacSystemFont, 'Segoe UI', sans-serif;\n       color: #333; max-width: 920px; margin: 0 auto; padding: 20px; }\nh1 { color: #2c3e50; font-size: 20px; margin-bottom: 5px; }\n.meta { color: #7f8c8d; font-size: 13px; margin-bottom: 15px; }\n.risk-box { background: #f8f9fa; border-left: 4px solid #888888;\n             padding: 12px 16px; margin: 15px 0; border-radius: 4px; }\n.risk-pct { font-size: 28px; font-weight: bold; color: #888888; }\n.risk-score { font-size: 14px; color: #555; margin-top: 2px; }\n.indicators { display: flex; gap: 20px; margin: 20px 0; justify-content: center; }\n.indicator { flex: 1; max-width: 420px; text-align: center; }\n.indicator-pill { border-radius: 14px; padding: 18px 24px; color: white;\n                  box-shadow: 0 2px 6px rgba(0,0,0,0.12);\n                  display: flex; align-items: center; gap: 14px;\n                  text-align: left; }\n.indicator-icon { flex-shrink: 0; width: 32px; height: 32px; opacity: 0.95; }\n.indicator-body { flex: 1; }\n.indicator-label { font-size: 11px; letter-spacing: 0.1em; opacity: 0.9;\n                   text-transform: uppercase; }\n.indicator-level { font-size: 28px; font-weight: 800; letter-spacing: 0.04em;\n                   margin: 2px 0 2px 0; line-height: 1.1; }\n.indicator-sublabel { font-size: 13px; opacity: 0.95; font-weight: 500; }\n.indicator-context { margin-top: 8px; font-size: 12px; color: #555;\n                     line-height: 1.4; }\n.drivers-block { background: #f9fafb; border: 1px solid #e5e7eb;\n                 border-radius: 8px; padding: 14px 16px; margin: 14px 0; }\n.drivers-title { font-size: 11px; letter-spacing: 0.1em; text-transform: uppercase;\n                 color: #6b7280; font-weight: 700; margin-bottom: 8px; }\n.drivers-row { display: flex; gap: 10px; justify-content: center;\n               flex-wrap: wrap; }\n.driver { flex: 1; min-width: 180px; max-width: 220px; text-align: center; }\n.driver-pill { border-radius: 10px; padding: 10px 12px; color: white;\n               box-shadow: 0 1px 3px rgba(0,0,0,0.10);\n               display: flex; align-items: center; gap: 8px;\n               text-align: left; }\n.driver-pill.gray { background: #9ca3af; }\n.driver-icon { flex-shrink: 0; width: 18px; height: 18px; opacity: 0.95; }\n.driver-body { flex: 1; min-width: 0; }\n.driver-name { font-size: 10px; font-weight: 700; letter-spacing: 0.04em;\n               text-transform: uppercase; opacity: 0.95; white-space: nowrap;\n               overflow: hidden; text-overflow: ellipsis; }\n.driver-level { font-size: 13px; font-weight: 700; margin-top: 1px; }\n.driver-context { margin-top: 5px; font-size: 10px; color: #6b7280;\n                  line-height: 1.3; }\n.section { margin: 20px 0; }\n.section h2 { font-size: 16px; color: #2c3e50; border-bottom: 1px solid #ddd;\n               padding-bottom: 5px; }\n.drivers li { margin: 6px 0; font-size: 13px; line-height: 1.5; }\n.shap-val { color: #888; font-size: 12px; }\ntable { width: 100%; border-collapse: collapse; font-size: 13px; }\nth { background: #ecf0f1; padding: 8px; text-align: left; }\ntd { padding: 6px 8px; border-bottom: 1px solid #eee; }\n.map-container { width: 100%; height: 420px; border: 1px solid #ddd;\n                  border-radius: 4px; overflow: hidden; margin: 10px 0; }\n.footer { color: #aaa; font-size: 11px; margin-top: 30px; text-align: center; }\n\n.demo-popup { max-width: 380px; font-size: 13px; }\n.demo-popup h1 { font-size: 15px; margin: 2px 0 2px; }\n.demo-popup .meta { font-size: 11px; margin-bottom: 8px; }\n.demo-popup .indicators { gap: 10px; margin: 10px 0; }\n.demo-popup .indicator-level { font-size: 20px; }\n.demo-popup .indicator-icon { width: 22px; height: 22px; }\n.demo-popup .drivers-block { padding: 8px 10px; margin: 8px 0; }\n.demo-popup .driver { min-width: 150px; }\n.demo-banner { background: #FEF3C7; border: 1px solid #F59E0B;\n    color: #92400E; font-size: 10px; line-height: 1.35; padding: 5px 8px;\n    border-radius: 4px; margin-bottom: 8px; text-align: center;\n    font-weight: 600; }\n.demo-netline { font-size: 10px; color: #6b7280; margin-top: 8px;\n    text-align: center; line-height: 1.4; }\n.demo-action { text-align: center; margin-top: 12px; }\n.demo-action a { background: #2563EB; color: #fff; padding: 7px 18px;\n    border-radius: 4px; font-weight: bold; text-decoration: none;\n    display: inline-block; font-size: 11px; letter-spacing: 0.05em; }\n</style><h1>DEMO-20260713-0031</h1><div class=\"meta\">Demo District &middot; 2026-07-13 &middot; Excavator AE &middot; GRADING</div>\n<div class=\"indicators\">\n  <div class=\"indicator\">\n    <div class=\"indicator-pill\" style=\"background:#16A34A;\">\n      <svg viewBox=\"0 0 24 24\" width=\"32\" height=\"32\" fill=\"none\" stroke=\"white\" stroke-width=\"2\" stroke-linecap=\"round\" stroke-linejoin=\"round\" class=\"indicator-icon\"><path d=\"m21.73 18-8-14a2 2 0 0 0-3.48 0l-8 14A2 2 0 0 0 4 21h16a2 2 0 0 0 1.73-3\"/><path d=\"M12 9v4\"/><path d=\"M12 17h.01\"/></svg>\n      <div class=\"indicator-body\">\n        <div class=\"indicator-label\">Damage Likelihood</div>\n        <div class=\"indicator-level\">LOW</div>\n        <div class=\"indicator-sublabel\">Bottom 45% of all tickets</div>\n      </div>\n    </div>\n    <div class=\"indicator-context\">Bottom 45% by damage probability</div>\n  </div>\n  <div class=\"indicator\">\n    <div class=\"indicator-pill\" style=\"background:#16A34A;\">\n      <svg viewBox=\"0 0 24 24\" width=\"32\" height=\"32\" fill=\"none\" stroke=\"white\" stroke-width=\"2\" stroke-linecap=\"round\" stroke-linejoin=\"round\" class=\"indicator-icon\"><path d=\"M12 2 L20 5 V11 C 20 16 16 20 12 22 C 8 20 4 16 4 11 V5 Z\"/><path d=\"M12 9 V13\"/><path d=\"M12 17 h.01\"/></svg>\n      <div class=\"indicator-body\">\n        <div class=\"indicator-label\">Impact</div>\n        <div class=\"indicator-level\">LOW</div>\n        <div class=\"indicator-sublabel\">Bottom 51% by consequence</div>\n      </div>\n    </div>\n    <div class=\"indicator-context\">10 businesses nearby</div>\n  </div>\n</div>\n\n<div class=\"drivers-block\">\n  <div class=\"drivers-title\">Likelihood Drivers</div>\n  <div class=\"drivers-row\">\n    <div class=\"driver\">\n      <div class=\"driver-pill\" style=\"background:#DC2626;\">\n        <svg viewBox=\"0 0 30 26\" width=\"18\" height=\"18\" fill=\"none\" stroke=\"white\" stroke-width=\"1.4\" stroke-linecap=\"round\" stroke-linejoin=\"round\" class=\"driver-icon\"><rect x=\"2\" y=\"19.5\" width=\"16\" height=\"4.5\" rx=\"2.2\"/><circle cx=\"5.5\" cy=\"21.75\" r=\"1.1\" stroke-width=\"1\"/><circle cx=\"10\" cy=\"21.75\" r=\"1.1\" stroke-width=\"1\"/><circle cx=\"14.5\" cy=\"21.75\" r=\"1.1\" stroke-width=\"1\"/><path d=\"M4.5 18.5 V15 H7.5 V13 H18 V18.5\"/><path d=\"M12 11.5 L19 4 L20.5 5.5 L13.5 13 Z\"/><path d=\"M21.5 4 L27 12 L25.5 13 L20 5 Z\"/><path d=\"M26.5 14 L27 17 Q 26.5 19.5 24 19 L23 16 Z\"/></svg>\n        <div class=\"driver-body\">\n          <div class=\"driver-name\">Excavator History</div>\n          <div class=\"driver-level\">HIGH</div>\n        </div>\n      </div>\n      <div class=\"driver-context\">7.0% damage rate (90d, 111 tickets)</div>\n    </div>\n    <div class=\"driver\">\n      <div class=\"driver-pill\" style=\"background:#16A34A;\">\n        <svg viewBox=\"0 0 24 24\" width=\"18\" height=\"18\" fill=\"none\" stroke=\"white\" stroke-width=\"2\" stroke-linecap=\"round\" stroke-linejoin=\"round\" class=\"driver-icon\"><ellipse cx=\"12\" cy=\"5\" rx=\"9\" ry=\"3\"/><path d=\"M3 5v14a9 3 0 0 0 18 0V5\"/></svg>\n        <div class=\"driver-body\">\n          <div class=\"driver-name\">Pipe Vulnerability</div>\n          <div class=\"driver-level\">LOW</div>\n        </div>\n      </div>\n      <div class=\"driver-context\">21-year-old MDPE (bottom 9%)</div>\n    </div>\n    <div class=\"driver\">\n      <div class=\"driver-pill\" style=\"background:#DC2626;\">\n        <svg viewBox=\"0 0 24 24\" width=\"18\" height=\"18\" fill=\"none\" stroke=\"white\" stroke-width=\"2\" stroke-linecap=\"round\" stroke-linejoin=\"round\" class=\"driver-icon\"><path d=\"M4 20 L14 10\"/><path d=\"M9 5 L19 15\"/></svg>\n        <div class=\"driver-body\">\n          <div class=\"driver-name\">Work Activity</div>\n          <div class=\"driver-level\">HIGH</div>\n        </div>\n      </div>\n      <div class=\"driver-context\">Grading with Grader</div>\n    </div>\n    <div class=\"driver\">\n      <div class=\"driver-pill\" style=\"background:#16A34A;\">\n        <svg viewBox=\"0 0 24 24\" width=\"18\" height=\"18\" fill=\"none\" stroke=\"white\" stroke-width=\"2\" stroke-linecap=\"round\" stroke-linejoin=\"round\" class=\"driver-icon\"><path d=\"M3 7V5a2 2 0 0 1 2-2h2\"/><path d=\"M17 3h2a2 2 0 0 1 2 2v2\"/><path d=\"M21 17v2a2 2 0 0 1-2 2h-2\"/><path d=\"M7 21H5a2 2 0 0 1-2-2v-2\"/></svg>\n        <div class=\"driver-body\">\n          <div class=\"driver-name\">Locate Quality</div>\n          <div class=\"driver-level\">GOOD</div>\n        </div>\n      </div>\n      <div class=\"driver-context\">Locator: Unit AE (clean record)</div>\n    </div>\n  </div>\n</div>\n<div class=\"drivers-block\">\n  <div class=\"drivers-title\">Impact Drivers</div>\n  <div class=\"drivers-row\">\n    <div class=\"driver\">\n      <div class=\"driver-pill\" style=\"background:#16A34A;\">\n        <svg viewBox=\"0 0 24 24\" width=\"18\" height=\"18\" fill=\"none\" stroke=\"white\" stroke-width=\"2\" stroke-linecap=\"round\" stroke-linejoin=\"round\" class=\"driver-icon\"><path d=\"M3 12 L12 4 L21 12\"/><path d=\"M5 11 V20 H19 V11\"/></svg>\n        <div class=\"driver-body\">\n          <div class=\"driver-name\">Service Disruption</div>\n          <div class=\"driver-level\">LOW</div>\n        </div>\n      </div>\n      <div class=\"driver-context\">No chokepoint</div>\n    </div>\n    <div class=\"driver\">\n      <div class=\"driver-pill\" style=\"background:#16A34A;\">\n        <svg viewBox=\"0 0 24 24\" width=\"18\" height=\"18\" fill=\"none\" stroke=\"white\" stroke-width=\"2\" stroke-linecap=\"round\" stroke-linejoin=\"round\" class=\"driver-icon\"><path d=\"M12 7v4\"/><path d=\"M14 21v-3a2 2 0 0 0-4 0v3\"/><path d=\"M14 9h-4\"/><path d=\"M18 11h2a2 2 0 0 1 2 2v6a2 2 0 0 1-2 2H4a2 2 0 0 1-2-2v-9a2 2 0 0 1 2-2h2\"/><path d=\"M18 21V5a2 2 0 0 0-2-2H8a2 2 0 0 0-2 2v16\"/></svg>\n        <div class=\"driver-body\">\n          <div class=\"driver-name\">Critical Facilities</div>\n          <div class=\"driver-level\">LOW</div>\n        </div>\n      </div>\n      <div class=\"driver-context\">None</div>\n    </div>\n    <div class=\"driver\">\n      <div class=\"driver-pill\" style=\"background:#F59E0B;\">\n        <svg viewBox=\"0 0 24 24\" width=\"18\" height=\"18\" fill=\"none\" stroke=\"white\" stroke-width=\"2\" stroke-linecap=\"round\" stroke-linejoin=\"round\" class=\"driver-icon\"><path d=\"M10 12h4\"/><path d=\"M10 8h4\"/><path d=\"M14 21v-3a2 2 0 0 0-4 0v3\"/><path d=\"M6 10H4a2 2 0 0 0-2 2v7a2 2 0 0 0 2 2h16a2 2 0 0 0 2-2V9a2 2 0 0 0-2-2h-2\"/><path d=\"M6 21V5a2 2 0 0 1 2-2h8a2 2 0 0 1 2 2v16\"/></svg>\n        <div class=\"driver-body\">\n          <div class=\"driver-name\">Business District</div>\n          <div class=\"driver-level\">MODERATE</div>\n        </div>\n      </div>\n      <div class=\"driver-context\">10 businesses</div>\n    </div>\n    <div class=\"driver\">\n      <div class=\"driver-pill\" style=\"background:#16A34A;\">\n        <svg viewBox=\"0 0 24 24\" width=\"18\" height=\"18\" fill=\"none\" stroke=\"white\" stroke-width=\"2\" stroke-linecap=\"round\" stroke-linejoin=\"round\" class=\"driver-icon\"><path d=\"M13 2 L3 14 h9 l-1 8 10-12 h-9 z\"/></svg>\n        <div class=\"driver-body\">\n          <div class=\"driver-name\">Transmission Main</div>\n          <div class=\"driver-level\">LOW</div>\n        </div>\n      </div>\n      <div class=\"driver-context\">Distribution only</div>\n    </div>\n  </div>\n</div>\n<div class=\"demo-netline\">10 segments in dig area (4 mains, 6 services) &middot; oldest 21-yr MDPE</div><div class=\"demo-action\"><a href=\"https://kartasoft.github.io/excavation-risk-demo/action_form.html?ticket_id=DEMO-20260713-0031&demo=1\" target=\"_blank\" rel=\"noopener\">LOG ACTION</a></div></div>"}}, {"type": "Feature", "geometry": {"type": "Polygon", "coordinates": [[[-82.99920565424914, 39.95851599553693], [-82.99923948765769, 39.95967734293831], [-83.00074864788809, 39.95965129648912], [-83.00071478898133, 39.95848995015317], [-82.99920565424914, 39.95851599553693]]]}, "properties": {"ticket_id": "DEMO-20260713-0032", "priority_level": "MODERATE", "likelihood_level": "MODERATE", "impact_level": "LOW", "division": "Demo District", "date": "2026-07-13", "excavator_name": "Excavator AF", "work_type": "DIRECTIONAL BORE", "demo_note": "synthetic demo data", "popup_html": "<div class=\"demo-popup\"><style>\n.demo-popup { font-family: -apple-system, BlinkMacSystemFont, 'Segoe UI', sans-serif;\n       color: #333; max-width: 920px; margin: 0 auto; padding: 20px; }\nh1 { color: #2c3e50; font-size: 20px; margin-bottom: 5px; }\n.meta { color: #7f8c8d; font-size: 13px; margin-bottom: 15px; }\n.risk-box { background: #f8f9fa; border-left: 4px solid #888888;\n             padding: 12px 16px; margin: 15px 0; border-radius: 4px; }\n.risk-pct { font-size: 28px; font-weight: bold; color: #888888; }\n.risk-score { font-size: 14px; color: #555; margin-top: 2px; }\n.indicators { display: flex; gap: 20px; margin: 20px 0; justify-content: center; }\n.indicator { flex: 1; max-width: 420px; text-align: center; }\n.indicator-pill { border-radius: 14px; padding: 18px 24px; color: white;\n                  box-shadow: 0 2px 6px rgba(0,0,0,0.12);\n                  display: flex; align-items: center; gap: 14px;\n                  text-align: left; }\n.indicator-icon { flex-shrink: 0; width: 32px; height: 32px; opacity: 0.95; }\n.indicator-body { flex: 1; }\n.indicator-label { font-size: 11px; letter-spacing: 0.1em; opacity: 0.9;\n                   text-transform: uppercase; }\n.indicator-level { font-size: 28px; font-weight: 800; letter-spacing: 0.04em;\n                   margin: 2px 0 2px 0; line-height: 1.1; }\n.indicator-sublabel { font-size: 13px; opacity: 0.95; font-weight: 500; }\n.indicator-context { margin-top: 8px; font-size: 12px; color: #555;\n                     line-height: 1.4; }\n.drivers-block { background: #f9fafb; border: 1px solid #e5e7eb;\n                 border-radius: 8px; padding: 14px 16px; margin: 14px 0; }\n.drivers-title { font-size: 11px; letter-spacing: 0.1em; text-transform: uppercase;\n                 color: #6b7280; font-weight: 700; margin-bottom: 8px; }\n.drivers-row { display: flex; gap: 10px; justify-content: center;\n               flex-wrap: wrap; }\n.driver { flex: 1; min-width: 180px; max-width: 220px; text-align: center; }\n.driver-pill { border-radius: 10px; padding: 10px 12px; color: white;\n               box-shadow: 0 1px 3px rgba(0,0,0,0.10);\n               display: flex; align-items: center; gap: 8px;\n               text-align: left; }\n.driver-pill.gray { background: #9ca3af; }\n.driver-icon { flex-shrink: 0; width: 18px; height: 18px; opacity: 0.95; }\n.driver-body { flex: 1; min-width: 0; }\n.driver-name { font-size: 10px; font-weight: 700; letter-spacing: 0.04em;\n               text-transform: uppercase; opacity: 0.95; white-space: nowrap;\n               overflow: hidden; text-overflow: ellipsis; }\n.driver-level { font-size: 13px; font-weight: 700; margin-top: 1px; }\n.driver-context { margin-top: 5px; font-size: 10px; color: #6b7280;\n                  line-height: 1.3; }\n.section { margin: 20px 0; }\n.section h2 { font-size: 16px; color: #2c3e50; border-bottom: 1px solid #ddd;\n               padding-bottom: 5px; }\n.drivers li { margin: 6px 0; font-size: 13px; line-height: 1.5; }\n.shap-val { color: #888; font-size: 12px; }\ntable { width: 100%; border-collapse: collapse; font-size: 13px; }\nth { background: #ecf0f1; padding: 8px; text-align: left; }\ntd { padding: 6px 8px; border-bottom: 1px solid #eee; }\n.map-container { width: 100%; height: 420px; border: 1px solid #ddd;\n                  border-radius: 4px; overflow: hidden; margin: 10px 0; }\n.footer { color: #aaa; font-size: 11px; margin-top: 30px; text-align: center; }\n\n.demo-popup { max-width: 380px; font-size: 13px; }\n.demo-popup h1 { font-size: 15px; margin: 2px 0 2px; }\n.demo-popup .meta { font-size: 11px; margin-bottom: 8px; }\n.demo-popup .indicators { gap: 10px; margin: 10px 0; }\n.demo-popup .indicator-level { font-size: 20px; }\n.demo-popup .indicator-icon { width: 22px; height: 22px; }\n.demo-popup .drivers-block { padding: 8px 10px; margin: 8px 0; }\n.demo-popup .driver { min-width: 150px; }\n.demo-banner { background: #FEF3C7; border: 1px solid #F59E0B;\n    color: #92400E; font-size: 10px; line-height: 1.35; padding: 5px 8px;\n    border-radius: 4px; margin-bottom: 8px; text-align: center;\n    font-weight: 600; }\n.demo-netline { font-size: 10px; color: #6b7280; margin-top: 8px;\n    text-align: center; line-height: 1.4; }\n.demo-action { text-align: center; margin-top: 12px; }\n.demo-action a { background: #2563EB; color: #fff; padding: 7px 18px;\n    border-radius: 4px; font-weight: bold; text-decoration: none;\n    display: inline-block; font-size: 11px; letter-spacing: 0.05em; }\n</style><h1>DEMO-20260713-0032</h1><div class=\"meta\">Demo District &middot; 2026-07-13 &middot; Excavator AF &middot; DIRECTIONAL BORE</div>\n<div class=\"indicators\">\n  <div class=\"indicator\">\n    <div class=\"indicator-pill\" style=\"background:#F59E0B;\">\n      <svg viewBox=\"0 0 24 24\" width=\"32\" height=\"32\" fill=\"none\" stroke=\"white\" stroke-width=\"2\" stroke-linecap=\"round\" stroke-linejoin=\"round\" class=\"indicator-icon\"><path d=\"m21.73 18-8-14a2 2 0 0 0-3.48 0l-8 14A2 2 0 0 0 4 21h16a2 2 0 0 0 1.73-3\"/><path d=\"M12 9v4\"/><path d=\"M12 17h.01\"/></svg>\n      <div class=\"indicator-body\">\n        <div class=\"indicator-label\">Damage Likelihood</div>\n        <div class=\"indicator-level\">MODERATE</div>\n        <div class=\"indicator-sublabel\">Top 8% of all tickets</div>\n      </div>\n    </div>\n    <div class=\"indicator-context\">Top 8% by damage probability</div>\n  </div>\n  <div class=\"indicator\">\n    <div class=\"indicator-pill\" style=\"background:#16A34A;\">\n      <svg viewBox=\"0 0 24 24\" width=\"32\" height=\"32\" fill=\"none\" stroke=\"white\" stroke-width=\"2\" stroke-linecap=\"round\" stroke-linejoin=\"round\" class=\"indicator-icon\"><path d=\"M12 2 L20 5 V11 C 20 16 16 20 12 22 C 8 20 4 16 4 11 V5 Z\"/><path d=\"M12 9 V13\"/><path d=\"M12 17 h.01\"/></svg>\n      <div class=\"indicator-body\">\n        <div class=\"indicator-label\">Impact</div>\n        <div class=\"indicator-level\">LOW</div>\n        <div class=\"indicator-sublabel\">Bottom 53% by consequence</div>\n      </div>\n    </div>\n    <div class=\"indicator-context\">11 businesses nearby</div>\n  </div>\n</div>\n\n<div class=\"drivers-block\">\n  <div class=\"drivers-title\">Likelihood Drivers</div>\n  <div class=\"drivers-row\">\n    <div class=\"driver\">\n      <div class=\"driver-pill\" style=\"background:#16A34A;\">\n        <svg viewBox=\"0 0 30 26\" width=\"18\" height=\"18\" fill=\"none\" stroke=\"white\" stroke-width=\"1.4\" stroke-linecap=\"round\" stroke-linejoin=\"round\" class=\"driver-icon\"><rect x=\"2\" y=\"19.5\" width=\"16\" height=\"4.5\" rx=\"2.2\"/><circle cx=\"5.5\" cy=\"21.75\" r=\"1.1\" stroke-width=\"1\"/><circle cx=\"10\" cy=\"21.75\" r=\"1.1\" stroke-width=\"1\"/><circle cx=\"14.5\" cy=\"21.75\" r=\"1.1\" stroke-width=\"1\"/><path d=\"M4.5 18.5 V15 H7.5 V13 H18 V18.5\"/><path d=\"M12 11.5 L19 4 L20.5 5.5 L13.5 13 Z\"/><path d=\"M21.5 4 L27 12 L25.5 13 L20 5 Z\"/><path d=\"M26.5 14 L27 17 Q 26.5 19.5 24 19 L23 16 Z\"/></svg>\n        <div class=\"driver-body\">\n          <div class=\"driver-name\">Excavator History</div>\n          <div class=\"driver-level\">LOW</div>\n        </div>\n      </div>\n      <div class=\"driver-context\">1.1% damage rate (90d, 899 tickets)</div>\n    </div>\n    <div class=\"driver\">\n      <div class=\"driver-pill\" style=\"background:#F59E0B;\">\n        <svg viewBox=\"0 0 24 24\" width=\"18\" height=\"18\" fill=\"none\" stroke=\"white\" stroke-width=\"2\" stroke-linecap=\"round\" stroke-linejoin=\"round\" class=\"driver-icon\"><ellipse cx=\"12\" cy=\"5\" rx=\"9\" ry=\"3\"/><path d=\"M3 5v14a9 3 0 0 0 18 0V5\"/></svg>\n        <div class=\"driver-body\">\n          <div class=\"driver-name\">Pipe Vulnerability</div>\n          <div class=\"driver-level\">MODERATE</div>\n        </div>\n      </div>\n      <div class=\"driver-context\">68-year-old Steel (top 15%)</div>\n    </div>\n    <div class=\"driver\">\n      <div class=\"driver-pill\" style=\"background:#DC2626;\">\n        <svg viewBox=\"0 0 24 24\" width=\"18\" height=\"18\" fill=\"none\" stroke=\"white\" stroke-width=\"2\" stroke-linecap=\"round\" stroke-linejoin=\"round\" class=\"driver-icon\"><path d=\"M4 20 L14 10\"/><path d=\"M9 5 L19 15\"/></svg>\n        <div class=\"driver-body\">\n          <div class=\"driver-name\">Work Activity</div>\n          <div class=\"driver-level\">HIGH</div>\n        </div>\n      </div>\n      <div class=\"driver-context\">Directional Bore with Directional Drill</div>\n    </div>\n    <div class=\"driver\">\n      <div class=\"driver-pill\" style=\"background:#DC2626;\">\n        <svg viewBox=\"0 0 24 24\" width=\"18\" height=\"18\" fill=\"none\" stroke=\"white\" stroke-width=\"2\" stroke-linecap=\"round\" stroke-linejoin=\"round\" class=\"driver-icon\"><path d=\"M3 7V5a2 2 0 0 1 2-2h2\"/><path d=\"M17 3h2a2 2 0 0 1 2 2v2\"/><path d=\"M21 17v2a2 2 0 0 1-2 2h-2\"/><path d=\"M7 21H5a2 2 0 0 1-2-2v-2\"/></svg>\n        <div class=\"driver-body\">\n          <div class=\"driver-name\">Locate Quality</div>\n          <div class=\"driver-level\">POOR</div>\n        </div>\n      </div>\n      <div class=\"driver-context\">Locator: Unit AF (above-avg damage rate)</div>\n    </div>\n  </div>\n</div>\n<div class=\"drivers-block\">\n  <div class=\"drivers-title\">Impact Drivers</div>\n  <div class=\"drivers-row\">\n    <div class=\"driver\">\n      <div class=\"driver-pill\" style=\"background:#16A34A;\">\n        <svg viewBox=\"0 0 24 24\" width=\"18\" height=\"18\" fill=\"none\" stroke=\"white\" stroke-width=\"2\" stroke-linecap=\"round\" stroke-linejoin=\"round\" class=\"driver-icon\"><path d=\"M3 12 L12 4 L21 12\"/><path d=\"M5 11 V20 H19 V11\"/></svg>\n        <div class=\"driver-body\">\n          <div class=\"driver-name\">Service Disruption</div>\n          <div class=\"driver-level\">LOW</div>\n        </div>\n      </div>\n      <div class=\"driver-context\">No chokepoint</div>\n    </div>\n    <div class=\"driver\">\n      <div class=\"driver-pill\" style=\"background:#16A34A;\">\n        <svg viewBox=\"0 0 24 24\" width=\"18\" height=\"18\" fill=\"none\" stroke=\"white\" stroke-width=\"2\" stroke-linecap=\"round\" stroke-linejoin=\"round\" class=\"driver-icon\"><path d=\"M12 7v4\"/><path d=\"M14 21v-3a2 2 0 0 0-4 0v3\"/><path d=\"M14 9h-4\"/><path d=\"M18 11h2a2 2 0 0 1 2 2v6a2 2 0 0 1-2 2H4a2 2 0 0 1-2-2v-9a2 2 0 0 1 2-2h2\"/><path d=\"M18 21V5a2 2 0 0 0-2-2H8a2 2 0 0 0-2 2v16\"/></svg>\n        <div class=\"driver-body\">\n          <div class=\"driver-name\">Critical Facilities</div>\n          <div class=\"driver-level\">LOW</div>\n        </div>\n      </div>\n      <div class=\"driver-context\">None</div>\n    </div>\n    <div class=\"driver\">\n      <div class=\"driver-pill\" style=\"background:#DC2626;\">\n        <svg viewBox=\"0 0 24 24\" width=\"18\" height=\"18\" fill=\"none\" stroke=\"white\" stroke-width=\"2\" stroke-linecap=\"round\" stroke-linejoin=\"round\" class=\"driver-icon\"><path d=\"M10 12h4\"/><path d=\"M10 8h4\"/><path d=\"M14 21v-3a2 2 0 0 0-4 0v3\"/><path d=\"M6 10H4a2 2 0 0 0-2 2v7a2 2 0 0 0 2 2h16a2 2 0 0 0 2-2V9a2 2 0 0 0-2-2h-2\"/><path d=\"M6 21V5a2 2 0 0 1 2-2h8a2 2 0 0 1 2 2v16\"/></svg>\n        <div class=\"driver-body\">\n          <div class=\"driver-name\">Business District</div>\n          <div class=\"driver-level\">HIGH</div>\n        </div>\n      </div>\n      <div class=\"driver-context\">11 businesses</div>\n    </div>\n    <div class=\"driver\">\n      <div class=\"driver-pill\" style=\"background:#16A34A;\">\n        <svg viewBox=\"0 0 24 24\" width=\"18\" height=\"18\" fill=\"none\" stroke=\"white\" stroke-width=\"2\" stroke-linecap=\"round\" stroke-linejoin=\"round\" class=\"driver-icon\"><path d=\"M13 2 L3 14 h9 l-1 8 10-12 h-9 z\"/></svg>\n        <div class=\"driver-body\">\n          <div class=\"driver-name\">Transmission Main</div>\n          <div class=\"driver-level\">LOW</div>\n        </div>\n      </div>\n      <div class=\"driver-context\">Distribution only</div>\n    </div>\n  </div>\n</div>\n<div class=\"demo-netline\">18 segments in dig area (9 mains, 9 services) &middot; oldest 68-yr Steel</div><div class=\"demo-action\"><a href=\"https://kartasoft.github.io/excavation-risk-demo/action_form.html?ticket_id=DEMO-20260713-0032&demo=1\" target=\"_blank\" rel=\"noopener\">LOG ACTION</a></div></div>"}}, {"type": "Feature", "geometry": {"type": "Polygon", "coordinates": [[[-83.01258733263832, 39.959572172955944], [-83.01261024536669, 39.960353407397776], [-83.01362546268058, 39.96033577071831], [-83.01360253841341, 39.95955453676178], [-83.01258733263832, 39.959572172955944]]]}, "properties": {"ticket_id": "DEMO-20260713-0033", "priority_level": "LOW", "likelihood_level": "LOW", "impact_level": "LOW", "division": "Demo District", "date": "2026-07-13", "excavator_name": "Excavator AG", "work_type": "GAS SERVICE INSTALL", "demo_note": "synthetic demo data", "popup_html": "<div class=\"demo-popup\"><style>\n.demo-popup { font-family: -apple-system, BlinkMacSystemFont, 'Segoe UI', sans-serif;\n       color: #333; max-width: 920px; margin: 0 auto; padding: 20px; }\nh1 { color: #2c3e50; font-size: 20px; margin-bottom: 5px; }\n.meta { color: #7f8c8d; font-size: 13px; margin-bottom: 15px; }\n.risk-box { background: #f8f9fa; border-left: 4px solid #888888;\n             padding: 12px 16px; margin: 15px 0; border-radius: 4px; }\n.risk-pct { font-size: 28px; font-weight: bold; color: #888888; }\n.risk-score { font-size: 14px; color: #555; margin-top: 2px; }\n.indicators { display: flex; gap: 20px; margin: 20px 0; justify-content: center; }\n.indicator { flex: 1; max-width: 420px; text-align: center; }\n.indicator-pill { border-radius: 14px; padding: 18px 24px; color: white;\n                  box-shadow: 0 2px 6px rgba(0,0,0,0.12);\n                  display: flex; align-items: center; gap: 14px;\n                  text-align: left; }\n.indicator-icon { flex-shrink: 0; width: 32px; height: 32px; opacity: 0.95; }\n.indicator-body { flex: 1; }\n.indicator-label { font-size: 11px; letter-spacing: 0.1em; opacity: 0.9;\n                   text-transform: uppercase; }\n.indicator-level { font-size: 28px; font-weight: 800; letter-spacing: 0.04em;\n                   margin: 2px 0 2px 0; line-height: 1.1; }\n.indicator-sublabel { font-size: 13px; opacity: 0.95; font-weight: 500; }\n.indicator-context { margin-top: 8px; font-size: 12px; color: #555;\n                     line-height: 1.4; }\n.drivers-block { background: #f9fafb; border: 1px solid #e5e7eb;\n                 border-radius: 8px; padding: 14px 16px; margin: 14px 0; }\n.drivers-title { font-size: 11px; letter-spacing: 0.1em; text-transform: uppercase;\n                 color: #6b7280; font-weight: 700; margin-bottom: 8px; }\n.drivers-row { display: flex; gap: 10px; justify-content: center;\n               flex-wrap: wrap; }\n.driver { flex: 1; min-width: 180px; max-width: 220px; text-align: center; }\n.driver-pill { border-radius: 10px; padding: 10px 12px; color: white;\n               box-shadow: 0 1px 3px rgba(0,0,0,0.10);\n               display: flex; align-items: center; gap: 8px;\n               text-align: left; }\n.driver-pill.gray { background: #9ca3af; }\n.driver-icon { flex-shrink: 0; width: 18px; height: 18px; opacity: 0.95; }\n.driver-body { flex: 1; min-width: 0; }\n.driver-name { font-size: 10px; font-weight: 700; letter-spacing: 0.04em;\n               text-transform: uppercase; opacity: 0.95; white-space: nowrap;\n               overflow: hidden; text-overflow: ellipsis; }\n.driver-level { font-size: 13px; font-weight: 700; margin-top: 1px; }\n.driver-context { margin-top: 5px; font-size: 10px; color: #6b7280;\n                  line-height: 1.3; }\n.section { margin: 20px 0; }\n.section h2 { font-size: 16px; color: #2c3e50; border-bottom: 1px solid #ddd;\n               padding-bottom: 5px; }\n.drivers li { margin: 6px 0; font-size: 13px; line-height: 1.5; }\n.shap-val { color: #888; font-size: 12px; }\ntable { width: 100%; border-collapse: collapse; font-size: 13px; }\nth { background: #ecf0f1; padding: 8px; text-align: left; }\ntd { padding: 6px 8px; border-bottom: 1px solid #eee; }\n.map-container { width: 100%; height: 420px; border: 1px solid #ddd;\n                  border-radius: 4px; overflow: hidden; margin: 10px 0; }\n.footer { color: #aaa; font-size: 11px; margin-top: 30px; text-align: center; }\n\n.demo-popup { max-width: 380px; font-size: 13px; }\n.demo-popup h1 { font-size: 15px; margin: 2px 0 2px; }\n.demo-popup .meta { font-size: 11px; margin-bottom: 8px; }\n.demo-popup .indicators { gap: 10px; margin: 10px 0; }\n.demo-popup .indicator-level { font-size: 20px; }\n.demo-popup .indicator-icon { width: 22px; height: 22px; }\n.demo-popup .drivers-block { padding: 8px 10px; margin: 8px 0; }\n.demo-popup .driver { min-width: 150px; }\n.demo-banner { background: #FEF3C7; border: 1px solid #F59E0B;\n    color: #92400E; font-size: 10px; line-height: 1.35; padding: 5px 8px;\n    border-radius: 4px; margin-bottom: 8px; text-align: center;\n    font-weight: 600; }\n.demo-netline { font-size: 10px; color: #6b7280; margin-top: 8px;\n    text-align: center; line-height: 1.4; }\n.demo-action { text-align: center; margin-top: 12px; }\n.demo-action a { background: #2563EB; color: #fff; padding: 7px 18px;\n    border-radius: 4px; font-weight: bold; text-decoration: none;\n    display: inline-block; font-size: 11px; letter-spacing: 0.05em; }\n</style><h1>DEMO-20260713-0033</h1><div class=\"meta\">Demo District &middot; 2026-07-13 &middot; Excavator AG &middot; GAS SERVICE INSTALL</div>\n<div class=\"indicators\">\n  <div class=\"indicator\">\n    <div class=\"indicator-pill\" style=\"background:#16A34A;\">\n      <svg viewBox=\"0 0 24 24\" width=\"32\" height=\"32\" fill=\"none\" stroke=\"white\" stroke-width=\"2\" stroke-linecap=\"round\" stroke-linejoin=\"round\" class=\"indicator-icon\"><path d=\"m21.73 18-8-14a2 2 0 0 0-3.48 0l-8 14A2 2 0 0 0 4 21h16a2 2 0 0 0 1.73-3\"/><path d=\"M12 9v4\"/><path d=\"M12 17h.01\"/></svg>\n      <div class=\"indicator-body\">\n        <div class=\"indicator-label\">Damage Likelihood</div>\n        <div class=\"indicator-level\">LOW</div>\n        <div class=\"indicator-sublabel\">Bottom 75% of all tickets</div>\n      </div>\n    </div>\n    <div class=\"indicator-context\">Bottom 75% by damage probability</div>\n  </div>\n  <div class=\"indicator\">\n    <div class=\"indicator-pill\" style=\"background:#16A34A;\">\n      <svg viewBox=\"0 0 24 24\" width=\"32\" height=\"32\" fill=\"none\" stroke=\"white\" stroke-width=\"2\" stroke-linecap=\"round\" stroke-linejoin=\"round\" class=\"indicator-icon\"><path d=\"M12 2 L20 5 V11 C 20 16 16 20 12 22 C 8 20 4 16 4 11 V5 Z\"/><path d=\"M12 9 V13\"/><path d=\"M12 17 h.01\"/></svg>\n      <div class=\"indicator-body\">\n        <div class=\"indicator-label\">Impact</div>\n        <div class=\"indicator-level\">LOW</div>\n        <div class=\"indicator-sublabel\">Bottom 75% by consequence</div>\n      </div>\n    </div>\n    <div class=\"indicator-context\">1 daycare center, 5 businesses nearby, near transmission</div>\n  </div>\n</div>\n\n<div class=\"drivers-block\">\n  <div class=\"drivers-title\">Likelihood Drivers</div>\n  <div class=\"drivers-row\">\n    <div class=\"driver\">\n      <div class=\"driver-pill\" style=\"background:#16A34A;\">\n        <svg viewBox=\"0 0 30 26\" width=\"18\" height=\"18\" fill=\"none\" stroke=\"white\" stroke-width=\"1.4\" stroke-linecap=\"round\" stroke-linejoin=\"round\" class=\"driver-icon\"><rect x=\"2\" y=\"19.5\" width=\"16\" height=\"4.5\" rx=\"2.2\"/><circle cx=\"5.5\" cy=\"21.75\" r=\"1.1\" stroke-width=\"1\"/><circle cx=\"10\" cy=\"21.75\" r=\"1.1\" stroke-width=\"1\"/><circle cx=\"14.5\" cy=\"21.75\" r=\"1.1\" stroke-width=\"1\"/><path d=\"M4.5 18.5 V15 H7.5 V13 H18 V18.5\"/><path d=\"M12 11.5 L19 4 L20.5 5.5 L13.5 13 Z\"/><path d=\"M21.5 4 L27 12 L25.5 13 L20 5 Z\"/><path d=\"M26.5 14 L27 17 Q 26.5 19.5 24 19 L23 16 Z\"/></svg>\n        <div class=\"driver-body\">\n          <div class=\"driver-name\">Excavator History</div>\n          <div class=\"driver-level\">LOW</div>\n        </div>\n      </div>\n      <div class=\"driver-context\">0.6% damage rate (90d, 236 tickets)</div>\n    </div>\n    <div class=\"driver\">\n      <div class=\"driver-pill\" style=\"background:#DC2626;\">\n        <svg viewBox=\"0 0 24 24\" width=\"18\" height=\"18\" fill=\"none\" stroke=\"white\" stroke-width=\"2\" stroke-linecap=\"round\" stroke-linejoin=\"round\" class=\"driver-icon\"><ellipse cx=\"12\" cy=\"5\" rx=\"9\" ry=\"3\"/><path d=\"M3 5v14a9 3 0 0 0 18 0V5\"/></svg>\n        <div class=\"driver-body\">\n          <div class=\"driver-name\">Pipe Vulnerability</div>\n          <div class=\"driver-level\">HIGH</div>\n        </div>\n      </div>\n      <div class=\"driver-context\">78-year-old Steel (top 6%)</div>\n    </div>\n    <div class=\"driver\">\n      <div class=\"driver-pill\" style=\"background:#DC2626;\">\n        <svg viewBox=\"0 0 24 24\" width=\"18\" height=\"18\" fill=\"none\" stroke=\"white\" stroke-width=\"2\" stroke-linecap=\"round\" stroke-linejoin=\"round\" class=\"driver-icon\"><path d=\"M4 20 L14 10\"/><path d=\"M9 5 L19 15\"/></svg>\n        <div class=\"driver-body\">\n          <div class=\"driver-name\">Work Activity</div>\n          <div class=\"driver-level\">HIGH</div>\n        </div>\n      </div>\n      <div class=\"driver-context\">Gas Service Install with Backhoe</div>\n    </div>\n    <div class=\"driver\">\n      <div class=\"driver-pill\" style=\"background:#F59E0B;\">\n        <svg viewBox=\"0 0 24 24\" width=\"18\" height=\"18\" fill=\"none\" stroke=\"white\" stroke-width=\"2\" stroke-linecap=\"round\" stroke-linejoin=\"round\" class=\"driver-icon\"><path d=\"M3 7V5a2 2 0 0 1 2-2h2\"/><path d=\"M17 3h2a2 2 0 0 1 2 2v2\"/><path d=\"M21 17v2a2 2 0 0 1-2 2h-2\"/><path d=\"M7 21H5a2 2 0 0 1-2-2v-2\"/></svg>\n        <div class=\"driver-body\">\n          <div class=\"driver-name\">Locate Quality</div>\n          <div class=\"driver-level\">WATCH</div>\n        </div>\n      </div>\n      <div class=\"driver-context\">Locator: Unit AG (mixed record)</div>\n    </div>\n  </div>\n</div>\n<div class=\"drivers-block\">\n  <div class=\"drivers-title\">Impact Drivers</div>\n  <div class=\"drivers-row\">\n    <div class=\"driver\">\n      <div class=\"driver-pill\" style=\"background:#16A34A;\">\n        <svg viewBox=\"0 0 24 24\" width=\"18\" height=\"18\" fill=\"none\" stroke=\"white\" stroke-width=\"2\" stroke-linecap=\"round\" stroke-linejoin=\"round\" class=\"driver-icon\"><path d=\"M3 12 L12 4 L21 12\"/><path d=\"M5 11 V20 H19 V11\"/></svg>\n        <div class=\"driver-body\">\n          <div class=\"driver-name\">Service Disruption</div>\n          <div class=\"driver-level\">LOW</div>\n        </div>\n      </div>\n      <div class=\"driver-context\">No chokepoint</div>\n    </div>\n    <div class=\"driver\">\n      <div class=\"driver-pill\" style=\"background:#F59E0B;\">\n        <svg viewBox=\"0 0 24 24\" width=\"18\" height=\"18\" fill=\"none\" stroke=\"white\" stroke-width=\"2\" stroke-linecap=\"round\" stroke-linejoin=\"round\" class=\"driver-icon\"><path d=\"M12 7v4\"/><path d=\"M14 21v-3a2 2 0 0 0-4 0v3\"/><path d=\"M14 9h-4\"/><path d=\"M18 11h2a2 2 0 0 1 2 2v6a2 2 0 0 1-2 2H4a2 2 0 0 1-2-2v-9a2 2 0 0 1 2-2h2\"/><path d=\"M18 21V5a2 2 0 0 0-2-2H8a2 2 0 0 0-2 2v16\"/></svg>\n        <div class=\"driver-body\">\n          <div class=\"driver-name\">Critical Facilities</div>\n          <div class=\"driver-level\">MODERATE</div>\n        </div>\n      </div>\n      <div class=\"driver-context\">1 daycare center</div>\n    </div>\n    <div class=\"driver\">\n      <div class=\"driver-pill\" style=\"background:#F59E0B;\">\n        <svg viewBox=\"0 0 24 24\" width=\"18\" height=\"18\" fill=\"none\" stroke=\"white\" stroke-width=\"2\" stroke-linecap=\"round\" stroke-linejoin=\"round\" class=\"driver-icon\"><path d=\"M10 12h4\"/><path d=\"M10 8h4\"/><path d=\"M14 21v-3a2 2 0 0 0-4 0v3\"/><path d=\"M6 10H4a2 2 0 0 0-2 2v7a2 2 0 0 0 2 2h16a2 2 0 0 0 2-2V9a2 2 0 0 0-2-2h-2\"/><path d=\"M6 21V5a2 2 0 0 1 2-2h8a2 2 0 0 1 2 2v16\"/></svg>\n        <div class=\"driver-body\">\n          <div class=\"driver-name\">Business District</div>\n          <div class=\"driver-level\">MODERATE</div>\n        </div>\n      </div>\n      <div class=\"driver-context\">5 businesses</div>\n    </div>\n    <div class=\"driver\">\n      <div class=\"driver-pill\" style=\"background:#DC2626;\">\n        <svg viewBox=\"0 0 24 24\" width=\"18\" height=\"18\" fill=\"none\" stroke=\"white\" stroke-width=\"2\" stroke-linecap=\"round\" stroke-linejoin=\"round\" class=\"driver-icon\"><path d=\"M13 2 L3 14 h9 l-1 8 10-12 h-9 z\"/></svg>\n        <div class=\"driver-body\">\n          <div class=\"driver-name\">Transmission Main</div>\n          <div class=\"driver-level\">HIGH</div>\n        </div>\n      </div>\n      <div class=\"driver-context\">Near transmission main</div>\n    </div>\n  </div>\n</div>\n<div class=\"demo-netline\">7 segments in dig area (4 mains, 3 services) &middot; oldest 78-yr Steel</div><div class=\"demo-action\"><a href=\"https://kartasoft.github.io/excavation-risk-demo/action_form.html?ticket_id=DEMO-20260713-0033&demo=1\" target=\"_blank\" rel=\"noopener\">LOG ACTION</a></div></div>"}}, {"type": "Feature", "geometry": {"type": "Polygon", "coordinates": [[[-83.00252245058871, 39.95841449209542], [-83.00252770560829, 39.95859457914371], [-83.00276172348136, 39.958590534921214], [-83.00275646784866, 39.958410447898586], [-83.00252245058871, 39.95841449209542]]]}, "properties": {"ticket_id": "DEMO-20260713-0034", "priority_level": "LOW", "likelihood_level": "LOW", "impact_level": "LOW", "division": "Demo District", "date": "2026-07-13", "excavator_name": "Excavator AH", "work_type": "SIDEWALK REPAIR", "demo_note": "synthetic demo data", "popup_html": "<div class=\"demo-popup\"><style>\n.demo-popup { font-family: -apple-system, BlinkMacSystemFont, 'Segoe UI', sans-serif;\n       color: #333; max-width: 920px; margin: 0 auto; padding: 20px; }\nh1 { color: #2c3e50; font-size: 20px; margin-bottom: 5px; }\n.meta { color: #7f8c8d; font-size: 13px; margin-bottom: 15px; }\n.risk-box { background: #f8f9fa; border-left: 4px solid #888888;\n             padding: 12px 16px; margin: 15px 0; border-radius: 4px; }\n.risk-pct { font-size: 28px; font-weight: bold; color: #888888; }\n.risk-score { font-size: 14px; color: #555; margin-top: 2px; }\n.indicators { display: flex; gap: 20px; margin: 20px 0; justify-content: center; }\n.indicator { flex: 1; max-width: 420px; text-align: center; }\n.indicator-pill { border-radius: 14px; padding: 18px 24px; color: white;\n                  box-shadow: 0 2px 6px rgba(0,0,0,0.12);\n                  display: flex; align-items: center; gap: 14px;\n                  text-align: left; }\n.indicator-icon { flex-shrink: 0; width: 32px; height: 32px; opacity: 0.95; }\n.indicator-body { flex: 1; }\n.indicator-label { font-size: 11px; letter-spacing: 0.1em; opacity: 0.9;\n                   text-transform: uppercase; }\n.indicator-level { font-size: 28px; font-weight: 800; letter-spacing: 0.04em;\n                   margin: 2px 0 2px 0; line-height: 1.1; }\n.indicator-sublabel { font-size: 13px; opacity: 0.95; font-weight: 500; }\n.indicator-context { margin-top: 8px; font-size: 12px; color: #555;\n                     line-height: 1.4; }\n.drivers-block { background: #f9fafb; border: 1px solid #e5e7eb;\n                 border-radius: 8px; padding: 14px 16px; margin: 14px 0; }\n.drivers-title { font-size: 11px; letter-spacing: 0.1em; text-transform: uppercase;\n                 color: #6b7280; font-weight: 700; margin-bottom: 8px; }\n.drivers-row { display: flex; gap: 10px; justify-content: center;\n               flex-wrap: wrap; }\n.driver { flex: 1; min-width: 180px; max-width: 220px; text-align: center; }\n.driver-pill { border-radius: 10px; padding: 10px 12px; color: white;\n               box-shadow: 0 1px 3px rgba(0,0,0,0.10);\n               display: flex; align-items: center; gap: 8px;\n               text-align: left; }\n.driver-pill.gray { background: #9ca3af; }\n.driver-icon { flex-shrink: 0; width: 18px; height: 18px; opacity: 0.95; }\n.driver-body { flex: 1; min-width: 0; }\n.driver-name { font-size: 10px; font-weight: 700; letter-spacing: 0.04em;\n               text-transform: uppercase; opacity: 0.95; white-space: nowrap;\n               overflow: hidden; text-overflow: ellipsis; }\n.driver-level { font-size: 13px; font-weight: 700; margin-top: 1px; }\n.driver-context { margin-top: 5px; font-size: 10px; color: #6b7280;\n                  line-height: 1.3; }\n.section { margin: 20px 0; }\n.section h2 { font-size: 16px; color: #2c3e50; border-bottom: 1px solid #ddd;\n               padding-bottom: 5px; }\n.drivers li { margin: 6px 0; font-size: 13px; line-height: 1.5; }\n.shap-val { color: #888; font-size: 12px; }\ntable { width: 100%; border-collapse: collapse; font-size: 13px; }\nth { background: #ecf0f1; padding: 8px; text-align: left; }\ntd { padding: 6px 8px; border-bottom: 1px solid #eee; }\n.map-container { width: 100%; height: 420px; border: 1px solid #ddd;\n                  border-radius: 4px; overflow: hidden; margin: 10px 0; }\n.footer { color: #aaa; font-size: 11px; margin-top: 30px; text-align: center; }\n\n.demo-popup { max-width: 380px; font-size: 13px; }\n.demo-popup h1 { font-size: 15px; margin: 2px 0 2px; }\n.demo-popup .meta { font-size: 11px; margin-bottom: 8px; }\n.demo-popup .indicators { gap: 10px; margin: 10px 0; }\n.demo-popup .indicator-level { font-size: 20px; }\n.demo-popup .indicator-icon { width: 22px; height: 22px; }\n.demo-popup .drivers-block { padding: 8px 10px; margin: 8px 0; }\n.demo-popup .driver { min-width: 150px; }\n.demo-banner { background: #FEF3C7; border: 1px solid #F59E0B;\n    color: #92400E; font-size: 10px; line-height: 1.35; padding: 5px 8px;\n    border-radius: 4px; margin-bottom: 8px; text-align: center;\n    font-weight: 600; }\n.demo-netline { font-size: 10px; color: #6b7280; margin-top: 8px;\n    text-align: center; line-height: 1.4; }\n.demo-action { text-align: center; margin-top: 12px; }\n.demo-action a { background: #2563EB; color: #fff; padding: 7px 18px;\n    border-radius: 4px; font-weight: bold; text-decoration: none;\n    display: inline-block; font-size: 11px; letter-spacing: 0.05em; }\n</style><h1>DEMO-20260713-0034</h1><div class=\"meta\">Demo District &middot; 2026-07-13 &middot; Excavator AH &middot; SIDEWALK REPAIR</div>\n<div class=\"indicators\">\n  <div class=\"indicator\">\n    <div class=\"indicator-pill\" style=\"background:#16A34A;\">\n      <svg viewBox=\"0 0 24 24\" width=\"32\" height=\"32\" fill=\"none\" stroke=\"white\" stroke-width=\"2\" stroke-linecap=\"round\" stroke-linejoin=\"round\" class=\"indicator-icon\"><path d=\"m21.73 18-8-14a2 2 0 0 0-3.48 0l-8 14A2 2 0 0 0 4 21h16a2 2 0 0 0 1.73-3\"/><path d=\"M12 9v4\"/><path d=\"M12 17h.01\"/></svg>\n      <div class=\"indicator-body\">\n        <div class=\"indicator-label\">Damage Likelihood</div>\n        <div class=\"indicator-level\">LOW</div>\n        <div class=\"indicator-sublabel\">Bottom 77% of all tickets</div>\n      </div>\n    </div>\n    <div class=\"indicator-context\">Bottom 77% by damage probability</div>\n  </div>\n  <div class=\"indicator\">\n    <div class=\"indicator-pill\" style=\"background:#16A34A;\">\n      <svg viewBox=\"0 0 24 24\" width=\"32\" height=\"32\" fill=\"none\" stroke=\"white\" stroke-width=\"2\" stroke-linecap=\"round\" stroke-linejoin=\"round\" class=\"indicator-icon\"><path d=\"M12 2 L20 5 V11 C 20 16 16 20 12 22 C 8 20 4 16 4 11 V5 Z\"/><path d=\"M12 9 V13\"/><path d=\"M12 17 h.01\"/></svg>\n      <div class=\"indicator-body\">\n        <div class=\"indicator-label\">Impact</div>\n        <div class=\"indicator-level\">LOW</div>\n        <div class=\"indicator-sublabel\">Bottom 21% by consequence</div>\n      </div>\n    </div>\n    <div class=\"indicator-context\">3 businesses nearby</div>\n  </div>\n</div>\n\n<div class=\"drivers-block\">\n  <div class=\"drivers-title\">Likelihood Drivers</div>\n  <div class=\"drivers-row\">\n    <div class=\"driver\">\n      <div class=\"driver-pill\" style=\"background:#DC2626;\">\n        <svg viewBox=\"0 0 30 26\" width=\"18\" height=\"18\" fill=\"none\" stroke=\"white\" stroke-width=\"1.4\" stroke-linecap=\"round\" stroke-linejoin=\"round\" class=\"driver-icon\"><rect x=\"2\" y=\"19.5\" width=\"16\" height=\"4.5\" rx=\"2.2\"/><circle cx=\"5.5\" cy=\"21.75\" r=\"1.1\" stroke-width=\"1\"/><circle cx=\"10\" cy=\"21.75\" r=\"1.1\" stroke-width=\"1\"/><circle cx=\"14.5\" cy=\"21.75\" r=\"1.1\" stroke-width=\"1\"/><path d=\"M4.5 18.5 V15 H7.5 V13 H18 V18.5\"/><path d=\"M12 11.5 L19 4 L20.5 5.5 L13.5 13 Z\"/><path d=\"M21.5 4 L27 12 L25.5 13 L20 5 Z\"/><path d=\"M26.5 14 L27 17 Q 26.5 19.5 24 19 L23 16 Z\"/></svg>\n        <div class=\"driver-body\">\n          <div class=\"driver-name\">Excavator History</div>\n          <div class=\"driver-level\">HIGH</div>\n        </div>\n      </div>\n      <div class=\"driver-context\">5.6% damage rate (90d, 358 tickets)</div>\n    </div>\n    <div class=\"driver\">\n      <div class=\"driver-pill\" style=\"background:#F59E0B;\">\n        <svg viewBox=\"0 0 24 24\" width=\"18\" height=\"18\" fill=\"none\" stroke=\"white\" stroke-width=\"2\" stroke-linecap=\"round\" stroke-linejoin=\"round\" class=\"driver-icon\"><ellipse cx=\"12\" cy=\"5\" rx=\"9\" ry=\"3\"/><path d=\"M3 5v14a9 3 0 0 0 18 0V5\"/></svg>\n        <div class=\"driver-body\">\n          <div class=\"driver-name\">Pipe Vulnerability</div>\n          <div class=\"driver-level\">MODERATE</div>\n        </div>\n      </div>\n      <div class=\"driver-context\">61-year-old Steel (bottom 71%)</div>\n    </div>\n    <div class=\"driver\">\n      <div class=\"driver-pill\" style=\"background:#F59E0B;\">\n        <svg viewBox=\"0 0 24 24\" width=\"18\" height=\"18\" fill=\"none\" stroke=\"white\" stroke-width=\"2\" stroke-linecap=\"round\" stroke-linejoin=\"round\" class=\"driver-icon\"><path d=\"M4 20 L14 10\"/><path d=\"M9 5 L19 15\"/></svg>\n        <div class=\"driver-body\">\n          <div class=\"driver-name\">Work Activity</div>\n          <div class=\"driver-level\">MODERATE</div>\n        </div>\n      </div>\n      <div class=\"driver-context\">Sidewalk Repair with Concrete Saw</div>\n    </div>\n    <div class=\"driver\">\n      <div class=\"driver-pill\" style=\"background:#16A34A;\">\n        <svg viewBox=\"0 0 24 24\" width=\"18\" height=\"18\" fill=\"none\" stroke=\"white\" stroke-width=\"2\" stroke-linecap=\"round\" stroke-linejoin=\"round\" class=\"driver-icon\"><path d=\"M3 7V5a2 2 0 0 1 2-2h2\"/><path d=\"M17 3h2a2 2 0 0 1 2 2v2\"/><path d=\"M21 17v2a2 2 0 0 1-2 2h-2\"/><path d=\"M7 21H5a2 2 0 0 1-2-2v-2\"/></svg>\n        <div class=\"driver-body\">\n          <div class=\"driver-name\">Locate Quality</div>\n          <div class=\"driver-level\">GOOD</div>\n        </div>\n      </div>\n      <div class=\"driver-context\">Locator: Unit AH (clean record)</div>\n    </div>\n  </div>\n</div>\n<div class=\"drivers-block\">\n  <div class=\"drivers-title\">Impact Drivers</div>\n  <div class=\"drivers-row\">\n    <div class=\"driver\">\n      <div class=\"driver-pill\" style=\"background:#16A34A;\">\n        <svg viewBox=\"0 0 24 24\" width=\"18\" height=\"18\" fill=\"none\" stroke=\"white\" stroke-width=\"2\" stroke-linecap=\"round\" stroke-linejoin=\"round\" class=\"driver-icon\"><path d=\"M3 12 L12 4 L21 12\"/><path d=\"M5 11 V20 H19 V11\"/></svg>\n        <div class=\"driver-body\">\n          <div class=\"driver-name\">Service Disruption</div>\n          <div class=\"driver-level\">LOW</div>\n        </div>\n      </div>\n      <div class=\"driver-context\">No chokepoint</div>\n    </div>\n    <div class=\"driver\">\n      <div class=\"driver-pill\" style=\"background:#16A34A;\">\n        <svg viewBox=\"0 0 24 24\" width=\"18\" height=\"18\" fill=\"none\" stroke=\"white\" stroke-width=\"2\" stroke-linecap=\"round\" stroke-linejoin=\"round\" class=\"driver-icon\"><path d=\"M12 7v4\"/><path d=\"M14 21v-3a2 2 0 0 0-4 0v3\"/><path d=\"M14 9h-4\"/><path d=\"M18 11h2a2 2 0 0 1 2 2v6a2 2 0 0 1-2 2H4a2 2 0 0 1-2-2v-9a2 2 0 0 1 2-2h2\"/><path d=\"M18 21V5a2 2 0 0 0-2-2H8a2 2 0 0 0-2 2v16\"/></svg>\n        <div class=\"driver-body\">\n          <div class=\"driver-name\">Critical Facilities</div>\n          <div class=\"driver-level\">LOW</div>\n        </div>\n      </div>\n      <div class=\"driver-context\">None</div>\n    </div>\n    <div class=\"driver\">\n      <div class=\"driver-pill\" style=\"background:#F59E0B;\">\n        <svg viewBox=\"0 0 24 24\" width=\"18\" height=\"18\" fill=\"none\" stroke=\"white\" stroke-width=\"2\" stroke-linecap=\"round\" stroke-linejoin=\"round\" class=\"driver-icon\"><path d=\"M10 12h4\"/><path d=\"M10 8h4\"/><path d=\"M14 21v-3a2 2 0 0 0-4 0v3\"/><path d=\"M6 10H4a2 2 0 0 0-2 2v7a2 2 0 0 0 2 2h16a2 2 0 0 0 2-2V9a2 2 0 0 0-2-2h-2\"/><path d=\"M6 21V5a2 2 0 0 1 2-2h8a2 2 0 0 1 2 2v16\"/></svg>\n        <div class=\"driver-body\">\n          <div class=\"driver-name\">Business District</div>\n          <div class=\"driver-level\">MODERATE</div>\n        </div>\n      </div>\n      <div class=\"driver-context\">3 businesses</div>\n    </div>\n    <div class=\"driver\">\n      <div class=\"driver-pill\" style=\"background:#16A34A;\">\n        <svg viewBox=\"0 0 24 24\" width=\"18\" height=\"18\" fill=\"none\" stroke=\"white\" stroke-width=\"2\" stroke-linecap=\"round\" stroke-linejoin=\"round\" class=\"driver-icon\"><path d=\"M13 2 L3 14 h9 l-1 8 10-12 h-9 z\"/></svg>\n        <div class=\"driver-body\">\n          <div class=\"driver-name\">Transmission Main</div>\n          <div class=\"driver-level\">LOW</div>\n        </div>\n      </div>\n      <div class=\"driver-context\">Distribution only</div>\n    </div>\n  </div>\n</div>\n<div class=\"demo-netline\">2 segments in dig area (2 mains, 0 services) &middot; oldest 61-yr Steel</div><div class=\"demo-action\"><a href=\"https://kartasoft.github.io/excavation-risk-demo/action_form.html?ticket_id=DEMO-20260713-0034&demo=1\" target=\"_blank\" rel=\"noopener\">LOG ACTION</a></div></div>"}}, {"type": "Feature", "geometry": {"type": "Polygon", "coordinates": [[[-82.99979420482723, 39.96771001354338], [-82.99979945441716, 39.96789010060247], [-83.00003350437358, 39.967886061111805], [-83.00002825417025, 39.96770597407833], [-82.99979420482723, 39.96771001354338]]]}, "properties": {"ticket_id": "DEMO-20260713-0035", "priority_level": "LOW", "likelihood_level": "LOW", "impact_level": "LOW", "division": "Demo District", "date": "2026-07-13", "excavator_name": "Excavator AI", "work_type": "DIRECTIONAL BORE", "demo_note": "synthetic demo data", "popup_html": "<div class=\"demo-popup\"><style>\n.demo-popup { font-family: -apple-system, BlinkMacSystemFont, 'Segoe UI', sans-serif;\n       color: #333; max-width: 920px; margin: 0 auto; padding: 20px; }\nh1 { color: #2c3e50; font-size: 20px; margin-bottom: 5px; }\n.meta { color: #7f8c8d; font-size: 13px; margin-bottom: 15px; }\n.risk-box { background: #f8f9fa; border-left: 4px solid #888888;\n             padding: 12px 16px; margin: 15px 0; border-radius: 4px; }\n.risk-pct { font-size: 28px; font-weight: bold; color: #888888; }\n.risk-score { font-size: 14px; color: #555; margin-top: 2px; }\n.indicators { display: flex; gap: 20px; margin: 20px 0; justify-content: center; }\n.indicator { flex: 1; max-width: 420px; text-align: center; }\n.indicator-pill { border-radius: 14px; padding: 18px 24px; color: white;\n                  box-shadow: 0 2px 6px rgba(0,0,0,0.12);\n                  display: flex; align-items: center; gap: 14px;\n                  text-align: left; }\n.indicator-icon { flex-shrink: 0; width: 32px; height: 32px; opacity: 0.95; }\n.indicator-body { flex: 1; }\n.indicator-label { font-size: 11px; letter-spacing: 0.1em; opacity: 0.9;\n                   text-transform: uppercase; }\n.indicator-level { font-size: 28px; font-weight: 800; letter-spacing: 0.04em;\n                   margin: 2px 0 2px 0; line-height: 1.1; }\n.indicator-sublabel { font-size: 13px; opacity: 0.95; font-weight: 500; }\n.indicator-context { margin-top: 8px; font-size: 12px; color: #555;\n                     line-height: 1.4; }\n.drivers-block { background: #f9fafb; border: 1px solid #e5e7eb;\n                 border-radius: 8px; padding: 14px 16px; margin: 14px 0; }\n.drivers-title { font-size: 11px; letter-spacing: 0.1em; text-transform: uppercase;\n                 color: #6b7280; font-weight: 700; margin-bottom: 8px; }\n.drivers-row { display: flex; gap: 10px; justify-content: center;\n               flex-wrap: wrap; }\n.driver { flex: 1; min-width: 180px; max-width: 220px; text-align: center; }\n.driver-pill { border-radius: 10px; padding: 10px 12px; color: white;\n               box-shadow: 0 1px 3px rgba(0,0,0,0.10);\n               display: flex; align-items: center; gap: 8px;\n               text-align: left; }\n.driver-pill.gray { background: #9ca3af; }\n.driver-icon { flex-shrink: 0; width: 18px; height: 18px; opacity: 0.95; }\n.driver-body { flex: 1; min-width: 0; }\n.driver-name { font-size: 10px; font-weight: 700; letter-spacing: 0.04em;\n               text-transform: uppercase; opacity: 0.95; white-space: nowrap;\n               overflow: hidden; text-overflow: ellipsis; }\n.driver-level { font-size: 13px; font-weight: 700; margin-top: 1px; }\n.driver-context { margin-top: 5px; font-size: 10px; color: #6b7280;\n                  line-height: 1.3; }\n.section { margin: 20px 0; }\n.section h2 { font-size: 16px; color: #2c3e50; border-bottom: 1px solid #ddd;\n               padding-bottom: 5px; }\n.drivers li { margin: 6px 0; font-size: 13px; line-height: 1.5; }\n.shap-val { color: #888; font-size: 12px; }\ntable { width: 100%; border-collapse: collapse; font-size: 13px; }\nth { background: #ecf0f1; padding: 8px; text-align: left; }\ntd { padding: 6px 8px; border-bottom: 1px solid #eee; }\n.map-container { width: 100%; height: 420px; border: 1px solid #ddd;\n                  border-radius: 4px; overflow: hidden; margin: 10px 0; }\n.footer { color: #aaa; font-size: 11px; margin-top: 30px; text-align: center; }\n\n.demo-popup { max-width: 380px; font-size: 13px; }\n.demo-popup h1 { font-size: 15px; margin: 2px 0 2px; }\n.demo-popup .meta { font-size: 11px; margin-bottom: 8px; }\n.demo-popup .indicators { gap: 10px; margin: 10px 0; }\n.demo-popup .indicator-level { font-size: 20px; }\n.demo-popup .indicator-icon { width: 22px; height: 22px; }\n.demo-popup .drivers-block { padding: 8px 10px; margin: 8px 0; }\n.demo-popup .driver { min-width: 150px; }\n.demo-banner { background: #FEF3C7; border: 1px solid #F59E0B;\n    color: #92400E; font-size: 10px; line-height: 1.35; padding: 5px 8px;\n    border-radius: 4px; margin-bottom: 8px; text-align: center;\n    font-weight: 600; }\n.demo-netline { font-size: 10px; color: #6b7280; margin-top: 8px;\n    text-align: center; line-height: 1.4; }\n.demo-action { text-align: center; margin-top: 12px; }\n.demo-action a { background: #2563EB; color: #fff; padding: 7px 18px;\n    border-radius: 4px; font-weight: bold; text-decoration: none;\n    display: inline-block; font-size: 11px; letter-spacing: 0.05em; }\n</style><h1>DEMO-20260713-0035</h1><div class=\"meta\">Demo District &middot; 2026-07-13 &middot; Excavator AI &middot; DIRECTIONAL BORE</div>\n<div class=\"indicators\">\n  <div class=\"indicator\">\n    <div class=\"indicator-pill\" style=\"background:#16A34A;\">\n      <svg viewBox=\"0 0 24 24\" width=\"32\" height=\"32\" fill=\"none\" stroke=\"white\" stroke-width=\"2\" stroke-linecap=\"round\" stroke-linejoin=\"round\" class=\"indicator-icon\"><path d=\"m21.73 18-8-14a2 2 0 0 0-3.48 0l-8 14A2 2 0 0 0 4 21h16a2 2 0 0 0 1.73-3\"/><path d=\"M12 9v4\"/><path d=\"M12 17h.01\"/></svg>\n      <div class=\"indicator-body\">\n        <div class=\"indicator-label\">Damage Likelihood</div>\n        <div class=\"indicator-level\">LOW</div>\n        <div class=\"indicator-sublabel\">Bottom 30% of all tickets</div>\n      </div>\n    </div>\n    <div class=\"indicator-context\">Bottom 30% by damage probability</div>\n  </div>\n  <div class=\"indicator\">\n    <div class=\"indicator-pill\" style=\"background:#16A34A;\">\n      <svg viewBox=\"0 0 24 24\" width=\"32\" height=\"32\" fill=\"none\" stroke=\"white\" stroke-width=\"2\" stroke-linecap=\"round\" stroke-linejoin=\"round\" class=\"indicator-icon\"><path d=\"M12 2 L20 5 V11 C 20 16 16 20 12 22 C 8 20 4 16 4 11 V5 Z\"/><path d=\"M12 9 V13\"/><path d=\"M12 17 h.01\"/></svg>\n      <div class=\"indicator-body\">\n        <div class=\"indicator-label\">Impact</div>\n        <div class=\"indicator-level\">LOW</div>\n        <div class=\"indicator-sublabel\">Bottom 36% by consequence</div>\n      </div>\n    </div>\n    <div class=\"indicator-context\">6 businesses nearby</div>\n  </div>\n</div>\n\n<div class=\"drivers-block\">\n  <div class=\"drivers-title\">Likelihood Drivers</div>\n  <div class=\"drivers-row\">\n    <div class=\"driver\">\n      <div class=\"driver-pill\" style=\"background:#16A34A;\">\n        <svg viewBox=\"0 0 30 26\" width=\"18\" height=\"18\" fill=\"none\" stroke=\"white\" stroke-width=\"1.4\" stroke-linecap=\"round\" stroke-linejoin=\"round\" class=\"driver-icon\"><rect x=\"2\" y=\"19.5\" width=\"16\" height=\"4.5\" rx=\"2.2\"/><circle cx=\"5.5\" cy=\"21.75\" r=\"1.1\" stroke-width=\"1\"/><circle cx=\"10\" cy=\"21.75\" r=\"1.1\" stroke-width=\"1\"/><circle cx=\"14.5\" cy=\"21.75\" r=\"1.1\" stroke-width=\"1\"/><path d=\"M4.5 18.5 V15 H7.5 V13 H18 V18.5\"/><path d=\"M12 11.5 L19 4 L20.5 5.5 L13.5 13 Z\"/><path d=\"M21.5 4 L27 12 L25.5 13 L20 5 Z\"/><path d=\"M26.5 14 L27 17 Q 26.5 19.5 24 19 L23 16 Z\"/></svg>\n        <div class=\"driver-body\">\n          <div class=\"driver-name\">Excavator History</div>\n          <div class=\"driver-level\">LOW</div>\n        </div>\n      </div>\n      <div class=\"driver-context\">1.6% damage rate (90d, 671 tickets)</div>\n    </div>\n    <div class=\"driver\">\n      <div class=\"driver-pill\" style=\"background:#16A34A;\">\n        <svg viewBox=\"0 0 24 24\" width=\"18\" height=\"18\" fill=\"none\" stroke=\"white\" stroke-width=\"2\" stroke-linecap=\"round\" stroke-linejoin=\"round\" class=\"driver-icon\"><ellipse cx=\"12\" cy=\"5\" rx=\"9\" ry=\"3\"/><path d=\"M3 5v14a9 3 0 0 0 18 0V5\"/></svg>\n        <div class=\"driver-body\">\n          <div class=\"driver-name\">Pipe Vulnerability</div>\n          <div class=\"driver-level\">LOW</div>\n        </div>\n      </div>\n      <div class=\"driver-context\">41-year-old MDPE (bottom 31%)</div>\n    </div>\n    <div class=\"driver\">\n      <div class=\"driver-pill\" style=\"background:#DC2626;\">\n        <svg viewBox=\"0 0 24 24\" width=\"18\" height=\"18\" fill=\"none\" stroke=\"white\" stroke-width=\"2\" stroke-linecap=\"round\" stroke-linejoin=\"round\" class=\"driver-icon\"><path d=\"M4 20 L14 10\"/><path d=\"M9 5 L19 15\"/></svg>\n        <div class=\"driver-body\">\n          <div class=\"driver-name\">Work Activity</div>\n          <div class=\"driver-level\">HIGH</div>\n        </div>\n      </div>\n      <div class=\"driver-context\">Directional Bore with Directional Drill</div>\n    </div>\n    <div class=\"driver\">\n      <div class=\"driver-pill\" style=\"background:#F59E0B;\">\n        <svg viewBox=\"0 0 24 24\" width=\"18\" height=\"18\" fill=\"none\" stroke=\"white\" stroke-width=\"2\" stroke-linecap=\"round\" stroke-linejoin=\"round\" class=\"driver-icon\"><path d=\"M3 7V5a2 2 0 0 1 2-2h2\"/><path d=\"M17 3h2a2 2 0 0 1 2 2v2\"/><path d=\"M21 17v2a2 2 0 0 1-2 2h-2\"/><path d=\"M7 21H5a2 2 0 0 1-2-2v-2\"/></svg>\n        <div class=\"driver-body\">\n          <div class=\"driver-name\">Locate Quality</div>\n          <div class=\"driver-level\">WATCH</div>\n        </div>\n      </div>\n      <div class=\"driver-context\">Locator: Unit AI (mixed record)</div>\n    </div>\n  </div>\n</div>\n<div class=\"drivers-block\">\n  <div class=\"drivers-title\">Impact Drivers</div>\n  <div class=\"drivers-row\">\n    <div class=\"driver\">\n      <div class=\"driver-pill\" style=\"background:#16A34A;\">\n        <svg viewBox=\"0 0 24 24\" width=\"18\" height=\"18\" fill=\"none\" stroke=\"white\" stroke-width=\"2\" stroke-linecap=\"round\" stroke-linejoin=\"round\" class=\"driver-icon\"><path d=\"M3 12 L12 4 L21 12\"/><path d=\"M5 11 V20 H19 V11\"/></svg>\n        <div class=\"driver-body\">\n          <div class=\"driver-name\">Service Disruption</div>\n          <div class=\"driver-level\">LOW</div>\n        </div>\n      </div>\n      <div class=\"driver-context\">No chokepoint</div>\n    </div>\n    <div class=\"driver\">\n      <div class=\"driver-pill\" style=\"background:#16A34A;\">\n        <svg viewBox=\"0 0 24 24\" width=\"18\" height=\"18\" fill=\"none\" stroke=\"white\" stroke-width=\"2\" stroke-linecap=\"round\" stroke-linejoin=\"round\" class=\"driver-icon\"><path d=\"M12 7v4\"/><path d=\"M14 21v-3a2 2 0 0 0-4 0v3\"/><path d=\"M14 9h-4\"/><path d=\"M18 11h2a2 2 0 0 1 2 2v6a2 2 0 0 1-2 2H4a2 2 0 0 1-2-2v-9a2 2 0 0 1 2-2h2\"/><path d=\"M18 21V5a2 2 0 0 0-2-2H8a2 2 0 0 0-2 2v16\"/></svg>\n        <div class=\"driver-body\">\n          <div class=\"driver-name\">Critical Facilities</div>\n          <div class=\"driver-level\">LOW</div>\n        </div>\n      </div>\n      <div class=\"driver-context\">None</div>\n    </div>\n    <div class=\"driver\">\n      <div class=\"driver-pill\" style=\"background:#F59E0B;\">\n        <svg viewBox=\"0 0 24 24\" width=\"18\" height=\"18\" fill=\"none\" stroke=\"white\" stroke-width=\"2\" stroke-linecap=\"round\" stroke-linejoin=\"round\" class=\"driver-icon\"><path d=\"M10 12h4\"/><path d=\"M10 8h4\"/><path d=\"M14 21v-3a2 2 0 0 0-4 0v3\"/><path d=\"M6 10H4a2 2 0 0 0-2 2v7a2 2 0 0 0 2 2h16a2 2 0 0 0 2-2V9a2 2 0 0 0-2-2h-2\"/><path d=\"M6 21V5a2 2 0 0 1 2-2h8a2 2 0 0 1 2 2v16\"/></svg>\n        <div class=\"driver-body\">\n          <div class=\"driver-name\">Business District</div>\n          <div class=\"driver-level\">MODERATE</div>\n        </div>\n      </div>\n      <div class=\"driver-context\">6 businesses</div>\n    </div>\n    <div class=\"driver\">\n      <div class=\"driver-pill\" style=\"background:#16A34A;\">\n        <svg viewBox=\"0 0 24 24\" width=\"18\" height=\"18\" fill=\"none\" stroke=\"white\" stroke-width=\"2\" stroke-linecap=\"round\" stroke-linejoin=\"round\" class=\"driver-icon\"><path d=\"M13 2 L3 14 h9 l-1 8 10-12 h-9 z\"/></svg>\n        <div class=\"driver-body\">\n          <div class=\"driver-name\">Transmission Main</div>\n          <div class=\"driver-level\">LOW</div>\n        </div>\n      </div>\n      <div class=\"driver-context\">Distribution only</div>\n    </div>\n  </div>\n</div>\n<div class=\"demo-netline\">3 segments in dig area (2 mains, 1 services) &middot; oldest 41-yr MDPE</div><div class=\"demo-action\"><a href=\"https://kartasoft.github.io/excavation-risk-demo/action_form.html?ticket_id=DEMO-20260713-0035&demo=1\" target=\"_blank\" rel=\"noopener\">LOG ACTION</a></div></div>"}}, {"type": "Feature", "geometry": {"type": "Polygon", "coordinates": [[[-82.9966233638876, 39.96259194173404], [-82.99662860420781, 39.96277202930107], [-82.99686263716532, 39.9627679966387], [-82.99685739623185, 39.962587909097245], [-82.9966233638876, 39.96259194173404]]]}, "properties": {"ticket_id": "DEMO-20260713-0036", "priority_level": "LOW", "likelihood_level": "LOW", "impact_level": "LOW", "division": "Demo District", "date": "2026-07-13", "excavator_name": "Excavator AJ", "work_type": "DIRECTIONAL BORE", "demo_note": "synthetic demo data", "popup_html": "<div class=\"demo-popup\"><style>\n.demo-popup { font-family: -apple-system, BlinkMacSystemFont, 'Segoe UI', sans-serif;\n       color: #333; max-width: 920px; margin: 0 auto; padding: 20px; }\nh1 { color: #2c3e50; font-size: 20px; margin-bottom: 5px; }\n.meta { color: #7f8c8d; font-size: 13px; margin-bottom: 15px; }\n.risk-box { background: #f8f9fa; border-left: 4px solid #888888;\n             padding: 12px 16px; margin: 15px 0; border-radius: 4px; }\n.risk-pct { font-size: 28px; font-weight: bold; color: #888888; }\n.risk-score { font-size: 14px; color: #555; margin-top: 2px; }\n.indicators { display: flex; gap: 20px; margin: 20px 0; justify-content: center; }\n.indicator { flex: 1; max-width: 420px; text-align: center; }\n.indicator-pill { border-radius: 14px; padding: 18px 24px; color: white;\n                  box-shadow: 0 2px 6px rgba(0,0,0,0.12);\n                  display: flex; align-items: center; gap: 14px;\n                  text-align: left; }\n.indicator-icon { flex-shrink: 0; width: 32px; height: 32px; opacity: 0.95; }\n.indicator-body { flex: 1; }\n.indicator-label { font-size: 11px; letter-spacing: 0.1em; opacity: 0.9;\n                   text-transform: uppercase; }\n.indicator-level { font-size: 28px; font-weight: 800; letter-spacing: 0.04em;\n                   margin: 2px 0 2px 0; line-height: 1.1; }\n.indicator-sublabel { font-size: 13px; opacity: 0.95; font-weight: 500; }\n.indicator-context { margin-top: 8px; font-size: 12px; color: #555;\n                     line-height: 1.4; }\n.drivers-block { background: #f9fafb; border: 1px solid #e5e7eb;\n                 border-radius: 8px; padding: 14px 16px; margin: 14px 0; }\n.drivers-title { font-size: 11px; letter-spacing: 0.1em; text-transform: uppercase;\n                 color: #6b7280; font-weight: 700; margin-bottom: 8px; }\n.drivers-row { display: flex; gap: 10px; justify-content: center;\n               flex-wrap: wrap; }\n.driver { flex: 1; min-width: 180px; max-width: 220px; text-align: center; }\n.driver-pill { border-radius: 10px; padding: 10px 12px; color: white;\n               box-shadow: 0 1px 3px rgba(0,0,0,0.10);\n               display: flex; align-items: center; gap: 8px;\n               text-align: left; }\n.driver-pill.gray { background: #9ca3af; }\n.driver-icon { flex-shrink: 0; width: 18px; height: 18px; opacity: 0.95; }\n.driver-body { flex: 1; min-width: 0; }\n.driver-name { font-size: 10px; font-weight: 700; letter-spacing: 0.04em;\n               text-transform: uppercase; opacity: 0.95; white-space: nowrap;\n               overflow: hidden; text-overflow: ellipsis; }\n.driver-level { font-size: 13px; font-weight: 700; margin-top: 1px; }\n.driver-context { margin-top: 5px; font-size: 10px; color: #6b7280;\n                  line-height: 1.3; }\n.section { margin: 20px 0; }\n.section h2 { font-size: 16px; color: #2c3e50; border-bottom: 1px solid #ddd;\n               padding-bottom: 5px; }\n.drivers li { margin: 6px 0; font-size: 13px; line-height: 1.5; }\n.shap-val { color: #888; font-size: 12px; }\ntable { width: 100%; border-collapse: collapse; font-size: 13px; }\nth { background: #ecf0f1; padding: 8px; text-align: left; }\ntd { padding: 6px 8px; border-bottom: 1px solid #eee; }\n.map-container { width: 100%; height: 420px; border: 1px solid #ddd;\n                  border-radius: 4px; overflow: hidden; margin: 10px 0; }\n.footer { color: #aaa; font-size: 11px; margin-top: 30px; text-align: center; }\n\n.demo-popup { max-width: 380px; font-size: 13px; }\n.demo-popup h1 { font-size: 15px; margin: 2px 0 2px; }\n.demo-popup .meta { font-size: 11px; margin-bottom: 8px; }\n.demo-popup .indicators { gap: 10px; margin: 10px 0; }\n.demo-popup .indicator-level { font-size: 20px; }\n.demo-popup .indicator-icon { width: 22px; height: 22px; }\n.demo-popup .drivers-block { padding: 8px 10px; margin: 8px 0; }\n.demo-popup .driver { min-width: 150px; }\n.demo-banner { background: #FEF3C7; border: 1px solid #F59E0B;\n    color: #92400E; font-size: 10px; line-height: 1.35; padding: 5px 8px;\n    border-radius: 4px; margin-bottom: 8px; text-align: center;\n    font-weight: 600; }\n.demo-netline { font-size: 10px; color: #6b7280; margin-top: 8px;\n    text-align: center; line-height: 1.4; }\n.demo-action { text-align: center; margin-top: 12px; }\n.demo-action a { background: #2563EB; color: #fff; padding: 7px 18px;\n    border-radius: 4px; font-weight: bold; text-decoration: none;\n    display: inline-block; font-size: 11px; letter-spacing: 0.05em; }\n</style><h1>DEMO-20260713-0036</h1><div class=\"meta\">Demo District &middot; 2026-07-13 &middot; Excavator AJ &middot; DIRECTIONAL BORE</div>\n<div class=\"indicators\">\n  <div class=\"indicator\">\n    <div class=\"indicator-pill\" style=\"background:#16A34A;\">\n      <svg viewBox=\"0 0 24 24\" width=\"32\" height=\"32\" fill=\"none\" stroke=\"white\" stroke-width=\"2\" stroke-linecap=\"round\" stroke-linejoin=\"round\" class=\"indicator-icon\"><path d=\"m21.73 18-8-14a2 2 0 0 0-3.48 0l-8 14A2 2 0 0 0 4 21h16a2 2 0 0 0 1.73-3\"/><path d=\"M12 9v4\"/><path d=\"M12 17h.01\"/></svg>\n      <div class=\"indicator-body\">\n        <div class=\"indicator-label\">Damage Likelihood</div>\n        <div class=\"indicator-level\">LOW</div>\n        <div class=\"indicator-sublabel\">Bottom 60% of all tickets</div>\n      </div>\n    </div>\n    <div class=\"indicator-context\">Bottom 60% by damage probability</div>\n  </div>\n  <div class=\"indicator\">\n    <div class=\"indicator-pill\" style=\"background:#16A34A;\">\n      <svg viewBox=\"0 0 24 24\" width=\"32\" height=\"32\" fill=\"none\" stroke=\"white\" stroke-width=\"2\" stroke-linecap=\"round\" stroke-linejoin=\"round\" class=\"indicator-icon\"><path d=\"M12 2 L20 5 V11 C 20 16 16 20 12 22 C 8 20 4 16 4 11 V5 Z\"/><path d=\"M12 9 V13\"/><path d=\"M12 17 h.01\"/></svg>\n      <div class=\"indicator-body\">\n        <div class=\"indicator-label\">Impact</div>\n        <div class=\"indicator-level\">LOW</div>\n        <div class=\"indicator-sublabel\">Bottom 36% by consequence</div>\n      </div>\n    </div>\n    <div class=\"indicator-context\">6 businesses nearby</div>\n  </div>\n</div>\n\n<div class=\"drivers-block\">\n  <div class=\"drivers-title\">Likelihood Drivers</div>\n  <div class=\"drivers-row\">\n    <div class=\"driver\">\n      <div class=\"driver-pill\" style=\"background:#F59E0B;\">\n        <svg viewBox=\"0 0 30 26\" width=\"18\" height=\"18\" fill=\"none\" stroke=\"white\" stroke-width=\"1.4\" stroke-linecap=\"round\" stroke-linejoin=\"round\" class=\"driver-icon\"><rect x=\"2\" y=\"19.5\" width=\"16\" height=\"4.5\" rx=\"2.2\"/><circle cx=\"5.5\" cy=\"21.75\" r=\"1.1\" stroke-width=\"1\"/><circle cx=\"10\" cy=\"21.75\" r=\"1.1\" stroke-width=\"1\"/><circle cx=\"14.5\" cy=\"21.75\" r=\"1.1\" stroke-width=\"1\"/><path d=\"M4.5 18.5 V15 H7.5 V13 H18 V18.5\"/><path d=\"M12 11.5 L19 4 L20.5 5.5 L13.5 13 Z\"/><path d=\"M21.5 4 L27 12 L25.5 13 L20 5 Z\"/><path d=\"M26.5 14 L27 17 Q 26.5 19.5 24 19 L23 16 Z\"/></svg>\n        <div class=\"driver-body\">\n          <div class=\"driver-name\">Excavator History</div>\n          <div class=\"driver-level\">MODERATE</div>\n        </div>\n      </div>\n      <div class=\"driver-context\">4.1% damage rate (90d, 478 tickets)</div>\n    </div>\n    <div class=\"driver\">\n      <div class=\"driver-pill\" style=\"background:#16A34A;\">\n        <svg viewBox=\"0 0 24 24\" width=\"18\" height=\"18\" fill=\"none\" stroke=\"white\" stroke-width=\"2\" stroke-linecap=\"round\" stroke-linejoin=\"round\" class=\"driver-icon\"><ellipse cx=\"12\" cy=\"5\" rx=\"9\" ry=\"3\"/><path d=\"M3 5v14a9 3 0 0 0 18 0V5\"/></svg>\n        <div class=\"driver-body\">\n          <div class=\"driver-name\">Pipe Vulnerability</div>\n          <div class=\"driver-level\">LOW</div>\n        </div>\n      </div>\n      <div class=\"driver-context\">39-year-old Steel (bottom 49%)</div>\n    </div>\n    <div class=\"driver\">\n      <div class=\"driver-pill\" style=\"background:#DC2626;\">\n        <svg viewBox=\"0 0 24 24\" width=\"18\" height=\"18\" fill=\"none\" stroke=\"white\" stroke-width=\"2\" stroke-linecap=\"round\" stroke-linejoin=\"round\" class=\"driver-icon\"><path d=\"M4 20 L14 10\"/><path d=\"M9 5 L19 15\"/></svg>\n        <div class=\"driver-body\">\n          <div class=\"driver-name\">Work Activity</div>\n          <div class=\"driver-level\">HIGH</div>\n        </div>\n      </div>\n      <div class=\"driver-context\">Directional Bore with Directional Drill</div>\n    </div>\n    <div class=\"driver\">\n      <div class=\"driver-pill\" style=\"background:#16A34A;\">\n        <svg viewBox=\"0 0 24 24\" width=\"18\" height=\"18\" fill=\"none\" stroke=\"white\" stroke-width=\"2\" stroke-linecap=\"round\" stroke-linejoin=\"round\" class=\"driver-icon\"><path d=\"M3 7V5a2 2 0 0 1 2-2h2\"/><path d=\"M17 3h2a2 2 0 0 1 2 2v2\"/><path d=\"M21 17v2a2 2 0 0 1-2 2h-2\"/><path d=\"M7 21H5a2 2 0 0 1-2-2v-2\"/></svg>\n        <div class=\"driver-body\">\n          <div class=\"driver-name\">Locate Quality</div>\n          <div class=\"driver-level\">GOOD</div>\n        </div>\n      </div>\n      <div class=\"driver-context\">Locator: Unit AJ (clean record)</div>\n    </div>\n  </div>\n</div>\n<div class=\"drivers-block\">\n  <div class=\"drivers-title\">Impact Drivers</div>\n  <div class=\"drivers-row\">\n    <div class=\"driver\">\n      <div class=\"driver-pill\" style=\"background:#16A34A;\">\n        <svg viewBox=\"0 0 24 24\" width=\"18\" height=\"18\" fill=\"none\" stroke=\"white\" stroke-width=\"2\" stroke-linecap=\"round\" stroke-linejoin=\"round\" class=\"driver-icon\"><path d=\"M3 12 L12 4 L21 12\"/><path d=\"M5 11 V20 H19 V11\"/></svg>\n        <div class=\"driver-body\">\n          <div class=\"driver-name\">Service Disruption</div>\n          <div class=\"driver-level\">LOW</div>\n        </div>\n      </div>\n      <div class=\"driver-context\">No chokepoint</div>\n    </div>\n    <div class=\"driver\">\n      <div class=\"driver-pill\" style=\"background:#16A34A;\">\n        <svg viewBox=\"0 0 24 24\" width=\"18\" height=\"18\" fill=\"none\" stroke=\"white\" stroke-width=\"2\" stroke-linecap=\"round\" stroke-linejoin=\"round\" class=\"driver-icon\"><path d=\"M12 7v4\"/><path d=\"M14 21v-3a2 2 0 0 0-4 0v3\"/><path d=\"M14 9h-4\"/><path d=\"M18 11h2a2 2 0 0 1 2 2v6a2 2 0 0 1-2 2H4a2 2 0 0 1-2-2v-9a2 2 0 0 1 2-2h2\"/><path d=\"M18 21V5a2 2 0 0 0-2-2H8a2 2 0 0 0-2 2v16\"/></svg>\n        <div class=\"driver-body\">\n          <div class=\"driver-name\">Critical Facilities</div>\n          <div class=\"driver-level\">LOW</div>\n        </div>\n      </div>\n      <div class=\"driver-context\">None</div>\n    </div>\n    <div class=\"driver\">\n      <div class=\"driver-pill\" style=\"background:#F59E0B;\">\n        <svg viewBox=\"0 0 24 24\" width=\"18\" height=\"18\" fill=\"none\" stroke=\"white\" stroke-width=\"2\" stroke-linecap=\"round\" stroke-linejoin=\"round\" class=\"driver-icon\"><path d=\"M10 12h4\"/><path d=\"M10 8h4\"/><path d=\"M14 21v-3a2 2 0 0 0-4 0v3\"/><path d=\"M6 10H4a2 2 0 0 0-2 2v7a2 2 0 0 0 2 2h16a2 2 0 0 0 2-2V9a2 2 0 0 0-2-2h-2\"/><path d=\"M6 21V5a2 2 0 0 1 2-2h8a2 2 0 0 1 2 2v16\"/></svg>\n        <div class=\"driver-body\">\n          <div class=\"driver-name\">Business District</div>\n          <div class=\"driver-level\">MODERATE</div>\n        </div>\n      </div>\n      <div class=\"driver-context\">6 businesses</div>\n    </div>\n    <div class=\"driver\">\n      <div class=\"driver-pill\" style=\"background:#16A34A;\">\n        <svg viewBox=\"0 0 24 24\" width=\"18\" height=\"18\" fill=\"none\" stroke=\"white\" stroke-width=\"2\" stroke-linecap=\"round\" stroke-linejoin=\"round\" class=\"driver-icon\"><path d=\"M13 2 L3 14 h9 l-1 8 10-12 h-9 z\"/></svg>\n        <div class=\"driver-body\">\n          <div class=\"driver-name\">Transmission Main</div>\n          <div class=\"driver-level\">LOW</div>\n        </div>\n      </div>\n      <div class=\"driver-context\">Distribution only</div>\n    </div>\n  </div>\n</div>\n<div class=\"demo-netline\">2 segments in dig area (2 mains, 0 services) &middot; oldest 39-yr Steel</div><div class=\"demo-action\"><a href=\"https://kartasoft.github.io/excavation-risk-demo/action_form.html?ticket_id=DEMO-20260713-0036&demo=1\" target=\"_blank\" rel=\"noopener\">LOG ACTION</a></div></div>"}}, {"type": "Feature", "geometry": {"type": "Polygon", "coordinates": [[[-83.00580903039527, 39.95964079254352], [-83.00581429426448, 39.9598208791913], [-83.00604831584687, 39.95981682823181], [-83.00604305136453, 39.959636741609735], [-83.00580903039527, 39.95964079254352]]]}, "properties": {"ticket_id": "DEMO-20260713-0037", "priority_level": "LOW", "likelihood_level": "LOW", "impact_level": "LOW", "division": "Demo District", "date": "2026-07-13", "excavator_name": "Excavator AK", "work_type": "AUGER BORE", "demo_note": "synthetic demo data", "popup_html": "<div class=\"demo-popup\"><style>\n.demo-popup { font-family: -apple-system, BlinkMacSystemFont, 'Segoe UI', sans-serif;\n       color: #333; max-width: 920px; margin: 0 auto; padding: 20px; }\nh1 { color: #2c3e50; font-size: 20px; margin-bottom: 5px; }\n.meta { color: #7f8c8d; font-size: 13px; margin-bottom: 15px; }\n.risk-box { background: #f8f9fa; border-left: 4px solid #888888;\n             padding: 12px 16px; margin: 15px 0; border-radius: 4px; }\n.risk-pct { font-size: 28px; font-weight: bold; color: #888888; }\n.risk-score { font-size: 14px; color: #555; margin-top: 2px; }\n.indicators { display: flex; gap: 20px; margin: 20px 0; justify-content: center; }\n.indicator { flex: 1; max-width: 420px; text-align: center; }\n.indicator-pill { border-radius: 14px; padding: 18px 24px; color: white;\n                  box-shadow: 0 2px 6px rgba(0,0,0,0.12);\n                  display: flex; align-items: center; gap: 14px;\n                  text-align: left; }\n.indicator-icon { flex-shrink: 0; width: 32px; height: 32px; opacity: 0.95; }\n.indicator-body { flex: 1; }\n.indicator-label { font-size: 11px; letter-spacing: 0.1em; opacity: 0.9;\n                   text-transform: uppercase; }\n.indicator-level { font-size: 28px; font-weight: 800; letter-spacing: 0.04em;\n                   margin: 2px 0 2px 0; line-height: 1.1; }\n.indicator-sublabel { font-size: 13px; opacity: 0.95; font-weight: 500; }\n.indicator-context { margin-top: 8px; font-size: 12px; color: #555;\n                     line-height: 1.4; }\n.drivers-block { background: #f9fafb; border: 1px solid #e5e7eb;\n                 border-radius: 8px; padding: 14px 16px; margin: 14px 0; }\n.drivers-title { font-size: 11px; letter-spacing: 0.1em; text-transform: uppercase;\n                 color: #6b7280; font-weight: 700; margin-bottom: 8px; }\n.drivers-row { display: flex; gap: 10px; justify-content: center;\n               flex-wrap: wrap; }\n.driver { flex: 1; min-width: 180px; max-width: 220px; text-align: center; }\n.driver-pill { border-radius: 10px; padding: 10px 12px; color: white;\n               box-shadow: 0 1px 3px rgba(0,0,0,0.10);\n               display: flex; align-items: center; gap: 8px;\n               text-align: left; }\n.driver-pill.gray { background: #9ca3af; }\n.driver-icon { flex-shrink: 0; width: 18px; height: 18px; opacity: 0.95; }\n.driver-body { flex: 1; min-width: 0; }\n.driver-name { font-size: 10px; font-weight: 700; letter-spacing: 0.04em;\n               text-transform: uppercase; opacity: 0.95; white-space: nowrap;\n               overflow: hidden; text-overflow: ellipsis; }\n.driver-level { font-size: 13px; font-weight: 700; margin-top: 1px; }\n.driver-context { margin-top: 5px; font-size: 10px; color: #6b7280;\n                  line-height: 1.3; }\n.section { margin: 20px 0; }\n.section h2 { font-size: 16px; color: #2c3e50; border-bottom: 1px solid #ddd;\n               padding-bottom: 5px; }\n.drivers li { margin: 6px 0; font-size: 13px; line-height: 1.5; }\n.shap-val { color: #888; font-size: 12px; }\ntable { width: 100%; border-collapse: collapse; font-size: 13px; }\nth { background: #ecf0f1; padding: 8px; text-align: left; }\ntd { padding: 6px 8px; border-bottom: 1px solid #eee; }\n.map-container { width: 100%; height: 420px; border: 1px solid #ddd;\n                  border-radius: 4px; overflow: hidden; margin: 10px 0; }\n.footer { color: #aaa; font-size: 11px; margin-top: 30px; text-align: center; }\n\n.demo-popup { max-width: 380px; font-size: 13px; }\n.demo-popup h1 { font-size: 15px; margin: 2px 0 2px; }\n.demo-popup .meta { font-size: 11px; margin-bottom: 8px; }\n.demo-popup .indicators { gap: 10px; margin: 10px 0; }\n.demo-popup .indicator-level { font-size: 20px; }\n.demo-popup .indicator-icon { width: 22px; height: 22px; }\n.demo-popup .drivers-block { padding: 8px 10px; margin: 8px 0; }\n.demo-popup .driver { min-width: 150px; }\n.demo-banner { background: #FEF3C7; border: 1px solid #F59E0B;\n    color: #92400E; font-size: 10px; line-height: 1.35; padding: 5px 8px;\n    border-radius: 4px; margin-bottom: 8px; text-align: center;\n    font-weight: 600; }\n.demo-netline { font-size: 10px; color: #6b7280; margin-top: 8px;\n    text-align: center; line-height: 1.4; }\n.demo-action { text-align: center; margin-top: 12px; }\n.demo-action a { background: #2563EB; color: #fff; padding: 7px 18px;\n    border-radius: 4px; font-weight: bold; text-decoration: none;\n    display: inline-block; font-size: 11px; letter-spacing: 0.05em; }\n</style><h1>DEMO-20260713-0037</h1><div class=\"meta\">Demo District &middot; 2026-07-13 &middot; Excavator AK &middot; AUGER BORE</div>\n<div class=\"indicators\">\n  <div class=\"indicator\">\n    <div class=\"indicator-pill\" style=\"background:#16A34A;\">\n      <svg viewBox=\"0 0 24 24\" width=\"32\" height=\"32\" fill=\"none\" stroke=\"white\" stroke-width=\"2\" stroke-linecap=\"round\" stroke-linejoin=\"round\" class=\"indicator-icon\"><path d=\"m21.73 18-8-14a2 2 0 0 0-3.48 0l-8 14A2 2 0 0 0 4 21h16a2 2 0 0 0 1.73-3\"/><path d=\"M12 9v4\"/><path d=\"M12 17h.01\"/></svg>\n      <div class=\"indicator-body\">\n        <div class=\"indicator-label\">Damage Likelihood</div>\n        <div class=\"indicator-level\">LOW</div>\n        <div class=\"indicator-sublabel\">Bottom 13% of all tickets</div>\n      </div>\n    </div>\n    <div class=\"indicator-context\">Bottom 13% by damage probability</div>\n  </div>\n  <div class=\"indicator\">\n    <div class=\"indicator-pill\" style=\"background:#16A34A;\">\n      <svg viewBox=\"0 0 24 24\" width=\"32\" height=\"32\" fill=\"none\" stroke=\"white\" stroke-width=\"2\" stroke-linecap=\"round\" stroke-linejoin=\"round\" class=\"indicator-icon\"><path d=\"M12 2 L20 5 V11 C 20 16 16 20 12 22 C 8 20 4 16 4 11 V5 Z\"/><path d=\"M12 9 V13\"/><path d=\"M12 17 h.01\"/></svg>\n      <div class=\"indicator-body\">\n        <div class=\"indicator-label\">Impact</div>\n        <div class=\"indicator-level\">LOW</div>\n        <div class=\"indicator-sublabel\">Bottom 12% by consequence</div>\n      </div>\n    </div>\n    <div class=\"indicator-context\">1 business nearby</div>\n  </div>\n</div>\n\n<div class=\"drivers-block\">\n  <div class=\"drivers-title\">Likelihood Drivers</div>\n  <div class=\"drivers-row\">\n    <div class=\"driver\">\n      <div class=\"driver-pill\" style=\"background:#F59E0B;\">\n        <svg viewBox=\"0 0 30 26\" width=\"18\" height=\"18\" fill=\"none\" stroke=\"white\" stroke-width=\"1.4\" stroke-linecap=\"round\" stroke-linejoin=\"round\" class=\"driver-icon\"><rect x=\"2\" y=\"19.5\" width=\"16\" height=\"4.5\" rx=\"2.2\"/><circle cx=\"5.5\" cy=\"21.75\" r=\"1.1\" stroke-width=\"1\"/><circle cx=\"10\" cy=\"21.75\" r=\"1.1\" stroke-width=\"1\"/><circle cx=\"14.5\" cy=\"21.75\" r=\"1.1\" stroke-width=\"1\"/><path d=\"M4.5 18.5 V15 H7.5 V13 H18 V18.5\"/><path d=\"M12 11.5 L19 4 L20.5 5.5 L13.5 13 Z\"/><path d=\"M21.5 4 L27 12 L25.5 13 L20 5 Z\"/><path d=\"M26.5 14 L27 17 Q 26.5 19.5 24 19 L23 16 Z\"/></svg>\n        <div class=\"driver-body\">\n          <div class=\"driver-name\">Excavator History</div>\n          <div class=\"driver-level\">MODERATE</div>\n        </div>\n      </div>\n      <div class=\"driver-context\">4.2% damage rate (90d, 341 tickets)</div>\n    </div>\n    <div class=\"driver\">\n      <div class=\"driver-pill\" style=\"background:#16A34A;\">\n        <svg viewBox=\"0 0 24 24\" width=\"18\" height=\"18\" fill=\"none\" stroke=\"white\" stroke-width=\"2\" stroke-linecap=\"round\" stroke-linejoin=\"round\" class=\"driver-icon\"><ellipse cx=\"12\" cy=\"5\" rx=\"9\" ry=\"3\"/><path d=\"M3 5v14a9 3 0 0 0 18 0V5\"/></svg>\n        <div class=\"driver-body\">\n          <div class=\"driver-name\">Pipe Vulnerability</div>\n          <div class=\"driver-level\">LOW</div>\n        </div>\n      </div>\n      <div class=\"driver-context\">unknown age (bottom 1%)</div>\n    </div>\n    <div class=\"driver\">\n      <div class=\"driver-pill\" style=\"background:#DC2626;\">\n        <svg viewBox=\"0 0 24 24\" width=\"18\" height=\"18\" fill=\"none\" stroke=\"white\" stroke-width=\"2\" stroke-linecap=\"round\" stroke-linejoin=\"round\" class=\"driver-icon\"><path d=\"M4 20 L14 10\"/><path d=\"M9 5 L19 15\"/></svg>\n        <div class=\"driver-body\">\n          <div class=\"driver-name\">Work Activity</div>\n          <div class=\"driver-level\">HIGH</div>\n        </div>\n      </div>\n      <div class=\"driver-context\">Auger Bore with Auger</div>\n    </div>\n    <div class=\"driver\">\n      <div class=\"driver-pill\" style=\"background:#16A34A;\">\n        <svg viewBox=\"0 0 24 24\" width=\"18\" height=\"18\" fill=\"none\" stroke=\"white\" stroke-width=\"2\" stroke-linecap=\"round\" stroke-linejoin=\"round\" class=\"driver-icon\"><path d=\"M3 7V5a2 2 0 0 1 2-2h2\"/><path d=\"M17 3h2a2 2 0 0 1 2 2v2\"/><path d=\"M21 17v2a2 2 0 0 1-2 2h-2\"/><path d=\"M7 21H5a2 2 0 0 1-2-2v-2\"/></svg>\n        <div class=\"driver-body\">\n          <div class=\"driver-name\">Locate Quality</div>\n          <div class=\"driver-level\">GOOD</div>\n        </div>\n      </div>\n      <div class=\"driver-context\">Locator: Unit AK (clean record)</div>\n    </div>\n  </div>\n</div>\n<div class=\"drivers-block\">\n  <div class=\"drivers-title\">Impact Drivers</div>\n  <div class=\"drivers-row\">\n    <div class=\"driver\">\n      <div class=\"driver-pill\" style=\"background:#16A34A;\">\n        <svg viewBox=\"0 0 24 24\" width=\"18\" height=\"18\" fill=\"none\" stroke=\"white\" stroke-width=\"2\" stroke-linecap=\"round\" stroke-linejoin=\"round\" class=\"driver-icon\"><path d=\"M3 12 L12 4 L21 12\"/><path d=\"M5 11 V20 H19 V11\"/></svg>\n        <div class=\"driver-body\">\n          <div class=\"driver-name\">Service Disruption</div>\n          <div class=\"driver-level\">LOW</div>\n        </div>\n      </div>\n      <div class=\"driver-context\">No chokepoint</div>\n    </div>\n    <div class=\"driver\">\n      <div class=\"driver-pill\" style=\"background:#16A34A;\">\n        <svg viewBox=\"0 0 24 24\" width=\"18\" height=\"18\" fill=\"none\" stroke=\"white\" stroke-width=\"2\" stroke-linecap=\"round\" stroke-linejoin=\"round\" class=\"driver-icon\"><path d=\"M12 7v4\"/><path d=\"M14 21v-3a2 2 0 0 0-4 0v3\"/><path d=\"M14 9h-4\"/><path d=\"M18 11h2a2 2 0 0 1 2 2v6a2 2 0 0 1-2 2H4a2 2 0 0 1-2-2v-9a2 2 0 0 1 2-2h2\"/><path d=\"M18 21V5a2 2 0 0 0-2-2H8a2 2 0 0 0-2 2v16\"/></svg>\n        <div class=\"driver-body\">\n          <div class=\"driver-name\">Critical Facilities</div>\n          <div class=\"driver-level\">LOW</div>\n        </div>\n      </div>\n      <div class=\"driver-context\">None</div>\n    </div>\n    <div class=\"driver\">\n      <div class=\"driver-pill\" style=\"background:#F59E0B;\">\n        <svg viewBox=\"0 0 24 24\" width=\"18\" height=\"18\" fill=\"none\" stroke=\"white\" stroke-width=\"2\" stroke-linecap=\"round\" stroke-linejoin=\"round\" class=\"driver-icon\"><path d=\"M10 12h4\"/><path d=\"M10 8h4\"/><path d=\"M14 21v-3a2 2 0 0 0-4 0v3\"/><path d=\"M6 10H4a2 2 0 0 0-2 2v7a2 2 0 0 0 2 2h16a2 2 0 0 0 2-2V9a2 2 0 0 0-2-2h-2\"/><path d=\"M6 21V5a2 2 0 0 1 2-2h8a2 2 0 0 1 2 2v16\"/></svg>\n        <div class=\"driver-body\">\n          <div class=\"driver-name\">Business District</div>\n          <div class=\"driver-level\">MODERATE</div>\n        </div>\n      </div>\n      <div class=\"driver-context\">1 business</div>\n    </div>\n    <div class=\"driver\">\n      <div class=\"driver-pill\" style=\"background:#16A34A;\">\n        <svg viewBox=\"0 0 24 24\" width=\"18\" height=\"18\" fill=\"none\" stroke=\"white\" stroke-width=\"2\" stroke-linecap=\"round\" stroke-linejoin=\"round\" class=\"driver-icon\"><path d=\"M13 2 L3 14 h9 l-1 8 10-12 h-9 z\"/></svg>\n        <div class=\"driver-body\">\n          <div class=\"driver-name\">Transmission Main</div>\n          <div class=\"driver-level\">LOW</div>\n        </div>\n      </div>\n      <div class=\"driver-context\">Distribution only</div>\n    </div>\n  </div>\n</div>\n<div class=\"demo-netline\">0 segments in dig area (0 mains, 0 services)</div><div class=\"demo-action\"><a href=\"https://kartasoft.github.io/excavation-risk-demo/action_form.html?ticket_id=DEMO-20260713-0037&demo=1\" target=\"_blank\" rel=\"noopener\">LOG ACTION</a></div></div>"}}, {"type": "Feature", "geometry": {"type": "Polygon", "coordinates": [[[-83.00094385970228, 39.96501344889952], [-83.00096477415305, 39.965730565196175], [-83.00189674359032, 39.96571446826914], [-83.00187581941428, 39.96499735237905], [-83.00094385970228, 39.96501344889952]]]}, "properties": {"ticket_id": "DEMO-20260713-0038", "priority_level": "LOW", "likelihood_level": "LOW", "impact_level": "LOW", "division": "Demo District", "date": "2026-07-13", "excavator_name": "Excavator AL", "work_type": "DIRECTIONAL BORE", "demo_note": "synthetic demo data", "popup_html": "<div class=\"demo-popup\"><style>\n.demo-popup { font-family: -apple-system, BlinkMacSystemFont, 'Segoe UI', sans-serif;\n       color: #333; max-width: 920px; margin: 0 auto; padding: 20px; }\nh1 { color: #2c3e50; font-size: 20px; margin-bottom: 5px; }\n.meta { color: #7f8c8d; font-size: 13px; margin-bottom: 15px; }\n.risk-box { background: #f8f9fa; border-left: 4px solid #888888;\n             padding: 12px 16px; margin: 15px 0; border-radius: 4px; }\n.risk-pct { font-size: 28px; font-weight: bold; color: #888888; }\n.risk-score { font-size: 14px; color: #555; margin-top: 2px; }\n.indicators { display: flex; gap: 20px; margin: 20px 0; justify-content: center; }\n.indicator { flex: 1; max-width: 420px; text-align: center; }\n.indicator-pill { border-radius: 14px; padding: 18px 24px; color: white;\n                  box-shadow: 0 2px 6px rgba(0,0,0,0.12);\n                  display: flex; align-items: center; gap: 14px;\n                  text-align: left; }\n.indicator-icon { flex-shrink: 0; width: 32px; height: 32px; opacity: 0.95; }\n.indicator-body { flex: 1; }\n.indicator-label { font-size: 11px; letter-spacing: 0.1em; opacity: 0.9;\n                   text-transform: uppercase; }\n.indicator-level { font-size: 28px; font-weight: 800; letter-spacing: 0.04em;\n                   margin: 2px 0 2px 0; line-height: 1.1; }\n.indicator-sublabel { font-size: 13px; opacity: 0.95; font-weight: 500; }\n.indicator-context { margin-top: 8px; font-size: 12px; color: #555;\n                     line-height: 1.4; }\n.drivers-block { background: #f9fafb; border: 1px solid #e5e7eb;\n                 border-radius: 8px; padding: 14px 16px; margin: 14px 0; }\n.drivers-title { font-size: 11px; letter-spacing: 0.1em; text-transform: uppercase;\n                 color: #6b7280; font-weight: 700; margin-bottom: 8px; }\n.drivers-row { display: flex; gap: 10px; justify-content: center;\n               flex-wrap: wrap; }\n.driver { flex: 1; min-width: 180px; max-width: 220px; text-align: center; }\n.driver-pill { border-radius: 10px; padding: 10px 12px; color: white;\n               box-shadow: 0 1px 3px rgba(0,0,0,0.10);\n               display: flex; align-items: center; gap: 8px;\n               text-align: left; }\n.driver-pill.gray { background: #9ca3af; }\n.driver-icon { flex-shrink: 0; width: 18px; height: 18px; opacity: 0.95; }\n.driver-body { flex: 1; min-width: 0; }\n.driver-name { font-size: 10px; font-weight: 700; letter-spacing: 0.04em;\n               text-transform: uppercase; opacity: 0.95; white-space: nowrap;\n               overflow: hidden; text-overflow: ellipsis; }\n.driver-level { font-size: 13px; font-weight: 700; margin-top: 1px; }\n.driver-context { margin-top: 5px; font-size: 10px; color: #6b7280;\n                  line-height: 1.3; }\n.section { margin: 20px 0; }\n.section h2 { font-size: 16px; color: #2c3e50; border-bottom: 1px solid #ddd;\n               padding-bottom: 5px; }\n.drivers li { margin: 6px 0; font-size: 13px; line-height: 1.5; }\n.shap-val { color: #888; font-size: 12px; }\ntable { width: 100%; border-collapse: collapse; font-size: 13px; }\nth { background: #ecf0f1; padding: 8px; text-align: left; }\ntd { padding: 6px 8px; border-bottom: 1px solid #eee; }\n.map-container { width: 100%; height: 420px; border: 1px solid #ddd;\n                  border-radius: 4px; overflow: hidden; margin: 10px 0; }\n.footer { color: #aaa; font-size: 11px; margin-top: 30px; text-align: center; }\n\n.demo-popup { max-width: 380px; font-size: 13px; }\n.demo-popup h1 { font-size: 15px; margin: 2px 0 2px; }\n.demo-popup .meta { font-size: 11px; margin-bottom: 8px; }\n.demo-popup .indicators { gap: 10px; margin: 10px 0; }\n.demo-popup .indicator-level { font-size: 20px; }\n.demo-popup .indicator-icon { width: 22px; height: 22px; }\n.demo-popup .drivers-block { padding: 8px 10px; margin: 8px 0; }\n.demo-popup .driver { min-width: 150px; }\n.demo-banner { background: #FEF3C7; border: 1px solid #F59E0B;\n    color: #92400E; font-size: 10px; line-height: 1.35; padding: 5px 8px;\n    border-radius: 4px; margin-bottom: 8px; text-align: center;\n    font-weight: 600; }\n.demo-netline { font-size: 10px; color: #6b7280; margin-top: 8px;\n    text-align: center; line-height: 1.4; }\n.demo-action { text-align: center; margin-top: 12px; }\n.demo-action a { background: #2563EB; color: #fff; padding: 7px 18px;\n    border-radius: 4px; font-weight: bold; text-decoration: none;\n    display: inline-block; font-size: 11px; letter-spacing: 0.05em; }\n</style><h1>DEMO-20260713-0038</h1><div class=\"meta\">Demo District &middot; 2026-07-13 &middot; Excavator AL &middot; DIRECTIONAL BORE</div>\n<div class=\"indicators\">\n  <div class=\"indicator\">\n    <div class=\"indicator-pill\" style=\"background:#16A34A;\">\n      <svg viewBox=\"0 0 24 24\" width=\"32\" height=\"32\" fill=\"none\" stroke=\"white\" stroke-width=\"2\" stroke-linecap=\"round\" stroke-linejoin=\"round\" class=\"indicator-icon\"><path d=\"m21.73 18-8-14a2 2 0 0 0-3.48 0l-8 14A2 2 0 0 0 4 21h16a2 2 0 0 0 1.73-3\"/><path d=\"M12 9v4\"/><path d=\"M12 17h.01\"/></svg>\n      <div class=\"indicator-body\">\n        <div class=\"indicator-label\">Damage Likelihood</div>\n        <div class=\"indicator-level\">LOW</div>\n        <div class=\"indicator-sublabel\">Bottom 55% of all tickets</div>\n      </div>\n    </div>\n    <div class=\"indicator-context\">Bottom 55% by damage probability</div>\n  </div>\n  <div class=\"indicator\">\n    <div class=\"indicator-pill\" style=\"background:#16A34A;\">\n      <svg viewBox=\"0 0 24 24\" width=\"32\" height=\"32\" fill=\"none\" stroke=\"white\" stroke-width=\"2\" stroke-linecap=\"round\" stroke-linejoin=\"round\" class=\"indicator-icon\"><path d=\"M12 2 L20 5 V11 C 20 16 16 20 12 22 C 8 20 4 16 4 11 V5 Z\"/><path d=\"M12 9 V13\"/><path d=\"M12 17 h.01\"/></svg>\n      <div class=\"indicator-body\">\n        <div class=\"indicator-label\">Impact</div>\n        <div class=\"indicator-level\">LOW</div>\n        <div class=\"indicator-sublabel\">Bottom 36% by consequence</div>\n      </div>\n    </div>\n    <div class=\"indicator-context\">6 businesses nearby</div>\n  </div>\n</div>\n\n<div class=\"drivers-block\">\n  <div class=\"drivers-title\">Likelihood Drivers</div>\n  <div class=\"drivers-row\">\n    <div class=\"driver\">\n      <div class=\"driver-pill\" style=\"background:#16A34A;\">\n        <svg viewBox=\"0 0 30 26\" width=\"18\" height=\"18\" fill=\"none\" stroke=\"white\" stroke-width=\"1.4\" stroke-linecap=\"round\" stroke-linejoin=\"round\" class=\"driver-icon\"><rect x=\"2\" y=\"19.5\" width=\"16\" height=\"4.5\" rx=\"2.2\"/><circle cx=\"5.5\" cy=\"21.75\" r=\"1.1\" stroke-width=\"1\"/><circle cx=\"10\" cy=\"21.75\" r=\"1.1\" stroke-width=\"1\"/><circle cx=\"14.5\" cy=\"21.75\" r=\"1.1\" stroke-width=\"1\"/><path d=\"M4.5 18.5 V15 H7.5 V13 H18 V18.5\"/><path d=\"M12 11.5 L19 4 L20.5 5.5 L13.5 13 Z\"/><path d=\"M21.5 4 L27 12 L25.5 13 L20 5 Z\"/><path d=\"M26.5 14 L27 17 Q 26.5 19.5 24 19 L23 16 Z\"/></svg>\n        <div class=\"driver-body\">\n          <div class=\"driver-name\">Excavator History</div>\n          <div class=\"driver-level\">LOW</div>\n        </div>\n      </div>\n      <div class=\"driver-context\">0.6% damage rate (90d, 28 tickets)</div>\n    </div>\n    <div class=\"driver\">\n      <div class=\"driver-pill\" style=\"background:#16A34A;\">\n        <svg viewBox=\"0 0 24 24\" width=\"18\" height=\"18\" fill=\"none\" stroke=\"white\" stroke-width=\"2\" stroke-linecap=\"round\" stroke-linejoin=\"round\" class=\"driver-icon\"><ellipse cx=\"12\" cy=\"5\" rx=\"9\" ry=\"3\"/><path d=\"M3 5v14a9 3 0 0 0 18 0V5\"/></svg>\n        <div class=\"driver-body\">\n          <div class=\"driver-name\">Pipe Vulnerability</div>\n          <div class=\"driver-level\">LOW</div>\n        </div>\n      </div>\n      <div class=\"driver-context\">61-year-old Steel (bottom 62%)</div>\n    </div>\n    <div class=\"driver\">\n      <div class=\"driver-pill\" style=\"background:#DC2626;\">\n        <svg viewBox=\"0 0 24 24\" width=\"18\" height=\"18\" fill=\"none\" stroke=\"white\" stroke-width=\"2\" stroke-linecap=\"round\" stroke-linejoin=\"round\" class=\"driver-icon\"><path d=\"M4 20 L14 10\"/><path d=\"M9 5 L19 15\"/></svg>\n        <div class=\"driver-body\">\n          <div class=\"driver-name\">Work Activity</div>\n          <div class=\"driver-level\">HIGH</div>\n        </div>\n      </div>\n      <div class=\"driver-context\">Directional Bore with Directional Drill</div>\n    </div>\n    <div class=\"driver\">\n      <div class=\"driver-pill\" style=\"background:#16A34A;\">\n        <svg viewBox=\"0 0 24 24\" width=\"18\" height=\"18\" fill=\"none\" stroke=\"white\" stroke-width=\"2\" stroke-linecap=\"round\" stroke-linejoin=\"round\" class=\"driver-icon\"><path d=\"M3 7V5a2 2 0 0 1 2-2h2\"/><path d=\"M17 3h2a2 2 0 0 1 2 2v2\"/><path d=\"M21 17v2a2 2 0 0 1-2 2h-2\"/><path d=\"M7 21H5a2 2 0 0 1-2-2v-2\"/></svg>\n        <div class=\"driver-body\">\n          <div class=\"driver-name\">Locate Quality</div>\n          <div class=\"driver-level\">GOOD</div>\n        </div>\n      </div>\n      <div class=\"driver-context\">Locator: Unit AL (clean record)</div>\n    </div>\n  </div>\n</div>\n<div class=\"drivers-block\">\n  <div class=\"drivers-title\">Impact Drivers</div>\n  <div class=\"drivers-row\">\n    <div class=\"driver\">\n      <div class=\"driver-pill\" style=\"background:#16A34A;\">\n        <svg viewBox=\"0 0 24 24\" width=\"18\" height=\"18\" fill=\"none\" stroke=\"white\" stroke-width=\"2\" stroke-linecap=\"round\" stroke-linejoin=\"round\" class=\"driver-icon\"><path d=\"M3 12 L12 4 L21 12\"/><path d=\"M5 11 V20 H19 V11\"/></svg>\n        <div class=\"driver-body\">\n          <div class=\"driver-name\">Service Disruption</div>\n          <div class=\"driver-level\">LOW</div>\n        </div>\n      </div>\n      <div class=\"driver-context\">No chokepoint</div>\n    </div>\n    <div class=\"driver\">\n      <div class=\"driver-pill\" style=\"background:#16A34A;\">\n        <svg viewBox=\"0 0 24 24\" width=\"18\" height=\"18\" fill=\"none\" stroke=\"white\" stroke-width=\"2\" stroke-linecap=\"round\" stroke-linejoin=\"round\" class=\"driver-icon\"><path d=\"M12 7v4\"/><path d=\"M14 21v-3a2 2 0 0 0-4 0v3\"/><path d=\"M14 9h-4\"/><path d=\"M18 11h2a2 2 0 0 1 2 2v6a2 2 0 0 1-2 2H4a2 2 0 0 1-2-2v-9a2 2 0 0 1 2-2h2\"/><path d=\"M18 21V5a2 2 0 0 0-2-2H8a2 2 0 0 0-2 2v16\"/></svg>\n        <div class=\"driver-body\">\n          <div class=\"driver-name\">Critical Facilities</div>\n          <div class=\"driver-level\">LOW</div>\n        </div>\n      </div>\n      <div class=\"driver-context\">None</div>\n    </div>\n    <div class=\"driver\">\n      <div class=\"driver-pill\" style=\"background:#F59E0B;\">\n        <svg viewBox=\"0 0 24 24\" width=\"18\" height=\"18\" fill=\"none\" stroke=\"white\" stroke-width=\"2\" stroke-linecap=\"round\" stroke-linejoin=\"round\" class=\"driver-icon\"><path d=\"M10 12h4\"/><path d=\"M10 8h4\"/><path d=\"M14 21v-3a2 2 0 0 0-4 0v3\"/><path d=\"M6 10H4a2 2 0 0 0-2 2v7a2 2 0 0 0 2 2h16a2 2 0 0 0 2-2V9a2 2 0 0 0-2-2h-2\"/><path d=\"M6 21V5a2 2 0 0 1 2-2h8a2 2 0 0 1 2 2v16\"/></svg>\n        <div class=\"driver-body\">\n          <div class=\"driver-name\">Business District</div>\n          <div class=\"driver-level\">MODERATE</div>\n        </div>\n      </div>\n      <div class=\"driver-context\">6 businesses</div>\n    </div>\n    <div class=\"driver\">\n      <div class=\"driver-pill\" style=\"background:#16A34A;\">\n        <svg viewBox=\"0 0 24 24\" width=\"18\" height=\"18\" fill=\"none\" stroke=\"white\" stroke-width=\"2\" stroke-linecap=\"round\" stroke-linejoin=\"round\" class=\"driver-icon\"><path d=\"M13 2 L3 14 h9 l-1 8 10-12 h-9 z\"/></svg>\n        <div class=\"driver-body\">\n          <div class=\"driver-name\">Transmission Main</div>\n          <div class=\"driver-level\">LOW</div>\n        </div>\n      </div>\n      <div class=\"driver-context\">Distribution only</div>\n    </div>\n  </div>\n</div>\n<div class=\"demo-netline\">6 segments in dig area (4 mains, 2 services) &middot; oldest 61-yr Steel</div><div class=\"demo-action\"><a href=\"https://kartasoft.github.io/excavation-risk-demo/action_form.html?ticket_id=DEMO-20260713-0038&demo=1\" target=\"_blank\" rel=\"noopener\">LOG ACTION</a></div></div>"}}, {"type": "Feature", "geometry": {"type": "Polygon", "coordinates": [[[-83.01367556854008, 39.95010227968625], [-83.01370107770337, 39.95097186291818], [-83.01483094833473, 39.950952224363625], [-83.01480542488206, 39.950082641733225], [-83.01367556854008, 39.95010227968625]]]}, "properties": {"ticket_id": "DEMO-20260713-0039", "priority_level": "LOW", "likelihood_level": "LOW", "impact_level": "LOW", "division": "Demo District", "date": "2026-07-13", "excavator_name": "Excavator AM", "work_type": "DIRECTIONAL BORE", "demo_note": "synthetic demo data", "popup_html": "<div class=\"demo-popup\"><style>\n.demo-popup { font-family: -apple-system, BlinkMacSystemFont, 'Segoe UI', sans-serif;\n       color: #333; max-width: 920px; margin: 0 auto; padding: 20px; }\nh1 { color: #2c3e50; font-size: 20px; margin-bottom: 5px; }\n.meta { color: #7f8c8d; font-size: 13px; margin-bottom: 15px; }\n.risk-box { background: #f8f9fa; border-left: 4px solid #888888;\n             padding: 12px 16px; margin: 15px 0; border-radius: 4px; }\n.risk-pct { font-size: 28px; font-weight: bold; color: #888888; }\n.risk-score { font-size: 14px; color: #555; margin-top: 2px; }\n.indicators { display: flex; gap: 20px; margin: 20px 0; justify-content: center; }\n.indicator { flex: 1; max-width: 420px; text-align: center; }\n.indicator-pill { border-radius: 14px; padding: 18px 24px; color: white;\n                  box-shadow: 0 2px 6px rgba(0,0,0,0.12);\n                  display: flex; align-items: center; gap: 14px;\n                  text-align: left; }\n.indicator-icon { flex-shrink: 0; width: 32px; height: 32px; opacity: 0.95; }\n.indicator-body { flex: 1; }\n.indicator-label { font-size: 11px; letter-spacing: 0.1em; opacity: 0.9;\n                   text-transform: uppercase; }\n.indicator-level { font-size: 28px; font-weight: 800; letter-spacing: 0.04em;\n                   margin: 2px 0 2px 0; line-height: 1.1; }\n.indicator-sublabel { font-size: 13px; opacity: 0.95; font-weight: 500; }\n.indicator-context { margin-top: 8px; font-size: 12px; color: #555;\n                     line-height: 1.4; }\n.drivers-block { background: #f9fafb; border: 1px solid #e5e7eb;\n                 border-radius: 8px; padding: 14px 16px; margin: 14px 0; }\n.drivers-title { font-size: 11px; letter-spacing: 0.1em; text-transform: uppercase;\n                 color: #6b7280; font-weight: 700; margin-bottom: 8px; }\n.drivers-row { display: flex; gap: 10px; justify-content: center;\n               flex-wrap: wrap; }\n.driver { flex: 1; min-width: 180px; max-width: 220px; text-align: center; }\n.driver-pill { border-radius: 10px; padding: 10px 12px; color: white;\n               box-shadow: 0 1px 3px rgba(0,0,0,0.10);\n               display: flex; align-items: center; gap: 8px;\n               text-align: left; }\n.driver-pill.gray { background: #9ca3af; }\n.driver-icon { flex-shrink: 0; width: 18px; height: 18px; opacity: 0.95; }\n.driver-body { flex: 1; min-width: 0; }\n.driver-name { font-size: 10px; font-weight: 700; letter-spacing: 0.04em;\n               text-transform: uppercase; opacity: 0.95; white-space: nowrap;\n               overflow: hidden; text-overflow: ellipsis; }\n.driver-level { font-size: 13px; font-weight: 700; margin-top: 1px; }\n.driver-context { margin-top: 5px; font-size: 10px; color: #6b7280;\n                  line-height: 1.3; }\n.section { margin: 20px 0; }\n.section h2 { font-size: 16px; color: #2c3e50; border-bottom: 1px solid #ddd;\n               padding-bottom: 5px; }\n.drivers li { margin: 6px 0; font-size: 13px; line-height: 1.5; }\n.shap-val { color: #888; font-size: 12px; }\ntable { width: 100%; border-collapse: collapse; font-size: 13px; }\nth { background: #ecf0f1; padding: 8px; text-align: left; }\ntd { padding: 6px 8px; border-bottom: 1px solid #eee; }\n.map-container { width: 100%; height: 420px; border: 1px solid #ddd;\n                  border-radius: 4px; overflow: hidden; margin: 10px 0; }\n.footer { color: #aaa; font-size: 11px; margin-top: 30px; text-align: center; }\n\n.demo-popup { max-width: 380px; font-size: 13px; }\n.demo-popup h1 { font-size: 15px; margin: 2px 0 2px; }\n.demo-popup .meta { font-size: 11px; margin-bottom: 8px; }\n.demo-popup .indicators { gap: 10px; margin: 10px 0; }\n.demo-popup .indicator-level { font-size: 20px; }\n.demo-popup .indicator-icon { width: 22px; height: 22px; }\n.demo-popup .drivers-block { padding: 8px 10px; margin: 8px 0; }\n.demo-popup .driver { min-width: 150px; }\n.demo-banner { background: #FEF3C7; border: 1px solid #F59E0B;\n    color: #92400E; font-size: 10px; line-height: 1.35; padding: 5px 8px;\n    border-radius: 4px; margin-bottom: 8px; text-align: center;\n    font-weight: 600; }\n.demo-netline { font-size: 10px; color: #6b7280; margin-top: 8px;\n    text-align: center; line-height: 1.4; }\n.demo-action { text-align: center; margin-top: 12px; }\n.demo-action a { background: #2563EB; color: #fff; padding: 7px 18px;\n    border-radius: 4px; font-weight: bold; text-decoration: none;\n    display: inline-block; font-size: 11px; letter-spacing: 0.05em; }\n</style><h1>DEMO-20260713-0039</h1><div class=\"meta\">Demo District &middot; 2026-07-13 &middot; Excavator AM &middot; DIRECTIONAL BORE</div>\n<div class=\"indicators\">\n  <div class=\"indicator\">\n    <div class=\"indicator-pill\" style=\"background:#16A34A;\">\n      <svg viewBox=\"0 0 24 24\" width=\"32\" height=\"32\" fill=\"none\" stroke=\"white\" stroke-width=\"2\" stroke-linecap=\"round\" stroke-linejoin=\"round\" class=\"indicator-icon\"><path d=\"m21.73 18-8-14a2 2 0 0 0-3.48 0l-8 14A2 2 0 0 0 4 21h16a2 2 0 0 0 1.73-3\"/><path d=\"M12 9v4\"/><path d=\"M12 17h.01\"/></svg>\n      <div class=\"indicator-body\">\n        <div class=\"indicator-label\">Damage Likelihood</div>\n        <div class=\"indicator-level\">LOW</div>\n        <div class=\"indicator-sublabel\">Bottom 33% of all tickets</div>\n      </div>\n    </div>\n    <div class=\"indicator-context\">Bottom 33% by damage probability</div>\n  </div>\n  <div class=\"indicator\">\n    <div class=\"indicator-pill\" style=\"background:#16A34A;\">\n      <svg viewBox=\"0 0 24 24\" width=\"32\" height=\"32\" fill=\"none\" stroke=\"white\" stroke-width=\"2\" stroke-linecap=\"round\" stroke-linejoin=\"round\" class=\"indicator-icon\"><path d=\"M12 2 L20 5 V11 C 20 16 16 20 12 22 C 8 20 4 16 4 11 V5 Z\"/><path d=\"M12 9 V13\"/><path d=\"M12 17 h.01\"/></svg>\n      <div class=\"indicator-body\">\n        <div class=\"indicator-label\">Impact</div>\n        <div class=\"indicator-level\">LOW</div>\n        <div class=\"indicator-sublabel\">Bottom 5% by consequence</div>\n      </div>\n    </div>\n    <div class=\"indicator-context\">No downstream impact data</div>\n  </div>\n</div>\n\n<div class=\"drivers-block\">\n  <div class=\"drivers-title\">Likelihood Drivers</div>\n  <div class=\"drivers-row\">\n    <div class=\"driver\">\n      <div class=\"driver-pill\" style=\"background:#16A34A;\">\n        <svg viewBox=\"0 0 30 26\" width=\"18\" height=\"18\" fill=\"none\" stroke=\"white\" stroke-width=\"1.4\" stroke-linecap=\"round\" stroke-linejoin=\"round\" class=\"driver-icon\"><rect x=\"2\" y=\"19.5\" width=\"16\" height=\"4.5\" rx=\"2.2\"/><circle cx=\"5.5\" cy=\"21.75\" r=\"1.1\" stroke-width=\"1\"/><circle cx=\"10\" cy=\"21.75\" r=\"1.1\" stroke-width=\"1\"/><circle cx=\"14.5\" cy=\"21.75\" r=\"1.1\" stroke-width=\"1\"/><path d=\"M4.5 18.5 V15 H7.5 V13 H18 V18.5\"/><path d=\"M12 11.5 L19 4 L20.5 5.5 L13.5 13 Z\"/><path d=\"M21.5 4 L27 12 L25.5 13 L20 5 Z\"/><path d=\"M26.5 14 L27 17 Q 26.5 19.5 24 19 L23 16 Z\"/></svg>\n        <div class=\"driver-body\">\n          <div class=\"driver-name\">Excavator History</div>\n          <div class=\"driver-level\">LOW</div>\n        </div>\n      </div>\n      <div class=\"driver-context\">0.2% damage rate (90d, 150 tickets)</div>\n    </div>\n    <div class=\"driver\">\n      <div class=\"driver-pill\" style=\"background:#16A34A;\">\n        <svg viewBox=\"0 0 24 24\" width=\"18\" height=\"18\" fill=\"none\" stroke=\"white\" stroke-width=\"2\" stroke-linecap=\"round\" stroke-linejoin=\"round\" class=\"driver-icon\"><ellipse cx=\"12\" cy=\"5\" rx=\"9\" ry=\"3\"/><path d=\"M3 5v14a9 3 0 0 0 18 0V5\"/></svg>\n        <div class=\"driver-body\">\n          <div class=\"driver-name\">Pipe Vulnerability</div>\n          <div class=\"driver-level\">LOW</div>\n        </div>\n      </div>\n      <div class=\"driver-context\">39-year-old MDPE (bottom 29%)</div>\n    </div>\n    <div class=\"driver\">\n      <div class=\"driver-pill\" style=\"background:#DC2626;\">\n        <svg viewBox=\"0 0 24 24\" width=\"18\" height=\"18\" fill=\"none\" stroke=\"white\" stroke-width=\"2\" stroke-linecap=\"round\" stroke-linejoin=\"round\" class=\"driver-icon\"><path d=\"M4 20 L14 10\"/><path d=\"M9 5 L19 15\"/></svg>\n        <div class=\"driver-body\">\n          <div class=\"driver-name\">Work Activity</div>\n          <div class=\"driver-level\">HIGH</div>\n        </div>\n      </div>\n      <div class=\"driver-context\">Directional Bore with Directional Drill</div>\n    </div>\n    <div class=\"driver\">\n      <div class=\"driver-pill\" style=\"background:#F59E0B;\">\n        <svg viewBox=\"0 0 24 24\" width=\"18\" height=\"18\" fill=\"none\" stroke=\"white\" stroke-width=\"2\" stroke-linecap=\"round\" stroke-linejoin=\"round\" class=\"driver-icon\"><path d=\"M3 7V5a2 2 0 0 1 2-2h2\"/><path d=\"M17 3h2a2 2 0 0 1 2 2v2\"/><path d=\"M21 17v2a2 2 0 0 1-2 2h-2\"/><path d=\"M7 21H5a2 2 0 0 1-2-2v-2\"/></svg>\n        <div class=\"driver-body\">\n          <div class=\"driver-name\">Locate Quality</div>\n          <div class=\"driver-level\">WATCH</div>\n        </div>\n      </div>\n      <div class=\"driver-context\">Locator: Unit AM (mixed record)</div>\n    </div>\n  </div>\n</div>\n<div class=\"drivers-block\">\n  <div class=\"drivers-title\">Impact Drivers</div>\n  <div class=\"drivers-row\">\n    <div class=\"driver\">\n      <div class=\"driver-pill\" style=\"background:#16A34A;\">\n        <svg viewBox=\"0 0 24 24\" width=\"18\" height=\"18\" fill=\"none\" stroke=\"white\" stroke-width=\"2\" stroke-linecap=\"round\" stroke-linejoin=\"round\" class=\"driver-icon\"><path d=\"M3 12 L12 4 L21 12\"/><path d=\"M5 11 V20 H19 V11\"/></svg>\n        <div class=\"driver-body\">\n          <div class=\"driver-name\">Service Disruption</div>\n          <div class=\"driver-level\">LOW</div>\n        </div>\n      </div>\n      <div class=\"driver-context\">No chokepoint</div>\n    </div>\n    <div class=\"driver\">\n      <div class=\"driver-pill\" style=\"background:#16A34A;\">\n        <svg viewBox=\"0 0 24 24\" width=\"18\" height=\"18\" fill=\"none\" stroke=\"white\" stroke-width=\"2\" stroke-linecap=\"round\" stroke-linejoin=\"round\" class=\"driver-icon\"><path d=\"M12 7v4\"/><path d=\"M14 21v-3a2 2 0 0 0-4 0v3\"/><path d=\"M14 9h-4\"/><path d=\"M18 11h2a2 2 0 0 1 2 2v6a2 2 0 0 1-2 2H4a2 2 0 0 1-2-2v-9a2 2 0 0 1 2-2h2\"/><path d=\"M18 21V5a2 2 0 0 0-2-2H8a2 2 0 0 0-2 2v16\"/></svg>\n        <div class=\"driver-body\">\n          <div class=\"driver-name\">Critical Facilities</div>\n          <div class=\"driver-level\">LOW</div>\n        </div>\n      </div>\n      <div class=\"driver-context\">None</div>\n    </div>\n    <div class=\"driver\">\n      <div class=\"driver-pill\" style=\"background:#16A34A;\">\n        <svg viewBox=\"0 0 24 24\" width=\"18\" height=\"18\" fill=\"none\" stroke=\"white\" stroke-width=\"2\" stroke-linecap=\"round\" stroke-linejoin=\"round\" class=\"driver-icon\"><path d=\"M10 12h4\"/><path d=\"M10 8h4\"/><path d=\"M14 21v-3a2 2 0 0 0-4 0v3\"/><path d=\"M6 10H4a2 2 0 0 0-2 2v7a2 2 0 0 0 2 2h16a2 2 0 0 0 2-2V9a2 2 0 0 0-2-2h-2\"/><path d=\"M6 21V5a2 2 0 0 1 2-2h8a2 2 0 0 1 2 2v16\"/></svg>\n        <div class=\"driver-body\">\n          <div class=\"driver-name\">Business District</div>\n          <div class=\"driver-level\">LOW</div>\n        </div>\n      </div>\n      <div class=\"driver-context\">Low density area</div>\n    </div>\n    <div class=\"driver\">\n      <div class=\"driver-pill\" style=\"background:#16A34A;\">\n        <svg viewBox=\"0 0 24 24\" width=\"18\" height=\"18\" fill=\"none\" stroke=\"white\" stroke-width=\"2\" stroke-linecap=\"round\" stroke-linejoin=\"round\" class=\"driver-icon\"><path d=\"M13 2 L3 14 h9 l-1 8 10-12 h-9 z\"/></svg>\n        <div class=\"driver-body\">\n          <div class=\"driver-name\">Transmission Main</div>\n          <div class=\"driver-level\">LOW</div>\n        </div>\n      </div>\n      <div class=\"driver-context\">Distribution only</div>\n    </div>\n  </div>\n</div>\n<div class=\"demo-netline\">6 segments in dig area (6 mains, 0 services) &middot; oldest 39-yr MDPE</div><div class=\"demo-action\"><a href=\"https://kartasoft.github.io/excavation-risk-demo/action_form.html?ticket_id=DEMO-20260713-0039&demo=1\" target=\"_blank\" rel=\"noopener\">LOG ACTION</a></div></div>"}}, {"type": "Feature", "geometry": {"type": "Polygon", "coordinates": [[[-82.98581059862455, 39.95459419279926], [-82.98583709645648, 39.9555100167913], [-82.98702712838447, 39.95548961804927], [-82.98700061469891, 39.954573794715266], [-82.98581059862455, 39.95459419279926]]]}, "properties": {"ticket_id": "DEMO-20260713-0040", "priority_level": "LOW", "likelihood_level": "LOW", "impact_level": "LOW", "division": "Demo District", "date": "2026-07-13", "excavator_name": "Excavator AN", "work_type": "DIRECTIONAL BORE", "demo_note": "synthetic demo data", "popup_html": "<div class=\"demo-popup\"><style>\n.demo-popup { font-family: -apple-system, BlinkMacSystemFont, 'Segoe UI', sans-serif;\n       color: #333; max-width: 920px; margin: 0 auto; padding: 20px; }\nh1 { color: #2c3e50; font-size: 20px; margin-bottom: 5px; }\n.meta { color: #7f8c8d; font-size: 13px; margin-bottom: 15px; }\n.risk-box { background: #f8f9fa; border-left: 4px solid #888888;\n             padding: 12px 16px; margin: 15px 0; border-radius: 4px; }\n.risk-pct { font-size: 28px; font-weight: bold; color: #888888; }\n.risk-score { font-size: 14px; color: #555; margin-top: 2px; }\n.indicators { display: flex; gap: 20px; margin: 20px 0; justify-content: center; }\n.indicator { flex: 1; max-width: 420px; text-align: center; }\n.indicator-pill { border-radius: 14px; padding: 18px 24px; color: white;\n                  box-shadow: 0 2px 6px rgba(0,0,0,0.12);\n                  display: flex; align-items: center; gap: 14px;\n                  text-align: left; }\n.indicator-icon { flex-shrink: 0; width: 32px; height: 32px; opacity: 0.95; }\n.indicator-body { flex: 1; }\n.indicator-label { font-size: 11px; letter-spacing: 0.1em; opacity: 0.9;\n                   text-transform: uppercase; }\n.indicator-level { font-size: 28px; font-weight: 800; letter-spacing: 0.04em;\n                   margin: 2px 0 2px 0; line-height: 1.1; }\n.indicator-sublabel { font-size: 13px; opacity: 0.95; font-weight: 500; }\n.indicator-context { margin-top: 8px; font-size: 12px; color: #555;\n                     line-height: 1.4; }\n.drivers-block { background: #f9fafb; border: 1px solid #e5e7eb;\n                 border-radius: 8px; padding: 14px 16px; margin: 14px 0; }\n.drivers-title { font-size: 11px; letter-spacing: 0.1em; text-transform: uppercase;\n                 color: #6b7280; font-weight: 700; margin-bottom: 8px; }\n.drivers-row { display: flex; gap: 10px; justify-content: center;\n               flex-wrap: wrap; }\n.driver { flex: 1; min-width: 180px; max-width: 220px; text-align: center; }\n.driver-pill { border-radius: 10px; padding: 10px 12px; color: white;\n               box-shadow: 0 1px 3px rgba(0,0,0,0.10);\n               display: flex; align-items: center; gap: 8px;\n               text-align: left; }\n.driver-pill.gray { background: #9ca3af; }\n.driver-icon { flex-shrink: 0; width: 18px; height: 18px; opacity: 0.95; }\n.driver-body { flex: 1; min-width: 0; }\n.driver-name { font-size: 10px; font-weight: 700; letter-spacing: 0.04em;\n               text-transform: uppercase; opacity: 0.95; white-space: nowrap;\n               overflow: hidden; text-overflow: ellipsis; }\n.driver-level { font-size: 13px; font-weight: 700; margin-top: 1px; }\n.driver-context { margin-top: 5px; font-size: 10px; color: #6b7280;\n                  line-height: 1.3; }\n.section { margin: 20px 0; }\n.section h2 { font-size: 16px; color: #2c3e50; border-bottom: 1px solid #ddd;\n               padding-bottom: 5px; }\n.drivers li { margin: 6px 0; font-size: 13px; line-height: 1.5; }\n.shap-val { color: #888; font-size: 12px; }\ntable { width: 100%; border-collapse: collapse; font-size: 13px; }\nth { background: #ecf0f1; padding: 8px; text-align: left; }\ntd { padding: 6px 8px; border-bottom: 1px solid #eee; }\n.map-container { width: 100%; height: 420px; border: 1px solid #ddd;\n                  border-radius: 4px; overflow: hidden; margin: 10px 0; }\n.footer { color: #aaa; font-size: 11px; margin-top: 30px; text-align: center; }\n\n.demo-popup { max-width: 380px; font-size: 13px; }\n.demo-popup h1 { font-size: 15px; margin: 2px 0 2px; }\n.demo-popup .meta { font-size: 11px; margin-bottom: 8px; }\n.demo-popup .indicators { gap: 10px; margin: 10px 0; }\n.demo-popup .indicator-level { font-size: 20px; }\n.demo-popup .indicator-icon { width: 22px; height: 22px; }\n.demo-popup .drivers-block { padding: 8px 10px; margin: 8px 0; }\n.demo-popup .driver { min-width: 150px; }\n.demo-banner { background: #FEF3C7; border: 1px solid #F59E0B;\n    color: #92400E; font-size: 10px; line-height: 1.35; padding: 5px 8px;\n    border-radius: 4px; margin-bottom: 8px; text-align: center;\n    font-weight: 600; }\n.demo-netline { font-size: 10px; color: #6b7280; margin-top: 8px;\n    text-align: center; line-height: 1.4; }\n.demo-action { text-align: center; margin-top: 12px; }\n.demo-action a { background: #2563EB; color: #fff; padding: 7px 18px;\n    border-radius: 4px; font-weight: bold; text-decoration: none;\n    display: inline-block; font-size: 11px; letter-spacing: 0.05em; }\n</style><h1>DEMO-20260713-0040</h1><div class=\"meta\">Demo District &middot; 2026-07-13 &middot; Excavator AN &middot; DIRECTIONAL BORE</div>\n<div class=\"indicators\">\n  <div class=\"indicator\">\n    <div class=\"indicator-pill\" style=\"background:#16A34A;\">\n      <svg viewBox=\"0 0 24 24\" width=\"32\" height=\"32\" fill=\"none\" stroke=\"white\" stroke-width=\"2\" stroke-linecap=\"round\" stroke-linejoin=\"round\" class=\"indicator-icon\"><path d=\"m21.73 18-8-14a2 2 0 0 0-3.48 0l-8 14A2 2 0 0 0 4 21h16a2 2 0 0 0 1.73-3\"/><path d=\"M12 9v4\"/><path d=\"M12 17h.01\"/></svg>\n      <div class=\"indicator-body\">\n        <div class=\"indicator-label\">Damage Likelihood</div>\n        <div class=\"indicator-level\">LOW</div>\n        <div class=\"indicator-sublabel\">Bottom 27% of all tickets</div>\n      </div>\n    </div>\n    <div class=\"indicator-context\">Bottom 27% by damage probability</div>\n  </div>\n  <div class=\"indicator\">\n    <div class=\"indicator-pill\" style=\"background:#16A34A;\">\n      <svg viewBox=\"0 0 24 24\" width=\"32\" height=\"32\" fill=\"none\" stroke=\"white\" stroke-width=\"2\" stroke-linecap=\"round\" stroke-linejoin=\"round\" class=\"indicator-icon\"><path d=\"M12 2 L20 5 V11 C 20 16 16 20 12 22 C 8 20 4 16 4 11 V5 Z\"/><path d=\"M12 9 V13\"/><path d=\"M12 17 h.01\"/></svg>\n      <div class=\"indicator-body\">\n        <div class=\"indicator-label\">Impact</div>\n        <div class=\"indicator-level\">LOW</div>\n        <div class=\"indicator-sublabel\">Bottom 23% by consequence</div>\n      </div>\n    </div>\n    <div class=\"indicator-context\">4 businesses nearby</div>\n  </div>\n</div>\n\n<div class=\"drivers-block\">\n  <div class=\"drivers-title\">Likelihood Drivers</div>\n  <div class=\"drivers-row\">\n    <div class=\"driver\">\n      <div class=\"driver-pill\" style=\"background:#16A34A;\">\n        <svg viewBox=\"0 0 30 26\" width=\"18\" height=\"18\" fill=\"none\" stroke=\"white\" stroke-width=\"1.4\" stroke-linecap=\"round\" stroke-linejoin=\"round\" class=\"driver-icon\"><rect x=\"2\" y=\"19.5\" width=\"16\" height=\"4.5\" rx=\"2.2\"/><circle cx=\"5.5\" cy=\"21.75\" r=\"1.1\" stroke-width=\"1\"/><circle cx=\"10\" cy=\"21.75\" r=\"1.1\" stroke-width=\"1\"/><circle cx=\"14.5\" cy=\"21.75\" r=\"1.1\" stroke-width=\"1\"/><path d=\"M4.5 18.5 V15 H7.5 V13 H18 V18.5\"/><path d=\"M12 11.5 L19 4 L20.5 5.5 L13.5 13 Z\"/><path d=\"M21.5 4 L27 12 L25.5 13 L20 5 Z\"/><path d=\"M26.5 14 L27 17 Q 26.5 19.5 24 19 L23 16 Z\"/></svg>\n        <div class=\"driver-body\">\n          <div class=\"driver-name\">Excavator History</div>\n          <div class=\"driver-level\">LOW</div>\n        </div>\n      </div>\n      <div class=\"driver-context\">1.0% damage rate (90d, 87 tickets)</div>\n    </div>\n    <div class=\"driver\">\n      <div class=\"driver-pill\" style=\"background:#16A34A;\">\n        <svg viewBox=\"0 0 24 24\" width=\"18\" height=\"18\" fill=\"none\" stroke=\"white\" stroke-width=\"2\" stroke-linecap=\"round\" stroke-linejoin=\"round\" class=\"driver-icon\"><ellipse cx=\"12\" cy=\"5\" rx=\"9\" ry=\"3\"/><path d=\"M3 5v14a9 3 0 0 0 18 0V5\"/></svg>\n        <div class=\"driver-body\">\n          <div class=\"driver-name\">Pipe Vulnerability</div>\n          <div class=\"driver-level\">LOW</div>\n        </div>\n      </div>\n      <div class=\"driver-context\">24-year-old MDPE (bottom 16%)</div>\n    </div>\n    <div class=\"driver\">\n      <div class=\"driver-pill\" style=\"background:#DC2626;\">\n        <svg viewBox=\"0 0 24 24\" width=\"18\" height=\"18\" fill=\"none\" stroke=\"white\" stroke-width=\"2\" stroke-linecap=\"round\" stroke-linejoin=\"round\" class=\"driver-icon\"><path d=\"M4 20 L14 10\"/><path d=\"M9 5 L19 15\"/></svg>\n        <div class=\"driver-body\">\n          <div class=\"driver-name\">Work Activity</div>\n          <div class=\"driver-level\">HIGH</div>\n        </div>\n      </div>\n      <div class=\"driver-context\">Directional Bore with Directional Drill</div>\n    </div>\n    <div class=\"driver\">\n      <div class=\"driver-pill\" style=\"background:#16A34A;\">\n        <svg viewBox=\"0 0 24 24\" width=\"18\" height=\"18\" fill=\"none\" stroke=\"white\" stroke-width=\"2\" stroke-linecap=\"round\" stroke-linejoin=\"round\" class=\"driver-icon\"><path d=\"M3 7V5a2 2 0 0 1 2-2h2\"/><path d=\"M17 3h2a2 2 0 0 1 2 2v2\"/><path d=\"M21 17v2a2 2 0 0 1-2 2h-2\"/><path d=\"M7 21H5a2 2 0 0 1-2-2v-2\"/></svg>\n        <div class=\"driver-body\">\n          <div class=\"driver-name\">Locate Quality</div>\n          <div class=\"driver-level\">GOOD</div>\n        </div>\n      </div>\n      <div class=\"driver-context\">Locator: Unit AN (clean record)</div>\n    </div>\n  </div>\n</div>\n<div class=\"drivers-block\">\n  <div class=\"drivers-title\">Impact Drivers</div>\n  <div class=\"drivers-row\">\n    <div class=\"driver\">\n      <div class=\"driver-pill\" style=\"background:#16A34A;\">\n        <svg viewBox=\"0 0 24 24\" width=\"18\" height=\"18\" fill=\"none\" stroke=\"white\" stroke-width=\"2\" stroke-linecap=\"round\" stroke-linejoin=\"round\" class=\"driver-icon\"><path d=\"M3 12 L12 4 L21 12\"/><path d=\"M5 11 V20 H19 V11\"/></svg>\n        <div class=\"driver-body\">\n          <div class=\"driver-name\">Service Disruption</div>\n          <div class=\"driver-level\">LOW</div>\n        </div>\n      </div>\n      <div class=\"driver-context\">No chokepoint</div>\n    </div>\n    <div class=\"driver\">\n      <div class=\"driver-pill\" style=\"background:#16A34A;\">\n        <svg viewBox=\"0 0 24 24\" width=\"18\" height=\"18\" fill=\"none\" stroke=\"white\" stroke-width=\"2\" stroke-linecap=\"round\" stroke-linejoin=\"round\" class=\"driver-icon\"><path d=\"M12 7v4\"/><path d=\"M14 21v-3a2 2 0 0 0-4 0v3\"/><path d=\"M14 9h-4\"/><path d=\"M18 11h2a2 2 0 0 1 2 2v6a2 2 0 0 1-2 2H4a2 2 0 0 1-2-2v-9a2 2 0 0 1 2-2h2\"/><path d=\"M18 21V5a2 2 0 0 0-2-2H8a2 2 0 0 0-2 2v16\"/></svg>\n        <div class=\"driver-body\">\n          <div class=\"driver-name\">Critical Facilities</div>\n          <div class=\"driver-level\">LOW</div>\n        </div>\n      </div>\n      <div class=\"driver-context\">None</div>\n    </div>\n    <div class=\"driver\">\n      <div class=\"driver-pill\" style=\"background:#F59E0B;\">\n        <svg viewBox=\"0 0 24 24\" width=\"18\" height=\"18\" fill=\"none\" stroke=\"white\" stroke-width=\"2\" stroke-linecap=\"round\" stroke-linejoin=\"round\" class=\"driver-icon\"><path d=\"M10 12h4\"/><path d=\"M10 8h4\"/><path d=\"M14 21v-3a2 2 0 0 0-4 0v3\"/><path d=\"M6 10H4a2 2 0 0 0-2 2v7a2 2 0 0 0 2 2h16a2 2 0 0 0 2-2V9a2 2 0 0 0-2-2h-2\"/><path d=\"M6 21V5a2 2 0 0 1 2-2h8a2 2 0 0 1 2 2v16\"/></svg>\n        <div class=\"driver-body\">\n          <div class=\"driver-name\">Business District</div>\n          <div class=\"driver-level\">MODERATE</div>\n        </div>\n      </div>\n      <div class=\"driver-context\">4 businesses</div>\n    </div>\n    <div class=\"driver\">\n      <div class=\"driver-pill\" style=\"background:#16A34A;\">\n        <svg viewBox=\"0 0 24 24\" width=\"18\" height=\"18\" fill=\"none\" stroke=\"white\" stroke-width=\"2\" stroke-linecap=\"round\" stroke-linejoin=\"round\" class=\"driver-icon\"><path d=\"M13 2 L3 14 h9 l-1 8 10-12 h-9 z\"/></svg>\n        <div class=\"driver-body\">\n          <div class=\"driver-name\">Transmission Main</div>\n          <div class=\"driver-level\">LOW</div>\n        </div>\n      </div>\n      <div class=\"driver-context\">Distribution only</div>\n    </div>\n  </div>\n</div>\n<div class=\"demo-netline\">8 segments in dig area (7 mains, 1 services) &middot; oldest 24-yr MDPE</div><div class=\"demo-action\"><a href=\"https://kartasoft.github.io/excavation-risk-demo/action_form.html?ticket_id=DEMO-20260713-0040&demo=1\" target=\"_blank\" rel=\"noopener\">LOG ACTION</a></div></div>"}}, {"type": "Feature", "geometry": {"type": "Polygon", "coordinates": [[[-83.01434946258101, 39.948273818590515], [-83.01436882892666, 39.94893382433289], [-83.0152263647982, 39.948918915542976], [-83.01520699022173, 39.94825891014721], [-83.01434946258101, 39.948273818590515]]]}, "properties": {"ticket_id": "DEMO-20260713-0041", "priority_level": "LOW", "likelihood_level": "LOW", "impact_level": "LOW", "division": "Demo District", "date": "2026-07-13", "excavator_name": "Excavator AO", "work_type": "FIBER INSTALL", "demo_note": "synthetic demo data", "popup_html": "<div class=\"demo-popup\"><style>\n.demo-popup { font-family: -apple-system, BlinkMacSystemFont, 'Segoe UI', sans-serif;\n       color: #333; max-width: 920px; margin: 0 auto; padding: 20px; }\nh1 { color: #2c3e50; font-size: 20px; margin-bottom: 5px; }\n.meta { color: #7f8c8d; font-size: 13px; margin-bottom: 15px; }\n.risk-box { background: #f8f9fa; border-left: 4px solid #888888;\n             padding: 12px 16px; margin: 15px 0; border-radius: 4px; }\n.risk-pct { font-size: 28px; font-weight: bold; color: #888888; }\n.risk-score { font-size: 14px; color: #555; margin-top: 2px; }\n.indicators { display: flex; gap: 20px; margin: 20px 0; justify-content: center; }\n.indicator { flex: 1; max-width: 420px; text-align: center; }\n.indicator-pill { border-radius: 14px; padding: 18px 24px; color: white;\n                  box-shadow: 0 2px 6px rgba(0,0,0,0.12);\n                  display: flex; align-items: center; gap: 14px;\n                  text-align: left; }\n.indicator-icon { flex-shrink: 0; width: 32px; height: 32px; opacity: 0.95; }\n.indicator-body { flex: 1; }\n.indicator-label { font-size: 11px; letter-spacing: 0.1em; opacity: 0.9;\n                   text-transform: uppercase; }\n.indicator-level { font-size: 28px; font-weight: 800; letter-spacing: 0.04em;\n                   margin: 2px 0 2px 0; line-height: 1.1; }\n.indicator-sublabel { font-size: 13px; opacity: 0.95; font-weight: 500; }\n.indicator-context { margin-top: 8px; font-size: 12px; color: #555;\n                     line-height: 1.4; }\n.drivers-block { background: #f9fafb; border: 1px solid #e5e7eb;\n                 border-radius: 8px; padding: 14px 16px; margin: 14px 0; }\n.drivers-title { font-size: 11px; letter-spacing: 0.1em; text-transform: uppercase;\n                 color: #6b7280; font-weight: 700; margin-bottom: 8px; }\n.drivers-row { display: flex; gap: 10px; justify-content: center;\n               flex-wrap: wrap; }\n.driver { flex: 1; min-width: 180px; max-width: 220px; text-align: center; }\n.driver-pill { border-radius: 10px; padding: 10px 12px; color: white;\n               box-shadow: 0 1px 3px rgba(0,0,0,0.10);\n               display: flex; align-items: center; gap: 8px;\n               text-align: left; }\n.driver-pill.gray { background: #9ca3af; }\n.driver-icon { flex-shrink: 0; width: 18px; height: 18px; opacity: 0.95; }\n.driver-body { flex: 1; min-width: 0; }\n.driver-name { font-size: 10px; font-weight: 700; letter-spacing: 0.04em;\n               text-transform: uppercase; opacity: 0.95; white-space: nowrap;\n               overflow: hidden; text-overflow: ellipsis; }\n.driver-level { font-size: 13px; font-weight: 700; margin-top: 1px; }\n.driver-context { margin-top: 5px; font-size: 10px; color: #6b7280;\n                  line-height: 1.3; }\n.section { margin: 20px 0; }\n.section h2 { font-size: 16px; color: #2c3e50; border-bottom: 1px solid #ddd;\n               padding-bottom: 5px; }\n.drivers li { margin: 6px 0; font-size: 13px; line-height: 1.5; }\n.shap-val { color: #888; font-size: 12px; }\ntable { width: 100%; border-collapse: collapse; font-size: 13px; }\nth { background: #ecf0f1; padding: 8px; text-align: left; }\ntd { padding: 6px 8px; border-bottom: 1px solid #eee; }\n.map-container { width: 100%; height: 420px; border: 1px solid #ddd;\n                  border-radius: 4px; overflow: hidden; margin: 10px 0; }\n.footer { color: #aaa; font-size: 11px; margin-top: 30px; text-align: center; }\n\n.demo-popup { max-width: 380px; font-size: 13px; }\n.demo-popup h1 { font-size: 15px; margin: 2px 0 2px; }\n.demo-popup .meta { font-size: 11px; margin-bottom: 8px; }\n.demo-popup .indicators { gap: 10px; margin: 10px 0; }\n.demo-popup .indicator-level { font-size: 20px; }\n.demo-popup .indicator-icon { width: 22px; height: 22px; }\n.demo-popup .drivers-block { padding: 8px 10px; margin: 8px 0; }\n.demo-popup .driver { min-width: 150px; }\n.demo-banner { background: #FEF3C7; border: 1px solid #F59E0B;\n    color: #92400E; font-size: 10px; line-height: 1.35; padding: 5px 8px;\n    border-radius: 4px; margin-bottom: 8px; text-align: center;\n    font-weight: 600; }\n.demo-netline { font-size: 10px; color: #6b7280; margin-top: 8px;\n    text-align: center; line-height: 1.4; }\n.demo-action { text-align: center; margin-top: 12px; }\n.demo-action a { background: #2563EB; color: #fff; padding: 7px 18px;\n    border-radius: 4px; font-weight: bold; text-decoration: none;\n    display: inline-block; font-size: 11px; letter-spacing: 0.05em; }\n</style><h1>DEMO-20260713-0041</h1><div class=\"meta\">Demo District &middot; 2026-07-13 &middot; Excavator AO &middot; FIBER INSTALL</div>\n<div class=\"indicators\">\n  <div class=\"indicator\">\n    <div class=\"indicator-pill\" style=\"background:#16A34A;\">\n      <svg viewBox=\"0 0 24 24\" width=\"32\" height=\"32\" fill=\"none\" stroke=\"white\" stroke-width=\"2\" stroke-linecap=\"round\" stroke-linejoin=\"round\" class=\"indicator-icon\"><path d=\"m21.73 18-8-14a2 2 0 0 0-3.48 0l-8 14A2 2 0 0 0 4 21h16a2 2 0 0 0 1.73-3\"/><path d=\"M12 9v4\"/><path d=\"M12 17h.01\"/></svg>\n      <div class=\"indicator-body\">\n        <div class=\"indicator-label\">Damage Likelihood</div>\n        <div class=\"indicator-level\">LOW</div>\n        <div class=\"indicator-sublabel\">Bottom 3% of all tickets</div>\n      </div>\n    </div>\n    <div class=\"indicator-context\">Bottom 3% by damage probability</div>\n  </div>\n  <div class=\"indicator\">\n    <div class=\"indicator-pill\" style=\"background:#16A34A;\">\n      <svg viewBox=\"0 0 24 24\" width=\"32\" height=\"32\" fill=\"none\" stroke=\"white\" stroke-width=\"2\" stroke-linecap=\"round\" stroke-linejoin=\"round\" class=\"indicator-icon\"><path d=\"M12 2 L20 5 V11 C 20 16 16 20 12 22 C 8 20 4 16 4 11 V5 Z\"/><path d=\"M12 9 V13\"/><path d=\"M12 17 h.01\"/></svg>\n      <div class=\"indicator-body\">\n        <div class=\"indicator-label\">Impact</div>\n        <div class=\"indicator-level\">LOW</div>\n        <div class=\"indicator-sublabel\">Bottom 5% by consequence</div>\n      </div>\n    </div>\n    <div class=\"indicator-context\">No downstream impact data</div>\n  </div>\n</div>\n\n<div class=\"drivers-block\">\n  <div class=\"drivers-title\">Likelihood Drivers</div>\n  <div class=\"drivers-row\">\n    <div class=\"driver\">\n      <div class=\"driver-pill\" style=\"background:#16A34A;\">\n        <svg viewBox=\"0 0 30 26\" width=\"18\" height=\"18\" fill=\"none\" stroke=\"white\" stroke-width=\"1.4\" stroke-linecap=\"round\" stroke-linejoin=\"round\" class=\"driver-icon\"><rect x=\"2\" y=\"19.5\" width=\"16\" height=\"4.5\" rx=\"2.2\"/><circle cx=\"5.5\" cy=\"21.75\" r=\"1.1\" stroke-width=\"1\"/><circle cx=\"10\" cy=\"21.75\" r=\"1.1\" stroke-width=\"1\"/><circle cx=\"14.5\" cy=\"21.75\" r=\"1.1\" stroke-width=\"1\"/><path d=\"M4.5 18.5 V15 H7.5 V13 H18 V18.5\"/><path d=\"M12 11.5 L19 4 L20.5 5.5 L13.5 13 Z\"/><path d=\"M21.5 4 L27 12 L25.5 13 L20 5 Z\"/><path d=\"M26.5 14 L27 17 Q 26.5 19.5 24 19 L23 16 Z\"/></svg>\n        <div class=\"driver-body\">\n          <div class=\"driver-name\">Excavator History</div>\n          <div class=\"driver-level\">LOW</div>\n        </div>\n      </div>\n      <div class=\"driver-context\">0.8% damage rate (90d, 239 tickets)</div>\n    </div>\n    <div class=\"driver\">\n      <div class=\"driver-pill\" style=\"background:#16A34A;\">\n        <svg viewBox=\"0 0 24 24\" width=\"18\" height=\"18\" fill=\"none\" stroke=\"white\" stroke-width=\"2\" stroke-linecap=\"round\" stroke-linejoin=\"round\" class=\"driver-icon\"><ellipse cx=\"12\" cy=\"5\" rx=\"9\" ry=\"3\"/><path d=\"M3 5v14a9 3 0 0 0 18 0V5\"/></svg>\n        <div class=\"driver-body\">\n          <div class=\"driver-name\">Pipe Vulnerability</div>\n          <div class=\"driver-level\">LOW</div>\n        </div>\n      </div>\n      <div class=\"driver-context\">33-year-old MDPE (bottom 21%)</div>\n    </div>\n    <div class=\"driver\">\n      <div class=\"driver-pill\" style=\"background:#16A34A;\">\n        <svg viewBox=\"0 0 24 24\" width=\"18\" height=\"18\" fill=\"none\" stroke=\"white\" stroke-width=\"2\" stroke-linecap=\"round\" stroke-linejoin=\"round\" class=\"driver-icon\"><path d=\"M4 20 L14 10\"/><path d=\"M9 5 L19 15\"/></svg>\n        <div class=\"driver-body\">\n          <div class=\"driver-name\">Work Activity</div>\n          <div class=\"driver-level\">LOW</div>\n        </div>\n      </div>\n      <div class=\"driver-context\">Fiber Install with Vibratory Plow</div>\n    </div>\n    <div class=\"driver\">\n      <div class=\"driver-pill\" style=\"background:#16A34A;\">\n        <svg viewBox=\"0 0 24 24\" width=\"18\" height=\"18\" fill=\"none\" stroke=\"white\" stroke-width=\"2\" stroke-linecap=\"round\" stroke-linejoin=\"round\" class=\"driver-icon\"><path d=\"M3 7V5a2 2 0 0 1 2-2h2\"/><path d=\"M17 3h2a2 2 0 0 1 2 2v2\"/><path d=\"M21 17v2a2 2 0 0 1-2 2h-2\"/><path d=\"M7 21H5a2 2 0 0 1-2-2v-2\"/></svg>\n        <div class=\"driver-body\">\n          <div class=\"driver-name\">Locate Quality</div>\n          <div class=\"driver-level\">GOOD</div>\n        </div>\n      </div>\n      <div class=\"driver-context\">Locator: Unit AO (clean record)</div>\n    </div>\n  </div>\n</div>\n<div class=\"drivers-block\">\n  <div class=\"drivers-title\">Impact Drivers</div>\n  <div class=\"drivers-row\">\n    <div class=\"driver\">\n      <div class=\"driver-pill\" style=\"background:#16A34A;\">\n        <svg viewBox=\"0 0 24 24\" width=\"18\" height=\"18\" fill=\"none\" stroke=\"white\" stroke-width=\"2\" stroke-linecap=\"round\" stroke-linejoin=\"round\" class=\"driver-icon\"><path d=\"M3 12 L12 4 L21 12\"/><path d=\"M5 11 V20 H19 V11\"/></svg>\n        <div class=\"driver-body\">\n          <div class=\"driver-name\">Service Disruption</div>\n          <div class=\"driver-level\">LOW</div>\n        </div>\n      </div>\n      <div class=\"driver-context\">No chokepoint</div>\n    </div>\n    <div class=\"driver\">\n      <div class=\"driver-pill\" style=\"background:#16A34A;\">\n        <svg viewBox=\"0 0 24 24\" width=\"18\" height=\"18\" fill=\"none\" stroke=\"white\" stroke-width=\"2\" stroke-linecap=\"round\" stroke-linejoin=\"round\" class=\"driver-icon\"><path d=\"M12 7v4\"/><path d=\"M14 21v-3a2 2 0 0 0-4 0v3\"/><path d=\"M14 9h-4\"/><path d=\"M18 11h2a2 2 0 0 1 2 2v6a2 2 0 0 1-2 2H4a2 2 0 0 1-2-2v-9a2 2 0 0 1 2-2h2\"/><path d=\"M18 21V5a2 2 0 0 0-2-2H8a2 2 0 0 0-2 2v16\"/></svg>\n        <div class=\"driver-body\">\n          <div class=\"driver-name\">Critical Facilities</div>\n          <div class=\"driver-level\">LOW</div>\n        </div>\n      </div>\n      <div class=\"driver-context\">None</div>\n    </div>\n    <div class=\"driver\">\n      <div class=\"driver-pill\" style=\"background:#16A34A;\">\n        <svg viewBox=\"0 0 24 24\" width=\"18\" height=\"18\" fill=\"none\" stroke=\"white\" stroke-width=\"2\" stroke-linecap=\"round\" stroke-linejoin=\"round\" class=\"driver-icon\"><path d=\"M10 12h4\"/><path d=\"M10 8h4\"/><path d=\"M14 21v-3a2 2 0 0 0-4 0v3\"/><path d=\"M6 10H4a2 2 0 0 0-2 2v7a2 2 0 0 0 2 2h16a2 2 0 0 0 2-2V9a2 2 0 0 0-2-2h-2\"/><path d=\"M6 21V5a2 2 0 0 1 2-2h8a2 2 0 0 1 2 2v16\"/></svg>\n        <div class=\"driver-body\">\n          <div class=\"driver-name\">Business District</div>\n          <div class=\"driver-level\">LOW</div>\n        </div>\n      </div>\n      <div class=\"driver-context\">Low density area</div>\n    </div>\n    <div class=\"driver\">\n      <div class=\"driver-pill\" style=\"background:#16A34A;\">\n        <svg viewBox=\"0 0 24 24\" width=\"18\" height=\"18\" fill=\"none\" stroke=\"white\" stroke-width=\"2\" stroke-linecap=\"round\" stroke-linejoin=\"round\" class=\"driver-icon\"><path d=\"M13 2 L3 14 h9 l-1 8 10-12 h-9 z\"/></svg>\n        <div class=\"driver-body\">\n          <div class=\"driver-name\">Transmission Main</div>\n          <div class=\"driver-level\">LOW</div>\n        </div>\n      </div>\n      <div class=\"driver-context\">Distribution only</div>\n    </div>\n  </div>\n</div>\n<div class=\"demo-netline\">4 segments in dig area (4 mains, 0 services) &middot; oldest 33-yr MDPE</div><div class=\"demo-action\"><a href=\"https://kartasoft.github.io/excavation-risk-demo/action_form.html?ticket_id=DEMO-20260713-0041&demo=1\" target=\"_blank\" rel=\"noopener\">LOG ACTION</a></div></div>"}}, {"type": "Feature", "geometry": {"type": "Polygon", "coordinates": [[[-82.98356987239482, 39.96563927996427], [-82.98358608734256, 39.96620012282036], [-82.98431496782798, 39.96618764364044], [-82.9842987469315, 39.96562680103086], [-82.98356987239482, 39.96563927996427]]]}, "properties": {"ticket_id": "DEMO-20260713-0042", "priority_level": "LOW", "likelihood_level": "LOW", "impact_level": "LOW", "division": "Demo District", "date": "2026-07-13", "excavator_name": "Excavator AP", "work_type": "FIBER INSTALL", "demo_note": "synthetic demo data", "popup_html": "<div class=\"demo-popup\"><style>\n.demo-popup { font-family: -apple-system, BlinkMacSystemFont, 'Segoe UI', sans-serif;\n       color: #333; max-width: 920px; margin: 0 auto; padding: 20px; }\nh1 { color: #2c3e50; font-size: 20px; margin-bottom: 5px; }\n.meta { color: #7f8c8d; font-size: 13px; margin-bottom: 15px; }\n.risk-box { background: #f8f9fa; border-left: 4px solid #888888;\n             padding: 12px 16px; margin: 15px 0; border-radius: 4px; }\n.risk-pct { font-size: 28px; font-weight: bold; color: #888888; }\n.risk-score { font-size: 14px; color: #555; margin-top: 2px; }\n.indicators { display: flex; gap: 20px; margin: 20px 0; justify-content: center; }\n.indicator { flex: 1; max-width: 420px; text-align: center; }\n.indicator-pill { border-radius: 14px; padding: 18px 24px; color: white;\n                  box-shadow: 0 2px 6px rgba(0,0,0,0.12);\n                  display: flex; align-items: center; gap: 14px;\n                  text-align: left; }\n.indicator-icon { flex-shrink: 0; width: 32px; height: 32px; opacity: 0.95; }\n.indicator-body { flex: 1; }\n.indicator-label { font-size: 11px; letter-spacing: 0.1em; opacity: 0.9;\n                   text-transform: uppercase; }\n.indicator-level { font-size: 28px; font-weight: 800; letter-spacing: 0.04em;\n                   margin: 2px 0 2px 0; line-height: 1.1; }\n.indicator-sublabel { font-size: 13px; opacity: 0.95; font-weight: 500; }\n.indicator-context { margin-top: 8px; font-size: 12px; color: #555;\n                     line-height: 1.4; }\n.drivers-block { background: #f9fafb; border: 1px solid #e5e7eb;\n                 border-radius: 8px; padding: 14px 16px; margin: 14px 0; }\n.drivers-title { font-size: 11px; letter-spacing: 0.1em; text-transform: uppercase;\n                 color: #6b7280; font-weight: 700; margin-bottom: 8px; }\n.drivers-row { display: flex; gap: 10px; justify-content: center;\n               flex-wrap: wrap; }\n.driver { flex: 1; min-width: 180px; max-width: 220px; text-align: center; }\n.driver-pill { border-radius: 10px; padding: 10px 12px; color: white;\n               box-shadow: 0 1px 3px rgba(0,0,0,0.10);\n               display: flex; align-items: center; gap: 8px;\n               text-align: left; }\n.driver-pill.gray { background: #9ca3af; }\n.driver-icon { flex-shrink: 0; width: 18px; height: 18px; opacity: 0.95; }\n.driver-body { flex: 1; min-width: 0; }\n.driver-name { font-size: 10px; font-weight: 700; letter-spacing: 0.04em;\n               text-transform: uppercase; opacity: 0.95; white-space: nowrap;\n               overflow: hidden; text-overflow: ellipsis; }\n.driver-level { font-size: 13px; font-weight: 700; margin-top: 1px; }\n.driver-context { margin-top: 5px; font-size: 10px; color: #6b7280;\n                  line-height: 1.3; }\n.section { margin: 20px 0; }\n.section h2 { font-size: 16px; color: #2c3e50; border-bottom: 1px solid #ddd;\n               padding-bottom: 5px; }\n.drivers li { margin: 6px 0; font-size: 13px; line-height: 1.5; }\n.shap-val { color: #888; font-size: 12px; }\ntable { width: 100%; border-collapse: collapse; font-size: 13px; }\nth { background: #ecf0f1; padding: 8px; text-align: left; }\ntd { padding: 6px 8px; border-bottom: 1px solid #eee; }\n.map-container { width: 100%; height: 420px; border: 1px solid #ddd;\n                  border-radius: 4px; overflow: hidden; margin: 10px 0; }\n.footer { color: #aaa; font-size: 11px; margin-top: 30px; text-align: center; }\n\n.demo-popup { max-width: 380px; font-size: 13px; }\n.demo-popup h1 { font-size: 15px; margin: 2px 0 2px; }\n.demo-popup .meta { font-size: 11px; margin-bottom: 8px; }\n.demo-popup .indicators { gap: 10px; margin: 10px 0; }\n.demo-popup .indicator-level { font-size: 20px; }\n.demo-popup .indicator-icon { width: 22px; height: 22px; }\n.demo-popup .drivers-block { padding: 8px 10px; margin: 8px 0; }\n.demo-popup .driver { min-width: 150px; }\n.demo-banner { background: #FEF3C7; border: 1px solid #F59E0B;\n    color: #92400E; font-size: 10px; line-height: 1.35; padding: 5px 8px;\n    border-radius: 4px; margin-bottom: 8px; text-align: center;\n    font-weight: 600; }\n.demo-netline { font-size: 10px; color: #6b7280; margin-top: 8px;\n    text-align: center; line-height: 1.4; }\n.demo-action { text-align: center; margin-top: 12px; }\n.demo-action a { background: #2563EB; color: #fff; padding: 7px 18px;\n    border-radius: 4px; font-weight: bold; text-decoration: none;\n    display: inline-block; font-size: 11px; letter-spacing: 0.05em; }\n</style><h1>DEMO-20260713-0042</h1><div class=\"meta\">Demo District &middot; 2026-07-13 &middot; Excavator AP &middot; FIBER INSTALL</div>\n<div class=\"indicators\">\n  <div class=\"indicator\">\n    <div class=\"indicator-pill\" style=\"background:#16A34A;\">\n      <svg viewBox=\"0 0 24 24\" width=\"32\" height=\"32\" fill=\"none\" stroke=\"white\" stroke-width=\"2\" stroke-linecap=\"round\" stroke-linejoin=\"round\" class=\"indicator-icon\"><path d=\"m21.73 18-8-14a2 2 0 0 0-3.48 0l-8 14A2 2 0 0 0 4 21h16a2 2 0 0 0 1.73-3\"/><path d=\"M12 9v4\"/><path d=\"M12 17h.01\"/></svg>\n      <div class=\"indicator-body\">\n        <div class=\"indicator-label\">Damage Likelihood</div>\n        <div class=\"indicator-level\">LOW</div>\n        <div class=\"indicator-sublabel\">Bottom 15% of all tickets</div>\n      </div>\n    </div>\n    <div class=\"indicator-context\">Bottom 15% by damage probability</div>\n  </div>\n  <div class=\"indicator\">\n    <div class=\"indicator-pill\" style=\"background:#16A34A;\">\n      <svg viewBox=\"0 0 24 24\" width=\"32\" height=\"32\" fill=\"none\" stroke=\"white\" stroke-width=\"2\" stroke-linecap=\"round\" stroke-linejoin=\"round\" class=\"indicator-icon\"><path d=\"M12 2 L20 5 V11 C 20 16 16 20 12 22 C 8 20 4 16 4 11 V5 Z\"/><path d=\"M12 9 V13\"/><path d=\"M12 17 h.01\"/></svg>\n      <div class=\"indicator-body\">\n        <div class=\"indicator-label\">Impact</div>\n        <div class=\"indicator-level\">LOW</div>\n        <div class=\"indicator-sublabel\">Bottom 57% by consequence</div>\n      </div>\n    </div>\n    <div class=\"indicator-context\">1 daycare center, 6 businesses nearby</div>\n  </div>\n</div>\n\n<div class=\"drivers-block\">\n  <div class=\"drivers-title\">Likelihood Drivers</div>\n  <div class=\"drivers-row\">\n    <div class=\"driver\">\n      <div class=\"driver-pill\" style=\"background:#16A34A;\">\n        <svg viewBox=\"0 0 30 26\" width=\"18\" height=\"18\" fill=\"none\" stroke=\"white\" stroke-width=\"1.4\" stroke-linecap=\"round\" stroke-linejoin=\"round\" class=\"driver-icon\"><rect x=\"2\" y=\"19.5\" width=\"16\" height=\"4.5\" rx=\"2.2\"/><circle cx=\"5.5\" cy=\"21.75\" r=\"1.1\" stroke-width=\"1\"/><circle cx=\"10\" cy=\"21.75\" r=\"1.1\" stroke-width=\"1\"/><circle cx=\"14.5\" cy=\"21.75\" r=\"1.1\" stroke-width=\"1\"/><path d=\"M4.5 18.5 V15 H7.5 V13 H18 V18.5\"/><path d=\"M12 11.5 L19 4 L20.5 5.5 L13.5 13 Z\"/><path d=\"M21.5 4 L27 12 L25.5 13 L20 5 Z\"/><path d=\"M26.5 14 L27 17 Q 26.5 19.5 24 19 L23 16 Z\"/></svg>\n        <div class=\"driver-body\">\n          <div class=\"driver-name\">Excavator History</div>\n          <div class=\"driver-level\">LOW</div>\n        </div>\n      </div>\n      <div class=\"driver-context\">0.0% damage rate (90d, 876 tickets)</div>\n    </div>\n    <div class=\"driver\">\n      <div class=\"driver-pill\" style=\"background:#16A34A;\">\n        <svg viewBox=\"0 0 24 24\" width=\"18\" height=\"18\" fill=\"none\" stroke=\"white\" stroke-width=\"2\" stroke-linecap=\"round\" stroke-linejoin=\"round\" class=\"driver-icon\"><ellipse cx=\"12\" cy=\"5\" rx=\"9\" ry=\"3\"/><path d=\"M3 5v14a9 3 0 0 0 18 0V5\"/></svg>\n        <div class=\"driver-body\">\n          <div class=\"driver-name\">Pipe Vulnerability</div>\n          <div class=\"driver-level\">LOW</div>\n        </div>\n      </div>\n      <div class=\"driver-context\">38-year-old MDPE (bottom 38%)</div>\n    </div>\n    <div class=\"driver\">\n      <div class=\"driver-pill\" style=\"background:#16A34A;\">\n        <svg viewBox=\"0 0 24 24\" width=\"18\" height=\"18\" fill=\"none\" stroke=\"white\" stroke-width=\"2\" stroke-linecap=\"round\" stroke-linejoin=\"round\" class=\"driver-icon\"><path d=\"M4 20 L14 10\"/><path d=\"M9 5 L19 15\"/></svg>\n        <div class=\"driver-body\">\n          <div class=\"driver-name\">Work Activity</div>\n          <div class=\"driver-level\">LOW</div>\n        </div>\n      </div>\n      <div class=\"driver-context\">Fiber Install with Vibratory Plow</div>\n    </div>\n    <div class=\"driver\">\n      <div class=\"driver-pill\" style=\"background:#16A34A;\">\n        <svg viewBox=\"0 0 24 24\" width=\"18\" height=\"18\" fill=\"none\" stroke=\"white\" stroke-width=\"2\" stroke-linecap=\"round\" stroke-linejoin=\"round\" class=\"driver-icon\"><path d=\"M3 7V5a2 2 0 0 1 2-2h2\"/><path d=\"M17 3h2a2 2 0 0 1 2 2v2\"/><path d=\"M21 17v2a2 2 0 0 1-2 2h-2\"/><path d=\"M7 21H5a2 2 0 0 1-2-2v-2\"/></svg>\n        <div class=\"driver-body\">\n          <div class=\"driver-name\">Locate Quality</div>\n          <div class=\"driver-level\">GOOD</div>\n        </div>\n      </div>\n      <div class=\"driver-context\">Locator: Unit AP (clean record)</div>\n    </div>\n  </div>\n</div>\n<div class=\"drivers-block\">\n  <div class=\"drivers-title\">Impact Drivers</div>\n  <div class=\"drivers-row\">\n    <div class=\"driver\">\n      <div class=\"driver-pill\" style=\"background:#16A34A;\">\n        <svg viewBox=\"0 0 24 24\" width=\"18\" height=\"18\" fill=\"none\" stroke=\"white\" stroke-width=\"2\" stroke-linecap=\"round\" stroke-linejoin=\"round\" class=\"driver-icon\"><path d=\"M3 12 L12 4 L21 12\"/><path d=\"M5 11 V20 H19 V11\"/></svg>\n        <div class=\"driver-body\">\n          <div class=\"driver-name\">Service Disruption</div>\n          <div class=\"driver-level\">LOW</div>\n        </div>\n      </div>\n      <div class=\"driver-context\">No chokepoint</div>\n    </div>\n    <div class=\"driver\">\n      <div class=\"driver-pill\" style=\"background:#F59E0B;\">\n        <svg viewBox=\"0 0 24 24\" width=\"18\" height=\"18\" fill=\"none\" stroke=\"white\" stroke-width=\"2\" stroke-linecap=\"round\" stroke-linejoin=\"round\" class=\"driver-icon\"><path d=\"M12 7v4\"/><path d=\"M14 21v-3a2 2 0 0 0-4 0v3\"/><path d=\"M14 9h-4\"/><path d=\"M18 11h2a2 2 0 0 1 2 2v6a2 2 0 0 1-2 2H4a2 2 0 0 1-2-2v-9a2 2 0 0 1 2-2h2\"/><path d=\"M18 21V5a2 2 0 0 0-2-2H8a2 2 0 0 0-2 2v16\"/></svg>\n        <div class=\"driver-body\">\n          <div class=\"driver-name\">Critical Facilities</div>\n          <div class=\"driver-level\">MODERATE</div>\n        </div>\n      </div>\n      <div class=\"driver-context\">1 daycare center</div>\n    </div>\n    <div class=\"driver\">\n      <div class=\"driver-pill\" style=\"background:#F59E0B;\">\n        <svg viewBox=\"0 0 24 24\" width=\"18\" height=\"18\" fill=\"none\" stroke=\"white\" stroke-width=\"2\" stroke-linecap=\"round\" stroke-linejoin=\"round\" class=\"driver-icon\"><path d=\"M10 12h4\"/><path d=\"M10 8h4\"/><path d=\"M14 21v-3a2 2 0 0 0-4 0v3\"/><path d=\"M6 10H4a2 2 0 0 0-2 2v7a2 2 0 0 0 2 2h16a2 2 0 0 0 2-2V9a2 2 0 0 0-2-2h-2\"/><path d=\"M6 21V5a2 2 0 0 1 2-2h8a2 2 0 0 1 2 2v16\"/></svg>\n        <div class=\"driver-body\">\n          <div class=\"driver-name\">Business District</div>\n          <div class=\"driver-level\">MODERATE</div>\n        </div>\n      </div>\n      <div class=\"driver-context\">6 businesses</div>\n    </div>\n    <div class=\"driver\">\n      <div class=\"driver-pill\" style=\"background:#16A34A;\">\n        <svg viewBox=\"0 0 24 24\" width=\"18\" height=\"18\" fill=\"none\" stroke=\"white\" stroke-width=\"2\" stroke-linecap=\"round\" stroke-linejoin=\"round\" class=\"driver-icon\"><path d=\"M13 2 L3 14 h9 l-1 8 10-12 h-9 z\"/></svg>\n        <div class=\"driver-body\">\n          <div class=\"driver-name\">Transmission Main</div>\n          <div class=\"driver-level\">LOW</div>\n        </div>\n      </div>\n      <div class=\"driver-context\">Distribution only</div>\n    </div>\n  </div>\n</div>\n<div class=\"demo-netline\">4 segments in dig area (3 mains, 1 services) &middot; oldest 38-yr MDPE</div><div class=\"demo-action\"><a href=\"https://kartasoft.github.io/excavation-risk-demo/action_form.html?ticket_id=DEMO-20260713-0042&demo=1\" target=\"_blank\" rel=\"noopener\">LOG ACTION</a></div></div>"}}, {"type": "Feature", "geometry": {"type": "Polygon", "coordinates": [[[-82.9859382476477, 39.95587223975705], [-82.98596665744617, 39.95685403614191], [-82.98724243985369, 39.95683216544283], [-82.98721401183407, 39.955850369814286], [-82.9859382476477, 39.95587223975705]]]}, "properties": {"ticket_id": "DEMO-20260713-0043", "priority_level": "LOW", "likelihood_level": "LOW", "impact_level": "LOW", "division": "Demo District", "date": "2026-07-13", "excavator_name": "Excavator AQ", "work_type": "CABLE INSTALL", "demo_note": "synthetic demo data", "popup_html": "<div class=\"demo-popup\"><style>\n.demo-popup { font-family: -apple-system, BlinkMacSystemFont, 'Segoe UI', sans-serif;\n       color: #333; max-width: 920px; margin: 0 auto; padding: 20px; }\nh1 { color: #2c3e50; font-size: 20px; margin-bottom: 5px; }\n.meta { color: #7f8c8d; font-size: 13px; margin-bottom: 15px; }\n.risk-box { background: #f8f9fa; border-left: 4px solid #888888;\n             padding: 12px 16px; margin: 15px 0; border-radius: 4px; }\n.risk-pct { font-size: 28px; font-weight: bold; color: #888888; }\n.risk-score { font-size: 14px; color: #555; margin-top: 2px; }\n.indicators { display: flex; gap: 20px; margin: 20px 0; justify-content: center; }\n.indicator { flex: 1; max-width: 420px; text-align: center; }\n.indicator-pill { border-radius: 14px; padding: 18px 24px; color: white;\n                  box-shadow: 0 2px 6px rgba(0,0,0,0.12);\n                  display: flex; align-items: center; gap: 14px;\n                  text-align: left; }\n.indicator-icon { flex-shrink: 0; width: 32px; height: 32px; opacity: 0.95; }\n.indicator-body { flex: 1; }\n.indicator-label { font-size: 11px; letter-spacing: 0.1em; opacity: 0.9;\n                   text-transform: uppercase; }\n.indicator-level { font-size: 28px; font-weight: 800; letter-spacing: 0.04em;\n                   margin: 2px 0 2px 0; line-height: 1.1; }\n.indicator-sublabel { font-size: 13px; opacity: 0.95; font-weight: 500; }\n.indicator-context { margin-top: 8px; font-size: 12px; color: #555;\n                     line-height: 1.4; }\n.drivers-block { background: #f9fafb; border: 1px solid #e5e7eb;\n                 border-radius: 8px; padding: 14px 16px; margin: 14px 0; }\n.drivers-title { font-size: 11px; letter-spacing: 0.1em; text-transform: uppercase;\n                 color: #6b7280; font-weight: 700; margin-bottom: 8px; }\n.drivers-row { display: flex; gap: 10px; justify-content: center;\n               flex-wrap: wrap; }\n.driver { flex: 1; min-width: 180px; max-width: 220px; text-align: center; }\n.driver-pill { border-radius: 10px; padding: 10px 12px; color: white;\n               box-shadow: 0 1px 3px rgba(0,0,0,0.10);\n               display: flex; align-items: center; gap: 8px;\n               text-align: left; }\n.driver-pill.gray { background: #9ca3af; }\n.driver-icon { flex-shrink: 0; width: 18px; height: 18px; opacity: 0.95; }\n.driver-body { flex: 1; min-width: 0; }\n.driver-name { font-size: 10px; font-weight: 700; letter-spacing: 0.04em;\n               text-transform: uppercase; opacity: 0.95; white-space: nowrap;\n               overflow: hidden; text-overflow: ellipsis; }\n.driver-level { font-size: 13px; font-weight: 700; margin-top: 1px; }\n.driver-context { margin-top: 5px; font-size: 10px; color: #6b7280;\n                  line-height: 1.3; }\n.section { margin: 20px 0; }\n.section h2 { font-size: 16px; color: #2c3e50; border-bottom: 1px solid #ddd;\n               padding-bottom: 5px; }\n.drivers li { margin: 6px 0; font-size: 13px; line-height: 1.5; }\n.shap-val { color: #888; font-size: 12px; }\ntable { width: 100%; border-collapse: collapse; font-size: 13px; }\nth { background: #ecf0f1; padding: 8px; text-align: left; }\ntd { padding: 6px 8px; border-bottom: 1px solid #eee; }\n.map-container { width: 100%; height: 420px; border: 1px solid #ddd;\n                  border-radius: 4px; overflow: hidden; margin: 10px 0; }\n.footer { color: #aaa; font-size: 11px; margin-top: 30px; text-align: center; }\n\n.demo-popup { max-width: 380px; font-size: 13px; }\n.demo-popup h1 { font-size: 15px; margin: 2px 0 2px; }\n.demo-popup .meta { font-size: 11px; margin-bottom: 8px; }\n.demo-popup .indicators { gap: 10px; margin: 10px 0; }\n.demo-popup .indicator-level { font-size: 20px; }\n.demo-popup .indicator-icon { width: 22px; height: 22px; }\n.demo-popup .drivers-block { padding: 8px 10px; margin: 8px 0; }\n.demo-popup .driver { min-width: 150px; }\n.demo-banner { background: #FEF3C7; border: 1px solid #F59E0B;\n    color: #92400E; font-size: 10px; line-height: 1.35; padding: 5px 8px;\n    border-radius: 4px; margin-bottom: 8px; text-align: center;\n    font-weight: 600; }\n.demo-netline { font-size: 10px; color: #6b7280; margin-top: 8px;\n    text-align: center; line-height: 1.4; }\n.demo-action { text-align: center; margin-top: 12px; }\n.demo-action a { background: #2563EB; color: #fff; padding: 7px 18px;\n    border-radius: 4px; font-weight: bold; text-decoration: none;\n    display: inline-block; font-size: 11px; letter-spacing: 0.05em; }\n</style><h1>DEMO-20260713-0043</h1><div class=\"meta\">Demo District &middot; 2026-07-13 &middot; Excavator AQ &middot; CABLE INSTALL</div>\n<div class=\"indicators\">\n  <div class=\"indicator\">\n    <div class=\"indicator-pill\" style=\"background:#16A34A;\">\n      <svg viewBox=\"0 0 24 24\" width=\"32\" height=\"32\" fill=\"none\" stroke=\"white\" stroke-width=\"2\" stroke-linecap=\"round\" stroke-linejoin=\"round\" class=\"indicator-icon\"><path d=\"m21.73 18-8-14a2 2 0 0 0-3.48 0l-8 14A2 2 0 0 0 4 21h16a2 2 0 0 0 1.73-3\"/><path d=\"M12 9v4\"/><path d=\"M12 17h.01\"/></svg>\n      <div class=\"indicator-body\">\n        <div class=\"indicator-label\">Damage Likelihood</div>\n        <div class=\"indicator-level\">LOW</div>\n        <div class=\"indicator-sublabel\">Bottom 5% of all tickets</div>\n      </div>\n    </div>\n    <div class=\"indicator-context\">Bottom 5% by damage probability</div>\n  </div>\n  <div class=\"indicator\">\n    <div class=\"indicator-pill\" style=\"background:#16A34A;\">\n      <svg viewBox=\"0 0 24 24\" width=\"32\" height=\"32\" fill=\"none\" stroke=\"white\" stroke-width=\"2\" stroke-linecap=\"round\" stroke-linejoin=\"round\" class=\"indicator-icon\"><path d=\"M12 2 L20 5 V11 C 20 16 16 20 12 22 C 8 20 4 16 4 11 V5 Z\"/><path d=\"M12 9 V13\"/><path d=\"M12 17 h.01\"/></svg>\n      <div class=\"indicator-body\">\n        <div class=\"indicator-label\">Impact</div>\n        <div class=\"indicator-level\">LOW</div>\n        <div class=\"indicator-sublabel\">Bottom 47% by consequence</div>\n      </div>\n    </div>\n    <div class=\"indicator-context\">8 businesses nearby</div>\n  </div>\n</div>\n\n<div class=\"drivers-block\">\n  <div class=\"drivers-title\">Likelihood Drivers</div>\n  <div class=\"drivers-row\">\n    <div class=\"driver\">\n      <div class=\"driver-pill\" style=\"background:#16A34A;\">\n        <svg viewBox=\"0 0 30 26\" width=\"18\" height=\"18\" fill=\"none\" stroke=\"white\" stroke-width=\"1.4\" stroke-linecap=\"round\" stroke-linejoin=\"round\" class=\"driver-icon\"><rect x=\"2\" y=\"19.5\" width=\"16\" height=\"4.5\" rx=\"2.2\"/><circle cx=\"5.5\" cy=\"21.75\" r=\"1.1\" stroke-width=\"1\"/><circle cx=\"10\" cy=\"21.75\" r=\"1.1\" stroke-width=\"1\"/><circle cx=\"14.5\" cy=\"21.75\" r=\"1.1\" stroke-width=\"1\"/><path d=\"M4.5 18.5 V15 H7.5 V13 H18 V18.5\"/><path d=\"M12 11.5 L19 4 L20.5 5.5 L13.5 13 Z\"/><path d=\"M21.5 4 L27 12 L25.5 13 L20 5 Z\"/><path d=\"M26.5 14 L27 17 Q 26.5 19.5 24 19 L23 16 Z\"/></svg>\n        <div class=\"driver-body\">\n          <div class=\"driver-name\">Excavator History</div>\n          <div class=\"driver-level\">LOW</div>\n        </div>\n      </div>\n      <div class=\"driver-context\">1.5% damage rate (90d, 733 tickets)</div>\n    </div>\n    <div class=\"driver\">\n      <div class=\"driver-pill\" style=\"background:#16A34A;\">\n        <svg viewBox=\"0 0 24 24\" width=\"18\" height=\"18\" fill=\"none\" stroke=\"white\" stroke-width=\"2\" stroke-linecap=\"round\" stroke-linejoin=\"round\" class=\"driver-icon\"><ellipse cx=\"12\" cy=\"5\" rx=\"9\" ry=\"3\"/><path d=\"M3 5v14a9 3 0 0 0 18 0V5\"/></svg>\n        <div class=\"driver-body\">\n          <div class=\"driver-name\">Pipe Vulnerability</div>\n          <div class=\"driver-level\">LOW</div>\n        </div>\n      </div>\n      <div class=\"driver-context\">29-year-old MDPE (bottom 22%)</div>\n    </div>\n    <div class=\"driver\">\n      <div class=\"driver-pill\" style=\"background:#16A34A;\">\n        <svg viewBox=\"0 0 24 24\" width=\"18\" height=\"18\" fill=\"none\" stroke=\"white\" stroke-width=\"2\" stroke-linecap=\"round\" stroke-linejoin=\"round\" class=\"driver-icon\"><path d=\"M4 20 L14 10\"/><path d=\"M9 5 L19 15\"/></svg>\n        <div class=\"driver-body\">\n          <div class=\"driver-name\">Work Activity</div>\n          <div class=\"driver-level\">LOW</div>\n        </div>\n      </div>\n      <div class=\"driver-context\">Cable Install with Vibratory Plow</div>\n    </div>\n    <div class=\"driver\">\n      <div class=\"driver-pill\" style=\"background:#16A34A;\">\n        <svg viewBox=\"0 0 24 24\" width=\"18\" height=\"18\" fill=\"none\" stroke=\"white\" stroke-width=\"2\" stroke-linecap=\"round\" stroke-linejoin=\"round\" class=\"driver-icon\"><path d=\"M3 7V5a2 2 0 0 1 2-2h2\"/><path d=\"M17 3h2a2 2 0 0 1 2 2v2\"/><path d=\"M21 17v2a2 2 0 0 1-2 2h-2\"/><path d=\"M7 21H5a2 2 0 0 1-2-2v-2\"/></svg>\n        <div class=\"driver-body\">\n          <div class=\"driver-name\">Locate Quality</div>\n          <div class=\"driver-level\">GOOD</div>\n        </div>\n      </div>\n      <div class=\"driver-context\">Locator: Unit AQ (clean record)</div>\n    </div>\n  </div>\n</div>\n<div class=\"drivers-block\">\n  <div class=\"drivers-title\">Impact Drivers</div>\n  <div class=\"drivers-row\">\n    <div class=\"driver\">\n      <div class=\"driver-pill\" style=\"background:#16A34A;\">\n        <svg viewBox=\"0 0 24 24\" width=\"18\" height=\"18\" fill=\"none\" stroke=\"white\" stroke-width=\"2\" stroke-linecap=\"round\" stroke-linejoin=\"round\" class=\"driver-icon\"><path d=\"M3 12 L12 4 L21 12\"/><path d=\"M5 11 V20 H19 V11\"/></svg>\n        <div class=\"driver-body\">\n          <div class=\"driver-name\">Service Disruption</div>\n          <div class=\"driver-level\">LOW</div>\n        </div>\n      </div>\n      <div class=\"driver-context\">No chokepoint</div>\n    </div>\n    <div class=\"driver\">\n      <div class=\"driver-pill\" style=\"background:#16A34A;\">\n        <svg viewBox=\"0 0 24 24\" width=\"18\" height=\"18\" fill=\"none\" stroke=\"white\" stroke-width=\"2\" stroke-linecap=\"round\" stroke-linejoin=\"round\" class=\"driver-icon\"><path d=\"M12 7v4\"/><path d=\"M14 21v-3a2 2 0 0 0-4 0v3\"/><path d=\"M14 9h-4\"/><path d=\"M18 11h2a2 2 0 0 1 2 2v6a2 2 0 0 1-2 2H4a2 2 0 0 1-2-2v-9a2 2 0 0 1 2-2h2\"/><path d=\"M18 21V5a2 2 0 0 0-2-2H8a2 2 0 0 0-2 2v16\"/></svg>\n        <div class=\"driver-body\">\n          <div class=\"driver-name\">Critical Facilities</div>\n          <div class=\"driver-level\">LOW</div>\n        </div>\n      </div>\n      <div class=\"driver-context\">None</div>\n    </div>\n    <div class=\"driver\">\n      <div class=\"driver-pill\" style=\"background:#F59E0B;\">\n        <svg viewBox=\"0 0 24 24\" width=\"18\" height=\"18\" fill=\"none\" stroke=\"white\" stroke-width=\"2\" stroke-linecap=\"round\" stroke-linejoin=\"round\" class=\"driver-icon\"><path d=\"M10 12h4\"/><path d=\"M10 8h4\"/><path d=\"M14 21v-3a2 2 0 0 0-4 0v3\"/><path d=\"M6 10H4a2 2 0 0 0-2 2v7a2 2 0 0 0 2 2h16a2 2 0 0 0 2-2V9a2 2 0 0 0-2-2h-2\"/><path d=\"M6 21V5a2 2 0 0 1 2-2h8a2 2 0 0 1 2 2v16\"/></svg>\n        <div class=\"driver-body\">\n          <div class=\"driver-name\">Business District</div>\n          <div class=\"driver-level\">MODERATE</div>\n        </div>\n      </div>\n      <div class=\"driver-context\">8 businesses</div>\n    </div>\n    <div class=\"driver\">\n      <div class=\"driver-pill\" style=\"background:#16A34A;\">\n        <svg viewBox=\"0 0 24 24\" width=\"18\" height=\"18\" fill=\"none\" stroke=\"white\" stroke-width=\"2\" stroke-linecap=\"round\" stroke-linejoin=\"round\" class=\"driver-icon\"><path d=\"M13 2 L3 14 h9 l-1 8 10-12 h-9 z\"/></svg>\n        <div class=\"driver-body\">\n          <div class=\"driver-name\">Transmission Main</div>\n          <div class=\"driver-level\">LOW</div>\n        </div>\n      </div>\n      <div class=\"driver-context\">Distribution only</div>\n    </div>\n  </div>\n</div>\n<div class=\"demo-netline\">9 segments in dig area (5 mains, 4 services) &middot; oldest 29-yr MDPE</div><div class=\"demo-action\"><a href=\"https://kartasoft.github.io/excavation-risk-demo/action_form.html?ticket_id=DEMO-20260713-0043&demo=1\" target=\"_blank\" rel=\"noopener\">LOG ACTION</a></div></div>"}}, {"type": "Feature", "geometry": {"type": "Polygon", "coordinates": [[[-83.01403509628688, 39.94717096216622], [-83.01407208708918, 39.94843183741509], [-83.01571031121419, 39.94840335464267], [-83.01567329037361, 39.94714248065884], [-83.01403509628688, 39.94717096216622]]]}, "properties": {"ticket_id": "DEMO-20260713-0044", "priority_level": "LOW", "likelihood_level": "LOW", "impact_level": "LOW", "division": "Demo District", "date": "2026-07-13", "excavator_name": "Excavator AR", "work_type": "WATER LINE INSTALL", "demo_note": "synthetic demo data", "popup_html": "<div class=\"demo-popup\"><style>\n.demo-popup { font-family: -apple-system, BlinkMacSystemFont, 'Segoe UI', sans-serif;\n       color: #333; max-width: 920px; margin: 0 auto; padding: 20px; }\nh1 { color: #2c3e50; font-size: 20px; margin-bottom: 5px; }\n.meta { color: #7f8c8d; font-size: 13px; margin-bottom: 15px; }\n.risk-box { background: #f8f9fa; border-left: 4px solid #888888;\n             padding: 12px 16px; margin: 15px 0; border-radius: 4px; }\n.risk-pct { font-size: 28px; font-weight: bold; color: #888888; }\n.risk-score { font-size: 14px; color: #555; margin-top: 2px; }\n.indicators { display: flex; gap: 20px; margin: 20px 0; justify-content: center; }\n.indicator { flex: 1; max-width: 420px; text-align: center; }\n.indicator-pill { border-radius: 14px; padding: 18px 24px; color: white;\n                  box-shadow: 0 2px 6px rgba(0,0,0,0.12);\n                  display: flex; align-items: center; gap: 14px;\n                  text-align: left; }\n.indicator-icon { flex-shrink: 0; width: 32px; height: 32px; opacity: 0.95; }\n.indicator-body { flex: 1; }\n.indicator-label { font-size: 11px; letter-spacing: 0.1em; opacity: 0.9;\n                   text-transform: uppercase; }\n.indicator-level { font-size: 28px; font-weight: 800; letter-spacing: 0.04em;\n                   margin: 2px 0 2px 0; line-height: 1.1; }\n.indicator-sublabel { font-size: 13px; opacity: 0.95; font-weight: 500; }\n.indicator-context { margin-top: 8px; font-size: 12px; color: #555;\n                     line-height: 1.4; }\n.drivers-block { background: #f9fafb; border: 1px solid #e5e7eb;\n                 border-radius: 8px; padding: 14px 16px; margin: 14px 0; }\n.drivers-title { font-size: 11px; letter-spacing: 0.1em; text-transform: uppercase;\n                 color: #6b7280; font-weight: 700; margin-bottom: 8px; }\n.drivers-row { display: flex; gap: 10px; justify-content: center;\n               flex-wrap: wrap; }\n.driver { flex: 1; min-width: 180px; max-width: 220px; text-align: center; }\n.driver-pill { border-radius: 10px; padding: 10px 12px; color: white;\n               box-shadow: 0 1px 3px rgba(0,0,0,0.10);\n               display: flex; align-items: center; gap: 8px;\n               text-align: left; }\n.driver-pill.gray { background: #9ca3af; }\n.driver-icon { flex-shrink: 0; width: 18px; height: 18px; opacity: 0.95; }\n.driver-body { flex: 1; min-width: 0; }\n.driver-name { font-size: 10px; font-weight: 700; letter-spacing: 0.04em;\n               text-transform: uppercase; opacity: 0.95; white-space: nowrap;\n               overflow: hidden; text-overflow: ellipsis; }\n.driver-level { font-size: 13px; font-weight: 700; margin-top: 1px; }\n.driver-context { margin-top: 5px; font-size: 10px; color: #6b7280;\n                  line-height: 1.3; }\n.section { margin: 20px 0; }\n.section h2 { font-size: 16px; color: #2c3e50; border-bottom: 1px solid #ddd;\n               padding-bottom: 5px; }\n.drivers li { margin: 6px 0; font-size: 13px; line-height: 1.5; }\n.shap-val { color: #888; font-size: 12px; }\ntable { width: 100%; border-collapse: collapse; font-size: 13px; }\nth { background: #ecf0f1; padding: 8px; text-align: left; }\ntd { padding: 6px 8px; border-bottom: 1px solid #eee; }\n.map-container { width: 100%; height: 420px; border: 1px solid #ddd;\n                  border-radius: 4px; overflow: hidden; margin: 10px 0; }\n.footer { color: #aaa; font-size: 11px; margin-top: 30px; text-align: center; }\n\n.demo-popup { max-width: 380px; font-size: 13px; }\n.demo-popup h1 { font-size: 15px; margin: 2px 0 2px; }\n.demo-popup .meta { font-size: 11px; margin-bottom: 8px; }\n.demo-popup .indicators { gap: 10px; margin: 10px 0; }\n.demo-popup .indicator-level { font-size: 20px; }\n.demo-popup .indicator-icon { width: 22px; height: 22px; }\n.demo-popup .drivers-block { padding: 8px 10px; margin: 8px 0; }\n.demo-popup .driver { min-width: 150px; }\n.demo-banner { background: #FEF3C7; border: 1px solid #F59E0B;\n    color: #92400E; font-size: 10px; line-height: 1.35; padding: 5px 8px;\n    border-radius: 4px; margin-bottom: 8px; text-align: center;\n    font-weight: 600; }\n.demo-netline { font-size: 10px; color: #6b7280; margin-top: 8px;\n    text-align: center; line-height: 1.4; }\n.demo-action { text-align: center; margin-top: 12px; }\n.demo-action a { background: #2563EB; color: #fff; padding: 7px 18px;\n    border-radius: 4px; font-weight: bold; text-decoration: none;\n    display: inline-block; font-size: 11px; letter-spacing: 0.05em; }\n</style><h1>DEMO-20260713-0044</h1><div class=\"meta\">Demo District &middot; 2026-07-13 &middot; Excavator AR &middot; WATER LINE INSTALL</div>\n<div class=\"indicators\">\n  <div class=\"indicator\">\n    <div class=\"indicator-pill\" style=\"background:#16A34A;\">\n      <svg viewBox=\"0 0 24 24\" width=\"32\" height=\"32\" fill=\"none\" stroke=\"white\" stroke-width=\"2\" stroke-linecap=\"round\" stroke-linejoin=\"round\" class=\"indicator-icon\"><path d=\"m21.73 18-8-14a2 2 0 0 0-3.48 0l-8 14A2 2 0 0 0 4 21h16a2 2 0 0 0 1.73-3\"/><path d=\"M12 9v4\"/><path d=\"M12 17h.01\"/></svg>\n      <div class=\"indicator-body\">\n        <div class=\"indicator-label\">Damage Likelihood</div>\n        <div class=\"indicator-level\">LOW</div>\n        <div class=\"indicator-sublabel\">Bottom 40% of all tickets</div>\n      </div>\n    </div>\n    <div class=\"indicator-context\">Bottom 40% by damage probability</div>\n  </div>\n  <div class=\"indicator\">\n    <div class=\"indicator-pill\" style=\"background:#16A34A;\">\n      <svg viewBox=\"0 0 24 24\" width=\"32\" height=\"32\" fill=\"none\" stroke=\"white\" stroke-width=\"2\" stroke-linecap=\"round\" stroke-linejoin=\"round\" class=\"indicator-icon\"><path d=\"M12 2 L20 5 V11 C 20 16 16 20 12 22 C 8 20 4 16 4 11 V5 Z\"/><path d=\"M12 9 V13\"/><path d=\"M12 17 h.01\"/></svg>\n      <div class=\"indicator-body\">\n        <div class=\"indicator-label\">Impact</div>\n        <div class=\"indicator-level\">LOW</div>\n        <div class=\"indicator-sublabel\">Bottom 5% by consequence</div>\n      </div>\n    </div>\n    <div class=\"indicator-context\">No downstream impact data</div>\n  </div>\n</div>\n\n<div class=\"drivers-block\">\n  <div class=\"drivers-title\">Likelihood Drivers</div>\n  <div class=\"drivers-row\">\n    <div class=\"driver\">\n      <div class=\"driver-pill\" style=\"background:#F59E0B;\">\n        <svg viewBox=\"0 0 30 26\" width=\"18\" height=\"18\" fill=\"none\" stroke=\"white\" stroke-width=\"1.4\" stroke-linecap=\"round\" stroke-linejoin=\"round\" class=\"driver-icon\"><rect x=\"2\" y=\"19.5\" width=\"16\" height=\"4.5\" rx=\"2.2\"/><circle cx=\"5.5\" cy=\"21.75\" r=\"1.1\" stroke-width=\"1\"/><circle cx=\"10\" cy=\"21.75\" r=\"1.1\" stroke-width=\"1\"/><circle cx=\"14.5\" cy=\"21.75\" r=\"1.1\" stroke-width=\"1\"/><path d=\"M4.5 18.5 V15 H7.5 V13 H18 V18.5\"/><path d=\"M12 11.5 L19 4 L20.5 5.5 L13.5 13 Z\"/><path d=\"M21.5 4 L27 12 L25.5 13 L20 5 Z\"/><path d=\"M26.5 14 L27 17 Q 26.5 19.5 24 19 L23 16 Z\"/></svg>\n        <div class=\"driver-body\">\n          <div class=\"driver-name\">Excavator History</div>\n          <div class=\"driver-level\">MODERATE</div>\n        </div>\n      </div>\n      <div class=\"driver-context\">4.2% damage rate (90d, 511 tickets)</div>\n    </div>\n    <div class=\"driver\">\n      <div class=\"driver-pill\" style=\"background:#16A34A;\">\n        <svg viewBox=\"0 0 24 24\" width=\"18\" height=\"18\" fill=\"none\" stroke=\"white\" stroke-width=\"2\" stroke-linecap=\"round\" stroke-linejoin=\"round\" class=\"driver-icon\"><ellipse cx=\"12\" cy=\"5\" rx=\"9\" ry=\"3\"/><path d=\"M3 5v14a9 3 0 0 0 18 0V5\"/></svg>\n        <div class=\"driver-body\">\n          <div class=\"driver-name\">Pipe Vulnerability</div>\n          <div class=\"driver-level\">LOW</div>\n        </div>\n      </div>\n      <div class=\"driver-context\">33-year-old MDPE (bottom 32%)</div>\n    </div>\n    <div class=\"driver\">\n      <div class=\"driver-pill\" style=\"background:#DC2626;\">\n        <svg viewBox=\"0 0 24 24\" width=\"18\" height=\"18\" fill=\"none\" stroke=\"white\" stroke-width=\"2\" stroke-linecap=\"round\" stroke-linejoin=\"round\" class=\"driver-icon\"><path d=\"M4 20 L14 10\"/><path d=\"M9 5 L19 15\"/></svg>\n        <div class=\"driver-body\">\n          <div class=\"driver-name\">Work Activity</div>\n          <div class=\"driver-level\">HIGH</div>\n        </div>\n      </div>\n      <div class=\"driver-context\">Water Line Install with Backhoe</div>\n    </div>\n    <div class=\"driver\">\n      <div class=\"driver-pill\" style=\"background:#16A34A;\">\n        <svg viewBox=\"0 0 24 24\" width=\"18\" height=\"18\" fill=\"none\" stroke=\"white\" stroke-width=\"2\" stroke-linecap=\"round\" stroke-linejoin=\"round\" class=\"driver-icon\"><path d=\"M3 7V5a2 2 0 0 1 2-2h2\"/><path d=\"M17 3h2a2 2 0 0 1 2 2v2\"/><path d=\"M21 17v2a2 2 0 0 1-2 2h-2\"/><path d=\"M7 21H5a2 2 0 0 1-2-2v-2\"/></svg>\n        <div class=\"driver-body\">\n          <div class=\"driver-name\">Locate Quality</div>\n          <div class=\"driver-level\">GOOD</div>\n        </div>\n      </div>\n      <div class=\"driver-context\">Locator: Unit AR (clean record)</div>\n    </div>\n  </div>\n</div>\n<div class=\"drivers-block\">\n  <div class=\"drivers-title\">Impact Drivers</div>\n  <div class=\"drivers-row\">\n    <div class=\"driver\">\n      <div class=\"driver-pill\" style=\"background:#16A34A;\">\n        <svg viewBox=\"0 0 24 24\" width=\"18\" height=\"18\" fill=\"none\" stroke=\"white\" stroke-width=\"2\" stroke-linecap=\"round\" stroke-linejoin=\"round\" class=\"driver-icon\"><path d=\"M3 12 L12 4 L21 12\"/><path d=\"M5 11 V20 H19 V11\"/></svg>\n        <div class=\"driver-body\">\n          <div class=\"driver-name\">Service Disruption</div>\n          <div class=\"driver-level\">LOW</div>\n        </div>\n      </div>\n      <div class=\"driver-context\">No chokepoint</div>\n    </div>\n    <div class=\"driver\">\n      <div class=\"driver-pill\" style=\"background:#16A34A;\">\n        <svg viewBox=\"0 0 24 24\" width=\"18\" height=\"18\" fill=\"none\" stroke=\"white\" stroke-width=\"2\" stroke-linecap=\"round\" stroke-linejoin=\"round\" class=\"driver-icon\"><path d=\"M12 7v4\"/><path d=\"M14 21v-3a2 2 0 0 0-4 0v3\"/><path d=\"M14 9h-4\"/><path d=\"M18 11h2a2 2 0 0 1 2 2v6a2 2 0 0 1-2 2H4a2 2 0 0 1-2-2v-9a2 2 0 0 1 2-2h2\"/><path d=\"M18 21V5a2 2 0 0 0-2-2H8a2 2 0 0 0-2 2v16\"/></svg>\n        <div class=\"driver-body\">\n          <div class=\"driver-name\">Critical Facilities</div>\n          <div class=\"driver-level\">LOW</div>\n        </div>\n      </div>\n      <div class=\"driver-context\">None</div>\n    </div>\n    <div class=\"driver\">\n      <div class=\"driver-pill\" style=\"background:#16A34A;\">\n        <svg viewBox=\"0 0 24 24\" width=\"18\" height=\"18\" fill=\"none\" stroke=\"white\" stroke-width=\"2\" stroke-linecap=\"round\" stroke-linejoin=\"round\" class=\"driver-icon\"><path d=\"M10 12h4\"/><path d=\"M10 8h4\"/><path d=\"M14 21v-3a2 2 0 0 0-4 0v3\"/><path d=\"M6 10H4a2 2 0 0 0-2 2v7a2 2 0 0 0 2 2h16a2 2 0 0 0 2-2V9a2 2 0 0 0-2-2h-2\"/><path d=\"M6 21V5a2 2 0 0 1 2-2h8a2 2 0 0 1 2 2v16\"/></svg>\n        <div class=\"driver-body\">\n          <div class=\"driver-name\">Business District</div>\n          <div class=\"driver-level\">LOW</div>\n        </div>\n      </div>\n      <div class=\"driver-context\">Low density area</div>\n    </div>\n    <div class=\"driver\">\n      <div class=\"driver-pill\" style=\"background:#16A34A;\">\n        <svg viewBox=\"0 0 24 24\" width=\"18\" height=\"18\" fill=\"none\" stroke=\"white\" stroke-width=\"2\" stroke-linecap=\"round\" stroke-linejoin=\"round\" class=\"driver-icon\"><path d=\"M13 2 L3 14 h9 l-1 8 10-12 h-9 z\"/></svg>\n        <div class=\"driver-body\">\n          <div class=\"driver-name\">Transmission Main</div>\n          <div class=\"driver-level\">LOW</div>\n        </div>\n      </div>\n      <div class=\"driver-context\">Distribution only</div>\n    </div>\n  </div>\n</div>\n<div class=\"demo-netline\">7 segments in dig area (7 mains, 0 services) &middot; oldest 33-yr MDPE</div><div class=\"demo-action\"><a href=\"https://kartasoft.github.io/excavation-risk-demo/action_form.html?ticket_id=DEMO-20260713-0044&demo=1\" target=\"_blank\" rel=\"noopener\">LOG ACTION</a></div></div>"}}, {"type": "Feature", "geometry": {"type": "Polygon", "coordinates": [[[-82.98362921754827, 39.96694804926424], [-82.98366350222373, 39.9681337788488], [-82.98520453895635, 39.96810738797845], [-82.985170227689, 39.966921659496045], [-82.98362921754827, 39.96694804926424]]]}, "properties": {"ticket_id": "DEMO-20260713-0045", "priority_level": "LOW", "likelihood_level": "LOW", "impact_level": "LOW", "division": "Demo District", "date": "2026-07-13", "excavator_name": "Excavator AS", "work_type": "TRENCHING", "demo_note": "synthetic demo data", "popup_html": "<div class=\"demo-popup\"><style>\n.demo-popup { font-family: -apple-system, BlinkMacSystemFont, 'Segoe UI', sans-serif;\n       color: #333; max-width: 920px; margin: 0 auto; padding: 20px; }\nh1 { color: #2c3e50; font-size: 20px; margin-bottom: 5px; }\n.meta { color: #7f8c8d; font-size: 13px; margin-bottom: 15px; }\n.risk-box { background: #f8f9fa; border-left: 4px solid #888888;\n             padding: 12px 16px; margin: 15px 0; border-radius: 4px; }\n.risk-pct { font-size: 28px; font-weight: bold; color: #888888; }\n.risk-score { font-size: 14px; color: #555; margin-top: 2px; }\n.indicators { display: flex; gap: 20px; margin: 20px 0; justify-content: center; }\n.indicator { flex: 1; max-width: 420px; text-align: center; }\n.indicator-pill { border-radius: 14px; padding: 18px 24px; color: white;\n                  box-shadow: 0 2px 6px rgba(0,0,0,0.12);\n                  display: flex; align-items: center; gap: 14px;\n                  text-align: left; }\n.indicator-icon { flex-shrink: 0; width: 32px; height: 32px; opacity: 0.95; }\n.indicator-body { flex: 1; }\n.indicator-label { font-size: 11px; letter-spacing: 0.1em; opacity: 0.9;\n                   text-transform: uppercase; }\n.indicator-level { font-size: 28px; font-weight: 800; letter-spacing: 0.04em;\n                   margin: 2px 0 2px 0; line-height: 1.1; }\n.indicator-sublabel { font-size: 13px; opacity: 0.95; font-weight: 500; }\n.indicator-context { margin-top: 8px; font-size: 12px; color: #555;\n                     line-height: 1.4; }\n.drivers-block { background: #f9fafb; border: 1px solid #e5e7eb;\n                 border-radius: 8px; padding: 14px 16px; margin: 14px 0; }\n.drivers-title { font-size: 11px; letter-spacing: 0.1em; text-transform: uppercase;\n                 color: #6b7280; font-weight: 700; margin-bottom: 8px; }\n.drivers-row { display: flex; gap: 10px; justify-content: center;\n               flex-wrap: wrap; }\n.driver { flex: 1; min-width: 180px; max-width: 220px; text-align: center; }\n.driver-pill { border-radius: 10px; padding: 10px 12px; color: white;\n               box-shadow: 0 1px 3px rgba(0,0,0,0.10);\n               display: flex; align-items: center; gap: 8px;\n               text-align: left; }\n.driver-pill.gray { background: #9ca3af; }\n.driver-icon { flex-shrink: 0; width: 18px; height: 18px; opacity: 0.95; }\n.driver-body { flex: 1; min-width: 0; }\n.driver-name { font-size: 10px; font-weight: 700; letter-spacing: 0.04em;\n               text-transform: uppercase; opacity: 0.95; white-space: nowrap;\n               overflow: hidden; text-overflow: ellipsis; }\n.driver-level { font-size: 13px; font-weight: 700; margin-top: 1px; }\n.driver-context { margin-top: 5px; font-size: 10px; color: #6b7280;\n                  line-height: 1.3; }\n.section { margin: 20px 0; }\n.section h2 { font-size: 16px; color: #2c3e50; border-bottom: 1px solid #ddd;\n               padding-bottom: 5px; }\n.drivers li { margin: 6px 0; font-size: 13px; line-height: 1.5; }\n.shap-val { color: #888; font-size: 12px; }\ntable { width: 100%; border-collapse: collapse; font-size: 13px; }\nth { background: #ecf0f1; padding: 8px; text-align: left; }\ntd { padding: 6px 8px; border-bottom: 1px solid #eee; }\n.map-container { width: 100%; height: 420px; border: 1px solid #ddd;\n                  border-radius: 4px; overflow: hidden; margin: 10px 0; }\n.footer { color: #aaa; font-size: 11px; margin-top: 30px; text-align: center; }\n\n.demo-popup { max-width: 380px; font-size: 13px; }\n.demo-popup h1 { font-size: 15px; margin: 2px 0 2px; }\n.demo-popup .meta { font-size: 11px; margin-bottom: 8px; }\n.demo-popup .indicators { gap: 10px; margin: 10px 0; }\n.demo-popup .indicator-level { font-size: 20px; }\n.demo-popup .indicator-icon { width: 22px; height: 22px; }\n.demo-popup .drivers-block { padding: 8px 10px; margin: 8px 0; }\n.demo-popup .driver { min-width: 150px; }\n.demo-banner { background: #FEF3C7; border: 1px solid #F59E0B;\n    color: #92400E; font-size: 10px; line-height: 1.35; padding: 5px 8px;\n    border-radius: 4px; margin-bottom: 8px; text-align: center;\n    font-weight: 600; }\n.demo-netline { font-size: 10px; color: #6b7280; margin-top: 8px;\n    text-align: center; line-height: 1.4; }\n.demo-action { text-align: center; margin-top: 12px; }\n.demo-action a { background: #2563EB; color: #fff; padding: 7px 18px;\n    border-radius: 4px; font-weight: bold; text-decoration: none;\n    display: inline-block; font-size: 11px; letter-spacing: 0.05em; }\n</style><h1>DEMO-20260713-0045</h1><div class=\"meta\">Demo District &middot; 2026-07-13 &middot; Excavator AS &middot; TRENCHING</div>\n<div class=\"indicators\">\n  <div class=\"indicator\">\n    <div class=\"indicator-pill\" style=\"background:#16A34A;\">\n      <svg viewBox=\"0 0 24 24\" width=\"32\" height=\"32\" fill=\"none\" stroke=\"white\" stroke-width=\"2\" stroke-linecap=\"round\" stroke-linejoin=\"round\" class=\"indicator-icon\"><path d=\"m21.73 18-8-14a2 2 0 0 0-3.48 0l-8 14A2 2 0 0 0 4 21h16a2 2 0 0 0 1.73-3\"/><path d=\"M12 9v4\"/><path d=\"M12 17h.01\"/></svg>\n      <div class=\"indicator-body\">\n        <div class=\"indicator-label\">Damage Likelihood</div>\n        <div class=\"indicator-level\">LOW</div>\n        <div class=\"indicator-sublabel\">Bottom 65% of all tickets</div>\n      </div>\n    </div>\n    <div class=\"indicator-context\">Bottom 65% by damage probability</div>\n  </div>\n  <div class=\"indicator\">\n    <div class=\"indicator-pill\" style=\"background:#16A34A;\">\n      <svg viewBox=\"0 0 24 24\" width=\"32\" height=\"32\" fill=\"none\" stroke=\"white\" stroke-width=\"2\" stroke-linecap=\"round\" stroke-linejoin=\"round\" class=\"indicator-icon\"><path d=\"M12 2 L20 5 V11 C 20 16 16 20 12 22 C 8 20 4 16 4 11 V5 Z\"/><path d=\"M12 9 V13\"/><path d=\"M12 17 h.01\"/></svg>\n      <div class=\"indicator-body\">\n        <div class=\"indicator-label\">Impact</div>\n        <div class=\"indicator-level\">LOW</div>\n        <div class=\"indicator-sublabel\">Bottom 55% by consequence</div>\n      </div>\n    </div>\n    <div class=\"indicator-context\">1 daycare center, 3 businesses nearby</div>\n  </div>\n</div>\n\n<div class=\"drivers-block\">\n  <div class=\"drivers-title\">Likelihood Drivers</div>\n  <div class=\"drivers-row\">\n    <div class=\"driver\">\n      <div class=\"driver-pill\" style=\"background:#16A34A;\">\n        <svg viewBox=\"0 0 30 26\" width=\"18\" height=\"18\" fill=\"none\" stroke=\"white\" stroke-width=\"1.4\" stroke-linecap=\"round\" stroke-linejoin=\"round\" class=\"driver-icon\"><rect x=\"2\" y=\"19.5\" width=\"16\" height=\"4.5\" rx=\"2.2\"/><circle cx=\"5.5\" cy=\"21.75\" r=\"1.1\" stroke-width=\"1\"/><circle cx=\"10\" cy=\"21.75\" r=\"1.1\" stroke-width=\"1\"/><circle cx=\"14.5\" cy=\"21.75\" r=\"1.1\" stroke-width=\"1\"/><path d=\"M4.5 18.5 V15 H7.5 V13 H18 V18.5\"/><path d=\"M12 11.5 L19 4 L20.5 5.5 L13.5 13 Z\"/><path d=\"M21.5 4 L27 12 L25.5 13 L20 5 Z\"/><path d=\"M26.5 14 L27 17 Q 26.5 19.5 24 19 L23 16 Z\"/></svg>\n        <div class=\"driver-body\">\n          <div class=\"driver-name\">Excavator History</div>\n          <div class=\"driver-level\">LOW</div>\n        </div>\n      </div>\n      <div class=\"driver-context\">1.6% damage rate (90d, 444 tickets)</div>\n    </div>\n    <div class=\"driver\">\n      <div class=\"driver-pill\" style=\"background:#16A34A;\">\n        <svg viewBox=\"0 0 24 24\" width=\"18\" height=\"18\" fill=\"none\" stroke=\"white\" stroke-width=\"2\" stroke-linecap=\"round\" stroke-linejoin=\"round\" class=\"driver-icon\"><ellipse cx=\"12\" cy=\"5\" rx=\"9\" ry=\"3\"/><path d=\"M3 5v14a9 3 0 0 0 18 0V5\"/></svg>\n        <div class=\"driver-body\">\n          <div class=\"driver-name\">Pipe Vulnerability</div>\n          <div class=\"driver-level\">LOW</div>\n        </div>\n      </div>\n      <div class=\"driver-context\">70-year-old Steel (bottom 68%)</div>\n    </div>\n    <div class=\"driver\">\n      <div class=\"driver-pill\" style=\"background:#DC2626;\">\n        <svg viewBox=\"0 0 24 24\" width=\"18\" height=\"18\" fill=\"none\" stroke=\"white\" stroke-width=\"2\" stroke-linecap=\"round\" stroke-linejoin=\"round\" class=\"driver-icon\"><path d=\"M4 20 L14 10\"/><path d=\"M9 5 L19 15\"/></svg>\n        <div class=\"driver-body\">\n          <div class=\"driver-name\">Work Activity</div>\n          <div class=\"driver-level\">HIGH</div>\n        </div>\n      </div>\n      <div class=\"driver-context\">Trenching with Trencher</div>\n    </div>\n    <div class=\"driver\">\n      <div class=\"driver-pill\" style=\"background:#9CA3AF;\">\n        <svg viewBox=\"0 0 24 24\" width=\"18\" height=\"18\" fill=\"none\" stroke=\"white\" stroke-width=\"2\" stroke-linecap=\"round\" stroke-linejoin=\"round\" class=\"driver-icon\"><path d=\"M3 7V5a2 2 0 0 1 2-2h2\"/><path d=\"M17 3h2a2 2 0 0 1 2 2v2\"/><path d=\"M21 17v2a2 2 0 0 1-2 2h-2\"/><path d=\"M7 21H5a2 2 0 0 1-2-2v-2\"/></svg>\n        <div class=\"driver-body\">\n          <div class=\"driver-name\">Locate Quality</div>\n          <div class=\"driver-level\">PENDING</div>\n        </div>\n      </div>\n      <div class=\"driver-context\">Locator: pending</div>\n    </div>\n  </div>\n</div>\n<div class=\"drivers-block\">\n  <div class=\"drivers-title\">Impact Drivers</div>\n  <div class=\"drivers-row\">\n    <div class=\"driver\">\n      <div class=\"driver-pill\" style=\"background:#16A34A;\">\n        <svg viewBox=\"0 0 24 24\" width=\"18\" height=\"18\" fill=\"none\" stroke=\"white\" stroke-width=\"2\" stroke-linecap=\"round\" stroke-linejoin=\"round\" class=\"driver-icon\"><path d=\"M3 12 L12 4 L21 12\"/><path d=\"M5 11 V20 H19 V11\"/></svg>\n        <div class=\"driver-body\">\n          <div class=\"driver-name\">Service Disruption</div>\n          <div class=\"driver-level\">LOW</div>\n        </div>\n      </div>\n      <div class=\"driver-context\">No chokepoint</div>\n    </div>\n    <div class=\"driver\">\n      <div class=\"driver-pill\" style=\"background:#F59E0B;\">\n        <svg viewBox=\"0 0 24 24\" width=\"18\" height=\"18\" fill=\"none\" stroke=\"white\" stroke-width=\"2\" stroke-linecap=\"round\" stroke-linejoin=\"round\" class=\"driver-icon\"><path d=\"M12 7v4\"/><path d=\"M14 21v-3a2 2 0 0 0-4 0v3\"/><path d=\"M14 9h-4\"/><path d=\"M18 11h2a2 2 0 0 1 2 2v6a2 2 0 0 1-2 2H4a2 2 0 0 1-2-2v-9a2 2 0 0 1 2-2h2\"/><path d=\"M18 21V5a2 2 0 0 0-2-2H8a2 2 0 0 0-2 2v16\"/></svg>\n        <div class=\"driver-body\">\n          <div class=\"driver-name\">Critical Facilities</div>\n          <div class=\"driver-level\">MODERATE</div>\n        </div>\n      </div>\n      <div class=\"driver-context\">1 daycare center</div>\n    </div>\n    <div class=\"driver\">\n      <div class=\"driver-pill\" style=\"background:#F59E0B;\">\n        <svg viewBox=\"0 0 24 24\" width=\"18\" height=\"18\" fill=\"none\" stroke=\"white\" stroke-width=\"2\" stroke-linecap=\"round\" stroke-linejoin=\"round\" class=\"driver-icon\"><path d=\"M10 12h4\"/><path d=\"M10 8h4\"/><path d=\"M14 21v-3a2 2 0 0 0-4 0v3\"/><path d=\"M6 10H4a2 2 0 0 0-2 2v7a2 2 0 0 0 2 2h16a2 2 0 0 0 2-2V9a2 2 0 0 0-2-2h-2\"/><path d=\"M6 21V5a2 2 0 0 1 2-2h8a2 2 0 0 1 2 2v16\"/></svg>\n        <div class=\"driver-body\">\n          <div class=\"driver-name\">Business District</div>\n          <div class=\"driver-level\">MODERATE</div>\n        </div>\n      </div>\n      <div class=\"driver-context\">3 businesses</div>\n    </div>\n    <div class=\"driver\">\n      <div class=\"driver-pill\" style=\"background:#16A34A;\">\n        <svg viewBox=\"0 0 24 24\" width=\"18\" height=\"18\" fill=\"none\" stroke=\"white\" stroke-width=\"2\" stroke-linecap=\"round\" stroke-linejoin=\"round\" class=\"driver-icon\"><path d=\"M13 2 L3 14 h9 l-1 8 10-12 h-9 z\"/></svg>\n        <div class=\"driver-body\">\n          <div class=\"driver-name\">Transmission Main</div>\n          <div class=\"driver-level\">LOW</div>\n        </div>\n      </div>\n      <div class=\"driver-context\">Distribution only</div>\n    </div>\n  </div>\n</div>\n<div class=\"demo-netline\">12 segments in dig area (7 mains, 5 services) &middot; oldest 70-yr Steel</div><div class=\"demo-action\"><a href=\"https://kartasoft.github.io/excavation-risk-demo/action_form.html?ticket_id=DEMO-20260713-0045&demo=1\" target=\"_blank\" rel=\"noopener\">LOG ACTION</a></div></div>"}}, {"type": "Feature", "geometry": {"type": "Polygon", "coordinates": [[[-83.01341182112863, 39.96044933212192], [-83.01343222679516, 39.96114478021039], [-83.01433597498924, 39.961129073951426], [-83.01431556017852, 39.960433626247685], [-83.01341182112863, 39.96044933212192]]]}, "properties": {"ticket_id": "DEMO-20260713-0046", "priority_level": "MODERATE", "likelihood_level": "MODERATE", "impact_level": "LOW", "division": "Demo District", "date": "2026-07-13", "excavator_name": "Excavator AT", "work_type": "DIRECTIONAL BORE", "demo_note": "synthetic demo data", "popup_html": "<div class=\"demo-popup\"><style>\n.demo-popup { font-family: -apple-system, BlinkMacSystemFont, 'Segoe UI', sans-serif;\n       color: #333; max-width: 920px; margin: 0 auto; padding: 20px; }\nh1 { color: #2c3e50; font-size: 20px; margin-bottom: 5px; }\n.meta { color: #7f8c8d; font-size: 13px; margin-bottom: 15px; }\n.risk-box { background: #f8f9fa; border-left: 4px solid #888888;\n             padding: 12px 16px; margin: 15px 0; border-radius: 4px; }\n.risk-pct { font-size: 28px; font-weight: bold; color: #888888; }\n.risk-score { font-size: 14px; color: #555; margin-top: 2px; }\n.indicators { display: flex; gap: 20px; margin: 20px 0; justify-content: center; }\n.indicator { flex: 1; max-width: 420px; text-align: center; }\n.indicator-pill { border-radius: 14px; padding: 18px 24px; color: white;\n                  box-shadow: 0 2px 6px rgba(0,0,0,0.12);\n                  display: flex; align-items: center; gap: 14px;\n                  text-align: left; }\n.indicator-icon { flex-shrink: 0; width: 32px; height: 32px; opacity: 0.95; }\n.indicator-body { flex: 1; }\n.indicator-label { font-size: 11px; letter-spacing: 0.1em; opacity: 0.9;\n                   text-transform: uppercase; }\n.indicator-level { font-size: 28px; font-weight: 800; letter-spacing: 0.04em;\n                   margin: 2px 0 2px 0; line-height: 1.1; }\n.indicator-sublabel { font-size: 13px; opacity: 0.95; font-weight: 500; }\n.indicator-context { margin-top: 8px; font-size: 12px; color: #555;\n                     line-height: 1.4; }\n.drivers-block { background: #f9fafb; border: 1px solid #e5e7eb;\n                 border-radius: 8px; padding: 14px 16px; margin: 14px 0; }\n.drivers-title { font-size: 11px; letter-spacing: 0.1em; text-transform: uppercase;\n                 color: #6b7280; font-weight: 700; margin-bottom: 8px; }\n.drivers-row { display: flex; gap: 10px; justify-content: center;\n               flex-wrap: wrap; }\n.driver { flex: 1; min-width: 180px; max-width: 220px; text-align: center; }\n.driver-pill { border-radius: 10px; padding: 10px 12px; color: white;\n               box-shadow: 0 1px 3px rgba(0,0,0,0.10);\n               display: flex; align-items: center; gap: 8px;\n               text-align: left; }\n.driver-pill.gray { background: #9ca3af; }\n.driver-icon { flex-shrink: 0; width: 18px; height: 18px; opacity: 0.95; }\n.driver-body { flex: 1; min-width: 0; }\n.driver-name { font-size: 10px; font-weight: 700; letter-spacing: 0.04em;\n               text-transform: uppercase; opacity: 0.95; white-space: nowrap;\n               overflow: hidden; text-overflow: ellipsis; }\n.driver-level { font-size: 13px; font-weight: 700; margin-top: 1px; }\n.driver-context { margin-top: 5px; font-size: 10px; color: #6b7280;\n                  line-height: 1.3; }\n.section { margin: 20px 0; }\n.section h2 { font-size: 16px; color: #2c3e50; border-bottom: 1px solid #ddd;\n               padding-bottom: 5px; }\n.drivers li { margin: 6px 0; font-size: 13px; line-height: 1.5; }\n.shap-val { color: #888; font-size: 12px; }\ntable { width: 100%; border-collapse: collapse; font-size: 13px; }\nth { background: #ecf0f1; padding: 8px; text-align: left; }\ntd { padding: 6px 8px; border-bottom: 1px solid #eee; }\n.map-container { width: 100%; height: 420px; border: 1px solid #ddd;\n                  border-radius: 4px; overflow: hidden; margin: 10px 0; }\n.footer { color: #aaa; font-size: 11px; margin-top: 30px; text-align: center; }\n\n.demo-popup { max-width: 380px; font-size: 13px; }\n.demo-popup h1 { font-size: 15px; margin: 2px 0 2px; }\n.demo-popup .meta { font-size: 11px; margin-bottom: 8px; }\n.demo-popup .indicators { gap: 10px; margin: 10px 0; }\n.demo-popup .indicator-level { font-size: 20px; }\n.demo-popup .indicator-icon { width: 22px; height: 22px; }\n.demo-popup .drivers-block { padding: 8px 10px; margin: 8px 0; }\n.demo-popup .driver { min-width: 150px; }\n.demo-banner { background: #FEF3C7; border: 1px solid #F59E0B;\n    color: #92400E; font-size: 10px; line-height: 1.35; padding: 5px 8px;\n    border-radius: 4px; margin-bottom: 8px; text-align: center;\n    font-weight: 600; }\n.demo-netline { font-size: 10px; color: #6b7280; margin-top: 8px;\n    text-align: center; line-height: 1.4; }\n.demo-action { text-align: center; margin-top: 12px; }\n.demo-action a { background: #2563EB; color: #fff; padding: 7px 18px;\n    border-radius: 4px; font-weight: bold; text-decoration: none;\n    display: inline-block; font-size: 11px; letter-spacing: 0.05em; }\n</style><h1>DEMO-20260713-0046</h1><div class=\"meta\">Demo District &middot; 2026-07-13 &middot; Excavator AT &middot; DIRECTIONAL BORE</div>\n<div class=\"indicators\">\n  <div class=\"indicator\">\n    <div class=\"indicator-pill\" style=\"background:#F59E0B;\">\n      <svg viewBox=\"0 0 24 24\" width=\"32\" height=\"32\" fill=\"none\" stroke=\"white\" stroke-width=\"2\" stroke-linecap=\"round\" stroke-linejoin=\"round\" class=\"indicator-icon\"><path d=\"m21.73 18-8-14a2 2 0 0 0-3.48 0l-8 14A2 2 0 0 0 4 21h16a2 2 0 0 0 1.73-3\"/><path d=\"M12 9v4\"/><path d=\"M12 17h.01\"/></svg>\n      <div class=\"indicator-body\">\n        <div class=\"indicator-label\">Damage Likelihood</div>\n        <div class=\"indicator-level\">MODERATE</div>\n        <div class=\"indicator-sublabel\">Top 18% of all tickets</div>\n      </div>\n    </div>\n    <div class=\"indicator-context\">Top 18% by damage probability</div>\n  </div>\n  <div class=\"indicator\">\n    <div class=\"indicator-pill\" style=\"background:#16A34A;\">\n      <svg viewBox=\"0 0 24 24\" width=\"32\" height=\"32\" fill=\"none\" stroke=\"white\" stroke-width=\"2\" stroke-linecap=\"round\" stroke-linejoin=\"round\" class=\"indicator-icon\"><path d=\"M12 2 L20 5 V11 C 20 16 16 20 12 22 C 8 20 4 16 4 11 V5 Z\"/><path d=\"M12 9 V13\"/><path d=\"M12 17 h.01\"/></svg>\n      <div class=\"indicator-body\">\n        <div class=\"indicator-label\">Impact</div>\n        <div class=\"indicator-level\">LOW</div>\n        <div class=\"indicator-sublabel\">Bottom 78% by consequence</div>\n      </div>\n    </div>\n    <div class=\"indicator-context\">28 services, 1 daycare center, 2 businesses nearby, near transmission</div>\n  </div>\n</div>\n\n<div class=\"drivers-block\">\n  <div class=\"drivers-title\">Likelihood Drivers</div>\n  <div class=\"drivers-row\">\n    <div class=\"driver\">\n      <div class=\"driver-pill\" style=\"background:#F59E0B;\">\n        <svg viewBox=\"0 0 30 26\" width=\"18\" height=\"18\" fill=\"none\" stroke=\"white\" stroke-width=\"1.4\" stroke-linecap=\"round\" stroke-linejoin=\"round\" class=\"driver-icon\"><rect x=\"2\" y=\"19.5\" width=\"16\" height=\"4.5\" rx=\"2.2\"/><circle cx=\"5.5\" cy=\"21.75\" r=\"1.1\" stroke-width=\"1\"/><circle cx=\"10\" cy=\"21.75\" r=\"1.1\" stroke-width=\"1\"/><circle cx=\"14.5\" cy=\"21.75\" r=\"1.1\" stroke-width=\"1\"/><path d=\"M4.5 18.5 V15 H7.5 V13 H18 V18.5\"/><path d=\"M12 11.5 L19 4 L20.5 5.5 L13.5 13 Z\"/><path d=\"M21.5 4 L27 12 L25.5 13 L20 5 Z\"/><path d=\"M26.5 14 L27 17 Q 26.5 19.5 24 19 L23 16 Z\"/></svg>\n        <div class=\"driver-body\">\n          <div class=\"driver-name\">Excavator History</div>\n          <div class=\"driver-level\">MODERATE</div>\n        </div>\n      </div>\n      <div class=\"driver-context\">3.5% damage rate (90d, 460 tickets)</div>\n    </div>\n    <div class=\"driver\">\n      <div class=\"driver-pill\" style=\"background:#F59E0B;\">\n        <svg viewBox=\"0 0 24 24\" width=\"18\" height=\"18\" fill=\"none\" stroke=\"white\" stroke-width=\"2\" stroke-linecap=\"round\" stroke-linejoin=\"round\" class=\"driver-icon\"><ellipse cx=\"12\" cy=\"5\" rx=\"9\" ry=\"3\"/><path d=\"M3 5v14a9 3 0 0 0 18 0V5\"/></svg>\n        <div class=\"driver-body\">\n          <div class=\"driver-name\">Pipe Vulnerability</div>\n          <div class=\"driver-level\">MODERATE</div>\n        </div>\n      </div>\n      <div class=\"driver-context\">77-year-old Steel (bottom 76%)</div>\n    </div>\n    <div class=\"driver\">\n      <div class=\"driver-pill\" style=\"background:#DC2626;\">\n        <svg viewBox=\"0 0 24 24\" width=\"18\" height=\"18\" fill=\"none\" stroke=\"white\" stroke-width=\"2\" stroke-linecap=\"round\" stroke-linejoin=\"round\" class=\"driver-icon\"><path d=\"M4 20 L14 10\"/><path d=\"M9 5 L19 15\"/></svg>\n        <div class=\"driver-body\">\n          <div class=\"driver-name\">Work Activity</div>\n          <div class=\"driver-level\">HIGH</div>\n        </div>\n      </div>\n      <div class=\"driver-context\">Directional Bore with Directional Drill</div>\n    </div>\n    <div class=\"driver\">\n      <div class=\"driver-pill\" style=\"background:#16A34A;\">\n        <svg viewBox=\"0 0 24 24\" width=\"18\" height=\"18\" fill=\"none\" stroke=\"white\" stroke-width=\"2\" stroke-linecap=\"round\" stroke-linejoin=\"round\" class=\"driver-icon\"><path d=\"M3 7V5a2 2 0 0 1 2-2h2\"/><path d=\"M17 3h2a2 2 0 0 1 2 2v2\"/><path d=\"M21 17v2a2 2 0 0 1-2 2h-2\"/><path d=\"M7 21H5a2 2 0 0 1-2-2v-2\"/></svg>\n        <div class=\"driver-body\">\n          <div class=\"driver-name\">Locate Quality</div>\n          <div class=\"driver-level\">GOOD</div>\n        </div>\n      </div>\n      <div class=\"driver-context\">Locator: Unit AT (clean record)</div>\n    </div>\n  </div>\n</div>\n<div class=\"drivers-block\">\n  <div class=\"drivers-title\">Impact Drivers</div>\n  <div class=\"drivers-row\">\n    <div class=\"driver\">\n      <div class=\"driver-pill\" style=\"background:#F59E0B;\">\n        <svg viewBox=\"0 0 24 24\" width=\"18\" height=\"18\" fill=\"none\" stroke=\"white\" stroke-width=\"2\" stroke-linecap=\"round\" stroke-linejoin=\"round\" class=\"driver-icon\"><path d=\"M3 12 L12 4 L21 12\"/><path d=\"M5 11 V20 H19 V11\"/></svg>\n        <div class=\"driver-body\">\n          <div class=\"driver-name\">Service Disruption</div>\n          <div class=\"driver-level\">MODERATE</div>\n        </div>\n      </div>\n      <div class=\"driver-context\">28 services at risk</div>\n    </div>\n    <div class=\"driver\">\n      <div class=\"driver-pill\" style=\"background:#F59E0B;\">\n        <svg viewBox=\"0 0 24 24\" width=\"18\" height=\"18\" fill=\"none\" stroke=\"white\" stroke-width=\"2\" stroke-linecap=\"round\" stroke-linejoin=\"round\" class=\"driver-icon\"><path d=\"M12 7v4\"/><path d=\"M14 21v-3a2 2 0 0 0-4 0v3\"/><path d=\"M14 9h-4\"/><path d=\"M18 11h2a2 2 0 0 1 2 2v6a2 2 0 0 1-2 2H4a2 2 0 0 1-2-2v-9a2 2 0 0 1 2-2h2\"/><path d=\"M18 21V5a2 2 0 0 0-2-2H8a2 2 0 0 0-2 2v16\"/></svg>\n        <div class=\"driver-body\">\n          <div class=\"driver-name\">Critical Facilities</div>\n          <div class=\"driver-level\">MODERATE</div>\n        </div>\n      </div>\n      <div class=\"driver-context\">1 daycare center</div>\n    </div>\n    <div class=\"driver\">\n      <div class=\"driver-pill\" style=\"background:#F59E0B;\">\n        <svg viewBox=\"0 0 24 24\" width=\"18\" height=\"18\" fill=\"none\" stroke=\"white\" stroke-width=\"2\" stroke-linecap=\"round\" stroke-linejoin=\"round\" class=\"driver-icon\"><path d=\"M10 12h4\"/><path d=\"M10 8h4\"/><path d=\"M14 21v-3a2 2 0 0 0-4 0v3\"/><path d=\"M6 10H4a2 2 0 0 0-2 2v7a2 2 0 0 0 2 2h16a2 2 0 0 0 2-2V9a2 2 0 0 0-2-2h-2\"/><path d=\"M6 21V5a2 2 0 0 1 2-2h8a2 2 0 0 1 2 2v16\"/></svg>\n        <div class=\"driver-body\">\n          <div class=\"driver-name\">Business District</div>\n          <div class=\"driver-level\">MODERATE</div>\n        </div>\n      </div>\n      <div class=\"driver-context\">2 businesses</div>\n    </div>\n    <div class=\"driver\">\n      <div class=\"driver-pill\" style=\"background:#DC2626;\">\n        <svg viewBox=\"0 0 24 24\" width=\"18\" height=\"18\" fill=\"none\" stroke=\"white\" stroke-width=\"2\" stroke-linecap=\"round\" stroke-linejoin=\"round\" class=\"driver-icon\"><path d=\"M13 2 L3 14 h9 l-1 8 10-12 h-9 z\"/></svg>\n        <div class=\"driver-body\">\n          <div class=\"driver-name\">Transmission Main</div>\n          <div class=\"driver-level\">HIGH</div>\n        </div>\n      </div>\n      <div class=\"driver-context\">Near transmission main</div>\n    </div>\n  </div>\n</div>\n<div class=\"demo-netline\">5 segments in dig area (5 mains, 0 services) &middot; oldest 77-yr Steel</div><div class=\"demo-action\"><a href=\"https://kartasoft.github.io/excavation-risk-demo/action_form.html?ticket_id=DEMO-20260713-0046&demo=1\" target=\"_blank\" rel=\"noopener\">LOG ACTION</a></div></div>"}}, {"type": "Feature", "geometry": {"type": "Polygon", "coordinates": [[[-82.99878387422531, 39.96687269898162], [-82.99878912100863, 39.967052786177895], [-82.99902316825403, 39.96704874879693], [-82.99901792085736, 39.96686866162625], [-82.99878387422531, 39.96687269898162]]]}, "properties": {"ticket_id": "DEMO-20260713-0047", "priority_level": "LOW", "likelihood_level": "LOW", "impact_level": "LOW", "division": "Demo District", "date": "2026-07-13", "excavator_name": "Excavator AU", "work_type": "FIBER INSTALL", "demo_note": "synthetic demo data", "popup_html": "<div class=\"demo-popup\"><style>\n.demo-popup { font-family: -apple-system, BlinkMacSystemFont, 'Segoe UI', sans-serif;\n       color: #333; max-width: 920px; margin: 0 auto; padding: 20px; }\nh1 { color: #2c3e50; font-size: 20px; margin-bottom: 5px; }\n.meta { color: #7f8c8d; font-size: 13px; margin-bottom: 15px; }\n.risk-box { background: #f8f9fa; border-left: 4px solid #888888;\n             padding: 12px 16px; margin: 15px 0; border-radius: 4px; }\n.risk-pct { font-size: 28px; font-weight: bold; color: #888888; }\n.risk-score { font-size: 14px; color: #555; margin-top: 2px; }\n.indicators { display: flex; gap: 20px; margin: 20px 0; justify-content: center; }\n.indicator { flex: 1; max-width: 420px; text-align: center; }\n.indicator-pill { border-radius: 14px; padding: 18px 24px; color: white;\n                  box-shadow: 0 2px 6px rgba(0,0,0,0.12);\n                  display: flex; align-items: center; gap: 14px;\n                  text-align: left; }\n.indicator-icon { flex-shrink: 0; width: 32px; height: 32px; opacity: 0.95; }\n.indicator-body { flex: 1; }\n.indicator-label { font-size: 11px; letter-spacing: 0.1em; opacity: 0.9;\n                   text-transform: uppercase; }\n.indicator-level { font-size: 28px; font-weight: 800; letter-spacing: 0.04em;\n                   margin: 2px 0 2px 0; line-height: 1.1; }\n.indicator-sublabel { font-size: 13px; opacity: 0.95; font-weight: 500; }\n.indicator-context { margin-top: 8px; font-size: 12px; color: #555;\n                     line-height: 1.4; }\n.drivers-block { background: #f9fafb; border: 1px solid #e5e7eb;\n                 border-radius: 8px; padding: 14px 16px; margin: 14px 0; }\n.drivers-title { font-size: 11px; letter-spacing: 0.1em; text-transform: uppercase;\n                 color: #6b7280; font-weight: 700; margin-bottom: 8px; }\n.drivers-row { display: flex; gap: 10px; justify-content: center;\n               flex-wrap: wrap; }\n.driver { flex: 1; min-width: 180px; max-width: 220px; text-align: center; }\n.driver-pill { border-radius: 10px; padding: 10px 12px; color: white;\n               box-shadow: 0 1px 3px rgba(0,0,0,0.10);\n               display: flex; align-items: center; gap: 8px;\n               text-align: left; }\n.driver-pill.gray { background: #9ca3af; }\n.driver-icon { flex-shrink: 0; width: 18px; height: 18px; opacity: 0.95; }\n.driver-body { flex: 1; min-width: 0; }\n.driver-name { font-size: 10px; font-weight: 700; letter-spacing: 0.04em;\n               text-transform: uppercase; opacity: 0.95; white-space: nowrap;\n               overflow: hidden; text-overflow: ellipsis; }\n.driver-level { font-size: 13px; font-weight: 700; margin-top: 1px; }\n.driver-context { margin-top: 5px; font-size: 10px; color: #6b7280;\n                  line-height: 1.3; }\n.section { margin: 20px 0; }\n.section h2 { font-size: 16px; color: #2c3e50; border-bottom: 1px solid #ddd;\n               padding-bottom: 5px; }\n.drivers li { margin: 6px 0; font-size: 13px; line-height: 1.5; }\n.shap-val { color: #888; font-size: 12px; }\ntable { width: 100%; border-collapse: collapse; font-size: 13px; }\nth { background: #ecf0f1; padding: 8px; text-align: left; }\ntd { padding: 6px 8px; border-bottom: 1px solid #eee; }\n.map-container { width: 100%; height: 420px; border: 1px solid #ddd;\n                  border-radius: 4px; overflow: hidden; margin: 10px 0; }\n.footer { color: #aaa; font-size: 11px; margin-top: 30px; text-align: center; }\n\n.demo-popup { max-width: 380px; font-size: 13px; }\n.demo-popup h1 { font-size: 15px; margin: 2px 0 2px; }\n.demo-popup .meta { font-size: 11px; margin-bottom: 8px; }\n.demo-popup .indicators { gap: 10px; margin: 10px 0; }\n.demo-popup .indicator-level { font-size: 20px; }\n.demo-popup .indicator-icon { width: 22px; height: 22px; }\n.demo-popup .drivers-block { padding: 8px 10px; margin: 8px 0; }\n.demo-popup .driver { min-width: 150px; }\n.demo-banner { background: #FEF3C7; border: 1px solid #F59E0B;\n    color: #92400E; font-size: 10px; line-height: 1.35; padding: 5px 8px;\n    border-radius: 4px; margin-bottom: 8px; text-align: center;\n    font-weight: 600; }\n.demo-netline { font-size: 10px; color: #6b7280; margin-top: 8px;\n    text-align: center; line-height: 1.4; }\n.demo-action { text-align: center; margin-top: 12px; }\n.demo-action a { background: #2563EB; color: #fff; padding: 7px 18px;\n    border-radius: 4px; font-weight: bold; text-decoration: none;\n    display: inline-block; font-size: 11px; letter-spacing: 0.05em; }\n</style><h1>DEMO-20260713-0047</h1><div class=\"meta\">Demo District &middot; 2026-07-13 &middot; Excavator AU &middot; FIBER INSTALL</div>\n<div class=\"indicators\">\n  <div class=\"indicator\">\n    <div class=\"indicator-pill\" style=\"background:#16A34A;\">\n      <svg viewBox=\"0 0 24 24\" width=\"32\" height=\"32\" fill=\"none\" stroke=\"white\" stroke-width=\"2\" stroke-linecap=\"round\" stroke-linejoin=\"round\" class=\"indicator-icon\"><path d=\"m21.73 18-8-14a2 2 0 0 0-3.48 0l-8 14A2 2 0 0 0 4 21h16a2 2 0 0 0 1.73-3\"/><path d=\"M12 9v4\"/><path d=\"M12 17h.01\"/></svg>\n      <div class=\"indicator-body\">\n        <div class=\"indicator-label\">Damage Likelihood</div>\n        <div class=\"indicator-level\">LOW</div>\n        <div class=\"indicator-sublabel\">Bottom 8% of all tickets</div>\n      </div>\n    </div>\n    <div class=\"indicator-context\">Bottom 8% by damage probability</div>\n  </div>\n  <div class=\"indicator\">\n    <div class=\"indicator-pill\" style=\"background:#16A34A;\">\n      <svg viewBox=\"0 0 24 24\" width=\"32\" height=\"32\" fill=\"none\" stroke=\"white\" stroke-width=\"2\" stroke-linecap=\"round\" stroke-linejoin=\"round\" class=\"indicator-icon\"><path d=\"M12 2 L20 5 V11 C 20 16 16 20 12 22 C 8 20 4 16 4 11 V5 Z\"/><path d=\"M12 9 V13\"/><path d=\"M12 17 h.01\"/></svg>\n      <div class=\"indicator-body\">\n        <div class=\"indicator-label\">Impact</div>\n        <div class=\"indicator-level\">LOW</div>\n        <div class=\"indicator-sublabel\">Bottom 42% by consequence</div>\n      </div>\n    </div>\n    <div class=\"indicator-context\">7 businesses nearby</div>\n  </div>\n</div>\n\n<div class=\"drivers-block\">\n  <div class=\"drivers-title\">Likelihood Drivers</div>\n  <div class=\"drivers-row\">\n    <div class=\"driver\">\n      <div class=\"driver-pill\" style=\"background:#9CA3AF;\">\n        <svg viewBox=\"0 0 30 26\" width=\"18\" height=\"18\" fill=\"none\" stroke=\"white\" stroke-width=\"1.4\" stroke-linecap=\"round\" stroke-linejoin=\"round\" class=\"driver-icon\"><rect x=\"2\" y=\"19.5\" width=\"16\" height=\"4.5\" rx=\"2.2\"/><circle cx=\"5.5\" cy=\"21.75\" r=\"1.1\" stroke-width=\"1\"/><circle cx=\"10\" cy=\"21.75\" r=\"1.1\" stroke-width=\"1\"/><circle cx=\"14.5\" cy=\"21.75\" r=\"1.1\" stroke-width=\"1\"/><path d=\"M4.5 18.5 V15 H7.5 V13 H18 V18.5\"/><path d=\"M12 11.5 L19 4 L20.5 5.5 L13.5 13 Z\"/><path d=\"M21.5 4 L27 12 L25.5 13 L20 5 Z\"/><path d=\"M26.5 14 L27 17 Q 26.5 19.5 24 19 L23 16 Z\"/></svg>\n        <div class=\"driver-body\">\n          <div class=\"driver-name\">Excavator History</div>\n          <div class=\"driver-level\">NEW</div>\n        </div>\n      </div>\n      <div class=\"driver-context\">New excavator (< 20 lifetime tickets)</div>\n    </div>\n    <div class=\"driver\">\n      <div class=\"driver-pill\" style=\"background:#16A34A;\">\n        <svg viewBox=\"0 0 24 24\" width=\"18\" height=\"18\" fill=\"none\" stroke=\"white\" stroke-width=\"2\" stroke-linecap=\"round\" stroke-linejoin=\"round\" class=\"driver-icon\"><ellipse cx=\"12\" cy=\"5\" rx=\"9\" ry=\"3\"/><path d=\"M3 5v14a9 3 0 0 0 18 0V5\"/></svg>\n        <div class=\"driver-body\">\n          <div class=\"driver-name\">Pipe Vulnerability</div>\n          <div class=\"driver-level\">LOW</div>\n        </div>\n      </div>\n      <div class=\"driver-context\">33-year-old MDPE (bottom 24%)</div>\n    </div>\n    <div class=\"driver\">\n      <div class=\"driver-pill\" style=\"background:#16A34A;\">\n        <svg viewBox=\"0 0 24 24\" width=\"18\" height=\"18\" fill=\"none\" stroke=\"white\" stroke-width=\"2\" stroke-linecap=\"round\" stroke-linejoin=\"round\" class=\"driver-icon\"><path d=\"M4 20 L14 10\"/><path d=\"M9 5 L19 15\"/></svg>\n        <div class=\"driver-body\">\n          <div class=\"driver-name\">Work Activity</div>\n          <div class=\"driver-level\">LOW</div>\n        </div>\n      </div>\n      <div class=\"driver-context\">Fiber Install with Vibratory Plow</div>\n    </div>\n    <div class=\"driver\">\n      <div class=\"driver-pill\" style=\"background:#16A34A;\">\n        <svg viewBox=\"0 0 24 24\" width=\"18\" height=\"18\" fill=\"none\" stroke=\"white\" stroke-width=\"2\" stroke-linecap=\"round\" stroke-linejoin=\"round\" class=\"driver-icon\"><path d=\"M3 7V5a2 2 0 0 1 2-2h2\"/><path d=\"M17 3h2a2 2 0 0 1 2 2v2\"/><path d=\"M21 17v2a2 2 0 0 1-2 2h-2\"/><path d=\"M7 21H5a2 2 0 0 1-2-2v-2\"/></svg>\n        <div class=\"driver-body\">\n          <div class=\"driver-name\">Locate Quality</div>\n          <div class=\"driver-level\">GOOD</div>\n        </div>\n      </div>\n      <div class=\"driver-context\">Locator: Unit AU (clean record)</div>\n    </div>\n  </div>\n</div>\n<div class=\"drivers-block\">\n  <div class=\"drivers-title\">Impact Drivers</div>\n  <div class=\"drivers-row\">\n    <div class=\"driver\">\n      <div class=\"driver-pill\" style=\"background:#16A34A;\">\n        <svg viewBox=\"0 0 24 24\" width=\"18\" height=\"18\" fill=\"none\" stroke=\"white\" stroke-width=\"2\" stroke-linecap=\"round\" stroke-linejoin=\"round\" class=\"driver-icon\"><path d=\"M3 12 L12 4 L21 12\"/><path d=\"M5 11 V20 H19 V11\"/></svg>\n        <div class=\"driver-body\">\n          <div class=\"driver-name\">Service Disruption</div>\n          <div class=\"driver-level\">LOW</div>\n        </div>\n      </div>\n      <div class=\"driver-context\">No chokepoint</div>\n    </div>\n    <div class=\"driver\">\n      <div class=\"driver-pill\" style=\"background:#16A34A;\">\n        <svg viewBox=\"0 0 24 24\" width=\"18\" height=\"18\" fill=\"none\" stroke=\"white\" stroke-width=\"2\" stroke-linecap=\"round\" stroke-linejoin=\"round\" class=\"driver-icon\"><path d=\"M12 7v4\"/><path d=\"M14 21v-3a2 2 0 0 0-4 0v3\"/><path d=\"M14 9h-4\"/><path d=\"M18 11h2a2 2 0 0 1 2 2v6a2 2 0 0 1-2 2H4a2 2 0 0 1-2-2v-9a2 2 0 0 1 2-2h2\"/><path d=\"M18 21V5a2 2 0 0 0-2-2H8a2 2 0 0 0-2 2v16\"/></svg>\n        <div class=\"driver-body\">\n          <div class=\"driver-name\">Critical Facilities</div>\n          <div class=\"driver-level\">LOW</div>\n        </div>\n      </div>\n      <div class=\"driver-context\">None</div>\n    </div>\n    <div class=\"driver\">\n      <div class=\"driver-pill\" style=\"background:#F59E0B;\">\n        <svg viewBox=\"0 0 24 24\" width=\"18\" height=\"18\" fill=\"none\" stroke=\"white\" stroke-width=\"2\" stroke-linecap=\"round\" stroke-linejoin=\"round\" class=\"driver-icon\"><path d=\"M10 12h4\"/><path d=\"M10 8h4\"/><path d=\"M14 21v-3a2 2 0 0 0-4 0v3\"/><path d=\"M6 10H4a2 2 0 0 0-2 2v7a2 2 0 0 0 2 2h16a2 2 0 0 0 2-2V9a2 2 0 0 0-2-2h-2\"/><path d=\"M6 21V5a2 2 0 0 1 2-2h8a2 2 0 0 1 2 2v16\"/></svg>\n        <div class=\"driver-body\">\n          <div class=\"driver-name\">Business District</div>\n          <div class=\"driver-level\">MODERATE</div>\n        </div>\n      </div>\n      <div class=\"driver-context\">7 businesses</div>\n    </div>\n    <div class=\"driver\">\n      <div class=\"driver-pill\" style=\"background:#16A34A;\">\n        <svg viewBox=\"0 0 24 24\" width=\"18\" height=\"18\" fill=\"none\" stroke=\"white\" stroke-width=\"2\" stroke-linecap=\"round\" stroke-linejoin=\"round\" class=\"driver-icon\"><path d=\"M13 2 L3 14 h9 l-1 8 10-12 h-9 z\"/></svg>\n        <div class=\"driver-body\">\n          <div class=\"driver-name\">Transmission Main</div>\n          <div class=\"driver-level\">LOW</div>\n        </div>\n      </div>\n      <div class=\"driver-context\">Distribution only</div>\n    </div>\n  </div>\n</div>\n<div class=\"demo-netline\">2 segments in dig area (2 mains, 0 services) &middot; oldest 33-yr MDPE</div><div class=\"demo-action\"><a href=\"https://kartasoft.github.io/excavation-risk-demo/action_form.html?ticket_id=DEMO-20260713-0047&demo=1\" target=\"_blank\" rel=\"noopener\">LOG ACTION</a></div></div>"}}, {"type": "Feature", "geometry": {"type": "Polygon", "coordinates": [[[-82.98875002401375, 39.95475118145581], [-82.98878326389486, 39.95589831320627], [-82.99027386801237, 39.955872722332856], [-82.99024060325786, 39.95472559161641], [-82.98875002401375, 39.95475118145581]]]}, "properties": {"ticket_id": "DEMO-20260713-0048", "priority_level": "MODERATE", "likelihood_level": "MODERATE", "impact_level": "LOW", "division": "Demo District", "date": "2026-07-13", "excavator_name": "Excavator AV", "work_type": "FIBER INSTALL", "demo_note": "synthetic demo data", "popup_html": "<div class=\"demo-popup\"><style>\n.demo-popup { font-family: -apple-system, BlinkMacSystemFont, 'Segoe UI', sans-serif;\n       color: #333; max-width: 920px; margin: 0 auto; padding: 20px; }\nh1 { color: #2c3e50; font-size: 20px; margin-bottom: 5px; }\n.meta { color: #7f8c8d; font-size: 13px; margin-bottom: 15px; }\n.risk-box { background: #f8f9fa; border-left: 4px solid #888888;\n             padding: 12px 16px; margin: 15px 0; border-radius: 4px; }\n.risk-pct { font-size: 28px; font-weight: bold; color: #888888; }\n.risk-score { font-size: 14px; color: #555; margin-top: 2px; }\n.indicators { display: flex; gap: 20px; margin: 20px 0; justify-content: center; }\n.indicator { flex: 1; max-width: 420px; text-align: center; }\n.indicator-pill { border-radius: 14px; padding: 18px 24px; color: white;\n                  box-shadow: 0 2px 6px rgba(0,0,0,0.12);\n                  display: flex; align-items: center; gap: 14px;\n                  text-align: left; }\n.indicator-icon { flex-shrink: 0; width: 32px; height: 32px; opacity: 0.95; }\n.indicator-body { flex: 1; }\n.indicator-label { font-size: 11px; letter-spacing: 0.1em; opacity: 0.9;\n                   text-transform: uppercase; }\n.indicator-level { font-size: 28px; font-weight: 800; letter-spacing: 0.04em;\n                   margin: 2px 0 2px 0; line-height: 1.1; }\n.indicator-sublabel { font-size: 13px; opacity: 0.95; font-weight: 500; }\n.indicator-context { margin-top: 8px; font-size: 12px; color: #555;\n                     line-height: 1.4; }\n.drivers-block { background: #f9fafb; border: 1px solid #e5e7eb;\n                 border-radius: 8px; padding: 14px 16px; margin: 14px 0; }\n.drivers-title { font-size: 11px; letter-spacing: 0.1em; text-transform: uppercase;\n                 color: #6b7280; font-weight: 700; margin-bottom: 8px; }\n.drivers-row { display: flex; gap: 10px; justify-content: center;\n               flex-wrap: wrap; }\n.driver { flex: 1; min-width: 180px; max-width: 220px; text-align: center; }\n.driver-pill { border-radius: 10px; padding: 10px 12px; color: white;\n               box-shadow: 0 1px 3px rgba(0,0,0,0.10);\n               display: flex; align-items: center; gap: 8px;\n               text-align: left; }\n.driver-pill.gray { background: #9ca3af; }\n.driver-icon { flex-shrink: 0; width: 18px; height: 18px; opacity: 0.95; }\n.driver-body { flex: 1; min-width: 0; }\n.driver-name { font-size: 10px; font-weight: 700; letter-spacing: 0.04em;\n               text-transform: uppercase; opacity: 0.95; white-space: nowrap;\n               overflow: hidden; text-overflow: ellipsis; }\n.driver-level { font-size: 13px; font-weight: 700; margin-top: 1px; }\n.driver-context { margin-top: 5px; font-size: 10px; color: #6b7280;\n                  line-height: 1.3; }\n.section { margin: 20px 0; }\n.section h2 { font-size: 16px; color: #2c3e50; border-bottom: 1px solid #ddd;\n               padding-bottom: 5px; }\n.drivers li { margin: 6px 0; font-size: 13px; line-height: 1.5; }\n.shap-val { color: #888; font-size: 12px; }\ntable { width: 100%; border-collapse: collapse; font-size: 13px; }\nth { background: #ecf0f1; padding: 8px; text-align: left; }\ntd { padding: 6px 8px; border-bottom: 1px solid #eee; }\n.map-container { width: 100%; height: 420px; border: 1px solid #ddd;\n                  border-radius: 4px; overflow: hidden; margin: 10px 0; }\n.footer { color: #aaa; font-size: 11px; margin-top: 30px; text-align: center; }\n\n.demo-popup { max-width: 380px; font-size: 13px; }\n.demo-popup h1 { font-size: 15px; margin: 2px 0 2px; }\n.demo-popup .meta { font-size: 11px; margin-bottom: 8px; }\n.demo-popup .indicators { gap: 10px; margin: 10px 0; }\n.demo-popup .indicator-level { font-size: 20px; }\n.demo-popup .indicator-icon { width: 22px; height: 22px; }\n.demo-popup .drivers-block { padding: 8px 10px; margin: 8px 0; }\n.demo-popup .driver { min-width: 150px; }\n.demo-banner { background: #FEF3C7; border: 1px solid #F59E0B;\n    color: #92400E; font-size: 10px; line-height: 1.35; padding: 5px 8px;\n    border-radius: 4px; margin-bottom: 8px; text-align: center;\n    font-weight: 600; }\n.demo-netline { font-size: 10px; color: #6b7280; margin-top: 8px;\n    text-align: center; line-height: 1.4; }\n.demo-action { text-align: center; margin-top: 12px; }\n.demo-action a { background: #2563EB; color: #fff; padding: 7px 18px;\n    border-radius: 4px; font-weight: bold; text-decoration: none;\n    display: inline-block; font-size: 11px; letter-spacing: 0.05em; }\n</style><h1>DEMO-20260713-0048</h1><div class=\"meta\">Demo District &middot; 2026-07-13 &middot; Excavator AV &middot; FIBER INSTALL</div>\n<div class=\"indicators\">\n  <div class=\"indicator\">\n    <div class=\"indicator-pill\" style=\"background:#F59E0B;\">\n      <svg viewBox=\"0 0 24 24\" width=\"32\" height=\"32\" fill=\"none\" stroke=\"white\" stroke-width=\"2\" stroke-linecap=\"round\" stroke-linejoin=\"round\" class=\"indicator-icon\"><path d=\"m21.73 18-8-14a2 2 0 0 0-3.48 0l-8 14A2 2 0 0 0 4 21h16a2 2 0 0 0 1.73-3\"/><path d=\"M12 9v4\"/><path d=\"M12 17h.01\"/></svg>\n      <div class=\"indicator-body\">\n        <div class=\"indicator-label\">Damage Likelihood</div>\n        <div class=\"indicator-level\">MODERATE</div>\n        <div class=\"indicator-sublabel\">Top 20% of all tickets</div>\n      </div>\n    </div>\n    <div class=\"indicator-context\">Top 20% by damage probability</div>\n  </div>\n  <div class=\"indicator\">\n    <div class=\"indicator-pill\" style=\"background:#16A34A;\">\n      <svg viewBox=\"0 0 24 24\" width=\"32\" height=\"32\" fill=\"none\" stroke=\"white\" stroke-width=\"2\" stroke-linecap=\"round\" stroke-linejoin=\"round\" class=\"indicator-icon\"><path d=\"M12 2 L20 5 V11 C 20 16 16 20 12 22 C 8 20 4 16 4 11 V5 Z\"/><path d=\"M12 9 V13\"/><path d=\"M12 17 h.01\"/></svg>\n      <div class=\"indicator-body\">\n        <div class=\"indicator-label\">Impact</div>\n        <div class=\"indicator-level\">LOW</div>\n        <div class=\"indicator-sublabel\">Bottom 28% by consequence</div>\n      </div>\n    </div>\n    <div class=\"indicator-context\">5 businesses nearby</div>\n  </div>\n</div>\n\n<div class=\"drivers-block\">\n  <div class=\"drivers-title\">Likelihood Drivers</div>\n  <div class=\"drivers-row\">\n    <div class=\"driver\">\n      <div class=\"driver-pill\" style=\"background:#16A34A;\">\n        <svg viewBox=\"0 0 30 26\" width=\"18\" height=\"18\" fill=\"none\" stroke=\"white\" stroke-width=\"1.4\" stroke-linecap=\"round\" stroke-linejoin=\"round\" class=\"driver-icon\"><rect x=\"2\" y=\"19.5\" width=\"16\" height=\"4.5\" rx=\"2.2\"/><circle cx=\"5.5\" cy=\"21.75\" r=\"1.1\" stroke-width=\"1\"/><circle cx=\"10\" cy=\"21.75\" r=\"1.1\" stroke-width=\"1\"/><circle cx=\"14.5\" cy=\"21.75\" r=\"1.1\" stroke-width=\"1\"/><path d=\"M4.5 18.5 V15 H7.5 V13 H18 V18.5\"/><path d=\"M12 11.5 L19 4 L20.5 5.5 L13.5 13 Z\"/><path d=\"M21.5 4 L27 12 L25.5 13 L20 5 Z\"/><path d=\"M26.5 14 L27 17 Q 26.5 19.5 24 19 L23 16 Z\"/></svg>\n        <div class=\"driver-body\">\n          <div class=\"driver-name\">Excavator History</div>\n          <div class=\"driver-level\">LOW</div>\n        </div>\n      </div>\n      <div class=\"driver-context\">1.7% damage rate (90d, 648 tickets)</div>\n    </div>\n    <div class=\"driver\">\n      <div class=\"driver-pill\" style=\"background:#F59E0B;\">\n        <svg viewBox=\"0 0 24 24\" width=\"18\" height=\"18\" fill=\"none\" stroke=\"white\" stroke-width=\"2\" stroke-linecap=\"round\" stroke-linejoin=\"round\" class=\"driver-icon\"><ellipse cx=\"12\" cy=\"5\" rx=\"9\" ry=\"3\"/><path d=\"M3 5v14a9 3 0 0 0 18 0V5\"/></svg>\n        <div class=\"driver-body\">\n          <div class=\"driver-name\">Pipe Vulnerability</div>\n          <div class=\"driver-level\">MODERATE</div>\n        </div>\n      </div>\n      <div class=\"driver-context\">75-year-old Steel (top 12%)</div>\n    </div>\n    <div class=\"driver\">\n      <div class=\"driver-pill\" style=\"background:#16A34A;\">\n        <svg viewBox=\"0 0 24 24\" width=\"18\" height=\"18\" fill=\"none\" stroke=\"white\" stroke-width=\"2\" stroke-linecap=\"round\" stroke-linejoin=\"round\" class=\"driver-icon\"><path d=\"M4 20 L14 10\"/><path d=\"M9 5 L19 15\"/></svg>\n        <div class=\"driver-body\">\n          <div class=\"driver-name\">Work Activity</div>\n          <div class=\"driver-level\">LOW</div>\n        </div>\n      </div>\n      <div class=\"driver-context\">Fiber Install with Vibratory Plow</div>\n    </div>\n    <div class=\"driver\">\n      <div class=\"driver-pill\" style=\"background:#16A34A;\">\n        <svg viewBox=\"0 0 24 24\" width=\"18\" height=\"18\" fill=\"none\" stroke=\"white\" stroke-width=\"2\" stroke-linecap=\"round\" stroke-linejoin=\"round\" class=\"driver-icon\"><path d=\"M3 7V5a2 2 0 0 1 2-2h2\"/><path d=\"M17 3h2a2 2 0 0 1 2 2v2\"/><path d=\"M21 17v2a2 2 0 0 1-2 2h-2\"/><path d=\"M7 21H5a2 2 0 0 1-2-2v-2\"/></svg>\n        <div class=\"driver-body\">\n          <div class=\"driver-name\">Locate Quality</div>\n          <div class=\"driver-level\">GOOD</div>\n        </div>\n      </div>\n      <div class=\"driver-context\">Locator: Unit AV (clean record)</div>\n    </div>\n  </div>\n</div>\n<div class=\"drivers-block\">\n  <div class=\"drivers-title\">Impact Drivers</div>\n  <div class=\"drivers-row\">\n    <div class=\"driver\">\n      <div class=\"driver-pill\" style=\"background:#16A34A;\">\n        <svg viewBox=\"0 0 24 24\" width=\"18\" height=\"18\" fill=\"none\" stroke=\"white\" stroke-width=\"2\" stroke-linecap=\"round\" stroke-linejoin=\"round\" class=\"driver-icon\"><path d=\"M3 12 L12 4 L21 12\"/><path d=\"M5 11 V20 H19 V11\"/></svg>\n        <div class=\"driver-body\">\n          <div class=\"driver-name\">Service Disruption</div>\n          <div class=\"driver-level\">LOW</div>\n        </div>\n      </div>\n      <div class=\"driver-context\">No chokepoint</div>\n    </div>\n    <div class=\"driver\">\n      <div class=\"driver-pill\" style=\"background:#16A34A;\">\n        <svg viewBox=\"0 0 24 24\" width=\"18\" height=\"18\" fill=\"none\" stroke=\"white\" stroke-width=\"2\" stroke-linecap=\"round\" stroke-linejoin=\"round\" class=\"driver-icon\"><path d=\"M12 7v4\"/><path d=\"M14 21v-3a2 2 0 0 0-4 0v3\"/><path d=\"M14 9h-4\"/><path d=\"M18 11h2a2 2 0 0 1 2 2v6a2 2 0 0 1-2 2H4a2 2 0 0 1-2-2v-9a2 2 0 0 1 2-2h2\"/><path d=\"M18 21V5a2 2 0 0 0-2-2H8a2 2 0 0 0-2 2v16\"/></svg>\n        <div class=\"driver-body\">\n          <div class=\"driver-name\">Critical Facilities</div>\n          <div class=\"driver-level\">LOW</div>\n        </div>\n      </div>\n      <div class=\"driver-context\">None</div>\n    </div>\n    <div class=\"driver\">\n      <div class=\"driver-pill\" style=\"background:#F59E0B;\">\n        <svg viewBox=\"0 0 24 24\" width=\"18\" height=\"18\" fill=\"none\" stroke=\"white\" stroke-width=\"2\" stroke-linecap=\"round\" stroke-linejoin=\"round\" class=\"driver-icon\"><path d=\"M10 12h4\"/><path d=\"M10 8h4\"/><path d=\"M14 21v-3a2 2 0 0 0-4 0v3\"/><path d=\"M6 10H4a2 2 0 0 0-2 2v7a2 2 0 0 0 2 2h16a2 2 0 0 0 2-2V9a2 2 0 0 0-2-2h-2\"/><path d=\"M6 21V5a2 2 0 0 1 2-2h8a2 2 0 0 1 2 2v16\"/></svg>\n        <div class=\"driver-body\">\n          <div class=\"driver-name\">Business District</div>\n          <div class=\"driver-level\">MODERATE</div>\n        </div>\n      </div>\n      <div class=\"driver-context\">5 businesses</div>\n    </div>\n    <div class=\"driver\">\n      <div class=\"driver-pill\" style=\"background:#16A34A;\">\n        <svg viewBox=\"0 0 24 24\" width=\"18\" height=\"18\" fill=\"none\" stroke=\"white\" stroke-width=\"2\" stroke-linecap=\"round\" stroke-linejoin=\"round\" class=\"driver-icon\"><path d=\"M13 2 L3 14 h9 l-1 8 10-12 h-9 z\"/></svg>\n        <div class=\"driver-body\">\n          <div class=\"driver-name\">Transmission Main</div>\n          <div class=\"driver-level\">LOW</div>\n        </div>\n      </div>\n      <div class=\"driver-context\">Distribution only</div>\n    </div>\n  </div>\n</div>\n<div class=\"demo-netline\">13 segments in dig area (9 mains, 4 services) &middot; oldest 75-yr Steel</div><div class=\"demo-action\"><a href=\"https://kartasoft.github.io/excavation-risk-demo/action_form.html?ticket_id=DEMO-20260713-0048&demo=1\" target=\"_blank\" rel=\"noopener\">LOG ACTION</a></div></div>"}}, {"type": "Feature", "geometry": {"type": "Polygon", "coordinates": [[[-82.98362191091626, 39.95785050465282], [-82.98362711625288, 39.95803059379083], [-82.98386113489643, 39.95802658776844], [-82.98385592894667, 39.95784649865582], [-82.98362191091626, 39.95785050465282]]]}, "properties": {"ticket_id": "DEMO-20260713-0049", "priority_level": "LOW", "likelihood_level": "LOW", "impact_level": "LOW", "division": "Demo District", "date": "2026-07-13", "excavator_name": "Excavator AW", "work_type": "AUGER BORE", "demo_note": "synthetic demo data", "popup_html": "<div class=\"demo-popup\"><style>\n.demo-popup { font-family: -apple-system, BlinkMacSystemFont, 'Segoe UI', sans-serif;\n       color: #333; max-width: 920px; margin: 0 auto; padding: 20px; }\nh1 { color: #2c3e50; font-size: 20px; margin-bottom: 5px; }\n.meta { color: #7f8c8d; font-size: 13px; margin-bottom: 15px; }\n.risk-box { background: #f8f9fa; border-left: 4px solid #888888;\n             padding: 12px 16px; margin: 15px 0; border-radius: 4px; }\n.risk-pct { font-size: 28px; font-weight: bold; color: #888888; }\n.risk-score { font-size: 14px; color: #555; margin-top: 2px; }\n.indicators { display: flex; gap: 20px; margin: 20px 0; justify-content: center; }\n.indicator { flex: 1; max-width: 420px; text-align: center; }\n.indicator-pill { border-radius: 14px; padding: 18px 24px; color: white;\n                  box-shadow: 0 2px 6px rgba(0,0,0,0.12);\n                  display: flex; align-items: center; gap: 14px;\n                  text-align: left; }\n.indicator-icon { flex-shrink: 0; width: 32px; height: 32px; opacity: 0.95; }\n.indicator-body { flex: 1; }\n.indicator-label { font-size: 11px; letter-spacing: 0.1em; opacity: 0.9;\n                   text-transform: uppercase; }\n.indicator-level { font-size: 28px; font-weight: 800; letter-spacing: 0.04em;\n                   margin: 2px 0 2px 0; line-height: 1.1; }\n.indicator-sublabel { font-size: 13px; opacity: 0.95; font-weight: 500; }\n.indicator-context { margin-top: 8px; font-size: 12px; color: #555;\n                     line-height: 1.4; }\n.drivers-block { background: #f9fafb; border: 1px solid #e5e7eb;\n                 border-radius: 8px; padding: 14px 16px; margin: 14px 0; }\n.drivers-title { font-size: 11px; letter-spacing: 0.1em; text-transform: uppercase;\n                 color: #6b7280; font-weight: 700; margin-bottom: 8px; }\n.drivers-row { display: flex; gap: 10px; justify-content: center;\n               flex-wrap: wrap; }\n.driver { flex: 1; min-width: 180px; max-width: 220px; text-align: center; }\n.driver-pill { border-radius: 10px; padding: 10px 12px; color: white;\n               box-shadow: 0 1px 3px rgba(0,0,0,0.10);\n               display: flex; align-items: center; gap: 8px;\n               text-align: left; }\n.driver-pill.gray { background: #9ca3af; }\n.driver-icon { flex-shrink: 0; width: 18px; height: 18px; opacity: 0.95; }\n.driver-body { flex: 1; min-width: 0; }\n.driver-name { font-size: 10px; font-weight: 700; letter-spacing: 0.04em;\n               text-transform: uppercase; opacity: 0.95; white-space: nowrap;\n               overflow: hidden; text-overflow: ellipsis; }\n.driver-level { font-size: 13px; font-weight: 700; margin-top: 1px; }\n.driver-context { margin-top: 5px; font-size: 10px; color: #6b7280;\n                  line-height: 1.3; }\n.section { margin: 20px 0; }\n.section h2 { font-size: 16px; color: #2c3e50; border-bottom: 1px solid #ddd;\n               padding-bottom: 5px; }\n.drivers li { margin: 6px 0; font-size: 13px; line-height: 1.5; }\n.shap-val { color: #888; font-size: 12px; }\ntable { width: 100%; border-collapse: collapse; font-size: 13px; }\nth { background: #ecf0f1; padding: 8px; text-align: left; }\ntd { padding: 6px 8px; border-bottom: 1px solid #eee; }\n.map-container { width: 100%; height: 420px; border: 1px solid #ddd;\n                  border-radius: 4px; overflow: hidden; margin: 10px 0; }\n.footer { color: #aaa; font-size: 11px; margin-top: 30px; text-align: center; }\n\n.demo-popup { max-width: 380px; font-size: 13px; }\n.demo-popup h1 { font-size: 15px; margin: 2px 0 2px; }\n.demo-popup .meta { font-size: 11px; margin-bottom: 8px; }\n.demo-popup .indicators { gap: 10px; margin: 10px 0; }\n.demo-popup .indicator-level { font-size: 20px; }\n.demo-popup .indicator-icon { width: 22px; height: 22px; }\n.demo-popup .drivers-block { padding: 8px 10px; margin: 8px 0; }\n.demo-popup .driver { min-width: 150px; }\n.demo-banner { background: #FEF3C7; border: 1px solid #F59E0B;\n    color: #92400E; font-size: 10px; line-height: 1.35; padding: 5px 8px;\n    border-radius: 4px; margin-bottom: 8px; text-align: center;\n    font-weight: 600; }\n.demo-netline { font-size: 10px; color: #6b7280; margin-top: 8px;\n    text-align: center; line-height: 1.4; }\n.demo-action { text-align: center; margin-top: 12px; }\n.demo-action a { background: #2563EB; color: #fff; padding: 7px 18px;\n    border-radius: 4px; font-weight: bold; text-decoration: none;\n    display: inline-block; font-size: 11px; letter-spacing: 0.05em; }\n</style><h1>DEMO-20260713-0049</h1><div class=\"meta\">Demo District &middot; 2026-07-13 &middot; Excavator AW &middot; AUGER BORE</div>\n<div class=\"indicators\">\n  <div class=\"indicator\">\n    <div class=\"indicator-pill\" style=\"background:#16A34A;\">\n      <svg viewBox=\"0 0 24 24\" width=\"32\" height=\"32\" fill=\"none\" stroke=\"white\" stroke-width=\"2\" stroke-linecap=\"round\" stroke-linejoin=\"round\" class=\"indicator-icon\"><path d=\"m21.73 18-8-14a2 2 0 0 0-3.48 0l-8 14A2 2 0 0 0 4 21h16a2 2 0 0 0 1.73-3\"/><path d=\"M12 9v4\"/><path d=\"M12 17h.01\"/></svg>\n      <div class=\"indicator-body\">\n        <div class=\"indicator-label\">Damage Likelihood</div>\n        <div class=\"indicator-level\">LOW</div>\n        <div class=\"indicator-sublabel\">Bottom 32% of all tickets</div>\n      </div>\n    </div>\n    <div class=\"indicator-context\">Bottom 32% by damage probability</div>\n  </div>\n  <div class=\"indicator\">\n    <div class=\"indicator-pill\" style=\"background:#16A34A;\">\n      <svg viewBox=\"0 0 24 24\" width=\"32\" height=\"32\" fill=\"none\" stroke=\"white\" stroke-width=\"2\" stroke-linecap=\"round\" stroke-linejoin=\"round\" class=\"indicator-icon\"><path d=\"M12 2 L20 5 V11 C 20 16 16 20 12 22 C 8 20 4 16 4 11 V5 Z\"/><path d=\"M12 9 V13\"/><path d=\"M12 17 h.01\"/></svg>\n      <div class=\"indicator-body\">\n        <div class=\"indicator-label\">Impact</div>\n        <div class=\"indicator-level\">LOW</div>\n        <div class=\"indicator-sublabel\">Bottom 62% by consequence</div>\n      </div>\n    </div>\n    <div class=\"indicator-context\">1 nursing home, 2 businesses nearby</div>\n  </div>\n</div>\n\n<div class=\"drivers-block\">\n  <div class=\"drivers-title\">Likelihood Drivers</div>\n  <div class=\"drivers-row\">\n    <div class=\"driver\">\n      <div class=\"driver-pill\" style=\"background:#16A34A;\">\n        <svg viewBox=\"0 0 30 26\" width=\"18\" height=\"18\" fill=\"none\" stroke=\"white\" stroke-width=\"1.4\" stroke-linecap=\"round\" stroke-linejoin=\"round\" class=\"driver-icon\"><rect x=\"2\" y=\"19.5\" width=\"16\" height=\"4.5\" rx=\"2.2\"/><circle cx=\"5.5\" cy=\"21.75\" r=\"1.1\" stroke-width=\"1\"/><circle cx=\"10\" cy=\"21.75\" r=\"1.1\" stroke-width=\"1\"/><circle cx=\"14.5\" cy=\"21.75\" r=\"1.1\" stroke-width=\"1\"/><path d=\"M4.5 18.5 V15 H7.5 V13 H18 V18.5\"/><path d=\"M12 11.5 L19 4 L20.5 5.5 L13.5 13 Z\"/><path d=\"M21.5 4 L27 12 L25.5 13 L20 5 Z\"/><path d=\"M26.5 14 L27 17 Q 26.5 19.5 24 19 L23 16 Z\"/></svg>\n        <div class=\"driver-body\">\n          <div class=\"driver-name\">Excavator History</div>\n          <div class=\"driver-level\">LOW</div>\n        </div>\n      </div>\n      <div class=\"driver-context\">1.6% damage rate (90d, 19 tickets)</div>\n    </div>\n    <div class=\"driver\">\n      <div class=\"driver-pill\" style=\"background:#16A34A;\">\n        <svg viewBox=\"0 0 24 24\" width=\"18\" height=\"18\" fill=\"none\" stroke=\"white\" stroke-width=\"2\" stroke-linecap=\"round\" stroke-linejoin=\"round\" class=\"driver-icon\"><ellipse cx=\"12\" cy=\"5\" rx=\"9\" ry=\"3\"/><path d=\"M3 5v14a9 3 0 0 0 18 0V5\"/></svg>\n        <div class=\"driver-body\">\n          <div class=\"driver-name\">Pipe Vulnerability</div>\n          <div class=\"driver-level\">LOW</div>\n        </div>\n      </div>\n      <div class=\"driver-context\">29-year-old Steel (bottom 46%)</div>\n    </div>\n    <div class=\"driver\">\n      <div class=\"driver-pill\" style=\"background:#DC2626;\">\n        <svg viewBox=\"0 0 24 24\" width=\"18\" height=\"18\" fill=\"none\" stroke=\"white\" stroke-width=\"2\" stroke-linecap=\"round\" stroke-linejoin=\"round\" class=\"driver-icon\"><path d=\"M4 20 L14 10\"/><path d=\"M9 5 L19 15\"/></svg>\n        <div class=\"driver-body\">\n          <div class=\"driver-name\">Work Activity</div>\n          <div class=\"driver-level\">HIGH</div>\n        </div>\n      </div>\n      <div class=\"driver-context\">Auger Bore with Auger</div>\n    </div>\n    <div class=\"driver\">\n      <div class=\"driver-pill\" style=\"background:#16A34A;\">\n        <svg viewBox=\"0 0 24 24\" width=\"18\" height=\"18\" fill=\"none\" stroke=\"white\" stroke-width=\"2\" stroke-linecap=\"round\" stroke-linejoin=\"round\" class=\"driver-icon\"><path d=\"M3 7V5a2 2 0 0 1 2-2h2\"/><path d=\"M17 3h2a2 2 0 0 1 2 2v2\"/><path d=\"M21 17v2a2 2 0 0 1-2 2h-2\"/><path d=\"M7 21H5a2 2 0 0 1-2-2v-2\"/></svg>\n        <div class=\"driver-body\">\n          <div class=\"driver-name\">Locate Quality</div>\n          <div class=\"driver-level\">GOOD</div>\n        </div>\n      </div>\n      <div class=\"driver-context\">Locator: Unit AW (clean record)</div>\n    </div>\n  </div>\n</div>\n<div class=\"drivers-block\">\n  <div class=\"drivers-title\">Impact Drivers</div>\n  <div class=\"drivers-row\">\n    <div class=\"driver\">\n      <div class=\"driver-pill\" style=\"background:#16A34A;\">\n        <svg viewBox=\"0 0 24 24\" width=\"18\" height=\"18\" fill=\"none\" stroke=\"white\" stroke-width=\"2\" stroke-linecap=\"round\" stroke-linejoin=\"round\" class=\"driver-icon\"><path d=\"M3 12 L12 4 L21 12\"/><path d=\"M5 11 V20 H19 V11\"/></svg>\n        <div class=\"driver-body\">\n          <div class=\"driver-name\">Service Disruption</div>\n          <div class=\"driver-level\">LOW</div>\n        </div>\n      </div>\n      <div class=\"driver-context\">No chokepoint</div>\n    </div>\n    <div class=\"driver\">\n      <div class=\"driver-pill\" style=\"background:#DC2626;\">\n        <svg viewBox=\"0 0 24 24\" width=\"18\" height=\"18\" fill=\"none\" stroke=\"white\" stroke-width=\"2\" stroke-linecap=\"round\" stroke-linejoin=\"round\" class=\"driver-icon\"><path d=\"M12 7v4\"/><path d=\"M14 21v-3a2 2 0 0 0-4 0v3\"/><path d=\"M14 9h-4\"/><path d=\"M18 11h2a2 2 0 0 1 2 2v6a2 2 0 0 1-2 2H4a2 2 0 0 1-2-2v-9a2 2 0 0 1 2-2h2\"/><path d=\"M18 21V5a2 2 0 0 0-2-2H8a2 2 0 0 0-2 2v16\"/></svg>\n        <div class=\"driver-body\">\n          <div class=\"driver-name\">Critical Facilities</div>\n          <div class=\"driver-level\">HIGH</div>\n        </div>\n      </div>\n      <div class=\"driver-context\">1 nursing home</div>\n    </div>\n    <div class=\"driver\">\n      <div class=\"driver-pill\" style=\"background:#F59E0B;\">\n        <svg viewBox=\"0 0 24 24\" width=\"18\" height=\"18\" fill=\"none\" stroke=\"white\" stroke-width=\"2\" stroke-linecap=\"round\" stroke-linejoin=\"round\" class=\"driver-icon\"><path d=\"M10 12h4\"/><path d=\"M10 8h4\"/><path d=\"M14 21v-3a2 2 0 0 0-4 0v3\"/><path d=\"M6 10H4a2 2 0 0 0-2 2v7a2 2 0 0 0 2 2h16a2 2 0 0 0 2-2V9a2 2 0 0 0-2-2h-2\"/><path d=\"M6 21V5a2 2 0 0 1 2-2h8a2 2 0 0 1 2 2v16\"/></svg>\n        <div class=\"driver-body\">\n          <div class=\"driver-name\">Business District</div>\n          <div class=\"driver-level\">MODERATE</div>\n        </div>\n      </div>\n      <div class=\"driver-context\">2 businesses</div>\n    </div>\n    <div class=\"driver\">\n      <div class=\"driver-pill\" style=\"background:#16A34A;\">\n        <svg viewBox=\"0 0 24 24\" width=\"18\" height=\"18\" fill=\"none\" stroke=\"white\" stroke-width=\"2\" stroke-linecap=\"round\" stroke-linejoin=\"round\" class=\"driver-icon\"><path d=\"M13 2 L3 14 h9 l-1 8 10-12 h-9 z\"/></svg>\n        <div class=\"driver-body\">\n          <div class=\"driver-name\">Transmission Main</div>\n          <div class=\"driver-level\">LOW</div>\n        </div>\n      </div>\n      <div class=\"driver-context\">Distribution only</div>\n    </div>\n  </div>\n</div>\n<div class=\"demo-netline\">3 segments in dig area (3 mains, 0 services) &middot; oldest 29-yr Steel</div><div class=\"demo-action\"><a href=\"https://kartasoft.github.io/excavation-risk-demo/action_form.html?ticket_id=DEMO-20260713-0049&demo=1\" target=\"_blank\" rel=\"noopener\">LOG ACTION</a></div></div>"}}, {"type": "Feature", "geometry": {"type": "Polygon", "coordinates": [[[-82.98454326035606, 39.95473670993342], [-82.98459441606974, 39.956505848322244], [-82.98689328672029, 39.95646645602609], [-82.98684207184498, 39.95469732009197], [-82.98454326035606, 39.95473670993342]]]}, "properties": {"ticket_id": "DEMO-20260713-0050", "priority_level": "LOW", "likelihood_level": "LOW", "impact_level": "LOW", "division": "Demo District", "date": "2026-07-13", "excavator_name": "Excavator AX", "work_type": "TRENCHING", "demo_note": "synthetic demo data", "popup_html": "<div class=\"demo-popup\"><style>\n.demo-popup { font-family: -apple-system, BlinkMacSystemFont, 'Segoe UI', sans-serif;\n       color: #333; max-width: 920px; margin: 0 auto; padding: 20px; }\nh1 { color: #2c3e50; font-size: 20px; margin-bottom: 5px; }\n.meta { color: #7f8c8d; font-size: 13px; margin-bottom: 15px; }\n.risk-box { background: #f8f9fa; border-left: 4px solid #888888;\n             padding: 12px 16px; margin: 15px 0; border-radius: 4px; }\n.risk-pct { font-size: 28px; font-weight: bold; color: #888888; }\n.risk-score { font-size: 14px; color: #555; margin-top: 2px; }\n.indicators { display: flex; gap: 20px; margin: 20px 0; justify-content: center; }\n.indicator { flex: 1; max-width: 420px; text-align: center; }\n.indicator-pill { border-radius: 14px; padding: 18px 24px; color: white;\n                  box-shadow: 0 2px 6px rgba(0,0,0,0.12);\n                  display: flex; align-items: center; gap: 14px;\n                  text-align: left; }\n.indicator-icon { flex-shrink: 0; width: 32px; height: 32px; opacity: 0.95; }\n.indicator-body { flex: 1; }\n.indicator-label { font-size: 11px; letter-spacing: 0.1em; opacity: 0.9;\n                   text-transform: uppercase; }\n.indicator-level { font-size: 28px; font-weight: 800; letter-spacing: 0.04em;\n                   margin: 2px 0 2px 0; line-height: 1.1; }\n.indicator-sublabel { font-size: 13px; opacity: 0.95; font-weight: 500; }\n.indicator-context { margin-top: 8px; font-size: 12px; color: #555;\n                     line-height: 1.4; }\n.drivers-block { background: #f9fafb; border: 1px solid #e5e7eb;\n                 border-radius: 8px; padding: 14px 16px; margin: 14px 0; }\n.drivers-title { font-size: 11px; letter-spacing: 0.1em; text-transform: uppercase;\n                 color: #6b7280; font-weight: 700; margin-bottom: 8px; }\n.drivers-row { display: flex; gap: 10px; justify-content: center;\n               flex-wrap: wrap; }\n.driver { flex: 1; min-width: 180px; max-width: 220px; text-align: center; }\n.driver-pill { border-radius: 10px; padding: 10px 12px; color: white;\n               box-shadow: 0 1px 3px rgba(0,0,0,0.10);\n               display: flex; align-items: center; gap: 8px;\n               text-align: left; }\n.driver-pill.gray { background: #9ca3af; }\n.driver-icon { flex-shrink: 0; width: 18px; height: 18px; opacity: 0.95; }\n.driver-body { flex: 1; min-width: 0; }\n.driver-name { font-size: 10px; font-weight: 700; letter-spacing: 0.04em;\n               text-transform: uppercase; opacity: 0.95; white-space: nowrap;\n               overflow: hidden; text-overflow: ellipsis; }\n.driver-level { font-size: 13px; font-weight: 700; margin-top: 1px; }\n.driver-context { margin-top: 5px; font-size: 10px; color: #6b7280;\n                  line-height: 1.3; }\n.section { margin: 20px 0; }\n.section h2 { font-size: 16px; color: #2c3e50; border-bottom: 1px solid #ddd;\n               padding-bottom: 5px; }\n.drivers li { margin: 6px 0; font-size: 13px; line-height: 1.5; }\n.shap-val { color: #888; font-size: 12px; }\ntable { width: 100%; border-collapse: collapse; font-size: 13px; }\nth { background: #ecf0f1; padding: 8px; text-align: left; }\ntd { padding: 6px 8px; border-bottom: 1px solid #eee; }\n.map-container { width: 100%; height: 420px; border: 1px solid #ddd;\n                  border-radius: 4px; overflow: hidden; margin: 10px 0; }\n.footer { color: #aaa; font-size: 11px; margin-top: 30px; text-align: center; }\n\n.demo-popup { max-width: 380px; font-size: 13px; }\n.demo-popup h1 { font-size: 15px; margin: 2px 0 2px; }\n.demo-popup .meta { font-size: 11px; margin-bottom: 8px; }\n.demo-popup .indicators { gap: 10px; margin: 10px 0; }\n.demo-popup .indicator-level { font-size: 20px; }\n.demo-popup .indicator-icon { width: 22px; height: 22px; }\n.demo-popup .drivers-block { padding: 8px 10px; margin: 8px 0; }\n.demo-popup .driver { min-width: 150px; }\n.demo-banner { background: #FEF3C7; border: 1px solid #F59E0B;\n    color: #92400E; font-size: 10px; line-height: 1.35; padding: 5px 8px;\n    border-radius: 4px; margin-bottom: 8px; text-align: center;\n    font-weight: 600; }\n.demo-netline { font-size: 10px; color: #6b7280; margin-top: 8px;\n    text-align: center; line-height: 1.4; }\n.demo-action { text-align: center; margin-top: 12px; }\n.demo-action a { background: #2563EB; color: #fff; padding: 7px 18px;\n    border-radius: 4px; font-weight: bold; text-decoration: none;\n    display: inline-block; font-size: 11px; letter-spacing: 0.05em; }\n</style><h1>DEMO-20260713-0050</h1><div class=\"meta\">Demo District &middot; 2026-07-13 &middot; Excavator AX &middot; TRENCHING</div>\n<div class=\"indicators\">\n  <div class=\"indicator\">\n    <div class=\"indicator-pill\" style=\"background:#16A34A;\">\n      <svg viewBox=\"0 0 24 24\" width=\"32\" height=\"32\" fill=\"none\" stroke=\"white\" stroke-width=\"2\" stroke-linecap=\"round\" stroke-linejoin=\"round\" class=\"indicator-icon\"><path d=\"m21.73 18-8-14a2 2 0 0 0-3.48 0l-8 14A2 2 0 0 0 4 21h16a2 2 0 0 0 1.73-3\"/><path d=\"M12 9v4\"/><path d=\"M12 17h.01\"/></svg>\n      <div class=\"indicator-body\">\n        <div class=\"indicator-label\">Damage Likelihood</div>\n        <div class=\"indicator-level\">LOW</div>\n        <div class=\"indicator-sublabel\">Bottom 50% of all tickets</div>\n      </div>\n    </div>\n    <div class=\"indicator-context\">Bottom 50% by damage probability</div>\n  </div>\n  <div class=\"indicator\">\n    <div class=\"indicator-pill\" style=\"background:#16A34A;\">\n      <svg viewBox=\"0 0 24 24\" width=\"32\" height=\"32\" fill=\"none\" stroke=\"white\" stroke-width=\"2\" stroke-linecap=\"round\" stroke-linejoin=\"round\" class=\"indicator-icon\"><path d=\"M12 2 L20 5 V11 C 20 16 16 20 12 22 C 8 20 4 16 4 11 V5 Z\"/><path d=\"M12 9 V13\"/><path d=\"M12 17 h.01\"/></svg>\n      <div class=\"indicator-body\">\n        <div class=\"indicator-label\">Impact</div>\n        <div class=\"indicator-level\">LOW</div>\n        <div class=\"indicator-sublabel\">Bottom 68% by consequence</div>\n      </div>\n    </div>\n    <div class=\"indicator-context\">44 services, 5 businesses nearby</div>\n  </div>\n</div>\n\n<div class=\"drivers-block\">\n  <div class=\"drivers-title\">Likelihood Drivers</div>\n  <div class=\"drivers-row\">\n    <div class=\"driver\">\n      <div class=\"driver-pill\" style=\"background:#16A34A;\">\n        <svg viewBox=\"0 0 30 26\" width=\"18\" height=\"18\" fill=\"none\" stroke=\"white\" stroke-width=\"1.4\" stroke-linecap=\"round\" stroke-linejoin=\"round\" class=\"driver-icon\"><rect x=\"2\" y=\"19.5\" width=\"16\" height=\"4.5\" rx=\"2.2\"/><circle cx=\"5.5\" cy=\"21.75\" r=\"1.1\" stroke-width=\"1\"/><circle cx=\"10\" cy=\"21.75\" r=\"1.1\" stroke-width=\"1\"/><circle cx=\"14.5\" cy=\"21.75\" r=\"1.1\" stroke-width=\"1\"/><path d=\"M4.5 18.5 V15 H7.5 V13 H18 V18.5\"/><path d=\"M12 11.5 L19 4 L20.5 5.5 L13.5 13 Z\"/><path d=\"M21.5 4 L27 12 L25.5 13 L20 5 Z\"/><path d=\"M26.5 14 L27 17 Q 26.5 19.5 24 19 L23 16 Z\"/></svg>\n        <div class=\"driver-body\">\n          <div class=\"driver-name\">Excavator History</div>\n          <div class=\"driver-level\">LOW</div>\n        </div>\n      </div>\n      <div class=\"driver-context\">0.1% damage rate (90d, 54 tickets)</div>\n    </div>\n    <div class=\"driver\">\n      <div class=\"driver-pill\" style=\"background:#16A34A;\">\n        <svg viewBox=\"0 0 24 24\" width=\"18\" height=\"18\" fill=\"none\" stroke=\"white\" stroke-width=\"2\" stroke-linecap=\"round\" stroke-linejoin=\"round\" class=\"driver-icon\"><ellipse cx=\"12\" cy=\"5\" rx=\"9\" ry=\"3\"/><path d=\"M3 5v14a9 3 0 0 0 18 0V5\"/></svg>\n        <div class=\"driver-body\">\n          <div class=\"driver-name\">Pipe Vulnerability</div>\n          <div class=\"driver-level\">LOW</div>\n        </div>\n      </div>\n      <div class=\"driver-context\">48-year-old Steel (bottom 52%)</div>\n    </div>\n    <div class=\"driver\">\n      <div class=\"driver-pill\" style=\"background:#DC2626;\">\n        <svg viewBox=\"0 0 24 24\" width=\"18\" height=\"18\" fill=\"none\" stroke=\"white\" stroke-width=\"2\" stroke-linecap=\"round\" stroke-linejoin=\"round\" class=\"driver-icon\"><path d=\"M4 20 L14 10\"/><path d=\"M9 5 L19 15\"/></svg>\n        <div class=\"driver-body\">\n          <div class=\"driver-name\">Work Activity</div>\n          <div class=\"driver-level\">HIGH</div>\n        </div>\n      </div>\n      <div class=\"driver-context\">Trenching with Trencher</div>\n    </div>\n    <div class=\"driver\">\n      <div class=\"driver-pill\" style=\"background:#9CA3AF;\">\n        <svg viewBox=\"0 0 24 24\" width=\"18\" height=\"18\" fill=\"none\" stroke=\"white\" stroke-width=\"2\" stroke-linecap=\"round\" stroke-linejoin=\"round\" class=\"driver-icon\"><path d=\"M3 7V5a2 2 0 0 1 2-2h2\"/><path d=\"M17 3h2a2 2 0 0 1 2 2v2\"/><path d=\"M21 17v2a2 2 0 0 1-2 2h-2\"/><path d=\"M7 21H5a2 2 0 0 1-2-2v-2\"/></svg>\n        <div class=\"driver-body\">\n          <div class=\"driver-name\">Locate Quality</div>\n          <div class=\"driver-level\">PENDING</div>\n        </div>\n      </div>\n      <div class=\"driver-context\">Locator: pending</div>\n    </div>\n  </div>\n</div>\n<div class=\"drivers-block\">\n  <div class=\"drivers-title\">Impact Drivers</div>\n  <div class=\"drivers-row\">\n    <div class=\"driver\">\n      <div class=\"driver-pill\" style=\"background:#F59E0B;\">\n        <svg viewBox=\"0 0 24 24\" width=\"18\" height=\"18\" fill=\"none\" stroke=\"white\" stroke-width=\"2\" stroke-linecap=\"round\" stroke-linejoin=\"round\" class=\"driver-icon\"><path d=\"M3 12 L12 4 L21 12\"/><path d=\"M5 11 V20 H19 V11\"/></svg>\n        <div class=\"driver-body\">\n          <div class=\"driver-name\">Service Disruption</div>\n          <div class=\"driver-level\">MODERATE</div>\n        </div>\n      </div>\n      <div class=\"driver-context\">44 services at risk</div>\n    </div>\n    <div class=\"driver\">\n      <div class=\"driver-pill\" style=\"background:#16A34A;\">\n        <svg viewBox=\"0 0 24 24\" width=\"18\" height=\"18\" fill=\"none\" stroke=\"white\" stroke-width=\"2\" stroke-linecap=\"round\" stroke-linejoin=\"round\" class=\"driver-icon\"><path d=\"M12 7v4\"/><path d=\"M14 21v-3a2 2 0 0 0-4 0v3\"/><path d=\"M14 9h-4\"/><path d=\"M18 11h2a2 2 0 0 1 2 2v6a2 2 0 0 1-2 2H4a2 2 0 0 1-2-2v-9a2 2 0 0 1 2-2h2\"/><path d=\"M18 21V5a2 2 0 0 0-2-2H8a2 2 0 0 0-2 2v16\"/></svg>\n        <div class=\"driver-body\">\n          <div class=\"driver-name\">Critical Facilities</div>\n          <div class=\"driver-level\">LOW</div>\n        </div>\n      </div>\n      <div class=\"driver-context\">None</div>\n    </div>\n    <div class=\"driver\">\n      <div class=\"driver-pill\" style=\"background:#F59E0B;\">\n        <svg viewBox=\"0 0 24 24\" width=\"18\" height=\"18\" fill=\"none\" stroke=\"white\" stroke-width=\"2\" stroke-linecap=\"round\" stroke-linejoin=\"round\" class=\"driver-icon\"><path d=\"M10 12h4\"/><path d=\"M10 8h4\"/><path d=\"M14 21v-3a2 2 0 0 0-4 0v3\"/><path d=\"M6 10H4a2 2 0 0 0-2 2v7a2 2 0 0 0 2 2h16a2 2 0 0 0 2-2V9a2 2 0 0 0-2-2h-2\"/><path d=\"M6 21V5a2 2 0 0 1 2-2h8a2 2 0 0 1 2 2v16\"/></svg>\n        <div class=\"driver-body\">\n          <div class=\"driver-name\">Business District</div>\n          <div class=\"driver-level\">MODERATE</div>\n        </div>\n      </div>\n      <div class=\"driver-context\">5 businesses</div>\n    </div>\n    <div class=\"driver\">\n      <div class=\"driver-pill\" style=\"background:#16A34A;\">\n        <svg viewBox=\"0 0 24 24\" width=\"18\" height=\"18\" fill=\"none\" stroke=\"white\" stroke-width=\"2\" stroke-linecap=\"round\" stroke-linejoin=\"round\" class=\"driver-icon\"><path d=\"M13 2 L3 14 h9 l-1 8 10-12 h-9 z\"/></svg>\n        <div class=\"driver-body\">\n          <div class=\"driver-name\">Transmission Main</div>\n          <div class=\"driver-level\">LOW</div>\n        </div>\n      </div>\n      <div class=\"driver-context\">Distribution only</div>\n    </div>\n  </div>\n</div>\n<div class=\"demo-netline\">25 segments in dig area (18 mains, 7 services) &middot; oldest 48-yr Steel</div><div class=\"demo-action\"><a href=\"https://kartasoft.github.io/excavation-risk-demo/action_form.html?ticket_id=DEMO-20260713-0050&demo=1\" target=\"_blank\" rel=\"noopener\">LOG ACTION</a></div></div>"}}, {"type": "Feature", "geometry": {"type": "Polygon", "coordinates": [[[-82.99986239486695, 39.94559136383826], [-82.99988072518734, 39.94622065140815], [-83.00069831671959, 39.94620653974705], [-83.00067997891757, 39.94557725248999], [-82.99986239486695, 39.94559136383826]]]}, "properties": {"ticket_id": "DEMO-20260713-0051", "priority_level": "HIGH", "likelihood_level": "LOW", "impact_level": "HIGH", "division": "Demo District", "date": "2026-07-13", "excavator_name": "Excavator AY", "work_type": "DIRECTIONAL BORE", "demo_note": "synthetic demo data", "popup_html": "<div class=\"demo-popup\"><style>\n.demo-popup { font-family: -apple-system, BlinkMacSystemFont, 'Segoe UI', sans-serif;\n       color: #333; max-width: 920px; margin: 0 auto; padding: 20px; }\nh1 { color: #2c3e50; font-size: 20px; margin-bottom: 5px; }\n.meta { color: #7f8c8d; font-size: 13px; margin-bottom: 15px; }\n.risk-box { background: #f8f9fa; border-left: 4px solid #888888;\n             padding: 12px 16px; margin: 15px 0; border-radius: 4px; }\n.risk-pct { font-size: 28px; font-weight: bold; color: #888888; }\n.risk-score { font-size: 14px; color: #555; margin-top: 2px; }\n.indicators { display: flex; gap: 20px; margin: 20px 0; justify-content: center; }\n.indicator { flex: 1; max-width: 420px; text-align: center; }\n.indicator-pill { border-radius: 14px; padding: 18px 24px; color: white;\n                  box-shadow: 0 2px 6px rgba(0,0,0,0.12);\n                  display: flex; align-items: center; gap: 14px;\n                  text-align: left; }\n.indicator-icon { flex-shrink: 0; width: 32px; height: 32px; opacity: 0.95; }\n.indicator-body { flex: 1; }\n.indicator-label { font-size: 11px; letter-spacing: 0.1em; opacity: 0.9;\n                   text-transform: uppercase; }\n.indicator-level { font-size: 28px; font-weight: 800; letter-spacing: 0.04em;\n                   margin: 2px 0 2px 0; line-height: 1.1; }\n.indicator-sublabel { font-size: 13px; opacity: 0.95; font-weight: 500; }\n.indicator-context { margin-top: 8px; font-size: 12px; color: #555;\n                     line-height: 1.4; }\n.drivers-block { background: #f9fafb; border: 1px solid #e5e7eb;\n                 border-radius: 8px; padding: 14px 16px; margin: 14px 0; }\n.drivers-title { font-size: 11px; letter-spacing: 0.1em; text-transform: uppercase;\n                 color: #6b7280; font-weight: 700; margin-bottom: 8px; }\n.drivers-row { display: flex; gap: 10px; justify-content: center;\n               flex-wrap: wrap; }\n.driver { flex: 1; min-width: 180px; max-width: 220px; text-align: center; }\n.driver-pill { border-radius: 10px; padding: 10px 12px; color: white;\n               box-shadow: 0 1px 3px rgba(0,0,0,0.10);\n               display: flex; align-items: center; gap: 8px;\n               text-align: left; }\n.driver-pill.gray { background: #9ca3af; }\n.driver-icon { flex-shrink: 0; width: 18px; height: 18px; opacity: 0.95; }\n.driver-body { flex: 1; min-width: 0; }\n.driver-name { font-size: 10px; font-weight: 700; letter-spacing: 0.04em;\n               text-transform: uppercase; opacity: 0.95; white-space: nowrap;\n               overflow: hidden; text-overflow: ellipsis; }\n.driver-level { font-size: 13px; font-weight: 700; margin-top: 1px; }\n.driver-context { margin-top: 5px; font-size: 10px; color: #6b7280;\n                  line-height: 1.3; }\n.section { margin: 20px 0; }\n.section h2 { font-size: 16px; color: #2c3e50; border-bottom: 1px solid #ddd;\n               padding-bottom: 5px; }\n.drivers li { margin: 6px 0; font-size: 13px; line-height: 1.5; }\n.shap-val { color: #888; font-size: 12px; }\ntable { width: 100%; border-collapse: collapse; font-size: 13px; }\nth { background: #ecf0f1; padding: 8px; text-align: left; }\ntd { padding: 6px 8px; border-bottom: 1px solid #eee; }\n.map-container { width: 100%; height: 420px; border: 1px solid #ddd;\n                  border-radius: 4px; overflow: hidden; margin: 10px 0; }\n.footer { color: #aaa; font-size: 11px; margin-top: 30px; text-align: center; }\n\n.demo-popup { max-width: 380px; font-size: 13px; }\n.demo-popup h1 { font-size: 15px; margin: 2px 0 2px; }\n.demo-popup .meta { font-size: 11px; margin-bottom: 8px; }\n.demo-popup .indicators { gap: 10px; margin: 10px 0; }\n.demo-popup .indicator-level { font-size: 20px; }\n.demo-popup .indicator-icon { width: 22px; height: 22px; }\n.demo-popup .drivers-block { padding: 8px 10px; margin: 8px 0; }\n.demo-popup .driver { min-width: 150px; }\n.demo-banner { background: #FEF3C7; border: 1px solid #F59E0B;\n    color: #92400E; font-size: 10px; line-height: 1.35; padding: 5px 8px;\n    border-radius: 4px; margin-bottom: 8px; text-align: center;\n    font-weight: 600; }\n.demo-netline { font-size: 10px; color: #6b7280; margin-top: 8px;\n    text-align: center; line-height: 1.4; }\n.demo-action { text-align: center; margin-top: 12px; }\n.demo-action a { background: #2563EB; color: #fff; padding: 7px 18px;\n    border-radius: 4px; font-weight: bold; text-decoration: none;\n    display: inline-block; font-size: 11px; letter-spacing: 0.05em; }\n</style><h1>DEMO-20260713-0051</h1><div class=\"meta\">Demo District &middot; 2026-07-13 &middot; Excavator AY &middot; DIRECTIONAL BORE</div>\n<div class=\"indicators\">\n  <div class=\"indicator\">\n    <div class=\"indicator-pill\" style=\"background:#16A34A;\">\n      <svg viewBox=\"0 0 24 24\" width=\"32\" height=\"32\" fill=\"none\" stroke=\"white\" stroke-width=\"2\" stroke-linecap=\"round\" stroke-linejoin=\"round\" class=\"indicator-icon\"><path d=\"m21.73 18-8-14a2 2 0 0 0-3.48 0l-8 14A2 2 0 0 0 4 21h16a2 2 0 0 0 1.73-3\"/><path d=\"M12 9v4\"/><path d=\"M12 17h.01\"/></svg>\n      <div class=\"indicator-body\">\n        <div class=\"indicator-label\">Damage Likelihood</div>\n        <div class=\"indicator-level\">LOW</div>\n        <div class=\"indicator-sublabel\">Bottom 52% of all tickets</div>\n      </div>\n    </div>\n    <div class=\"indicator-context\">Bottom 52% by damage probability</div>\n  </div>\n  <div class=\"indicator\">\n    <div class=\"indicator-pill\" style=\"background:#DC2626;\">\n      <svg viewBox=\"0 0 24 24\" width=\"32\" height=\"32\" fill=\"none\" stroke=\"white\" stroke-width=\"2\" stroke-linecap=\"round\" stroke-linejoin=\"round\" class=\"indicator-icon\"><path d=\"M12 2 L20 5 V11 C 20 16 16 20 12 22 C 8 20 4 16 4 11 V5 Z\"/><path d=\"M12 9 V13\"/><path d=\"M12 17 h.01\"/></svg>\n      <div class=\"indicator-body\">\n        <div class=\"indicator-label\">Impact</div>\n        <div class=\"indicator-level\">HIGH</div>\n        <div class=\"indicator-sublabel\">Top 5% by consequence</div>\n      </div>\n    </div>\n    <div class=\"indicator-context\">207 services, 1 daycare center, 21 businesses nearby</div>\n  </div>\n</div>\n\n<div class=\"drivers-block\">\n  <div class=\"drivers-title\">Likelihood Drivers</div>\n  <div class=\"drivers-row\">\n    <div class=\"driver\">\n      <div class=\"driver-pill\" style=\"background:#DC2626;\">\n        <svg viewBox=\"0 0 30 26\" width=\"18\" height=\"18\" fill=\"none\" stroke=\"white\" stroke-width=\"1.4\" stroke-linecap=\"round\" stroke-linejoin=\"round\" class=\"driver-icon\"><rect x=\"2\" y=\"19.5\" width=\"16\" height=\"4.5\" rx=\"2.2\"/><circle cx=\"5.5\" cy=\"21.75\" r=\"1.1\" stroke-width=\"1\"/><circle cx=\"10\" cy=\"21.75\" r=\"1.1\" stroke-width=\"1\"/><circle cx=\"14.5\" cy=\"21.75\" r=\"1.1\" stroke-width=\"1\"/><path d=\"M4.5 18.5 V15 H7.5 V13 H18 V18.5\"/><path d=\"M12 11.5 L19 4 L20.5 5.5 L13.5 13 Z\"/><path d=\"M21.5 4 L27 12 L25.5 13 L20 5 Z\"/><path d=\"M26.5 14 L27 17 Q 26.5 19.5 24 19 L23 16 Z\"/></svg>\n        <div class=\"driver-body\">\n          <div class=\"driver-name\">Excavator History</div>\n          <div class=\"driver-level\">HIGH</div>\n        </div>\n      </div>\n      <div class=\"driver-context\">9.0% damage rate (90d, 819 tickets)</div>\n    </div>\n    <div class=\"driver\">\n      <div class=\"driver-pill\" style=\"background:#16A34A;\">\n        <svg viewBox=\"0 0 24 24\" width=\"18\" height=\"18\" fill=\"none\" stroke=\"white\" stroke-width=\"2\" stroke-linecap=\"round\" stroke-linejoin=\"round\" class=\"driver-icon\"><ellipse cx=\"12\" cy=\"5\" rx=\"9\" ry=\"3\"/><path d=\"M3 5v14a9 3 0 0 0 18 0V5\"/></svg>\n        <div class=\"driver-body\">\n          <div class=\"driver-name\">Pipe Vulnerability</div>\n          <div class=\"driver-level\">LOW</div>\n        </div>\n      </div>\n      <div class=\"driver-context\">40-year-old MDPE (bottom 42%)</div>\n    </div>\n    <div class=\"driver\">\n      <div class=\"driver-pill\" style=\"background:#DC2626;\">\n        <svg viewBox=\"0 0 24 24\" width=\"18\" height=\"18\" fill=\"none\" stroke=\"white\" stroke-width=\"2\" stroke-linecap=\"round\" stroke-linejoin=\"round\" class=\"driver-icon\"><path d=\"M4 20 L14 10\"/><path d=\"M9 5 L19 15\"/></svg>\n        <div class=\"driver-body\">\n          <div class=\"driver-name\">Work Activity</div>\n          <div class=\"driver-level\">HIGH</div>\n        </div>\n      </div>\n      <div class=\"driver-context\">Directional Bore with Directional Drill</div>\n    </div>\n    <div class=\"driver\">\n      <div class=\"driver-pill\" style=\"background:#16A34A;\">\n        <svg viewBox=\"0 0 24 24\" width=\"18\" height=\"18\" fill=\"none\" stroke=\"white\" stroke-width=\"2\" stroke-linecap=\"round\" stroke-linejoin=\"round\" class=\"driver-icon\"><path d=\"M3 7V5a2 2 0 0 1 2-2h2\"/><path d=\"M17 3h2a2 2 0 0 1 2 2v2\"/><path d=\"M21 17v2a2 2 0 0 1-2 2h-2\"/><path d=\"M7 21H5a2 2 0 0 1-2-2v-2\"/></svg>\n        <div class=\"driver-body\">\n          <div class=\"driver-name\">Locate Quality</div>\n          <div class=\"driver-level\">GOOD</div>\n        </div>\n      </div>\n      <div class=\"driver-context\">Locator: Unit AY (clean record)</div>\n    </div>\n  </div>\n</div>\n<div class=\"drivers-block\">\n  <div class=\"drivers-title\">Impact Drivers</div>\n  <div class=\"drivers-row\">\n    <div class=\"driver\">\n      <div class=\"driver-pill\" style=\"background:#DC2626;\">\n        <svg viewBox=\"0 0 24 24\" width=\"18\" height=\"18\" fill=\"none\" stroke=\"white\" stroke-width=\"2\" stroke-linecap=\"round\" stroke-linejoin=\"round\" class=\"driver-icon\"><path d=\"M3 12 L12 4 L21 12\"/><path d=\"M5 11 V20 H19 V11\"/></svg>\n        <div class=\"driver-body\">\n          <div class=\"driver-name\">Service Disruption</div>\n          <div class=\"driver-level\">HIGH</div>\n        </div>\n      </div>\n      <div class=\"driver-context\">207 services at risk</div>\n    </div>\n    <div class=\"driver\">\n      <div class=\"driver-pill\" style=\"background:#F59E0B;\">\n        <svg viewBox=\"0 0 24 24\" width=\"18\" height=\"18\" fill=\"none\" stroke=\"white\" stroke-width=\"2\" stroke-linecap=\"round\" stroke-linejoin=\"round\" class=\"driver-icon\"><path d=\"M12 7v4\"/><path d=\"M14 21v-3a2 2 0 0 0-4 0v3\"/><path d=\"M14 9h-4\"/><path d=\"M18 11h2a2 2 0 0 1 2 2v6a2 2 0 0 1-2 2H4a2 2 0 0 1-2-2v-9a2 2 0 0 1 2-2h2\"/><path d=\"M18 21V5a2 2 0 0 0-2-2H8a2 2 0 0 0-2 2v16\"/></svg>\n        <div class=\"driver-body\">\n          <div class=\"driver-name\">Critical Facilities</div>\n          <div class=\"driver-level\">MODERATE</div>\n        </div>\n      </div>\n      <div class=\"driver-context\">1 daycare center</div>\n    </div>\n    <div class=\"driver\">\n      <div class=\"driver-pill\" style=\"background:#DC2626;\">\n        <svg viewBox=\"0 0 24 24\" width=\"18\" height=\"18\" fill=\"none\" stroke=\"white\" stroke-width=\"2\" stroke-linecap=\"round\" stroke-linejoin=\"round\" class=\"driver-icon\"><path d=\"M10 12h4\"/><path d=\"M10 8h4\"/><path d=\"M14 21v-3a2 2 0 0 0-4 0v3\"/><path d=\"M6 10H4a2 2 0 0 0-2 2v7a2 2 0 0 0 2 2h16a2 2 0 0 0 2-2V9a2 2 0 0 0-2-2h-2\"/><path d=\"M6 21V5a2 2 0 0 1 2-2h8a2 2 0 0 1 2 2v16\"/></svg>\n        <div class=\"driver-body\">\n          <div class=\"driver-name\">Business District</div>\n          <div class=\"driver-level\">HIGH</div>\n        </div>\n      </div>\n      <div class=\"driver-context\">21 businesses</div>\n    </div>\n    <div class=\"driver\">\n      <div class=\"driver-pill\" style=\"background:#16A34A;\">\n        <svg viewBox=\"0 0 24 24\" width=\"18\" height=\"18\" fill=\"none\" stroke=\"white\" stroke-width=\"2\" stroke-linecap=\"round\" stroke-linejoin=\"round\" class=\"driver-icon\"><path d=\"M13 2 L3 14 h9 l-1 8 10-12 h-9 z\"/></svg>\n        <div class=\"driver-body\">\n          <div class=\"driver-name\">Transmission Main</div>\n          <div class=\"driver-level\">LOW</div>\n        </div>\n      </div>\n      <div class=\"driver-context\">Distribution only</div>\n    </div>\n  </div>\n</div>\n<div class=\"demo-netline\">7 segments in dig area (3 mains, 4 services) &middot; oldest 40-yr MDPE</div><div class=\"demo-action\"><a href=\"https://kartasoft.github.io/excavation-risk-demo/action_form.html?ticket_id=DEMO-20260713-0051&demo=1\" target=\"_blank\" rel=\"noopener\">LOG ACTION</a></div></div>"}}, {"type": "Feature", "geometry": {"type": "Polygon", "coordinates": [[[-82.98460612561021, 39.945196723044745], [-82.98466859573512, 39.94735779573343], [-82.98747637815222, 39.947309677697596], [-82.98741381979032, 39.94514860867181], [-82.98460612561021, 39.945196723044745]]]}, "properties": {"ticket_id": "DEMO-20260713-0052", "priority_level": "MODERATE", "likelihood_level": "MODERATE", "impact_level": "MODERATE", "division": "Demo District", "date": "2026-07-13", "excavator_name": "Excavator AZ", "work_type": "GAS SERVICE INSTALL", "demo_note": "synthetic demo data", "popup_html": "<div class=\"demo-popup\"><style>\n.demo-popup { font-family: -apple-system, BlinkMacSystemFont, 'Segoe UI', sans-serif;\n       color: #333; max-width: 920px; margin: 0 auto; padding: 20px; }\nh1 { color: #2c3e50; font-size: 20px; margin-bottom: 5px; }\n.meta { color: #7f8c8d; font-size: 13px; margin-bottom: 15px; }\n.risk-box { background: #f8f9fa; border-left: 4px solid #888888;\n             padding: 12px 16px; margin: 15px 0; border-radius: 4px; }\n.risk-pct { font-size: 28px; font-weight: bold; color: #888888; }\n.risk-score { font-size: 14px; color: #555; margin-top: 2px; }\n.indicators { display: flex; gap: 20px; margin: 20px 0; justify-content: center; }\n.indicator { flex: 1; max-width: 420px; text-align: center; }\n.indicator-pill { border-radius: 14px; padding: 18px 24px; color: white;\n                  box-shadow: 0 2px 6px rgba(0,0,0,0.12);\n                  display: flex; align-items: center; gap: 14px;\n                  text-align: left; }\n.indicator-icon { flex-shrink: 0; width: 32px; height: 32px; opacity: 0.95; }\n.indicator-body { flex: 1; }\n.indicator-label { font-size: 11px; letter-spacing: 0.1em; opacity: 0.9;\n                   text-transform: uppercase; }\n.indicator-level { font-size: 28px; font-weight: 800; letter-spacing: 0.04em;\n                   margin: 2px 0 2px 0; line-height: 1.1; }\n.indicator-sublabel { font-size: 13px; opacity: 0.95; font-weight: 500; }\n.indicator-context { margin-top: 8px; font-size: 12px; color: #555;\n                     line-height: 1.4; }\n.drivers-block { background: #f9fafb; border: 1px solid #e5e7eb;\n                 border-radius: 8px; padding: 14px 16px; margin: 14px 0; }\n.drivers-title { font-size: 11px; letter-spacing: 0.1em; text-transform: uppercase;\n                 color: #6b7280; font-weight: 700; margin-bottom: 8px; }\n.drivers-row { display: flex; gap: 10px; justify-content: center;\n               flex-wrap: wrap; }\n.driver { flex: 1; min-width: 180px; max-width: 220px; text-align: center; }\n.driver-pill { border-radius: 10px; padding: 10px 12px; color: white;\n               box-shadow: 0 1px 3px rgba(0,0,0,0.10);\n               display: flex; align-items: center; gap: 8px;\n               text-align: left; }\n.driver-pill.gray { background: #9ca3af; }\n.driver-icon { flex-shrink: 0; width: 18px; height: 18px; opacity: 0.95; }\n.driver-body { flex: 1; min-width: 0; }\n.driver-name { font-size: 10px; font-weight: 700; letter-spacing: 0.04em;\n               text-transform: uppercase; opacity: 0.95; white-space: nowrap;\n               overflow: hidden; text-overflow: ellipsis; }\n.driver-level { font-size: 13px; font-weight: 700; margin-top: 1px; }\n.driver-context { margin-top: 5px; font-size: 10px; color: #6b7280;\n                  line-height: 1.3; }\n.section { margin: 20px 0; }\n.section h2 { font-size: 16px; color: #2c3e50; border-bottom: 1px solid #ddd;\n               padding-bottom: 5px; }\n.drivers li { margin: 6px 0; font-size: 13px; line-height: 1.5; }\n.shap-val { color: #888; font-size: 12px; }\ntable { width: 100%; border-collapse: collapse; font-size: 13px; }\nth { background: #ecf0f1; padding: 8px; text-align: left; }\ntd { padding: 6px 8px; border-bottom: 1px solid #eee; }\n.map-container { width: 100%; height: 420px; border: 1px solid #ddd;\n                  border-radius: 4px; overflow: hidden; margin: 10px 0; }\n.footer { color: #aaa; font-size: 11px; margin-top: 30px; text-align: center; }\n\n.demo-popup { max-width: 380px; font-size: 13px; }\n.demo-popup h1 { font-size: 15px; margin: 2px 0 2px; }\n.demo-popup .meta { font-size: 11px; margin-bottom: 8px; }\n.demo-popup .indicators { gap: 10px; margin: 10px 0; }\n.demo-popup .indicator-level { font-size: 20px; }\n.demo-popup .indicator-icon { width: 22px; height: 22px; }\n.demo-popup .drivers-block { padding: 8px 10px; margin: 8px 0; }\n.demo-popup .driver { min-width: 150px; }\n.demo-banner { background: #FEF3C7; border: 1px solid #F59E0B;\n    color: #92400E; font-size: 10px; line-height: 1.35; padding: 5px 8px;\n    border-radius: 4px; margin-bottom: 8px; text-align: center;\n    font-weight: 600; }\n.demo-netline { font-size: 10px; color: #6b7280; margin-top: 8px;\n    text-align: center; line-height: 1.4; }\n.demo-action { text-align: center; margin-top: 12px; }\n.demo-action a { background: #2563EB; color: #fff; padding: 7px 18px;\n    border-radius: 4px; font-weight: bold; text-decoration: none;\n    display: inline-block; font-size: 11px; letter-spacing: 0.05em; }\n</style><h1>DEMO-20260713-0052</h1><div class=\"meta\">Demo District &middot; 2026-07-13 &middot; Excavator AZ &middot; GAS SERVICE INSTALL</div>\n<div class=\"indicators\">\n  <div class=\"indicator\">\n    <div class=\"indicator-pill\" style=\"background:#F59E0B;\">\n      <svg viewBox=\"0 0 24 24\" width=\"32\" height=\"32\" fill=\"none\" stroke=\"white\" stroke-width=\"2\" stroke-linecap=\"round\" stroke-linejoin=\"round\" class=\"indicator-icon\"><path d=\"m21.73 18-8-14a2 2 0 0 0-3.48 0l-8 14A2 2 0 0 0 4 21h16a2 2 0 0 0 1.73-3\"/><path d=\"M12 9v4\"/><path d=\"M12 17h.01\"/></svg>\n      <div class=\"indicator-body\">\n        <div class=\"indicator-label\">Damage Likelihood</div>\n        <div class=\"indicator-level\">MODERATE</div>\n        <div class=\"indicator-sublabel\">Top 15% of all tickets</div>\n      </div>\n    </div>\n    <div class=\"indicator-context\">Top 15% by damage probability</div>\n  </div>\n  <div class=\"indicator\">\n    <div class=\"indicator-pill\" style=\"background:#F59E0B;\">\n      <svg viewBox=\"0 0 24 24\" width=\"32\" height=\"32\" fill=\"none\" stroke=\"white\" stroke-width=\"2\" stroke-linecap=\"round\" stroke-linejoin=\"round\" class=\"indicator-icon\"><path d=\"M12 2 L20 5 V11 C 20 16 16 20 12 22 C 8 20 4 16 4 11 V5 Z\"/><path d=\"M12 9 V13\"/><path d=\"M12 17 h.01\"/></svg>\n      <div class=\"indicator-body\">\n        <div class=\"indicator-label\">Impact</div>\n        <div class=\"indicator-level\">MODERATE</div>\n        <div class=\"indicator-sublabel\">Top 13% by consequence</div>\n      </div>\n    </div>\n    <div class=\"indicator-context\">68 businesses nearby</div>\n  </div>\n</div>\n\n<div class=\"drivers-block\">\n  <div class=\"drivers-title\">Likelihood Drivers</div>\n  <div class=\"drivers-row\">\n    <div class=\"driver\">\n      <div class=\"driver-pill\" style=\"background:#16A34A;\">\n        <svg viewBox=\"0 0 30 26\" width=\"18\" height=\"18\" fill=\"none\" stroke=\"white\" stroke-width=\"1.4\" stroke-linecap=\"round\" stroke-linejoin=\"round\" class=\"driver-icon\"><rect x=\"2\" y=\"19.5\" width=\"16\" height=\"4.5\" rx=\"2.2\"/><circle cx=\"5.5\" cy=\"21.75\" r=\"1.1\" stroke-width=\"1\"/><circle cx=\"10\" cy=\"21.75\" r=\"1.1\" stroke-width=\"1\"/><circle cx=\"14.5\" cy=\"21.75\" r=\"1.1\" stroke-width=\"1\"/><path d=\"M4.5 18.5 V15 H7.5 V13 H18 V18.5\"/><path d=\"M12 11.5 L19 4 L20.5 5.5 L13.5 13 Z\"/><path d=\"M21.5 4 L27 12 L25.5 13 L20 5 Z\"/><path d=\"M26.5 14 L27 17 Q 26.5 19.5 24 19 L23 16 Z\"/></svg>\n        <div class=\"driver-body\">\n          <div class=\"driver-name\">Excavator History</div>\n          <div class=\"driver-level\">LOW</div>\n        </div>\n      </div>\n      <div class=\"driver-context\">0.0% damage rate (90d, 257 tickets)</div>\n    </div>\n    <div class=\"driver\">\n      <div class=\"driver-pill\" style=\"background:#DC2626;\">\n        <svg viewBox=\"0 0 24 24\" width=\"18\" height=\"18\" fill=\"none\" stroke=\"white\" stroke-width=\"2\" stroke-linecap=\"round\" stroke-linejoin=\"round\" class=\"driver-icon\"><ellipse cx=\"12\" cy=\"5\" rx=\"9\" ry=\"3\"/><path d=\"M3 5v14a9 3 0 0 0 18 0V5\"/></svg>\n        <div class=\"driver-body\">\n          <div class=\"driver-name\">Pipe Vulnerability</div>\n          <div class=\"driver-level\">HIGH</div>\n        </div>\n      </div>\n      <div class=\"driver-context\">unknown age Steel (top 7%)</div>\n    </div>\n    <div class=\"driver\">\n      <div class=\"driver-pill\" style=\"background:#DC2626;\">\n        <svg viewBox=\"0 0 24 24\" width=\"18\" height=\"18\" fill=\"none\" stroke=\"white\" stroke-width=\"2\" stroke-linecap=\"round\" stroke-linejoin=\"round\" class=\"driver-icon\"><path d=\"M4 20 L14 10\"/><path d=\"M9 5 L19 15\"/></svg>\n        <div class=\"driver-body\">\n          <div class=\"driver-name\">Work Activity</div>\n          <div class=\"driver-level\">HIGH</div>\n        </div>\n      </div>\n      <div class=\"driver-context\">Gas Service Install with Backhoe</div>\n    </div>\n    <div class=\"driver\">\n      <div class=\"driver-pill\" style=\"background:#16A34A;\">\n        <svg viewBox=\"0 0 24 24\" width=\"18\" height=\"18\" fill=\"none\" stroke=\"white\" stroke-width=\"2\" stroke-linecap=\"round\" stroke-linejoin=\"round\" class=\"driver-icon\"><path d=\"M3 7V5a2 2 0 0 1 2-2h2\"/><path d=\"M17 3h2a2 2 0 0 1 2 2v2\"/><path d=\"M21 17v2a2 2 0 0 1-2 2h-2\"/><path d=\"M7 21H5a2 2 0 0 1-2-2v-2\"/></svg>\n        <div class=\"driver-body\">\n          <div class=\"driver-name\">Locate Quality</div>\n          <div class=\"driver-level\">GOOD</div>\n        </div>\n      </div>\n      <div class=\"driver-context\">Locator: Unit AZ (clean record)</div>\n    </div>\n  </div>\n</div>\n<div class=\"drivers-block\">\n  <div class=\"drivers-title\">Impact Drivers</div>\n  <div class=\"drivers-row\">\n    <div class=\"driver\">\n      <div class=\"driver-pill\" style=\"background:#16A34A;\">\n        <svg viewBox=\"0 0 24 24\" width=\"18\" height=\"18\" fill=\"none\" stroke=\"white\" stroke-width=\"2\" stroke-linecap=\"round\" stroke-linejoin=\"round\" class=\"driver-icon\"><path d=\"M3 12 L12 4 L21 12\"/><path d=\"M5 11 V20 H19 V11\"/></svg>\n        <div class=\"driver-body\">\n          <div class=\"driver-name\">Service Disruption</div>\n          <div class=\"driver-level\">LOW</div>\n        </div>\n      </div>\n      <div class=\"driver-context\">No chokepoint</div>\n    </div>\n    <div class=\"driver\">\n      <div class=\"driver-pill\" style=\"background:#16A34A;\">\n        <svg viewBox=\"0 0 24 24\" width=\"18\" height=\"18\" fill=\"none\" stroke=\"white\" stroke-width=\"2\" stroke-linecap=\"round\" stroke-linejoin=\"round\" class=\"driver-icon\"><path d=\"M12 7v4\"/><path d=\"M14 21v-3a2 2 0 0 0-4 0v3\"/><path d=\"M14 9h-4\"/><path d=\"M18 11h2a2 2 0 0 1 2 2v6a2 2 0 0 1-2 2H4a2 2 0 0 1-2-2v-9a2 2 0 0 1 2-2h2\"/><path d=\"M18 21V5a2 2 0 0 0-2-2H8a2 2 0 0 0-2 2v16\"/></svg>\n        <div class=\"driver-body\">\n          <div class=\"driver-name\">Critical Facilities</div>\n          <div class=\"driver-level\">LOW</div>\n        </div>\n      </div>\n      <div class=\"driver-context\">None</div>\n    </div>\n    <div class=\"driver\">\n      <div class=\"driver-pill\" style=\"background:#DC2626;\">\n        <svg viewBox=\"0 0 24 24\" width=\"18\" height=\"18\" fill=\"none\" stroke=\"white\" stroke-width=\"2\" stroke-linecap=\"round\" stroke-linejoin=\"round\" class=\"driver-icon\"><path d=\"M10 12h4\"/><path d=\"M10 8h4\"/><path d=\"M14 21v-3a2 2 0 0 0-4 0v3\"/><path d=\"M6 10H4a2 2 0 0 0-2 2v7a2 2 0 0 0 2 2h16a2 2 0 0 0 2-2V9a2 2 0 0 0-2-2h-2\"/><path d=\"M6 21V5a2 2 0 0 1 2-2h8a2 2 0 0 1 2 2v16\"/></svg>\n        <div class=\"driver-body\">\n          <div class=\"driver-name\">Business District</div>\n          <div class=\"driver-level\">HIGH</div>\n        </div>\n      </div>\n      <div class=\"driver-context\">68 businesses</div>\n    </div>\n    <div class=\"driver\">\n      <div class=\"driver-pill\" style=\"background:#16A34A;\">\n        <svg viewBox=\"0 0 24 24\" width=\"18\" height=\"18\" fill=\"none\" stroke=\"white\" stroke-width=\"2\" stroke-linecap=\"round\" stroke-linejoin=\"round\" class=\"driver-icon\"><path d=\"M13 2 L3 14 h9 l-1 8 10-12 h-9 z\"/></svg>\n        <div class=\"driver-body\">\n          <div class=\"driver-name\">Transmission Main</div>\n          <div class=\"driver-level\">LOW</div>\n        </div>\n      </div>\n      <div class=\"driver-context\">Distribution only</div>\n    </div>\n  </div>\n</div>\n<div class=\"demo-netline\">224 segments in dig area (49 mains, 175 services) &middot; oldest 81-yr Steel</div><div class=\"demo-action\"><a href=\"https://kartasoft.github.io/excavation-risk-demo/action_form.html?ticket_id=DEMO-20260713-0052&demo=1\" target=\"_blank\" rel=\"noopener\">LOG ACTION</a></div></div>"}}, {"type": "Feature", "geometry": {"type": "Polygon", "coordinates": [[[-82.98956904203746, 39.94653298133223], [-82.98963078937665, 39.9486636178808], [-82.99239908082143, 39.94861605808178], [-82.99233724770794, 39.94648542510261], [-82.98956904203746, 39.94653298133223]]]}, "properties": {"ticket_id": "DEMO-20260713-0053", "priority_level": "MODERATE", "likelihood_level": "MODERATE", "impact_level": "MODERATE", "division": "Demo District", "date": "2026-07-13", "excavator_name": "Excavator BA", "work_type": "NEW CONSTRUCTION", "demo_note": "synthetic demo data", "popup_html": "<div class=\"demo-popup\"><style>\n.demo-popup { font-family: -apple-system, BlinkMacSystemFont, 'Segoe UI', sans-serif;\n       color: #333; max-width: 920px; margin: 0 auto; padding: 20px; }\nh1 { color: #2c3e50; font-size: 20px; margin-bottom: 5px; }\n.meta { color: #7f8c8d; font-size: 13px; margin-bottom: 15px; }\n.risk-box { background: #f8f9fa; border-left: 4px solid #888888;\n             padding: 12px 16px; margin: 15px 0; border-radius: 4px; }\n.risk-pct { font-size: 28px; font-weight: bold; color: #888888; }\n.risk-score { font-size: 14px; color: #555; margin-top: 2px; }\n.indicators { display: flex; gap: 20px; margin: 20px 0; justify-content: center; }\n.indicator { flex: 1; max-width: 420px; text-align: center; }\n.indicator-pill { border-radius: 14px; padding: 18px 24px; color: white;\n                  box-shadow: 0 2px 6px rgba(0,0,0,0.12);\n                  display: flex; align-items: center; gap: 14px;\n                  text-align: left; }\n.indicator-icon { flex-shrink: 0; width: 32px; height: 32px; opacity: 0.95; }\n.indicator-body { flex: 1; }\n.indicator-label { font-size: 11px; letter-spacing: 0.1em; opacity: 0.9;\n                   text-transform: uppercase; }\n.indicator-level { font-size: 28px; font-weight: 800; letter-spacing: 0.04em;\n                   margin: 2px 0 2px 0; line-height: 1.1; }\n.indicator-sublabel { font-size: 13px; opacity: 0.95; font-weight: 500; }\n.indicator-context { margin-top: 8px; font-size: 12px; color: #555;\n                     line-height: 1.4; }\n.drivers-block { background: #f9fafb; border: 1px solid #e5e7eb;\n                 border-radius: 8px; padding: 14px 16px; margin: 14px 0; }\n.drivers-title { font-size: 11px; letter-spacing: 0.1em; text-transform: uppercase;\n                 color: #6b7280; font-weight: 700; margin-bottom: 8px; }\n.drivers-row { display: flex; gap: 10px; justify-content: center;\n               flex-wrap: wrap; }\n.driver { flex: 1; min-width: 180px; max-width: 220px; text-align: center; }\n.driver-pill { border-radius: 10px; padding: 10px 12px; color: white;\n               box-shadow: 0 1px 3px rgba(0,0,0,0.10);\n               display: flex; align-items: center; gap: 8px;\n               text-align: left; }\n.driver-pill.gray { background: #9ca3af; }\n.driver-icon { flex-shrink: 0; width: 18px; height: 18px; opacity: 0.95; }\n.driver-body { flex: 1; min-width: 0; }\n.driver-name { font-size: 10px; font-weight: 700; letter-spacing: 0.04em;\n               text-transform: uppercase; opacity: 0.95; white-space: nowrap;\n               overflow: hidden; text-overflow: ellipsis; }\n.driver-level { font-size: 13px; font-weight: 700; margin-top: 1px; }\n.driver-context { margin-top: 5px; font-size: 10px; color: #6b7280;\n                  line-height: 1.3; }\n.section { margin: 20px 0; }\n.section h2 { font-size: 16px; color: #2c3e50; border-bottom: 1px solid #ddd;\n               padding-bottom: 5px; }\n.drivers li { margin: 6px 0; font-size: 13px; line-height: 1.5; }\n.shap-val { color: #888; font-size: 12px; }\ntable { width: 100%; border-collapse: collapse; font-size: 13px; }\nth { background: #ecf0f1; padding: 8px; text-align: left; }\ntd { padding: 6px 8px; border-bottom: 1px solid #eee; }\n.map-container { width: 100%; height: 420px; border: 1px solid #ddd;\n                  border-radius: 4px; overflow: hidden; margin: 10px 0; }\n.footer { color: #aaa; font-size: 11px; margin-top: 30px; text-align: center; }\n\n.demo-popup { max-width: 380px; font-size: 13px; }\n.demo-popup h1 { font-size: 15px; margin: 2px 0 2px; }\n.demo-popup .meta { font-size: 11px; margin-bottom: 8px; }\n.demo-popup .indicators { gap: 10px; margin: 10px 0; }\n.demo-popup .indicator-level { font-size: 20px; }\n.demo-popup .indicator-icon { width: 22px; height: 22px; }\n.demo-popup .drivers-block { padding: 8px 10px; margin: 8px 0; }\n.demo-popup .driver { min-width: 150px; }\n.demo-banner { background: #FEF3C7; border: 1px solid #F59E0B;\n    color: #92400E; font-size: 10px; line-height: 1.35; padding: 5px 8px;\n    border-radius: 4px; margin-bottom: 8px; text-align: center;\n    font-weight: 600; }\n.demo-netline { font-size: 10px; color: #6b7280; margin-top: 8px;\n    text-align: center; line-height: 1.4; }\n.demo-action { text-align: center; margin-top: 12px; }\n.demo-action a { background: #2563EB; color: #fff; padding: 7px 18px;\n    border-radius: 4px; font-weight: bold; text-decoration: none;\n    display: inline-block; font-size: 11px; letter-spacing: 0.05em; }\n</style><h1>DEMO-20260713-0053</h1><div class=\"meta\">Demo District &middot; 2026-07-13 &middot; Excavator BA &middot; NEW CONSTRUCTION</div>\n<div class=\"indicators\">\n  <div class=\"indicator\">\n    <div class=\"indicator-pill\" style=\"background:#F59E0B;\">\n      <svg viewBox=\"0 0 24 24\" width=\"32\" height=\"32\" fill=\"none\" stroke=\"white\" stroke-width=\"2\" stroke-linecap=\"round\" stroke-linejoin=\"round\" class=\"indicator-icon\"><path d=\"m21.73 18-8-14a2 2 0 0 0-3.48 0l-8 14A2 2 0 0 0 4 21h16a2 2 0 0 0 1.73-3\"/><path d=\"M12 9v4\"/><path d=\"M12 17h.01\"/></svg>\n      <div class=\"indicator-body\">\n        <div class=\"indicator-label\">Damage Likelihood</div>\n        <div class=\"indicator-level\">MODERATE</div>\n        <div class=\"indicator-sublabel\">Top 17% of all tickets</div>\n      </div>\n    </div>\n    <div class=\"indicator-context\">Top 17% by damage probability</div>\n  </div>\n  <div class=\"indicator\">\n    <div class=\"indicator-pill\" style=\"background:#F59E0B;\">\n      <svg viewBox=\"0 0 24 24\" width=\"32\" height=\"32\" fill=\"none\" stroke=\"white\" stroke-width=\"2\" stroke-linecap=\"round\" stroke-linejoin=\"round\" class=\"indicator-icon\"><path d=\"M12 2 L20 5 V11 C 20 16 16 20 12 22 C 8 20 4 16 4 11 V5 Z\"/><path d=\"M12 9 V13\"/><path d=\"M12 17 h.01\"/></svg>\n      <div class=\"indicator-body\">\n        <div class=\"indicator-label\">Impact</div>\n        <div class=\"indicator-level\">MODERATE</div>\n        <div class=\"indicator-sublabel\">Top 8% by consequence</div>\n      </div>\n    </div>\n    <div class=\"indicator-context\">1 church, 79 businesses nearby</div>\n  </div>\n</div>\n\n<div class=\"drivers-block\">\n  <div class=\"drivers-title\">Likelihood Drivers</div>\n  <div class=\"drivers-row\">\n    <div class=\"driver\">\n      <div class=\"driver-pill\" style=\"background:#16A34A;\">\n        <svg viewBox=\"0 0 30 26\" width=\"18\" height=\"18\" fill=\"none\" stroke=\"white\" stroke-width=\"1.4\" stroke-linecap=\"round\" stroke-linejoin=\"round\" class=\"driver-icon\"><rect x=\"2\" y=\"19.5\" width=\"16\" height=\"4.5\" rx=\"2.2\"/><circle cx=\"5.5\" cy=\"21.75\" r=\"1.1\" stroke-width=\"1\"/><circle cx=\"10\" cy=\"21.75\" r=\"1.1\" stroke-width=\"1\"/><circle cx=\"14.5\" cy=\"21.75\" r=\"1.1\" stroke-width=\"1\"/><path d=\"M4.5 18.5 V15 H7.5 V13 H18 V18.5\"/><path d=\"M12 11.5 L19 4 L20.5 5.5 L13.5 13 Z\"/><path d=\"M21.5 4 L27 12 L25.5 13 L20 5 Z\"/><path d=\"M26.5 14 L27 17 Q 26.5 19.5 24 19 L23 16 Z\"/></svg>\n        <div class=\"driver-body\">\n          <div class=\"driver-name\">Excavator History</div>\n          <div class=\"driver-level\">LOW</div>\n        </div>\n      </div>\n      <div class=\"driver-context\">1.6% damage rate (90d, 394 tickets)</div>\n    </div>\n    <div class=\"driver\">\n      <div class=\"driver-pill\" style=\"background:#F59E0B;\">\n        <svg viewBox=\"0 0 24 24\" width=\"18\" height=\"18\" fill=\"none\" stroke=\"white\" stroke-width=\"2\" stroke-linecap=\"round\" stroke-linejoin=\"round\" class=\"driver-icon\"><ellipse cx=\"12\" cy=\"5\" rx=\"9\" ry=\"3\"/><path d=\"M3 5v14a9 3 0 0 0 18 0V5\"/></svg>\n        <div class=\"driver-body\">\n          <div class=\"driver-name\">Pipe Vulnerability</div>\n          <div class=\"driver-level\">MODERATE</div>\n        </div>\n      </div>\n      <div class=\"driver-context\">68-year-old Steel (bottom 78%)</div>\n    </div>\n    <div class=\"driver\">\n      <div class=\"driver-pill\" style=\"background:#DC2626;\">\n        <svg viewBox=\"0 0 24 24\" width=\"18\" height=\"18\" fill=\"none\" stroke=\"white\" stroke-width=\"2\" stroke-linecap=\"round\" stroke-linejoin=\"round\" class=\"driver-icon\"><path d=\"M4 20 L14 10\"/><path d=\"M9 5 L19 15\"/></svg>\n        <div class=\"driver-body\">\n          <div class=\"driver-name\">Work Activity</div>\n          <div class=\"driver-level\">HIGH</div>\n        </div>\n      </div>\n      <div class=\"driver-context\">New Construction with Excavator</div>\n    </div>\n    <div class=\"driver\">\n      <div class=\"driver-pill\" style=\"background:#16A34A;\">\n        <svg viewBox=\"0 0 24 24\" width=\"18\" height=\"18\" fill=\"none\" stroke=\"white\" stroke-width=\"2\" stroke-linecap=\"round\" stroke-linejoin=\"round\" class=\"driver-icon\"><path d=\"M3 7V5a2 2 0 0 1 2-2h2\"/><path d=\"M17 3h2a2 2 0 0 1 2 2v2\"/><path d=\"M21 17v2a2 2 0 0 1-2 2h-2\"/><path d=\"M7 21H5a2 2 0 0 1-2-2v-2\"/></svg>\n        <div class=\"driver-body\">\n          <div class=\"driver-name\">Locate Quality</div>\n          <div class=\"driver-level\">GOOD</div>\n        </div>\n      </div>\n      <div class=\"driver-context\">Locator: Unit BA (clean record)</div>\n    </div>\n  </div>\n</div>\n<div class=\"drivers-block\">\n  <div class=\"drivers-title\">Impact Drivers</div>\n  <div class=\"drivers-row\">\n    <div class=\"driver\">\n      <div class=\"driver-pill\" style=\"background:#16A34A;\">\n        <svg viewBox=\"0 0 24 24\" width=\"18\" height=\"18\" fill=\"none\" stroke=\"white\" stroke-width=\"2\" stroke-linecap=\"round\" stroke-linejoin=\"round\" class=\"driver-icon\"><path d=\"M3 12 L12 4 L21 12\"/><path d=\"M5 11 V20 H19 V11\"/></svg>\n        <div class=\"driver-body\">\n          <div class=\"driver-name\">Service Disruption</div>\n          <div class=\"driver-level\">LOW</div>\n        </div>\n      </div>\n      <div class=\"driver-context\">No chokepoint</div>\n    </div>\n    <div class=\"driver\">\n      <div class=\"driver-pill\" style=\"background:#16A34A;\">\n        <svg viewBox=\"0 0 24 24\" width=\"18\" height=\"18\" fill=\"none\" stroke=\"white\" stroke-width=\"2\" stroke-linecap=\"round\" stroke-linejoin=\"round\" class=\"driver-icon\"><path d=\"M12 7v4\"/><path d=\"M14 21v-3a2 2 0 0 0-4 0v3\"/><path d=\"M14 9h-4\"/><path d=\"M18 11h2a2 2 0 0 1 2 2v6a2 2 0 0 1-2 2H4a2 2 0 0 1-2-2v-9a2 2 0 0 1 2-2h2\"/><path d=\"M18 21V5a2 2 0 0 0-2-2H8a2 2 0 0 0-2 2v16\"/></svg>\n        <div class=\"driver-body\">\n          <div class=\"driver-name\">Critical Facilities</div>\n          <div class=\"driver-level\">LOW</div>\n        </div>\n      </div>\n      <div class=\"driver-context\">None</div>\n    </div>\n    <div class=\"driver\">\n      <div class=\"driver-pill\" style=\"background:#DC2626;\">\n        <svg viewBox=\"0 0 24 24\" width=\"18\" height=\"18\" fill=\"none\" stroke=\"white\" stroke-width=\"2\" stroke-linecap=\"round\" stroke-linejoin=\"round\" class=\"driver-icon\"><path d=\"M10 12h4\"/><path d=\"M10 8h4\"/><path d=\"M14 21v-3a2 2 0 0 0-4 0v3\"/><path d=\"M6 10H4a2 2 0 0 0-2 2v7a2 2 0 0 0 2 2h16a2 2 0 0 0 2-2V9a2 2 0 0 0-2-2h-2\"/><path d=\"M6 21V5a2 2 0 0 1 2-2h8a2 2 0 0 1 2 2v16\"/></svg>\n        <div class=\"driver-body\">\n          <div class=\"driver-name\">Business District</div>\n          <div class=\"driver-level\">HIGH</div>\n        </div>\n      </div>\n      <div class=\"driver-context\">79 businesses</div>\n    </div>\n    <div class=\"driver\">\n      <div class=\"driver-pill\" style=\"background:#16A34A;\">\n        <svg viewBox=\"0 0 24 24\" width=\"18\" height=\"18\" fill=\"none\" stroke=\"white\" stroke-width=\"2\" stroke-linecap=\"round\" stroke-linejoin=\"round\" class=\"driver-icon\"><path d=\"M13 2 L3 14 h9 l-1 8 10-12 h-9 z\"/></svg>\n        <div class=\"driver-body\">\n          <div class=\"driver-name\">Transmission Main</div>\n          <div class=\"driver-level\">LOW</div>\n        </div>\n      </div>\n      <div class=\"driver-context\">Distribution only</div>\n    </div>\n  </div>\n</div>\n<div class=\"demo-netline\">247 segments in dig area (55 mains, 192 services) &middot; oldest 68-yr Steel</div><div class=\"demo-action\"><a href=\"https://kartasoft.github.io/excavation-risk-demo/action_form.html?ticket_id=DEMO-20260713-0053&demo=1\" target=\"_blank\" rel=\"noopener\">LOG ACTION</a></div></div>"}}, {"type": "Feature", "geometry": {"type": "Polygon", "coordinates": [[[-82.98602919846908, 39.95667688903803], [-82.98607894040765, 39.95839572970489], [-82.98831251499729, 39.95835742784195], [-82.98826271720797, 39.95663858949396], [-82.98602919846908, 39.95667688903803]]]}, "properties": {"ticket_id": "DEMO-20260713-0054", "priority_level": "LOW", "likelihood_level": "LOW", "impact_level": "LOW", "division": "Demo District", "date": "2026-07-13", "excavator_name": "Excavator BB", "work_type": "WATER LINE INSTALL", "demo_note": "synthetic demo data", "popup_html": "<div class=\"demo-popup\"><style>\n.demo-popup { font-family: -apple-system, BlinkMacSystemFont, 'Segoe UI', sans-serif;\n       color: #333; max-width: 920px; margin: 0 auto; padding: 20px; }\nh1 { color: #2c3e50; font-size: 20px; margin-bottom: 5px; }\n.meta { color: #7f8c8d; font-size: 13px; margin-bottom: 15px; }\n.risk-box { background: #f8f9fa; border-left: 4px solid #888888;\n             padding: 12px 16px; margin: 15px 0; border-radius: 4px; }\n.risk-pct { font-size: 28px; font-weight: bold; color: #888888; }\n.risk-score { font-size: 14px; color: #555; margin-top: 2px; }\n.indicators { display: flex; gap: 20px; margin: 20px 0; justify-content: center; }\n.indicator { flex: 1; max-width: 420px; text-align: center; }\n.indicator-pill { border-radius: 14px; padding: 18px 24px; color: white;\n                  box-shadow: 0 2px 6px rgba(0,0,0,0.12);\n                  display: flex; align-items: center; gap: 14px;\n                  text-align: left; }\n.indicator-icon { flex-shrink: 0; width: 32px; height: 32px; opacity: 0.95; }\n.indicator-body { flex: 1; }\n.indicator-label { font-size: 11px; letter-spacing: 0.1em; opacity: 0.9;\n                   text-transform: uppercase; }\n.indicator-level { font-size: 28px; font-weight: 800; letter-spacing: 0.04em;\n                   margin: 2px 0 2px 0; line-height: 1.1; }\n.indicator-sublabel { font-size: 13px; opacity: 0.95; font-weight: 500; }\n.indicator-context { margin-top: 8px; font-size: 12px; color: #555;\n                     line-height: 1.4; }\n.drivers-block { background: #f9fafb; border: 1px solid #e5e7eb;\n                 border-radius: 8px; padding: 14px 16px; margin: 14px 0; }\n.drivers-title { font-size: 11px; letter-spacing: 0.1em; text-transform: uppercase;\n                 color: #6b7280; font-weight: 700; margin-bottom: 8px; }\n.drivers-row { display: flex; gap: 10px; justify-content: center;\n               flex-wrap: wrap; }\n.driver { flex: 1; min-width: 180px; max-width: 220px; text-align: center; }\n.driver-pill { border-radius: 10px; padding: 10px 12px; color: white;\n               box-shadow: 0 1px 3px rgba(0,0,0,0.10);\n               display: flex; align-items: center; gap: 8px;\n               text-align: left; }\n.driver-pill.gray { background: #9ca3af; }\n.driver-icon { flex-shrink: 0; width: 18px; height: 18px; opacity: 0.95; }\n.driver-body { flex: 1; min-width: 0; }\n.driver-name { font-size: 10px; font-weight: 700; letter-spacing: 0.04em;\n               text-transform: uppercase; opacity: 0.95; white-space: nowrap;\n               overflow: hidden; text-overflow: ellipsis; }\n.driver-level { font-size: 13px; font-weight: 700; margin-top: 1px; }\n.driver-context { margin-top: 5px; font-size: 10px; color: #6b7280;\n                  line-height: 1.3; }\n.section { margin: 20px 0; }\n.section h2 { font-size: 16px; color: #2c3e50; border-bottom: 1px solid #ddd;\n               padding-bottom: 5px; }\n.drivers li { margin: 6px 0; font-size: 13px; line-height: 1.5; }\n.shap-val { color: #888; font-size: 12px; }\ntable { width: 100%; border-collapse: collapse; font-size: 13px; }\nth { background: #ecf0f1; padding: 8px; text-align: left; }\ntd { padding: 6px 8px; border-bottom: 1px solid #eee; }\n.map-container { width: 100%; height: 420px; border: 1px solid #ddd;\n                  border-radius: 4px; overflow: hidden; margin: 10px 0; }\n.footer { color: #aaa; font-size: 11px; margin-top: 30px; text-align: center; }\n\n.demo-popup { max-width: 380px; font-size: 13px; }\n.demo-popup h1 { font-size: 15px; margin: 2px 0 2px; }\n.demo-popup .meta { font-size: 11px; margin-bottom: 8px; }\n.demo-popup .indicators { gap: 10px; margin: 10px 0; }\n.demo-popup .indicator-level { font-size: 20px; }\n.demo-popup .indicator-icon { width: 22px; height: 22px; }\n.demo-popup .drivers-block { padding: 8px 10px; margin: 8px 0; }\n.demo-popup .driver { min-width: 150px; }\n.demo-banner { background: #FEF3C7; border: 1px solid #F59E0B;\n    color: #92400E; font-size: 10px; line-height: 1.35; padding: 5px 8px;\n    border-radius: 4px; margin-bottom: 8px; text-align: center;\n    font-weight: 600; }\n.demo-netline { font-size: 10px; color: #6b7280; margin-top: 8px;\n    text-align: center; line-height: 1.4; }\n.demo-action { text-align: center; margin-top: 12px; }\n.demo-action a { background: #2563EB; color: #fff; padding: 7px 18px;\n    border-radius: 4px; font-weight: bold; text-decoration: none;\n    display: inline-block; font-size: 11px; letter-spacing: 0.05em; }\n</style><h1>DEMO-20260713-0054</h1><div class=\"meta\">Demo District &middot; 2026-07-13 &middot; Excavator BB &middot; WATER LINE INSTALL</div>\n<div class=\"indicators\">\n  <div class=\"indicator\">\n    <div class=\"indicator-pill\" style=\"background:#16A34A;\">\n      <svg viewBox=\"0 0 24 24\" width=\"32\" height=\"32\" fill=\"none\" stroke=\"white\" stroke-width=\"2\" stroke-linecap=\"round\" stroke-linejoin=\"round\" class=\"indicator-icon\"><path d=\"m21.73 18-8-14a2 2 0 0 0-3.48 0l-8 14A2 2 0 0 0 4 21h16a2 2 0 0 0 1.73-3\"/><path d=\"M12 9v4\"/><path d=\"M12 17h.01\"/></svg>\n      <div class=\"indicator-body\">\n        <div class=\"indicator-label\">Damage Likelihood</div>\n        <div class=\"indicator-level\">LOW</div>\n        <div class=\"indicator-sublabel\">Bottom 72% of all tickets</div>\n      </div>\n    </div>\n    <div class=\"indicator-context\">Bottom 72% by damage probability</div>\n  </div>\n  <div class=\"indicator\">\n    <div class=\"indicator-pill\" style=\"background:#16A34A;\">\n      <svg viewBox=\"0 0 24 24\" width=\"32\" height=\"32\" fill=\"none\" stroke=\"white\" stroke-width=\"2\" stroke-linecap=\"round\" stroke-linejoin=\"round\" class=\"indicator-icon\"><path d=\"M12 2 L20 5 V11 C 20 16 16 20 12 22 C 8 20 4 16 4 11 V5 Z\"/><path d=\"M12 9 V13\"/><path d=\"M12 17 h.01\"/></svg>\n      <div class=\"indicator-body\">\n        <div class=\"indicator-label\">Impact</div>\n        <div class=\"indicator-level\">LOW</div>\n        <div class=\"indicator-sublabel\">Bottom 47% by consequence</div>\n      </div>\n    </div>\n    <div class=\"indicator-context\">8 businesses nearby</div>\n  </div>\n</div>\n\n<div class=\"drivers-block\">\n  <div class=\"drivers-title\">Likelihood Drivers</div>\n  <div class=\"drivers-row\">\n    <div class=\"driver\">\n      <div class=\"driver-pill\" style=\"background:#F59E0B;\">\n        <svg viewBox=\"0 0 30 26\" width=\"18\" height=\"18\" fill=\"none\" stroke=\"white\" stroke-width=\"1.4\" stroke-linecap=\"round\" stroke-linejoin=\"round\" class=\"driver-icon\"><rect x=\"2\" y=\"19.5\" width=\"16\" height=\"4.5\" rx=\"2.2\"/><circle cx=\"5.5\" cy=\"21.75\" r=\"1.1\" stroke-width=\"1\"/><circle cx=\"10\" cy=\"21.75\" r=\"1.1\" stroke-width=\"1\"/><circle cx=\"14.5\" cy=\"21.75\" r=\"1.1\" stroke-width=\"1\"/><path d=\"M4.5 18.5 V15 H7.5 V13 H18 V18.5\"/><path d=\"M12 11.5 L19 4 L20.5 5.5 L13.5 13 Z\"/><path d=\"M21.5 4 L27 12 L25.5 13 L20 5 Z\"/><path d=\"M26.5 14 L27 17 Q 26.5 19.5 24 19 L23 16 Z\"/></svg>\n        <div class=\"driver-body\">\n          <div class=\"driver-name\">Excavator History</div>\n          <div class=\"driver-level\">MODERATE</div>\n        </div>\n      </div>\n      <div class=\"driver-context\">2.7% damage rate (90d, 329 tickets)</div>\n    </div>\n    <div class=\"driver\">\n      <div class=\"driver-pill\" style=\"background:#F59E0B;\">\n        <svg viewBox=\"0 0 24 24\" width=\"18\" height=\"18\" fill=\"none\" stroke=\"white\" stroke-width=\"2\" stroke-linecap=\"round\" stroke-linejoin=\"round\" class=\"driver-icon\"><ellipse cx=\"12\" cy=\"5\" rx=\"9\" ry=\"3\"/><path d=\"M3 5v14a9 3 0 0 0 18 0V5\"/></svg>\n        <div class=\"driver-body\">\n          <div class=\"driver-name\">Pipe Vulnerability</div>\n          <div class=\"driver-level\">MODERATE</div>\n        </div>\n      </div>\n      <div class=\"driver-context\">71-year-old Steel (top 18%)</div>\n    </div>\n    <div class=\"driver\">\n      <div class=\"driver-pill\" style=\"background:#DC2626;\">\n        <svg viewBox=\"0 0 24 24\" width=\"18\" height=\"18\" fill=\"none\" stroke=\"white\" stroke-width=\"2\" stroke-linecap=\"round\" stroke-linejoin=\"round\" class=\"driver-icon\"><path d=\"M4 20 L14 10\"/><path d=\"M9 5 L19 15\"/></svg>\n        <div class=\"driver-body\">\n          <div class=\"driver-name\">Work Activity</div>\n          <div class=\"driver-level\">HIGH</div>\n        </div>\n      </div>\n      <div class=\"driver-context\">Water Line Install with Backhoe</div>\n    </div>\n    <div class=\"driver\">\n      <div class=\"driver-pill\" style=\"background:#16A34A;\">\n        <svg viewBox=\"0 0 24 24\" width=\"18\" height=\"18\" fill=\"none\" stroke=\"white\" stroke-width=\"2\" stroke-linecap=\"round\" stroke-linejoin=\"round\" class=\"driver-icon\"><path d=\"M3 7V5a2 2 0 0 1 2-2h2\"/><path d=\"M17 3h2a2 2 0 0 1 2 2v2\"/><path d=\"M21 17v2a2 2 0 0 1-2 2h-2\"/><path d=\"M7 21H5a2 2 0 0 1-2-2v-2\"/></svg>\n        <div class=\"driver-body\">\n          <div class=\"driver-name\">Locate Quality</div>\n          <div class=\"driver-level\">GOOD</div>\n        </div>\n      </div>\n      <div class=\"driver-context\">Locator: Unit BB (clean record)</div>\n    </div>\n  </div>\n</div>\n<div class=\"drivers-block\">\n  <div class=\"drivers-title\">Impact Drivers</div>\n  <div class=\"drivers-row\">\n    <div class=\"driver\">\n      <div class=\"driver-pill\" style=\"background:#16A34A;\">\n        <svg viewBox=\"0 0 24 24\" width=\"18\" height=\"18\" fill=\"none\" stroke=\"white\" stroke-width=\"2\" stroke-linecap=\"round\" stroke-linejoin=\"round\" class=\"driver-icon\"><path d=\"M3 12 L12 4 L21 12\"/><path d=\"M5 11 V20 H19 V11\"/></svg>\n        <div class=\"driver-body\">\n          <div class=\"driver-name\">Service Disruption</div>\n          <div class=\"driver-level\">LOW</div>\n        </div>\n      </div>\n      <div class=\"driver-context\">No chokepoint</div>\n    </div>\n    <div class=\"driver\">\n      <div class=\"driver-pill\" style=\"background:#16A34A;\">\n        <svg viewBox=\"0 0 24 24\" width=\"18\" height=\"18\" fill=\"none\" stroke=\"white\" stroke-width=\"2\" stroke-linecap=\"round\" stroke-linejoin=\"round\" class=\"driver-icon\"><path d=\"M12 7v4\"/><path d=\"M14 21v-3a2 2 0 0 0-4 0v3\"/><path d=\"M14 9h-4\"/><path d=\"M18 11h2a2 2 0 0 1 2 2v6a2 2 0 0 1-2 2H4a2 2 0 0 1-2-2v-9a2 2 0 0 1 2-2h2\"/><path d=\"M18 21V5a2 2 0 0 0-2-2H8a2 2 0 0 0-2 2v16\"/></svg>\n        <div class=\"driver-body\">\n          <div class=\"driver-name\">Critical Facilities</div>\n          <div class=\"driver-level\">LOW</div>\n        </div>\n      </div>\n      <div class=\"driver-context\">None</div>\n    </div>\n    <div class=\"driver\">\n      <div class=\"driver-pill\" style=\"background:#F59E0B;\">\n        <svg viewBox=\"0 0 24 24\" width=\"18\" height=\"18\" fill=\"none\" stroke=\"white\" stroke-width=\"2\" stroke-linecap=\"round\" stroke-linejoin=\"round\" class=\"driver-icon\"><path d=\"M10 12h4\"/><path d=\"M10 8h4\"/><path d=\"M14 21v-3a2 2 0 0 0-4 0v3\"/><path d=\"M6 10H4a2 2 0 0 0-2 2v7a2 2 0 0 0 2 2h16a2 2 0 0 0 2-2V9a2 2 0 0 0-2-2h-2\"/><path d=\"M6 21V5a2 2 0 0 1 2-2h8a2 2 0 0 1 2 2v16\"/></svg>\n        <div class=\"driver-body\">\n          <div class=\"driver-name\">Business District</div>\n          <div class=\"driver-level\">MODERATE</div>\n        </div>\n      </div>\n      <div class=\"driver-context\">8 businesses</div>\n    </div>\n    <div class=\"driver\">\n      <div class=\"driver-pill\" style=\"background:#16A34A;\">\n        <svg viewBox=\"0 0 24 24\" width=\"18\" height=\"18\" fill=\"none\" stroke=\"white\" stroke-width=\"2\" stroke-linecap=\"round\" stroke-linejoin=\"round\" class=\"driver-icon\"><path d=\"M13 2 L3 14 h9 l-1 8 10-12 h-9 z\"/></svg>\n        <div class=\"driver-body\">\n          <div class=\"driver-name\">Transmission Main</div>\n          <div class=\"driver-level\">LOW</div>\n        </div>\n      </div>\n      <div class=\"driver-context\">Distribution only</div>\n    </div>\n  </div>\n</div>\n<div class=\"demo-netline\">20 segments in dig area (9 mains, 11 services) &middot; oldest 71-yr Steel</div><div class=\"demo-action\"><a href=\"https://kartasoft.github.io/excavation-risk-demo/action_form.html?ticket_id=DEMO-20260713-0054&demo=1\" target=\"_blank\" rel=\"noopener\">LOG ACTION</a></div></div>"}}, {"type": "Feature", "geometry": {"type": "Polygon", "coordinates": [[[-83.00501804743404, 39.944400427405775], [-83.00502330639046, 39.94458051461545], [-83.00525727615316, 39.94457646652771], [-83.00525201658408, 39.9443963793437], [-83.00501804743404, 39.944400427405775]]]}, "properties": {"ticket_id": "DEMO-20260713-0055", "priority_level": "LOW", "likelihood_level": "LOW", "impact_level": "LOW", "division": "Demo District", "date": "2026-07-13", "excavator_name": "Excavator BC", "work_type": "FIBER INSTALL", "demo_note": "synthetic demo data", "popup_html": "<div class=\"demo-popup\"><style>\n.demo-popup { font-family: -apple-system, BlinkMacSystemFont, 'Segoe UI', sans-serif;\n       color: #333; max-width: 920px; margin: 0 auto; padding: 20px; }\nh1 { color: #2c3e50; font-size: 20px; margin-bottom: 5px; }\n.meta { color: #7f8c8d; font-size: 13px; margin-bottom: 15px; }\n.risk-box { background: #f8f9fa; border-left: 4px solid #888888;\n             padding: 12px 16px; margin: 15px 0; border-radius: 4px; }\n.risk-pct { font-size: 28px; font-weight: bold; color: #888888; }\n.risk-score { font-size: 14px; color: #555; margin-top: 2px; }\n.indicators { display: flex; gap: 20px; margin: 20px 0; justify-content: center; }\n.indicator { flex: 1; max-width: 420px; text-align: center; }\n.indicator-pill { border-radius: 14px; padding: 18px 24px; color: white;\n                  box-shadow: 0 2px 6px rgba(0,0,0,0.12);\n                  display: flex; align-items: center; gap: 14px;\n                  text-align: left; }\n.indicator-icon { flex-shrink: 0; width: 32px; height: 32px; opacity: 0.95; }\n.indicator-body { flex: 1; }\n.indicator-label { font-size: 11px; letter-spacing: 0.1em; opacity: 0.9;\n                   text-transform: uppercase; }\n.indicator-level { font-size: 28px; font-weight: 800; letter-spacing: 0.04em;\n                   margin: 2px 0 2px 0; line-height: 1.1; }\n.indicator-sublabel { font-size: 13px; opacity: 0.95; font-weight: 500; }\n.indicator-context { margin-top: 8px; font-size: 12px; color: #555;\n                     line-height: 1.4; }\n.drivers-block { background: #f9fafb; border: 1px solid #e5e7eb;\n                 border-radius: 8px; padding: 14px 16px; margin: 14px 0; }\n.drivers-title { font-size: 11px; letter-spacing: 0.1em; text-transform: uppercase;\n                 color: #6b7280; font-weight: 700; margin-bottom: 8px; }\n.drivers-row { display: flex; gap: 10px; justify-content: center;\n               flex-wrap: wrap; }\n.driver { flex: 1; min-width: 180px; max-width: 220px; text-align: center; }\n.driver-pill { border-radius: 10px; padding: 10px 12px; color: white;\n               box-shadow: 0 1px 3px rgba(0,0,0,0.10);\n               display: flex; align-items: center; gap: 8px;\n               text-align: left; }\n.driver-pill.gray { background: #9ca3af; }\n.driver-icon { flex-shrink: 0; width: 18px; height: 18px; opacity: 0.95; }\n.driver-body { flex: 1; min-width: 0; }\n.driver-name { font-size: 10px; font-weight: 700; letter-spacing: 0.04em;\n               text-transform: uppercase; opacity: 0.95; white-space: nowrap;\n               overflow: hidden; text-overflow: ellipsis; }\n.driver-level { font-size: 13px; font-weight: 700; margin-top: 1px; }\n.driver-context { margin-top: 5px; font-size: 10px; color: #6b7280;\n                  line-height: 1.3; }\n.section { margin: 20px 0; }\n.section h2 { font-size: 16px; color: #2c3e50; border-bottom: 1px solid #ddd;\n               padding-bottom: 5px; }\n.drivers li { margin: 6px 0; font-size: 13px; line-height: 1.5; }\n.shap-val { color: #888; font-size: 12px; }\ntable { width: 100%; border-collapse: collapse; font-size: 13px; }\nth { background: #ecf0f1; padding: 8px; text-align: left; }\ntd { padding: 6px 8px; border-bottom: 1px solid #eee; }\n.map-container { width: 100%; height: 420px; border: 1px solid #ddd;\n                  border-radius: 4px; overflow: hidden; margin: 10px 0; }\n.footer { color: #aaa; font-size: 11px; margin-top: 30px; text-align: center; }\n\n.demo-popup { max-width: 380px; font-size: 13px; }\n.demo-popup h1 { font-size: 15px; margin: 2px 0 2px; }\n.demo-popup .meta { font-size: 11px; margin-bottom: 8px; }\n.demo-popup .indicators { gap: 10px; margin: 10px 0; }\n.demo-popup .indicator-level { font-size: 20px; }\n.demo-popup .indicator-icon { width: 22px; height: 22px; }\n.demo-popup .drivers-block { padding: 8px 10px; margin: 8px 0; }\n.demo-popup .driver { min-width: 150px; }\n.demo-banner { background: #FEF3C7; border: 1px solid #F59E0B;\n    color: #92400E; font-size: 10px; line-height: 1.35; padding: 5px 8px;\n    border-radius: 4px; margin-bottom: 8px; text-align: center;\n    font-weight: 600; }\n.demo-netline { font-size: 10px; color: #6b7280; margin-top: 8px;\n    text-align: center; line-height: 1.4; }\n.demo-action { text-align: center; margin-top: 12px; }\n.demo-action a { background: #2563EB; color: #fff; padding: 7px 18px;\n    border-radius: 4px; font-weight: bold; text-decoration: none;\n    display: inline-block; font-size: 11px; letter-spacing: 0.05em; }\n</style><h1>DEMO-20260713-0055</h1><div class=\"meta\">Demo District &middot; 2026-07-13 &middot; Excavator BC &middot; FIBER INSTALL</div>\n<div class=\"indicators\">\n  <div class=\"indicator\">\n    <div class=\"indicator-pill\" style=\"background:#16A34A;\">\n      <svg viewBox=\"0 0 24 24\" width=\"32\" height=\"32\" fill=\"none\" stroke=\"white\" stroke-width=\"2\" stroke-linecap=\"round\" stroke-linejoin=\"round\" class=\"indicator-icon\"><path d=\"m21.73 18-8-14a2 2 0 0 0-3.48 0l-8 14A2 2 0 0 0 4 21h16a2 2 0 0 0 1.73-3\"/><path d=\"M12 9v4\"/><path d=\"M12 17h.01\"/></svg>\n      <div class=\"indicator-body\">\n        <div class=\"indicator-label\">Damage Likelihood</div>\n        <div class=\"indicator-level\">LOW</div>\n        <div class=\"indicator-sublabel\">Bottom 58% of all tickets</div>\n      </div>\n    </div>\n    <div class=\"indicator-context\">Bottom 58% by damage probability</div>\n  </div>\n  <div class=\"indicator\">\n    <div class=\"indicator-pill\" style=\"background:#16A34A;\">\n      <svg viewBox=\"0 0 24 24\" width=\"32\" height=\"32\" fill=\"none\" stroke=\"white\" stroke-width=\"2\" stroke-linecap=\"round\" stroke-linejoin=\"round\" class=\"indicator-icon\"><path d=\"M12 2 L20 5 V11 C 20 16 16 20 12 22 C 8 20 4 16 4 11 V5 Z\"/><path d=\"M12 9 V13\"/><path d=\"M12 17 h.01\"/></svg>\n      <div class=\"indicator-body\">\n        <div class=\"indicator-label\">Impact</div>\n        <div class=\"indicator-level\">LOW</div>\n        <div class=\"indicator-sublabel\">Bottom 12% by consequence</div>\n      </div>\n    </div>\n    <div class=\"indicator-context\">1 business nearby</div>\n  </div>\n</div>\n\n<div class=\"drivers-block\">\n  <div class=\"drivers-title\">Likelihood Drivers</div>\n  <div class=\"drivers-row\">\n    <div class=\"driver\">\n      <div class=\"driver-pill\" style=\"background:#F59E0B;\">\n        <svg viewBox=\"0 0 30 26\" width=\"18\" height=\"18\" fill=\"none\" stroke=\"white\" stroke-width=\"1.4\" stroke-linecap=\"round\" stroke-linejoin=\"round\" class=\"driver-icon\"><rect x=\"2\" y=\"19.5\" width=\"16\" height=\"4.5\" rx=\"2.2\"/><circle cx=\"5.5\" cy=\"21.75\" r=\"1.1\" stroke-width=\"1\"/><circle cx=\"10\" cy=\"21.75\" r=\"1.1\" stroke-width=\"1\"/><circle cx=\"14.5\" cy=\"21.75\" r=\"1.1\" stroke-width=\"1\"/><path d=\"M4.5 18.5 V15 H7.5 V13 H18 V18.5\"/><path d=\"M12 11.5 L19 4 L20.5 5.5 L13.5 13 Z\"/><path d=\"M21.5 4 L27 12 L25.5 13 L20 5 Z\"/><path d=\"M26.5 14 L27 17 Q 26.5 19.5 24 19 L23 16 Z\"/></svg>\n        <div class=\"driver-body\">\n          <div class=\"driver-name\">Excavator History</div>\n          <div class=\"driver-level\">MODERATE</div>\n        </div>\n      </div>\n      <div class=\"driver-context\">2.4% damage rate (90d, 850 tickets)</div>\n    </div>\n    <div class=\"driver\">\n      <div class=\"driver-pill\" style=\"background:#16A34A;\">\n        <svg viewBox=\"0 0 24 24\" width=\"18\" height=\"18\" fill=\"none\" stroke=\"white\" stroke-width=\"2\" stroke-linecap=\"round\" stroke-linejoin=\"round\" class=\"driver-icon\"><ellipse cx=\"12\" cy=\"5\" rx=\"9\" ry=\"3\"/><path d=\"M3 5v14a9 3 0 0 0 18 0V5\"/></svg>\n        <div class=\"driver-body\">\n          <div class=\"driver-name\">Pipe Vulnerability</div>\n          <div class=\"driver-level\">LOW</div>\n        </div>\n      </div>\n      <div class=\"driver-context\">51-year-old Steel (bottom 57%)</div>\n    </div>\n    <div class=\"driver\">\n      <div class=\"driver-pill\" style=\"background:#16A34A;\">\n        <svg viewBox=\"0 0 24 24\" width=\"18\" height=\"18\" fill=\"none\" stroke=\"white\" stroke-width=\"2\" stroke-linecap=\"round\" stroke-linejoin=\"round\" class=\"driver-icon\"><path d=\"M4 20 L14 10\"/><path d=\"M9 5 L19 15\"/></svg>\n        <div class=\"driver-body\">\n          <div class=\"driver-name\">Work Activity</div>\n          <div class=\"driver-level\">LOW</div>\n        </div>\n      </div>\n      <div class=\"driver-context\">Fiber Install with Vibratory Plow</div>\n    </div>\n    <div class=\"driver\">\n      <div class=\"driver-pill\" style=\"background:#F59E0B;\">\n        <svg viewBox=\"0 0 24 24\" width=\"18\" height=\"18\" fill=\"none\" stroke=\"white\" stroke-width=\"2\" stroke-linecap=\"round\" stroke-linejoin=\"round\" class=\"driver-icon\"><path d=\"M3 7V5a2 2 0 0 1 2-2h2\"/><path d=\"M17 3h2a2 2 0 0 1 2 2v2\"/><path d=\"M21 17v2a2 2 0 0 1-2 2h-2\"/><path d=\"M7 21H5a2 2 0 0 1-2-2v-2\"/></svg>\n        <div class=\"driver-body\">\n          <div class=\"driver-name\">Locate Quality</div>\n          <div class=\"driver-level\">WATCH</div>\n        </div>\n      </div>\n      <div class=\"driver-context\">Locator: Unit BC (mixed record)</div>\n    </div>\n  </div>\n</div>\n<div class=\"drivers-block\">\n  <div class=\"drivers-title\">Impact Drivers</div>\n  <div class=\"drivers-row\">\n    <div class=\"driver\">\n      <div class=\"driver-pill\" style=\"background:#16A34A;\">\n        <svg viewBox=\"0 0 24 24\" width=\"18\" height=\"18\" fill=\"none\" stroke=\"white\" stroke-width=\"2\" stroke-linecap=\"round\" stroke-linejoin=\"round\" class=\"driver-icon\"><path d=\"M3 12 L12 4 L21 12\"/><path d=\"M5 11 V20 H19 V11\"/></svg>\n        <div class=\"driver-body\">\n          <div class=\"driver-name\">Service Disruption</div>\n          <div class=\"driver-level\">LOW</div>\n        </div>\n      </div>\n      <div class=\"driver-context\">No chokepoint</div>\n    </div>\n    <div class=\"driver\">\n      <div class=\"driver-pill\" style=\"background:#16A34A;\">\n        <svg viewBox=\"0 0 24 24\" width=\"18\" height=\"18\" fill=\"none\" stroke=\"white\" stroke-width=\"2\" stroke-linecap=\"round\" stroke-linejoin=\"round\" class=\"driver-icon\"><path d=\"M12 7v4\"/><path d=\"M14 21v-3a2 2 0 0 0-4 0v3\"/><path d=\"M14 9h-4\"/><path d=\"M18 11h2a2 2 0 0 1 2 2v6a2 2 0 0 1-2 2H4a2 2 0 0 1-2-2v-9a2 2 0 0 1 2-2h2\"/><path d=\"M18 21V5a2 2 0 0 0-2-2H8a2 2 0 0 0-2 2v16\"/></svg>\n        <div class=\"driver-body\">\n          <div class=\"driver-name\">Critical Facilities</div>\n          <div class=\"driver-level\">LOW</div>\n        </div>\n      </div>\n      <div class=\"driver-context\">None</div>\n    </div>\n    <div class=\"driver\">\n      <div class=\"driver-pill\" style=\"background:#F59E0B;\">\n        <svg viewBox=\"0 0 24 24\" width=\"18\" height=\"18\" fill=\"none\" stroke=\"white\" stroke-width=\"2\" stroke-linecap=\"round\" stroke-linejoin=\"round\" class=\"driver-icon\"><path d=\"M10 12h4\"/><path d=\"M10 8h4\"/><path d=\"M14 21v-3a2 2 0 0 0-4 0v3\"/><path d=\"M6 10H4a2 2 0 0 0-2 2v7a2 2 0 0 0 2 2h16a2 2 0 0 0 2-2V9a2 2 0 0 0-2-2h-2\"/><path d=\"M6 21V5a2 2 0 0 1 2-2h8a2 2 0 0 1 2 2v16\"/></svg>\n        <div class=\"driver-body\">\n          <div class=\"driver-name\">Business District</div>\n          <div class=\"driver-level\">MODERATE</div>\n        </div>\n      </div>\n      <div class=\"driver-context\">1 business</div>\n    </div>\n    <div class=\"driver\">\n      <div class=\"driver-pill\" style=\"background:#16A34A;\">\n        <svg viewBox=\"0 0 24 24\" width=\"18\" height=\"18\" fill=\"none\" stroke=\"white\" stroke-width=\"2\" stroke-linecap=\"round\" stroke-linejoin=\"round\" class=\"driver-icon\"><path d=\"M13 2 L3 14 h9 l-1 8 10-12 h-9 z\"/></svg>\n        <div class=\"driver-body\">\n          <div class=\"driver-name\">Transmission Main</div>\n          <div class=\"driver-level\">LOW</div>\n        </div>\n      </div>\n      <div class=\"driver-context\">Distribution only</div>\n    </div>\n  </div>\n</div>\n<div class=\"demo-netline\">1 segments in dig area (1 mains, 0 services) &middot; oldest 51-yr Steel</div><div class=\"demo-action\"><a href=\"https://kartasoft.github.io/excavation-risk-demo/action_form.html?ticket_id=DEMO-20260713-0055&demo=1\" target=\"_blank\" rel=\"noopener\">LOG ACTION</a></div></div>"}}, {"type": "Feature", "geometry": {"type": "Polygon", "coordinates": [[[-82.99182644629133, 39.94809340754215], [-82.99183167134443, 39.94827349608696], [-82.99206565557199, 39.94826947431358], [-82.99206042990609, 39.9480893857943], [-82.99182644629133, 39.94809340754215]]]}, "properties": {"ticket_id": "DEMO-20260713-0056", "priority_level": "MODERATE", "likelihood_level": "LOW", "impact_level": "MODERATE", "division": "Demo District", "date": "2026-07-13", "excavator_name": "Excavator BD", "work_type": "AUGER BORE", "demo_note": "synthetic demo data", "popup_html": "<div class=\"demo-popup\"><style>\n.demo-popup { font-family: -apple-system, BlinkMacSystemFont, 'Segoe UI', sans-serif;\n       color: #333; max-width: 920px; margin: 0 auto; padding: 20px; }\nh1 { color: #2c3e50; font-size: 20px; margin-bottom: 5px; }\n.meta { color: #7f8c8d; font-size: 13px; margin-bottom: 15px; }\n.risk-box { background: #f8f9fa; border-left: 4px solid #888888;\n             padding: 12px 16px; margin: 15px 0; border-radius: 4px; }\n.risk-pct { font-size: 28px; font-weight: bold; color: #888888; }\n.risk-score { font-size: 14px; color: #555; margin-top: 2px; }\n.indicators { display: flex; gap: 20px; margin: 20px 0; justify-content: center; }\n.indicator { flex: 1; max-width: 420px; text-align: center; }\n.indicator-pill { border-radius: 14px; padding: 18px 24px; color: white;\n                  box-shadow: 0 2px 6px rgba(0,0,0,0.12);\n                  display: flex; align-items: center; gap: 14px;\n                  text-align: left; }\n.indicator-icon { flex-shrink: 0; width: 32px; height: 32px; opacity: 0.95; }\n.indicator-body { flex: 1; }\n.indicator-label { font-size: 11px; letter-spacing: 0.1em; opacity: 0.9;\n                   text-transform: uppercase; }\n.indicator-level { font-size: 28px; font-weight: 800; letter-spacing: 0.04em;\n                   margin: 2px 0 2px 0; line-height: 1.1; }\n.indicator-sublabel { font-size: 13px; opacity: 0.95; font-weight: 500; }\n.indicator-context { margin-top: 8px; font-size: 12px; color: #555;\n                     line-height: 1.4; }\n.drivers-block { background: #f9fafb; border: 1px solid #e5e7eb;\n                 border-radius: 8px; padding: 14px 16px; margin: 14px 0; }\n.drivers-title { font-size: 11px; letter-spacing: 0.1em; text-transform: uppercase;\n                 color: #6b7280; font-weight: 700; margin-bottom: 8px; }\n.drivers-row { display: flex; gap: 10px; justify-content: center;\n               flex-wrap: wrap; }\n.driver { flex: 1; min-width: 180px; max-width: 220px; text-align: center; }\n.driver-pill { border-radius: 10px; padding: 10px 12px; color: white;\n               box-shadow: 0 1px 3px rgba(0,0,0,0.10);\n               display: flex; align-items: center; gap: 8px;\n               text-align: left; }\n.driver-pill.gray { background: #9ca3af; }\n.driver-icon { flex-shrink: 0; width: 18px; height: 18px; opacity: 0.95; }\n.driver-body { flex: 1; min-width: 0; }\n.driver-name { font-size: 10px; font-weight: 700; letter-spacing: 0.04em;\n               text-transform: uppercase; opacity: 0.95; white-space: nowrap;\n               overflow: hidden; text-overflow: ellipsis; }\n.driver-level { font-size: 13px; font-weight: 700; margin-top: 1px; }\n.driver-context { margin-top: 5px; font-size: 10px; color: #6b7280;\n                  line-height: 1.3; }\n.section { margin: 20px 0; }\n.section h2 { font-size: 16px; color: #2c3e50; border-bottom: 1px solid #ddd;\n               padding-bottom: 5px; }\n.drivers li { margin: 6px 0; font-size: 13px; line-height: 1.5; }\n.shap-val { color: #888; font-size: 12px; }\ntable { width: 100%; border-collapse: collapse; font-size: 13px; }\nth { background: #ecf0f1; padding: 8px; text-align: left; }\ntd { padding: 6px 8px; border-bottom: 1px solid #eee; }\n.map-container { width: 100%; height: 420px; border: 1px solid #ddd;\n                  border-radius: 4px; overflow: hidden; margin: 10px 0; }\n.footer { color: #aaa; font-size: 11px; margin-top: 30px; text-align: center; }\n\n.demo-popup { max-width: 380px; font-size: 13px; }\n.demo-popup h1 { font-size: 15px; margin: 2px 0 2px; }\n.demo-popup .meta { font-size: 11px; margin-bottom: 8px; }\n.demo-popup .indicators { gap: 10px; margin: 10px 0; }\n.demo-popup .indicator-level { font-size: 20px; }\n.demo-popup .indicator-icon { width: 22px; height: 22px; }\n.demo-popup .drivers-block { padding: 8px 10px; margin: 8px 0; }\n.demo-popup .driver { min-width: 150px; }\n.demo-banner { background: #FEF3C7; border: 1px solid #F59E0B;\n    color: #92400E; font-size: 10px; line-height: 1.35; padding: 5px 8px;\n    border-radius: 4px; margin-bottom: 8px; text-align: center;\n    font-weight: 600; }\n.demo-netline { font-size: 10px; color: #6b7280; margin-top: 8px;\n    text-align: center; line-height: 1.4; }\n.demo-action { text-align: center; margin-top: 12px; }\n.demo-action a { background: #2563EB; color: #fff; padding: 7px 18px;\n    border-radius: 4px; font-weight: bold; text-decoration: none;\n    display: inline-block; font-size: 11px; letter-spacing: 0.05em; }\n</style><h1>DEMO-20260713-0056</h1><div class=\"meta\">Demo District &middot; 2026-07-13 &middot; Excavator BD &middot; AUGER BORE</div>\n<div class=\"indicators\">\n  <div class=\"indicator\">\n    <div class=\"indicator-pill\" style=\"background:#16A34A;\">\n      <svg viewBox=\"0 0 24 24\" width=\"32\" height=\"32\" fill=\"none\" stroke=\"white\" stroke-width=\"2\" stroke-linecap=\"round\" stroke-linejoin=\"round\" class=\"indicator-icon\"><path d=\"m21.73 18-8-14a2 2 0 0 0-3.48 0l-8 14A2 2 0 0 0 4 21h16a2 2 0 0 0 1.73-3\"/><path d=\"M12 9v4\"/><path d=\"M12 17h.01\"/></svg>\n      <div class=\"indicator-body\">\n        <div class=\"indicator-label\">Damage Likelihood</div>\n        <div class=\"indicator-level\">LOW</div>\n        <div class=\"indicator-sublabel\">Bottom 47% of all tickets</div>\n      </div>\n    </div>\n    <div class=\"indicator-context\">Bottom 47% by damage probability</div>\n  </div>\n  <div class=\"indicator\">\n    <div class=\"indicator-pill\" style=\"background:#F59E0B;\">\n      <svg viewBox=\"0 0 24 24\" width=\"32\" height=\"32\" fill=\"none\" stroke=\"white\" stroke-width=\"2\" stroke-linecap=\"round\" stroke-linejoin=\"round\" class=\"indicator-icon\"><path d=\"M12 2 L20 5 V11 C 20 16 16 20 12 22 C 8 20 4 16 4 11 V5 Z\"/><path d=\"M12 9 V13\"/><path d=\"M12 17 h.01\"/></svg>\n      <div class=\"indicator-body\">\n        <div class=\"indicator-label\">Impact</div>\n        <div class=\"indicator-level\">MODERATE</div>\n        <div class=\"indicator-sublabel\">Top 12% by consequence</div>\n      </div>\n    </div>\n    <div class=\"indicator-context\">71 businesses nearby</div>\n  </div>\n</div>\n\n<div class=\"drivers-block\">\n  <div class=\"drivers-title\">Likelihood Drivers</div>\n  <div class=\"drivers-row\">\n    <div class=\"driver\">\n      <div class=\"driver-pill\" style=\"background:#F59E0B;\">\n        <svg viewBox=\"0 0 30 26\" width=\"18\" height=\"18\" fill=\"none\" stroke=\"white\" stroke-width=\"1.4\" stroke-linecap=\"round\" stroke-linejoin=\"round\" class=\"driver-icon\"><rect x=\"2\" y=\"19.5\" width=\"16\" height=\"4.5\" rx=\"2.2\"/><circle cx=\"5.5\" cy=\"21.75\" r=\"1.1\" stroke-width=\"1\"/><circle cx=\"10\" cy=\"21.75\" r=\"1.1\" stroke-width=\"1\"/><circle cx=\"14.5\" cy=\"21.75\" r=\"1.1\" stroke-width=\"1\"/><path d=\"M4.5 18.5 V15 H7.5 V13 H18 V18.5\"/><path d=\"M12 11.5 L19 4 L20.5 5.5 L13.5 13 Z\"/><path d=\"M21.5 4 L27 12 L25.5 13 L20 5 Z\"/><path d=\"M26.5 14 L27 17 Q 26.5 19.5 24 19 L23 16 Z\"/></svg>\n        <div class=\"driver-body\">\n          <div class=\"driver-name\">Excavator History</div>\n          <div class=\"driver-level\">MODERATE</div>\n        </div>\n      </div>\n      <div class=\"driver-context\">3.6% damage rate (90d, 161 tickets)</div>\n    </div>\n    <div class=\"driver\">\n      <div class=\"driver-pill\" style=\"background:#16A34A;\">\n        <svg viewBox=\"0 0 24 24\" width=\"18\" height=\"18\" fill=\"none\" stroke=\"white\" stroke-width=\"2\" stroke-linecap=\"round\" stroke-linejoin=\"round\" class=\"driver-icon\"><ellipse cx=\"12\" cy=\"5\" rx=\"9\" ry=\"3\"/><path d=\"M3 5v14a9 3 0 0 0 18 0V5\"/></svg>\n        <div class=\"driver-body\">\n          <div class=\"driver-name\">Pipe Vulnerability</div>\n          <div class=\"driver-level\">LOW</div>\n        </div>\n      </div>\n      <div class=\"driver-context\">38-year-old MDPE (bottom 36%)</div>\n    </div>\n    <div class=\"driver\">\n      <div class=\"driver-pill\" style=\"background:#DC2626;\">\n        <svg viewBox=\"0 0 24 24\" width=\"18\" height=\"18\" fill=\"none\" stroke=\"white\" stroke-width=\"2\" stroke-linecap=\"round\" stroke-linejoin=\"round\" class=\"driver-icon\"><path d=\"M4 20 L14 10\"/><path d=\"M9 5 L19 15\"/></svg>\n        <div class=\"driver-body\">\n          <div class=\"driver-name\">Work Activity</div>\n          <div class=\"driver-level\">HIGH</div>\n        </div>\n      </div>\n      <div class=\"driver-context\">Auger Bore with Auger</div>\n    </div>\n    <div class=\"driver\">\n      <div class=\"driver-pill\" style=\"background:#16A34A;\">\n        <svg viewBox=\"0 0 24 24\" width=\"18\" height=\"18\" fill=\"none\" stroke=\"white\" stroke-width=\"2\" stroke-linecap=\"round\" stroke-linejoin=\"round\" class=\"driver-icon\"><path d=\"M3 7V5a2 2 0 0 1 2-2h2\"/><path d=\"M17 3h2a2 2 0 0 1 2 2v2\"/><path d=\"M21 17v2a2 2 0 0 1-2 2h-2\"/><path d=\"M7 21H5a2 2 0 0 1-2-2v-2\"/></svg>\n        <div class=\"driver-body\">\n          <div class=\"driver-name\">Locate Quality</div>\n          <div class=\"driver-level\">GOOD</div>\n        </div>\n      </div>\n      <div class=\"driver-context\">Locator: Unit BD (clean record)</div>\n    </div>\n  </div>\n</div>\n<div class=\"drivers-block\">\n  <div class=\"drivers-title\">Impact Drivers</div>\n  <div class=\"drivers-row\">\n    <div class=\"driver\">\n      <div class=\"driver-pill\" style=\"background:#16A34A;\">\n        <svg viewBox=\"0 0 24 24\" width=\"18\" height=\"18\" fill=\"none\" stroke=\"white\" stroke-width=\"2\" stroke-linecap=\"round\" stroke-linejoin=\"round\" class=\"driver-icon\"><path d=\"M3 12 L12 4 L21 12\"/><path d=\"M5 11 V20 H19 V11\"/></svg>\n        <div class=\"driver-body\">\n          <div class=\"driver-name\">Service Disruption</div>\n          <div class=\"driver-level\">LOW</div>\n        </div>\n      </div>\n      <div class=\"driver-context\">No chokepoint</div>\n    </div>\n    <div class=\"driver\">\n      <div class=\"driver-pill\" style=\"background:#16A34A;\">\n        <svg viewBox=\"0 0 24 24\" width=\"18\" height=\"18\" fill=\"none\" stroke=\"white\" stroke-width=\"2\" stroke-linecap=\"round\" stroke-linejoin=\"round\" class=\"driver-icon\"><path d=\"M12 7v4\"/><path d=\"M14 21v-3a2 2 0 0 0-4 0v3\"/><path d=\"M14 9h-4\"/><path d=\"M18 11h2a2 2 0 0 1 2 2v6a2 2 0 0 1-2 2H4a2 2 0 0 1-2-2v-9a2 2 0 0 1 2-2h2\"/><path d=\"M18 21V5a2 2 0 0 0-2-2H8a2 2 0 0 0-2 2v16\"/></svg>\n        <div class=\"driver-body\">\n          <div class=\"driver-name\">Critical Facilities</div>\n          <div class=\"driver-level\">LOW</div>\n        </div>\n      </div>\n      <div class=\"driver-context\">None</div>\n    </div>\n    <div class=\"driver\">\n      <div class=\"driver-pill\" style=\"background:#DC2626;\">\n        <svg viewBox=\"0 0 24 24\" width=\"18\" height=\"18\" fill=\"none\" stroke=\"white\" stroke-width=\"2\" stroke-linecap=\"round\" stroke-linejoin=\"round\" class=\"driver-icon\"><path d=\"M10 12h4\"/><path d=\"M10 8h4\"/><path d=\"M14 21v-3a2 2 0 0 0-4 0v3\"/><path d=\"M6 10H4a2 2 0 0 0-2 2v7a2 2 0 0 0 2 2h16a2 2 0 0 0 2-2V9a2 2 0 0 0-2-2h-2\"/><path d=\"M6 21V5a2 2 0 0 1 2-2h8a2 2 0 0 1 2 2v16\"/></svg>\n        <div class=\"driver-body\">\n          <div class=\"driver-name\">Business District</div>\n          <div class=\"driver-level\">HIGH</div>\n        </div>\n      </div>\n      <div class=\"driver-context\">71 businesses</div>\n    </div>\n    <div class=\"driver\">\n      <div class=\"driver-pill\" style=\"background:#16A34A;\">\n        <svg viewBox=\"0 0 24 24\" width=\"18\" height=\"18\" fill=\"none\" stroke=\"white\" stroke-width=\"2\" stroke-linecap=\"round\" stroke-linejoin=\"round\" class=\"driver-icon\"><path d=\"M13 2 L3 14 h9 l-1 8 10-12 h-9 z\"/></svg>\n        <div class=\"driver-body\">\n          <div class=\"driver-name\">Transmission Main</div>\n          <div class=\"driver-level\">LOW</div>\n        </div>\n      </div>\n      <div class=\"driver-context\">Distribution only</div>\n    </div>\n  </div>\n</div>\n<div class=\"demo-netline\">11 segments in dig area (2 mains, 9 services) &middot; oldest 38-yr MDPE</div><div class=\"demo-action\"><a href=\"https://kartasoft.github.io/excavation-risk-demo/action_form.html?ticket_id=DEMO-20260713-0056&demo=1\" target=\"_blank\" rel=\"noopener\">LOG ACTION</a></div></div>"}}, {"type": "Feature", "geometry": {"type": "Polygon", "coordinates": [[[-83.00906590835169, 39.95912276095223], [-83.00911623851991, 39.96084182028049], [-83.01135017776757, 39.96080306711749], [-83.0112997917291, 39.9590840101357], [-83.00906590835169, 39.95912276095223]]]}, "properties": {"ticket_id": "DEMO-20260713-0057", "priority_level": "LOW", "likelihood_level": "LOW", "impact_level": "LOW", "division": "Demo District", "date": "2026-07-13", "excavator_name": "Excavator BE", "work_type": "DIRECTIONAL BORE", "demo_note": "synthetic demo data", "popup_html": "<div class=\"demo-popup\"><style>\n.demo-popup { font-family: -apple-system, BlinkMacSystemFont, 'Segoe UI', sans-serif;\n       color: #333; max-width: 920px; margin: 0 auto; padding: 20px; }\nh1 { color: #2c3e50; font-size: 20px; margin-bottom: 5px; }\n.meta { color: #7f8c8d; font-size: 13px; margin-bottom: 15px; }\n.risk-box { background: #f8f9fa; border-left: 4px solid #888888;\n             padding: 12px 16px; margin: 15px 0; border-radius: 4px; }\n.risk-pct { font-size: 28px; font-weight: bold; color: #888888; }\n.risk-score { font-size: 14px; color: #555; margin-top: 2px; }\n.indicators { display: flex; gap: 20px; margin: 20px 0; justify-content: center; }\n.indicator { flex: 1; max-width: 420px; text-align: center; }\n.indicator-pill { border-radius: 14px; padding: 18px 24px; color: white;\n                  box-shadow: 0 2px 6px rgba(0,0,0,0.12);\n                  display: flex; align-items: center; gap: 14px;\n                  text-align: left; }\n.indicator-icon { flex-shrink: 0; width: 32px; height: 32px; opacity: 0.95; }\n.indicator-body { flex: 1; }\n.indicator-label { font-size: 11px; letter-spacing: 0.1em; opacity: 0.9;\n                   text-transform: uppercase; }\n.indicator-level { font-size: 28px; font-weight: 800; letter-spacing: 0.04em;\n                   margin: 2px 0 2px 0; line-height: 1.1; }\n.indicator-sublabel { font-size: 13px; opacity: 0.95; font-weight: 500; }\n.indicator-context { margin-top: 8px; font-size: 12px; color: #555;\n                     line-height: 1.4; }\n.drivers-block { background: #f9fafb; border: 1px solid #e5e7eb;\n                 border-radius: 8px; padding: 14px 16px; margin: 14px 0; }\n.drivers-title { font-size: 11px; letter-spacing: 0.1em; text-transform: uppercase;\n                 color: #6b7280; font-weight: 700; margin-bottom: 8px; }\n.drivers-row { display: flex; gap: 10px; justify-content: center;\n               flex-wrap: wrap; }\n.driver { flex: 1; min-width: 180px; max-width: 220px; text-align: center; }\n.driver-pill { border-radius: 10px; padding: 10px 12px; color: white;\n               box-shadow: 0 1px 3px rgba(0,0,0,0.10);\n               display: flex; align-items: center; gap: 8px;\n               text-align: left; }\n.driver-pill.gray { background: #9ca3af; }\n.driver-icon { flex-shrink: 0; width: 18px; height: 18px; opacity: 0.95; }\n.driver-body { flex: 1; min-width: 0; }\n.driver-name { font-size: 10px; font-weight: 700; letter-spacing: 0.04em;\n               text-transform: uppercase; opacity: 0.95; white-space: nowrap;\n               overflow: hidden; text-overflow: ellipsis; }\n.driver-level { font-size: 13px; font-weight: 700; margin-top: 1px; }\n.driver-context { margin-top: 5px; font-size: 10px; color: #6b7280;\n                  line-height: 1.3; }\n.section { margin: 20px 0; }\n.section h2 { font-size: 16px; color: #2c3e50; border-bottom: 1px solid #ddd;\n               padding-bottom: 5px; }\n.drivers li { margin: 6px 0; font-size: 13px; line-height: 1.5; }\n.shap-val { color: #888; font-size: 12px; }\ntable { width: 100%; border-collapse: collapse; font-size: 13px; }\nth { background: #ecf0f1; padding: 8px; text-align: left; }\ntd { padding: 6px 8px; border-bottom: 1px solid #eee; }\n.map-container { width: 100%; height: 420px; border: 1px solid #ddd;\n                  border-radius: 4px; overflow: hidden; margin: 10px 0; }\n.footer { color: #aaa; font-size: 11px; margin-top: 30px; text-align: center; }\n\n.demo-popup { max-width: 380px; font-size: 13px; }\n.demo-popup h1 { font-size: 15px; margin: 2px 0 2px; }\n.demo-popup .meta { font-size: 11px; margin-bottom: 8px; }\n.demo-popup .indicators { gap: 10px; margin: 10px 0; }\n.demo-popup .indicator-level { font-size: 20px; }\n.demo-popup .indicator-icon { width: 22px; height: 22px; }\n.demo-popup .drivers-block { padding: 8px 10px; margin: 8px 0; }\n.demo-popup .driver { min-width: 150px; }\n.demo-banner { background: #FEF3C7; border: 1px solid #F59E0B;\n    color: #92400E; font-size: 10px; line-height: 1.35; padding: 5px 8px;\n    border-radius: 4px; margin-bottom: 8px; text-align: center;\n    font-weight: 600; }\n.demo-netline { font-size: 10px; color: #6b7280; margin-top: 8px;\n    text-align: center; line-height: 1.4; }\n.demo-action { text-align: center; margin-top: 12px; }\n.demo-action a { background: #2563EB; color: #fff; padding: 7px 18px;\n    border-radius: 4px; font-weight: bold; text-decoration: none;\n    display: inline-block; font-size: 11px; letter-spacing: 0.05em; }\n</style><h1>DEMO-20260713-0057</h1><div class=\"meta\">Demo District &middot; 2026-07-13 &middot; Excavator BE &middot; DIRECTIONAL BORE</div>\n<div class=\"indicators\">\n  <div class=\"indicator\">\n    <div class=\"indicator-pill\" style=\"background:#16A34A;\">\n      <svg viewBox=\"0 0 24 24\" width=\"32\" height=\"32\" fill=\"none\" stroke=\"white\" stroke-width=\"2\" stroke-linecap=\"round\" stroke-linejoin=\"round\" class=\"indicator-icon\"><path d=\"m21.73 18-8-14a2 2 0 0 0-3.48 0l-8 14A2 2 0 0 0 4 21h16a2 2 0 0 0 1.73-3\"/><path d=\"M12 9v4\"/><path d=\"M12 17h.01\"/></svg>\n      <div class=\"indicator-body\">\n        <div class=\"indicator-label\">Damage Likelihood</div>\n        <div class=\"indicator-level\">LOW</div>\n        <div class=\"indicator-sublabel\">Bottom 43% of all tickets</div>\n      </div>\n    </div>\n    <div class=\"indicator-context\">Bottom 43% by damage probability</div>\n  </div>\n  <div class=\"indicator\">\n    <div class=\"indicator-pill\" style=\"background:#16A34A;\">\n      <svg viewBox=\"0 0 24 24\" width=\"32\" height=\"32\" fill=\"none\" stroke=\"white\" stroke-width=\"2\" stroke-linecap=\"round\" stroke-linejoin=\"round\" class=\"indicator-icon\"><path d=\"M12 2 L20 5 V11 C 20 16 16 20 12 22 C 8 20 4 16 4 11 V5 Z\"/><path d=\"M12 9 V13\"/><path d=\"M12 17 h.01\"/></svg>\n      <div class=\"indicator-body\">\n        <div class=\"indicator-label\">Impact</div>\n        <div class=\"indicator-level\">LOW</div>\n        <div class=\"indicator-sublabel\">Bottom 67% by consequence</div>\n      </div>\n    </div>\n    <div class=\"indicator-context\">2 businesses nearby, near transmission</div>\n  </div>\n</div>\n\n<div class=\"drivers-block\">\n  <div class=\"drivers-title\">Likelihood Drivers</div>\n  <div class=\"drivers-row\">\n    <div class=\"driver\">\n      <div class=\"driver-pill\" style=\"background:#9CA3AF;\">\n        <svg viewBox=\"0 0 30 26\" width=\"18\" height=\"18\" fill=\"none\" stroke=\"white\" stroke-width=\"1.4\" stroke-linecap=\"round\" stroke-linejoin=\"round\" class=\"driver-icon\"><rect x=\"2\" y=\"19.5\" width=\"16\" height=\"4.5\" rx=\"2.2\"/><circle cx=\"5.5\" cy=\"21.75\" r=\"1.1\" stroke-width=\"1\"/><circle cx=\"10\" cy=\"21.75\" r=\"1.1\" stroke-width=\"1\"/><circle cx=\"14.5\" cy=\"21.75\" r=\"1.1\" stroke-width=\"1\"/><path d=\"M4.5 18.5 V15 H7.5 V13 H18 V18.5\"/><path d=\"M12 11.5 L19 4 L20.5 5.5 L13.5 13 Z\"/><path d=\"M21.5 4 L27 12 L25.5 13 L20 5 Z\"/><path d=\"M26.5 14 L27 17 Q 26.5 19.5 24 19 L23 16 Z\"/></svg>\n        <div class=\"driver-body\">\n          <div class=\"driver-name\">Excavator History</div>\n          <div class=\"driver-level\">NEW</div>\n        </div>\n      </div>\n      <div class=\"driver-context\">New excavator (< 20 lifetime tickets)</div>\n    </div>\n    <div class=\"driver\">\n      <div class=\"driver-pill\" style=\"background:#16A34A;\">\n        <svg viewBox=\"0 0 24 24\" width=\"18\" height=\"18\" fill=\"none\" stroke=\"white\" stroke-width=\"2\" stroke-linecap=\"round\" stroke-linejoin=\"round\" class=\"driver-icon\"><ellipse cx=\"12\" cy=\"5\" rx=\"9\" ry=\"3\"/><path d=\"M3 5v14a9 3 0 0 0 18 0V5\"/></svg>\n        <div class=\"driver-body\">\n          <div class=\"driver-name\">Pipe Vulnerability</div>\n          <div class=\"driver-level\">LOW</div>\n        </div>\n      </div>\n      <div class=\"driver-context\">41-year-old MDPE (bottom 44%)</div>\n    </div>\n    <div class=\"driver\">\n      <div class=\"driver-pill\" style=\"background:#DC2626;\">\n        <svg viewBox=\"0 0 24 24\" width=\"18\" height=\"18\" fill=\"none\" stroke=\"white\" stroke-width=\"2\" stroke-linecap=\"round\" stroke-linejoin=\"round\" class=\"driver-icon\"><path d=\"M4 20 L14 10\"/><path d=\"M9 5 L19 15\"/></svg>\n        <div class=\"driver-body\">\n          <div class=\"driver-name\">Work Activity</div>\n          <div class=\"driver-level\">HIGH</div>\n        </div>\n      </div>\n      <div class=\"driver-context\">Directional Bore with Directional Drill</div>\n    </div>\n    <div class=\"driver\">\n      <div class=\"driver-pill\" style=\"background:#16A34A;\">\n        <svg viewBox=\"0 0 24 24\" width=\"18\" height=\"18\" fill=\"none\" stroke=\"white\" stroke-width=\"2\" stroke-linecap=\"round\" stroke-linejoin=\"round\" class=\"driver-icon\"><path d=\"M3 7V5a2 2 0 0 1 2-2h2\"/><path d=\"M17 3h2a2 2 0 0 1 2 2v2\"/><path d=\"M21 17v2a2 2 0 0 1-2 2h-2\"/><path d=\"M7 21H5a2 2 0 0 1-2-2v-2\"/></svg>\n        <div class=\"driver-body\">\n          <div class=\"driver-name\">Locate Quality</div>\n          <div class=\"driver-level\">GOOD</div>\n        </div>\n      </div>\n      <div class=\"driver-context\">Locator: Unit BE (clean record)</div>\n    </div>\n  </div>\n</div>\n<div class=\"drivers-block\">\n  <div class=\"drivers-title\">Impact Drivers</div>\n  <div class=\"drivers-row\">\n    <div class=\"driver\">\n      <div class=\"driver-pill\" style=\"background:#16A34A;\">\n        <svg viewBox=\"0 0 24 24\" width=\"18\" height=\"18\" fill=\"none\" stroke=\"white\" stroke-width=\"2\" stroke-linecap=\"round\" stroke-linejoin=\"round\" class=\"driver-icon\"><path d=\"M3 12 L12 4 L21 12\"/><path d=\"M5 11 V20 H19 V11\"/></svg>\n        <div class=\"driver-body\">\n          <div class=\"driver-name\">Service Disruption</div>\n          <div class=\"driver-level\">LOW</div>\n        </div>\n      </div>\n      <div class=\"driver-context\">No chokepoint</div>\n    </div>\n    <div class=\"driver\">\n      <div class=\"driver-pill\" style=\"background:#16A34A;\">\n        <svg viewBox=\"0 0 24 24\" width=\"18\" height=\"18\" fill=\"none\" stroke=\"white\" stroke-width=\"2\" stroke-linecap=\"round\" stroke-linejoin=\"round\" class=\"driver-icon\"><path d=\"M12 7v4\"/><path d=\"M14 21v-3a2 2 0 0 0-4 0v3\"/><path d=\"M14 9h-4\"/><path d=\"M18 11h2a2 2 0 0 1 2 2v6a2 2 0 0 1-2 2H4a2 2 0 0 1-2-2v-9a2 2 0 0 1 2-2h2\"/><path d=\"M18 21V5a2 2 0 0 0-2-2H8a2 2 0 0 0-2 2v16\"/></svg>\n        <div class=\"driver-body\">\n          <div class=\"driver-name\">Critical Facilities</div>\n          <div class=\"driver-level\">LOW</div>\n        </div>\n      </div>\n      <div class=\"driver-context\">None</div>\n    </div>\n    <div class=\"driver\">\n      <div class=\"driver-pill\" style=\"background:#F59E0B;\">\n        <svg viewBox=\"0 0 24 24\" width=\"18\" height=\"18\" fill=\"none\" stroke=\"white\" stroke-width=\"2\" stroke-linecap=\"round\" stroke-linejoin=\"round\" class=\"driver-icon\"><path d=\"M10 12h4\"/><path d=\"M10 8h4\"/><path d=\"M14 21v-3a2 2 0 0 0-4 0v3\"/><path d=\"M6 10H4a2 2 0 0 0-2 2v7a2 2 0 0 0 2 2h16a2 2 0 0 0 2-2V9a2 2 0 0 0-2-2h-2\"/><path d=\"M6 21V5a2 2 0 0 1 2-2h8a2 2 0 0 1 2 2v16\"/></svg>\n        <div class=\"driver-body\">\n          <div class=\"driver-name\">Business District</div>\n          <div class=\"driver-level\">MODERATE</div>\n        </div>\n      </div>\n      <div class=\"driver-context\">2 businesses</div>\n    </div>\n    <div class=\"driver\">\n      <div class=\"driver-pill\" style=\"background:#DC2626;\">\n        <svg viewBox=\"0 0 24 24\" width=\"18\" height=\"18\" fill=\"none\" stroke=\"white\" stroke-width=\"2\" stroke-linecap=\"round\" stroke-linejoin=\"round\" class=\"driver-icon\"><path d=\"M13 2 L3 14 h9 l-1 8 10-12 h-9 z\"/></svg>\n        <div class=\"driver-body\">\n          <div class=\"driver-name\">Transmission Main</div>\n          <div class=\"driver-level\">HIGH</div>\n        </div>\n      </div>\n      <div class=\"driver-context\">Near transmission main</div>\n    </div>\n  </div>\n</div>\n<div class=\"demo-netline\">24 segments in dig area (20 mains, 4 services) &middot; oldest 41-yr MDPE</div><div class=\"demo-action\"><a href=\"https://kartasoft.github.io/excavation-risk-demo/action_form.html?ticket_id=DEMO-20260713-0057&demo=1\" target=\"_blank\" rel=\"noopener\">LOG ACTION</a></div></div>"}}, {"type": "Feature", "geometry": {"type": "Polygon", "coordinates": [[[-82.98819742499366, 39.94647897882727], [-82.98822004981268, 39.947260231502824], [-82.98923509495849, 39.94724281302296], [-82.9892124586074, 39.946461560826776], [-82.98819742499366, 39.94647897882727]]]}, "properties": {"ticket_id": "DEMO-20260713-0058", "priority_level": "HIGH", "likelihood_level": "LOW", "impact_level": "HIGH", "division": "Demo District", "date": "2026-07-13", "excavator_name": "Excavator BF", "work_type": "FENCE INSTALL", "demo_note": "synthetic demo data", "popup_html": "<div class=\"demo-popup\"><style>\n.demo-popup { font-family: -apple-system, BlinkMacSystemFont, 'Segoe UI', sans-serif;\n       color: #333; max-width: 920px; margin: 0 auto; padding: 20px; }\nh1 { color: #2c3e50; font-size: 20px; margin-bottom: 5px; }\n.meta { color: #7f8c8d; font-size: 13px; margin-bottom: 15px; }\n.risk-box { background: #f8f9fa; border-left: 4px solid #888888;\n             padding: 12px 16px; margin: 15px 0; border-radius: 4px; }\n.risk-pct { font-size: 28px; font-weight: bold; color: #888888; }\n.risk-score { font-size: 14px; color: #555; margin-top: 2px; }\n.indicators { display: flex; gap: 20px; margin: 20px 0; justify-content: center; }\n.indicator { flex: 1; max-width: 420px; text-align: center; }\n.indicator-pill { border-radius: 14px; padding: 18px 24px; color: white;\n                  box-shadow: 0 2px 6px rgba(0,0,0,0.12);\n                  display: flex; align-items: center; gap: 14px;\n                  text-align: left; }\n.indicator-icon { flex-shrink: 0; width: 32px; height: 32px; opacity: 0.95; }\n.indicator-body { flex: 1; }\n.indicator-label { font-size: 11px; letter-spacing: 0.1em; opacity: 0.9;\n                   text-transform: uppercase; }\n.indicator-level { font-size: 28px; font-weight: 800; letter-spacing: 0.04em;\n                   margin: 2px 0 2px 0; line-height: 1.1; }\n.indicator-sublabel { font-size: 13px; opacity: 0.95; font-weight: 500; }\n.indicator-context { margin-top: 8px; font-size: 12px; color: #555;\n                     line-height: 1.4; }\n.drivers-block { background: #f9fafb; border: 1px solid #e5e7eb;\n                 border-radius: 8px; padding: 14px 16px; margin: 14px 0; }\n.drivers-title { font-size: 11px; letter-spacing: 0.1em; text-transform: uppercase;\n                 color: #6b7280; font-weight: 700; margin-bottom: 8px; }\n.drivers-row { display: flex; gap: 10px; justify-content: center;\n               flex-wrap: wrap; }\n.driver { flex: 1; min-width: 180px; max-width: 220px; text-align: center; }\n.driver-pill { border-radius: 10px; padding: 10px 12px; color: white;\n               box-shadow: 0 1px 3px rgba(0,0,0,0.10);\n               display: flex; align-items: center; gap: 8px;\n               text-align: left; }\n.driver-pill.gray { background: #9ca3af; }\n.driver-icon { flex-shrink: 0; width: 18px; height: 18px; opacity: 0.95; }\n.driver-body { flex: 1; min-width: 0; }\n.driver-name { font-size: 10px; font-weight: 700; letter-spacing: 0.04em;\n               text-transform: uppercase; opacity: 0.95; white-space: nowrap;\n               overflow: hidden; text-overflow: ellipsis; }\n.driver-level { font-size: 13px; font-weight: 700; margin-top: 1px; }\n.driver-context { margin-top: 5px; font-size: 10px; color: #6b7280;\n                  line-height: 1.3; }\n.section { margin: 20px 0; }\n.section h2 { font-size: 16px; color: #2c3e50; border-bottom: 1px solid #ddd;\n               padding-bottom: 5px; }\n.drivers li { margin: 6px 0; font-size: 13px; line-height: 1.5; }\n.shap-val { color: #888; font-size: 12px; }\ntable { width: 100%; border-collapse: collapse; font-size: 13px; }\nth { background: #ecf0f1; padding: 8px; text-align: left; }\ntd { padding: 6px 8px; border-bottom: 1px solid #eee; }\n.map-container { width: 100%; height: 420px; border: 1px solid #ddd;\n                  border-radius: 4px; overflow: hidden; margin: 10px 0; }\n.footer { color: #aaa; font-size: 11px; margin-top: 30px; text-align: center; }\n\n.demo-popup { max-width: 380px; font-size: 13px; }\n.demo-popup h1 { font-size: 15px; margin: 2px 0 2px; }\n.demo-popup .meta { font-size: 11px; margin-bottom: 8px; }\n.demo-popup .indicators { gap: 10px; margin: 10px 0; }\n.demo-popup .indicator-level { font-size: 20px; }\n.demo-popup .indicator-icon { width: 22px; height: 22px; }\n.demo-popup .drivers-block { padding: 8px 10px; margin: 8px 0; }\n.demo-popup .driver { min-width: 150px; }\n.demo-banner { background: #FEF3C7; border: 1px solid #F59E0B;\n    color: #92400E; font-size: 10px; line-height: 1.35; padding: 5px 8px;\n    border-radius: 4px; margin-bottom: 8px; text-align: center;\n    font-weight: 600; }\n.demo-netline { font-size: 10px; color: #6b7280; margin-top: 8px;\n    text-align: center; line-height: 1.4; }\n.demo-action { text-align: center; margin-top: 12px; }\n.demo-action a { background: #2563EB; color: #fff; padding: 7px 18px;\n    border-radius: 4px; font-weight: bold; text-decoration: none;\n    display: inline-block; font-size: 11px; letter-spacing: 0.05em; }\n</style><h1>DEMO-20260713-0058</h1><div class=\"meta\">Demo District &middot; 2026-07-13 &middot; Excavator BF &middot; FENCE INSTALL</div>\n<div class=\"indicators\">\n  <div class=\"indicator\">\n    <div class=\"indicator-pill\" style=\"background:#16A34A;\">\n      <svg viewBox=\"0 0 24 24\" width=\"32\" height=\"32\" fill=\"none\" stroke=\"white\" stroke-width=\"2\" stroke-linecap=\"round\" stroke-linejoin=\"round\" class=\"indicator-icon\"><path d=\"m21.73 18-8-14a2 2 0 0 0-3.48 0l-8 14A2 2 0 0 0 4 21h16a2 2 0 0 0 1.73-3\"/><path d=\"M12 9v4\"/><path d=\"M12 17h.01\"/></svg>\n      <div class=\"indicator-body\">\n        <div class=\"indicator-label\">Damage Likelihood</div>\n        <div class=\"indicator-level\">LOW</div>\n        <div class=\"indicator-sublabel\">Bottom 62% of all tickets</div>\n      </div>\n    </div>\n    <div class=\"indicator-context\">Bottom 62% by damage probability</div>\n  </div>\n  <div class=\"indicator\">\n    <div class=\"indicator-pill\" style=\"background:#DC2626;\">\n      <svg viewBox=\"0 0 24 24\" width=\"32\" height=\"32\" fill=\"none\" stroke=\"white\" stroke-width=\"2\" stroke-linecap=\"round\" stroke-linejoin=\"round\" class=\"indicator-icon\"><path d=\"M12 2 L20 5 V11 C 20 16 16 20 12 22 C 8 20 4 16 4 11 V5 Z\"/><path d=\"M12 9 V13\"/><path d=\"M12 17 h.01\"/></svg>\n      <div class=\"indicator-body\">\n        <div class=\"indicator-label\">Impact</div>\n        <div class=\"indicator-level\">HIGH</div>\n        <div class=\"indicator-sublabel\">Top 1% by consequence</div>\n      </div>\n    </div>\n    <div class=\"indicator-context\">596 services, 1 nursing home, 75 businesses nearby</div>\n  </div>\n</div>\n\n<div class=\"drivers-block\">\n  <div class=\"drivers-title\">Likelihood Drivers</div>\n  <div class=\"drivers-row\">\n    <div class=\"driver\">\n      <div class=\"driver-pill\" style=\"background:#16A34A;\">\n        <svg viewBox=\"0 0 30 26\" width=\"18\" height=\"18\" fill=\"none\" stroke=\"white\" stroke-width=\"1.4\" stroke-linecap=\"round\" stroke-linejoin=\"round\" class=\"driver-icon\"><rect x=\"2\" y=\"19.5\" width=\"16\" height=\"4.5\" rx=\"2.2\"/><circle cx=\"5.5\" cy=\"21.75\" r=\"1.1\" stroke-width=\"1\"/><circle cx=\"10\" cy=\"21.75\" r=\"1.1\" stroke-width=\"1\"/><circle cx=\"14.5\" cy=\"21.75\" r=\"1.1\" stroke-width=\"1\"/><path d=\"M4.5 18.5 V15 H7.5 V13 H18 V18.5\"/><path d=\"M12 11.5 L19 4 L20.5 5.5 L13.5 13 Z\"/><path d=\"M21.5 4 L27 12 L25.5 13 L20 5 Z\"/><path d=\"M26.5 14 L27 17 Q 26.5 19.5 24 19 L23 16 Z\"/></svg>\n        <div class=\"driver-body\">\n          <div class=\"driver-name\">Excavator History</div>\n          <div class=\"driver-level\">LOW</div>\n        </div>\n      </div>\n      <div class=\"driver-context\">0.6% damage rate (90d, 369 tickets)</div>\n    </div>\n    <div class=\"driver\">\n      <div class=\"driver-pill\" style=\"background:#DC2626;\">\n        <svg viewBox=\"0 0 24 24\" width=\"18\" height=\"18\" fill=\"none\" stroke=\"white\" stroke-width=\"2\" stroke-linecap=\"round\" stroke-linejoin=\"round\" class=\"driver-icon\"><ellipse cx=\"12\" cy=\"5\" rx=\"9\" ry=\"3\"/><path d=\"M3 5v14a9 3 0 0 0 18 0V5\"/></svg>\n        <div class=\"driver-body\">\n          <div class=\"driver-name\">Pipe Vulnerability</div>\n          <div class=\"driver-level\">HIGH</div>\n        </div>\n      </div>\n      <div class=\"driver-context\">72-year-old Steel (top 10%)</div>\n    </div>\n    <div class=\"driver\">\n      <div class=\"driver-pill\" style=\"background:#F59E0B;\">\n        <svg viewBox=\"0 0 24 24\" width=\"18\" height=\"18\" fill=\"none\" stroke=\"white\" stroke-width=\"2\" stroke-linecap=\"round\" stroke-linejoin=\"round\" class=\"driver-icon\"><path d=\"M4 20 L14 10\"/><path d=\"M9 5 L19 15\"/></svg>\n        <div class=\"driver-body\">\n          <div class=\"driver-name\">Work Activity</div>\n          <div class=\"driver-level\">MODERATE</div>\n        </div>\n      </div>\n      <div class=\"driver-context\">Fence Install with Hand Auger</div>\n    </div>\n    <div class=\"driver\">\n      <div class=\"driver-pill\" style=\"background:#DC2626;\">\n        <svg viewBox=\"0 0 24 24\" width=\"18\" height=\"18\" fill=\"none\" stroke=\"white\" stroke-width=\"2\" stroke-linecap=\"round\" stroke-linejoin=\"round\" class=\"driver-icon\"><path d=\"M3 7V5a2 2 0 0 1 2-2h2\"/><path d=\"M17 3h2a2 2 0 0 1 2 2v2\"/><path d=\"M21 17v2a2 2 0 0 1-2 2h-2\"/><path d=\"M7 21H5a2 2 0 0 1-2-2v-2\"/></svg>\n        <div class=\"driver-body\">\n          <div class=\"driver-name\">Locate Quality</div>\n          <div class=\"driver-level\">POOR</div>\n        </div>\n      </div>\n      <div class=\"driver-context\">Locator: Unit BF (above-avg damage rate)</div>\n    </div>\n  </div>\n</div>\n<div class=\"drivers-block\">\n  <div class=\"drivers-title\">Impact Drivers</div>\n  <div class=\"drivers-row\">\n    <div class=\"driver\">\n      <div class=\"driver-pill\" style=\"background:#DC2626;\">\n        <svg viewBox=\"0 0 24 24\" width=\"18\" height=\"18\" fill=\"none\" stroke=\"white\" stroke-width=\"2\" stroke-linecap=\"round\" stroke-linejoin=\"round\" class=\"driver-icon\"><path d=\"M3 12 L12 4 L21 12\"/><path d=\"M5 11 V20 H19 V11\"/></svg>\n        <div class=\"driver-body\">\n          <div class=\"driver-name\">Service Disruption</div>\n          <div class=\"driver-level\">HIGH</div>\n        </div>\n      </div>\n      <div class=\"driver-context\">596 services at risk</div>\n    </div>\n    <div class=\"driver\">\n      <div class=\"driver-pill\" style=\"background:#DC2626;\">\n        <svg viewBox=\"0 0 24 24\" width=\"18\" height=\"18\" fill=\"none\" stroke=\"white\" stroke-width=\"2\" stroke-linecap=\"round\" stroke-linejoin=\"round\" class=\"driver-icon\"><path d=\"M12 7v4\"/><path d=\"M14 21v-3a2 2 0 0 0-4 0v3\"/><path d=\"M14 9h-4\"/><path d=\"M18 11h2a2 2 0 0 1 2 2v6a2 2 0 0 1-2 2H4a2 2 0 0 1-2-2v-9a2 2 0 0 1 2-2h2\"/><path d=\"M18 21V5a2 2 0 0 0-2-2H8a2 2 0 0 0-2 2v16\"/></svg>\n        <div class=\"driver-body\">\n          <div class=\"driver-name\">Critical Facilities</div>\n          <div class=\"driver-level\">HIGH</div>\n        </div>\n      </div>\n      <div class=\"driver-context\">1 nursing home</div>\n    </div>\n    <div class=\"driver\">\n      <div class=\"driver-pill\" style=\"background:#DC2626;\">\n        <svg viewBox=\"0 0 24 24\" width=\"18\" height=\"18\" fill=\"none\" stroke=\"white\" stroke-width=\"2\" stroke-linecap=\"round\" stroke-linejoin=\"round\" class=\"driver-icon\"><path d=\"M10 12h4\"/><path d=\"M10 8h4\"/><path d=\"M14 21v-3a2 2 0 0 0-4 0v3\"/><path d=\"M6 10H4a2 2 0 0 0-2 2v7a2 2 0 0 0 2 2h16a2 2 0 0 0 2-2V9a2 2 0 0 0-2-2h-2\"/><path d=\"M6 21V5a2 2 0 0 1 2-2h8a2 2 0 0 1 2 2v16\"/></svg>\n        <div class=\"driver-body\">\n          <div class=\"driver-name\">Business District</div>\n          <div class=\"driver-level\">HIGH</div>\n        </div>\n      </div>\n      <div class=\"driver-context\">75 businesses</div>\n    </div>\n    <div class=\"driver\">\n      <div class=\"driver-pill\" style=\"background:#16A34A;\">\n        <svg viewBox=\"0 0 24 24\" width=\"18\" height=\"18\" fill=\"none\" stroke=\"white\" stroke-width=\"2\" stroke-linecap=\"round\" stroke-linejoin=\"round\" class=\"driver-icon\"><path d=\"M13 2 L3 14 h9 l-1 8 10-12 h-9 z\"/></svg>\n        <div class=\"driver-body\">\n          <div class=\"driver-name\">Transmission Main</div>\n          <div class=\"driver-level\">LOW</div>\n        </div>\n      </div>\n      <div class=\"driver-context\">Distribution only</div>\n    </div>\n  </div>\n</div>\n<div class=\"demo-netline\">41 segments in dig area (13 mains, 28 services) &middot; oldest 72-yr Steel</div><div class=\"demo-action\"><a href=\"https://kartasoft.github.io/excavation-risk-demo/action_form.html?ticket_id=DEMO-20260713-0058&demo=1\" target=\"_blank\" rel=\"noopener\">LOG ACTION</a></div></div>"}}, {"type": "Feature", "geometry": {"type": "Polygon", "coordinates": [[[-82.9871057335248, 39.94538097999696], [-82.98713021150706, 39.94622672025492], [-82.98822902558243, 39.946207874338214], [-82.9882045340864, 39.94536213464171], [-82.9871057335248, 39.94538097999696]]]}, "properties": {"ticket_id": "DEMO-20260713-0059", "priority_level": "MODERATE", "likelihood_level": "LOW", "impact_level": "MODERATE", "division": "Demo District", "date": "2026-07-13", "excavator_name": "Excavator BG", "work_type": "SURVEY", "demo_note": "synthetic demo data", "popup_html": "<div class=\"demo-popup\"><style>\n.demo-popup { font-family: -apple-system, BlinkMacSystemFont, 'Segoe UI', sans-serif;\n       color: #333; max-width: 920px; margin: 0 auto; padding: 20px; }\nh1 { color: #2c3e50; font-size: 20px; margin-bottom: 5px; }\n.meta { color: #7f8c8d; font-size: 13px; margin-bottom: 15px; }\n.risk-box { background: #f8f9fa; border-left: 4px solid #888888;\n             padding: 12px 16px; margin: 15px 0; border-radius: 4px; }\n.risk-pct { font-size: 28px; font-weight: bold; color: #888888; }\n.risk-score { font-size: 14px; color: #555; margin-top: 2px; }\n.indicators { display: flex; gap: 20px; margin: 20px 0; justify-content: center; }\n.indicator { flex: 1; max-width: 420px; text-align: center; }\n.indicator-pill { border-radius: 14px; padding: 18px 24px; color: white;\n                  box-shadow: 0 2px 6px rgba(0,0,0,0.12);\n                  display: flex; align-items: center; gap: 14px;\n                  text-align: left; }\n.indicator-icon { flex-shrink: 0; width: 32px; height: 32px; opacity: 0.95; }\n.indicator-body { flex: 1; }\n.indicator-label { font-size: 11px; letter-spacing: 0.1em; opacity: 0.9;\n                   text-transform: uppercase; }\n.indicator-level { font-size: 28px; font-weight: 800; letter-spacing: 0.04em;\n                   margin: 2px 0 2px 0; line-height: 1.1; }\n.indicator-sublabel { font-size: 13px; opacity: 0.95; font-weight: 500; }\n.indicator-context { margin-top: 8px; font-size: 12px; color: #555;\n                     line-height: 1.4; }\n.drivers-block { background: #f9fafb; border: 1px solid #e5e7eb;\n                 border-radius: 8px; padding: 14px 16px; margin: 14px 0; }\n.drivers-title { font-size: 11px; letter-spacing: 0.1em; text-transform: uppercase;\n                 color: #6b7280; font-weight: 700; margin-bottom: 8px; }\n.drivers-row { display: flex; gap: 10px; justify-content: center;\n               flex-wrap: wrap; }\n.driver { flex: 1; min-width: 180px; max-width: 220px; text-align: center; }\n.driver-pill { border-radius: 10px; padding: 10px 12px; color: white;\n               box-shadow: 0 1px 3px rgba(0,0,0,0.10);\n               display: flex; align-items: center; gap: 8px;\n               text-align: left; }\n.driver-pill.gray { background: #9ca3af; }\n.driver-icon { flex-shrink: 0; width: 18px; height: 18px; opacity: 0.95; }\n.driver-body { flex: 1; min-width: 0; }\n.driver-name { font-size: 10px; font-weight: 700; letter-spacing: 0.04em;\n               text-transform: uppercase; opacity: 0.95; white-space: nowrap;\n               overflow: hidden; text-overflow: ellipsis; }\n.driver-level { font-size: 13px; font-weight: 700; margin-top: 1px; }\n.driver-context { margin-top: 5px; font-size: 10px; color: #6b7280;\n                  line-height: 1.3; }\n.section { margin: 20px 0; }\n.section h2 { font-size: 16px; color: #2c3e50; border-bottom: 1px solid #ddd;\n               padding-bottom: 5px; }\n.drivers li { margin: 6px 0; font-size: 13px; line-height: 1.5; }\n.shap-val { color: #888; font-size: 12px; }\ntable { width: 100%; border-collapse: collapse; font-size: 13px; }\nth { background: #ecf0f1; padding: 8px; text-align: left; }\ntd { padding: 6px 8px; border-bottom: 1px solid #eee; }\n.map-container { width: 100%; height: 420px; border: 1px solid #ddd;\n                  border-radius: 4px; overflow: hidden; margin: 10px 0; }\n.footer { color: #aaa; font-size: 11px; margin-top: 30px; text-align: center; }\n\n.demo-popup { max-width: 380px; font-size: 13px; }\n.demo-popup h1 { font-size: 15px; margin: 2px 0 2px; }\n.demo-popup .meta { font-size: 11px; margin-bottom: 8px; }\n.demo-popup .indicators { gap: 10px; margin: 10px 0; }\n.demo-popup .indicator-level { font-size: 20px; }\n.demo-popup .indicator-icon { width: 22px; height: 22px; }\n.demo-popup .drivers-block { padding: 8px 10px; margin: 8px 0; }\n.demo-popup .driver { min-width: 150px; }\n.demo-banner { background: #FEF3C7; border: 1px solid #F59E0B;\n    color: #92400E; font-size: 10px; line-height: 1.35; padding: 5px 8px;\n    border-radius: 4px; margin-bottom: 8px; text-align: center;\n    font-weight: 600; }\n.demo-netline { font-size: 10px; color: #6b7280; margin-top: 8px;\n    text-align: center; line-height: 1.4; }\n.demo-action { text-align: center; margin-top: 12px; }\n.demo-action a { background: #2563EB; color: #fff; padding: 7px 18px;\n    border-radius: 4px; font-weight: bold; text-decoration: none;\n    display: inline-block; font-size: 11px; letter-spacing: 0.05em; }\n</style><h1>DEMO-20260713-0059</h1><div class=\"meta\">Demo District &middot; 2026-07-13 &middot; Excavator BG &middot; SURVEY</div>\n<div class=\"indicators\">\n  <div class=\"indicator\">\n    <div class=\"indicator-pill\" style=\"background:#16A34A;\">\n      <svg viewBox=\"0 0 24 24\" width=\"32\" height=\"32\" fill=\"none\" stroke=\"white\" stroke-width=\"2\" stroke-linecap=\"round\" stroke-linejoin=\"round\" class=\"indicator-icon\"><path d=\"m21.73 18-8-14a2 2 0 0 0-3.48 0l-8 14A2 2 0 0 0 4 21h16a2 2 0 0 0 1.73-3\"/><path d=\"M12 9v4\"/><path d=\"M12 17h.01\"/></svg>\n      <div class=\"indicator-body\">\n        <div class=\"indicator-label\">Damage Likelihood</div>\n        <div class=\"indicator-level\">LOW</div>\n        <div class=\"indicator-sublabel\">Bottom 63% of all tickets</div>\n      </div>\n    </div>\n    <div class=\"indicator-context\">Bottom 63% by damage probability</div>\n  </div>\n  <div class=\"indicator\">\n    <div class=\"indicator-pill\" style=\"background:#F59E0B;\">\n      <svg viewBox=\"0 0 24 24\" width=\"32\" height=\"32\" fill=\"none\" stroke=\"white\" stroke-width=\"2\" stroke-linecap=\"round\" stroke-linejoin=\"round\" class=\"indicator-icon\"><path d=\"M12 2 L20 5 V11 C 20 16 16 20 12 22 C 8 20 4 16 4 11 V5 Z\"/><path d=\"M12 9 V13\"/><path d=\"M12 17 h.01\"/></svg>\n      <div class=\"indicator-body\">\n        <div class=\"indicator-label\">Impact</div>\n        <div class=\"indicator-level\">MODERATE</div>\n        <div class=\"indicator-sublabel\">Top 10% by consequence</div>\n      </div>\n    </div>\n    <div class=\"indicator-context\">77 businesses nearby</div>\n  </div>\n</div>\n\n<div class=\"drivers-block\">\n  <div class=\"drivers-title\">Likelihood Drivers</div>\n  <div class=\"drivers-row\">\n    <div class=\"driver\">\n      <div class=\"driver-pill\" style=\"background:#F59E0B;\">\n        <svg viewBox=\"0 0 30 26\" width=\"18\" height=\"18\" fill=\"none\" stroke=\"white\" stroke-width=\"1.4\" stroke-linecap=\"round\" stroke-linejoin=\"round\" class=\"driver-icon\"><rect x=\"2\" y=\"19.5\" width=\"16\" height=\"4.5\" rx=\"2.2\"/><circle cx=\"5.5\" cy=\"21.75\" r=\"1.1\" stroke-width=\"1\"/><circle cx=\"10\" cy=\"21.75\" r=\"1.1\" stroke-width=\"1\"/><circle cx=\"14.5\" cy=\"21.75\" r=\"1.1\" stroke-width=\"1\"/><path d=\"M4.5 18.5 V15 H7.5 V13 H18 V18.5\"/><path d=\"M12 11.5 L19 4 L20.5 5.5 L13.5 13 Z\"/><path d=\"M21.5 4 L27 12 L25.5 13 L20 5 Z\"/><path d=\"M26.5 14 L27 17 Q 26.5 19.5 24 19 L23 16 Z\"/></svg>\n        <div class=\"driver-body\">\n          <div class=\"driver-name\">Excavator History</div>\n          <div class=\"driver-level\">MODERATE</div>\n        </div>\n      </div>\n      <div class=\"driver-context\">3.7% damage rate (90d, 268 tickets)</div>\n    </div>\n    <div class=\"driver\">\n      <div class=\"driver-pill\" style=\"background:#F59E0B;\">\n        <svg viewBox=\"0 0 24 24\" width=\"18\" height=\"18\" fill=\"none\" stroke=\"white\" stroke-width=\"2\" stroke-linecap=\"round\" stroke-linejoin=\"round\" class=\"driver-icon\"><ellipse cx=\"12\" cy=\"5\" rx=\"9\" ry=\"3\"/><path d=\"M3 5v14a9 3 0 0 0 18 0V5\"/></svg>\n        <div class=\"driver-body\">\n          <div class=\"driver-name\">Pipe Vulnerability</div>\n          <div class=\"driver-level\">MODERATE</div>\n        </div>\n      </div>\n      <div class=\"driver-context\">65-year-old Steel (bottom 72%)</div>\n    </div>\n    <div class=\"driver\">\n      <div class=\"driver-pill\" style=\"background:#16A34A;\">\n        <svg viewBox=\"0 0 24 24\" width=\"18\" height=\"18\" fill=\"none\" stroke=\"white\" stroke-width=\"2\" stroke-linecap=\"round\" stroke-linejoin=\"round\" class=\"driver-icon\"><path d=\"M4 20 L14 10\"/><path d=\"M9 5 L19 15\"/></svg>\n        <div class=\"driver-body\">\n          <div class=\"driver-name\">Work Activity</div>\n          <div class=\"driver-level\">LOW</div>\n        </div>\n      </div>\n      <div class=\"driver-context\">Survey</div>\n    </div>\n    <div class=\"driver\">\n      <div class=\"driver-pill\" style=\"background:#16A34A;\">\n        <svg viewBox=\"0 0 24 24\" width=\"18\" height=\"18\" fill=\"none\" stroke=\"white\" stroke-width=\"2\" stroke-linecap=\"round\" stroke-linejoin=\"round\" class=\"driver-icon\"><path d=\"M3 7V5a2 2 0 0 1 2-2h2\"/><path d=\"M17 3h2a2 2 0 0 1 2 2v2\"/><path d=\"M21 17v2a2 2 0 0 1-2 2h-2\"/><path d=\"M7 21H5a2 2 0 0 1-2-2v-2\"/></svg>\n        <div class=\"driver-body\">\n          <div class=\"driver-name\">Locate Quality</div>\n          <div class=\"driver-level\">GOOD</div>\n        </div>\n      </div>\n      <div class=\"driver-context\">Locator: Unit BG (clean record)</div>\n    </div>\n  </div>\n</div>\n<div class=\"drivers-block\">\n  <div class=\"drivers-title\">Impact Drivers</div>\n  <div class=\"drivers-row\">\n    <div class=\"driver\">\n      <div class=\"driver-pill\" style=\"background:#16A34A;\">\n        <svg viewBox=\"0 0 24 24\" width=\"18\" height=\"18\" fill=\"none\" stroke=\"white\" stroke-width=\"2\" stroke-linecap=\"round\" stroke-linejoin=\"round\" class=\"driver-icon\"><path d=\"M3 12 L12 4 L21 12\"/><path d=\"M5 11 V20 H19 V11\"/></svg>\n        <div class=\"driver-body\">\n          <div class=\"driver-name\">Service Disruption</div>\n          <div class=\"driver-level\">LOW</div>\n        </div>\n      </div>\n      <div class=\"driver-context\">No chokepoint</div>\n    </div>\n    <div class=\"driver\">\n      <div class=\"driver-pill\" style=\"background:#16A34A;\">\n        <svg viewBox=\"0 0 24 24\" width=\"18\" height=\"18\" fill=\"none\" stroke=\"white\" stroke-width=\"2\" stroke-linecap=\"round\" stroke-linejoin=\"round\" class=\"driver-icon\"><path d=\"M12 7v4\"/><path d=\"M14 21v-3a2 2 0 0 0-4 0v3\"/><path d=\"M14 9h-4\"/><path d=\"M18 11h2a2 2 0 0 1 2 2v6a2 2 0 0 1-2 2H4a2 2 0 0 1-2-2v-9a2 2 0 0 1 2-2h2\"/><path d=\"M18 21V5a2 2 0 0 0-2-2H8a2 2 0 0 0-2 2v16\"/></svg>\n        <div class=\"driver-body\">\n          <div class=\"driver-name\">Critical Facilities</div>\n          <div class=\"driver-level\">LOW</div>\n        </div>\n      </div>\n      <div class=\"driver-context\">None</div>\n    </div>\n    <div class=\"driver\">\n      <div class=\"driver-pill\" style=\"background:#DC2626;\">\n        <svg viewBox=\"0 0 24 24\" width=\"18\" height=\"18\" fill=\"none\" stroke=\"white\" stroke-width=\"2\" stroke-linecap=\"round\" stroke-linejoin=\"round\" class=\"driver-icon\"><path d=\"M10 12h4\"/><path d=\"M10 8h4\"/><path d=\"M14 21v-3a2 2 0 0 0-4 0v3\"/><path d=\"M6 10H4a2 2 0 0 0-2 2v7a2 2 0 0 0 2 2h16a2 2 0 0 0 2-2V9a2 2 0 0 0-2-2h-2\"/><path d=\"M6 21V5a2 2 0 0 1 2-2h8a2 2 0 0 1 2 2v16\"/></svg>\n        <div class=\"driver-body\">\n          <div class=\"driver-name\">Business District</div>\n          <div class=\"driver-level\">HIGH</div>\n        </div>\n      </div>\n      <div class=\"driver-context\">77 businesses</div>\n    </div>\n    <div class=\"driver\">\n      <div class=\"driver-pill\" style=\"background:#16A34A;\">\n        <svg viewBox=\"0 0 24 24\" width=\"18\" height=\"18\" fill=\"none\" stroke=\"white\" stroke-width=\"2\" stroke-linecap=\"round\" stroke-linejoin=\"round\" class=\"driver-icon\"><path d=\"M13 2 L3 14 h9 l-1 8 10-12 h-9 z\"/></svg>\n        <div class=\"driver-body\">\n          <div class=\"driver-name\">Transmission Main</div>\n          <div class=\"driver-level\">LOW</div>\n        </div>\n      </div>\n      <div class=\"driver-context\">Distribution only</div>\n    </div>\n  </div>\n</div>\n<div class=\"demo-netline\">41 segments in dig area (9 mains, 32 services) &middot; oldest 65-yr Steel</div><div class=\"demo-action\"><a href=\"https://kartasoft.github.io/excavation-risk-demo/action_form.html?ticket_id=DEMO-20260713-0059&demo=1\" target=\"_blank\" rel=\"noopener\">LOG ACTION</a></div></div>"}}, {"type": "Feature", "geometry": {"type": "Polygon", "coordinates": [[[-83.00741493954524, 39.96650121591402], [-83.0074379171836, 39.96728649023035], [-83.00845848863126, 39.96726880535825], [-83.00843549933033, 39.966483531531054], [-83.00741493954524, 39.96650121591402]]]}, "properties": {"ticket_id": "DEMO-20260713-0060", "priority_level": "LOW", "likelihood_level": "LOW", "impact_level": "LOW", "division": "Demo District", "date": "2026-07-13", "excavator_name": "Excavator BH", "work_type": "GRADING", "demo_note": "synthetic demo data", "popup_html": "<div class=\"demo-popup\"><style>\n.demo-popup { font-family: -apple-system, BlinkMacSystemFont, 'Segoe UI', sans-serif;\n       color: #333; max-width: 920px; margin: 0 auto; padding: 20px; }\nh1 { color: #2c3e50; font-size: 20px; margin-bottom: 5px; }\n.meta { color: #7f8c8d; font-size: 13px; margin-bottom: 15px; }\n.risk-box { background: #f8f9fa; border-left: 4px solid #888888;\n             padding: 12px 16px; margin: 15px 0; border-radius: 4px; }\n.risk-pct { font-size: 28px; font-weight: bold; color: #888888; }\n.risk-score { font-size: 14px; color: #555; margin-top: 2px; }\n.indicators { display: flex; gap: 20px; margin: 20px 0; justify-content: center; }\n.indicator { flex: 1; max-width: 420px; text-align: center; }\n.indicator-pill { border-radius: 14px; padding: 18px 24px; color: white;\n                  box-shadow: 0 2px 6px rgba(0,0,0,0.12);\n                  display: flex; align-items: center; gap: 14px;\n                  text-align: left; }\n.indicator-icon { flex-shrink: 0; width: 32px; height: 32px; opacity: 0.95; }\n.indicator-body { flex: 1; }\n.indicator-label { font-size: 11px; letter-spacing: 0.1em; opacity: 0.9;\n                   text-transform: uppercase; }\n.indicator-level { font-size: 28px; font-weight: 800; letter-spacing: 0.04em;\n                   margin: 2px 0 2px 0; line-height: 1.1; }\n.indicator-sublabel { font-size: 13px; opacity: 0.95; font-weight: 500; }\n.indicator-context { margin-top: 8px; font-size: 12px; color: #555;\n                     line-height: 1.4; }\n.drivers-block { background: #f9fafb; border: 1px solid #e5e7eb;\n                 border-radius: 8px; padding: 14px 16px; margin: 14px 0; }\n.drivers-title { font-size: 11px; letter-spacing: 0.1em; text-transform: uppercase;\n                 color: #6b7280; font-weight: 700; margin-bottom: 8px; }\n.drivers-row { display: flex; gap: 10px; justify-content: center;\n               flex-wrap: wrap; }\n.driver { flex: 1; min-width: 180px; max-width: 220px; text-align: center; }\n.driver-pill { border-radius: 10px; padding: 10px 12px; color: white;\n               box-shadow: 0 1px 3px rgba(0,0,0,0.10);\n               display: flex; align-items: center; gap: 8px;\n               text-align: left; }\n.driver-pill.gray { background: #9ca3af; }\n.driver-icon { flex-shrink: 0; width: 18px; height: 18px; opacity: 0.95; }\n.driver-body { flex: 1; min-width: 0; }\n.driver-name { font-size: 10px; font-weight: 700; letter-spacing: 0.04em;\n               text-transform: uppercase; opacity: 0.95; white-space: nowrap;\n               overflow: hidden; text-overflow: ellipsis; }\n.driver-level { font-size: 13px; font-weight: 700; margin-top: 1px; }\n.driver-context { margin-top: 5px; font-size: 10px; color: #6b7280;\n                  line-height: 1.3; }\n.section { margin: 20px 0; }\n.section h2 { font-size: 16px; color: #2c3e50; border-bottom: 1px solid #ddd;\n               padding-bottom: 5px; }\n.drivers li { margin: 6px 0; font-size: 13px; line-height: 1.5; }\n.shap-val { color: #888; font-size: 12px; }\ntable { width: 100%; border-collapse: collapse; font-size: 13px; }\nth { background: #ecf0f1; padding: 8px; text-align: left; }\ntd { padding: 6px 8px; border-bottom: 1px solid #eee; }\n.map-container { width: 100%; height: 420px; border: 1px solid #ddd;\n                  border-radius: 4px; overflow: hidden; margin: 10px 0; }\n.footer { color: #aaa; font-size: 11px; margin-top: 30px; text-align: center; }\n\n.demo-popup { max-width: 380px; font-size: 13px; }\n.demo-popup h1 { font-size: 15px; margin: 2px 0 2px; }\n.demo-popup .meta { font-size: 11px; margin-bottom: 8px; }\n.demo-popup .indicators { gap: 10px; margin: 10px 0; }\n.demo-popup .indicator-level { font-size: 20px; }\n.demo-popup .indicator-icon { width: 22px; height: 22px; }\n.demo-popup .drivers-block { padding: 8px 10px; margin: 8px 0; }\n.demo-popup .driver { min-width: 150px; }\n.demo-banner { background: #FEF3C7; border: 1px solid #F59E0B;\n    color: #92400E; font-size: 10px; line-height: 1.35; padding: 5px 8px;\n    border-radius: 4px; margin-bottom: 8px; text-align: center;\n    font-weight: 600; }\n.demo-netline { font-size: 10px; color: #6b7280; margin-top: 8px;\n    text-align: center; line-height: 1.4; }\n.demo-action { text-align: center; margin-top: 12px; }\n.demo-action a { background: #2563EB; color: #fff; padding: 7px 18px;\n    border-radius: 4px; font-weight: bold; text-decoration: none;\n    display: inline-block; font-size: 11px; letter-spacing: 0.05em; }\n</style><h1>DEMO-20260713-0060</h1><div class=\"meta\">Demo District &middot; 2026-07-13 &middot; Excavator BH &middot; GRADING</div>\n<div class=\"indicators\">\n  <div class=\"indicator\">\n    <div class=\"indicator-pill\" style=\"background:#16A34A;\">\n      <svg viewBox=\"0 0 24 24\" width=\"32\" height=\"32\" fill=\"none\" stroke=\"white\" stroke-width=\"2\" stroke-linecap=\"round\" stroke-linejoin=\"round\" class=\"indicator-icon\"><path d=\"m21.73 18-8-14a2 2 0 0 0-3.48 0l-8 14A2 2 0 0 0 4 21h16a2 2 0 0 0 1.73-3\"/><path d=\"M12 9v4\"/><path d=\"M12 17h.01\"/></svg>\n      <div class=\"indicator-body\">\n        <div class=\"indicator-label\">Damage Likelihood</div>\n        <div class=\"indicator-level\">LOW</div>\n        <div class=\"indicator-sublabel\">Bottom 28% of all tickets</div>\n      </div>\n    </div>\n    <div class=\"indicator-context\">Bottom 28% by damage probability</div>\n  </div>\n  <div class=\"indicator\">\n    <div class=\"indicator-pill\" style=\"background:#16A34A;\">\n      <svg viewBox=\"0 0 24 24\" width=\"32\" height=\"32\" fill=\"none\" stroke=\"white\" stroke-width=\"2\" stroke-linecap=\"round\" stroke-linejoin=\"round\" class=\"indicator-icon\"><path d=\"M12 2 L20 5 V11 C 20 16 16 20 12 22 C 8 20 4 16 4 11 V5 Z\"/><path d=\"M12 9 V13\"/><path d=\"M12 17 h.01\"/></svg>\n      <div class=\"indicator-body\">\n        <div class=\"indicator-label\">Impact</div>\n        <div class=\"indicator-level\">LOW</div>\n        <div class=\"indicator-sublabel\">Bottom 28% by consequence</div>\n      </div>\n    </div>\n    <div class=\"indicator-context\">5 businesses nearby</div>\n  </div>\n</div>\n\n<div class=\"drivers-block\">\n  <div class=\"drivers-title\">Likelihood Drivers</div>\n  <div class=\"drivers-row\">\n    <div class=\"driver\">\n      <div class=\"driver-pill\" style=\"background:#16A34A;\">\n        <svg viewBox=\"0 0 30 26\" width=\"18\" height=\"18\" fill=\"none\" stroke=\"white\" stroke-width=\"1.4\" stroke-linecap=\"round\" stroke-linejoin=\"round\" class=\"driver-icon\"><rect x=\"2\" y=\"19.5\" width=\"16\" height=\"4.5\" rx=\"2.2\"/><circle cx=\"5.5\" cy=\"21.75\" r=\"1.1\" stroke-width=\"1\"/><circle cx=\"10\" cy=\"21.75\" r=\"1.1\" stroke-width=\"1\"/><circle cx=\"14.5\" cy=\"21.75\" r=\"1.1\" stroke-width=\"1\"/><path d=\"M4.5 18.5 V15 H7.5 V13 H18 V18.5\"/><path d=\"M12 11.5 L19 4 L20.5 5.5 L13.5 13 Z\"/><path d=\"M21.5 4 L27 12 L25.5 13 L20 5 Z\"/><path d=\"M26.5 14 L27 17 Q 26.5 19.5 24 19 L23 16 Z\"/></svg>\n        <div class=\"driver-body\">\n          <div class=\"driver-name\">Excavator History</div>\n          <div class=\"driver-level\">LOW</div>\n        </div>\n      </div>\n      <div class=\"driver-context\">0.7% damage rate (90d, 234 tickets)</div>\n    </div>\n    <div class=\"driver\">\n      <div class=\"driver-pill\" style=\"background:#16A34A;\">\n        <svg viewBox=\"0 0 24 24\" width=\"18\" height=\"18\" fill=\"none\" stroke=\"white\" stroke-width=\"2\" stroke-linecap=\"round\" stroke-linejoin=\"round\" class=\"driver-icon\"><ellipse cx=\"12\" cy=\"5\" rx=\"9\" ry=\"3\"/><path d=\"M3 5v14a9 3 0 0 0 18 0V5\"/></svg>\n        <div class=\"driver-body\">\n          <div class=\"driver-name\">Pipe Vulnerability</div>\n          <div class=\"driver-level\">LOW</div>\n        </div>\n      </div>\n      <div class=\"driver-context\">29-year-old MDPE (bottom 14%)</div>\n    </div>\n    <div class=\"driver\">\n      <div class=\"driver-pill\" style=\"background:#DC2626;\">\n        <svg viewBox=\"0 0 24 24\" width=\"18\" height=\"18\" fill=\"none\" stroke=\"white\" stroke-width=\"2\" stroke-linecap=\"round\" stroke-linejoin=\"round\" class=\"driver-icon\"><path d=\"M4 20 L14 10\"/><path d=\"M9 5 L19 15\"/></svg>\n        <div class=\"driver-body\">\n          <div class=\"driver-name\">Work Activity</div>\n          <div class=\"driver-level\">HIGH</div>\n        </div>\n      </div>\n      <div class=\"driver-context\">Grading with Grader</div>\n    </div>\n    <div class=\"driver\">\n      <div class=\"driver-pill\" style=\"background:#16A34A;\">\n        <svg viewBox=\"0 0 24 24\" width=\"18\" height=\"18\" fill=\"none\" stroke=\"white\" stroke-width=\"2\" stroke-linecap=\"round\" stroke-linejoin=\"round\" class=\"driver-icon\"><path d=\"M3 7V5a2 2 0 0 1 2-2h2\"/><path d=\"M17 3h2a2 2 0 0 1 2 2v2\"/><path d=\"M21 17v2a2 2 0 0 1-2 2h-2\"/><path d=\"M7 21H5a2 2 0 0 1-2-2v-2\"/></svg>\n        <div class=\"driver-body\">\n          <div class=\"driver-name\">Locate Quality</div>\n          <div class=\"driver-level\">GOOD</div>\n        </div>\n      </div>\n      <div class=\"driver-context\">Locator: Unit BH (clean record)</div>\n    </div>\n  </div>\n</div>\n<div class=\"drivers-block\">\n  <div class=\"drivers-title\">Impact Drivers</div>\n  <div class=\"drivers-row\">\n    <div class=\"driver\">\n      <div class=\"driver-pill\" style=\"background:#16A34A;\">\n        <svg viewBox=\"0 0 24 24\" width=\"18\" height=\"18\" fill=\"none\" stroke=\"white\" stroke-width=\"2\" stroke-linecap=\"round\" stroke-linejoin=\"round\" class=\"driver-icon\"><path d=\"M3 12 L12 4 L21 12\"/><path d=\"M5 11 V20 H19 V11\"/></svg>\n        <div class=\"driver-body\">\n          <div class=\"driver-name\">Service Disruption</div>\n          <div class=\"driver-level\">LOW</div>\n        </div>\n      </div>\n      <div class=\"driver-context\">No chokepoint</div>\n    </div>\n    <div class=\"driver\">\n      <div class=\"driver-pill\" style=\"background:#16A34A;\">\n        <svg viewBox=\"0 0 24 24\" width=\"18\" height=\"18\" fill=\"none\" stroke=\"white\" stroke-width=\"2\" stroke-linecap=\"round\" stroke-linejoin=\"round\" class=\"driver-icon\"><path d=\"M12 7v4\"/><path d=\"M14 21v-3a2 2 0 0 0-4 0v3\"/><path d=\"M14 9h-4\"/><path d=\"M18 11h2a2 2 0 0 1 2 2v6a2 2 0 0 1-2 2H4a2 2 0 0 1-2-2v-9a2 2 0 0 1 2-2h2\"/><path d=\"M18 21V5a2 2 0 0 0-2-2H8a2 2 0 0 0-2 2v16\"/></svg>\n        <div class=\"driver-body\">\n          <div class=\"driver-name\">Critical Facilities</div>\n          <div class=\"driver-level\">LOW</div>\n        </div>\n      </div>\n      <div class=\"driver-context\">None</div>\n    </div>\n    <div class=\"driver\">\n      <div class=\"driver-pill\" style=\"background:#F59E0B;\">\n        <svg viewBox=\"0 0 24 24\" width=\"18\" height=\"18\" fill=\"none\" stroke=\"white\" stroke-width=\"2\" stroke-linecap=\"round\" stroke-linejoin=\"round\" class=\"driver-icon\"><path d=\"M10 12h4\"/><path d=\"M10 8h4\"/><path d=\"M14 21v-3a2 2 0 0 0-4 0v3\"/><path d=\"M6 10H4a2 2 0 0 0-2 2v7a2 2 0 0 0 2 2h16a2 2 0 0 0 2-2V9a2 2 0 0 0-2-2h-2\"/><path d=\"M6 21V5a2 2 0 0 1 2-2h8a2 2 0 0 1 2 2v16\"/></svg>\n        <div class=\"driver-body\">\n          <div class=\"driver-name\">Business District</div>\n          <div class=\"driver-level\">MODERATE</div>\n        </div>\n      </div>\n      <div class=\"driver-context\">5 businesses</div>\n    </div>\n    <div class=\"driver\">\n      <div class=\"driver-pill\" style=\"background:#16A34A;\">\n        <svg viewBox=\"0 0 24 24\" width=\"18\" height=\"18\" fill=\"none\" stroke=\"white\" stroke-width=\"2\" stroke-linecap=\"round\" stroke-linejoin=\"round\" class=\"driver-icon\"><path d=\"M13 2 L3 14 h9 l-1 8 10-12 h-9 z\"/></svg>\n        <div class=\"driver-body\">\n          <div class=\"driver-name\">Transmission Main</div>\n          <div class=\"driver-level\">LOW</div>\n        </div>\n      </div>\n      <div class=\"driver-context\">Distribution only</div>\n    </div>\n  </div>\n</div>\n<div class=\"demo-netline\">7 segments in dig area (5 mains, 2 services) &middot; oldest 29-yr MDPE</div><div class=\"demo-action\"><a href=\"https://kartasoft.github.io/excavation-risk-demo/action_form.html?ticket_id=DEMO-20260713-0060&demo=1\" target=\"_blank\" rel=\"noopener\">LOG ACTION</a></div></div>"}}]}