{"type": "FeatureCollection", "features": [{"type": "Feature", "geometry": {"type": "LineString", "coordinates": [[-82.99684722825924, 39.956677896786424], [-82.9968365726663, 39.95662222400037]]}, "properties": {"ticket_id": "DEMO-20260713-0030", "priority_level": "HIGH", "GLOBALID": "DEMO-SEG-002893", "kind": "main", "material": "Cast Iron", "vintage_year": 1900, "diameter_in": 6.0, "coated": false, "s1_score": 0.915, "overall_pct": 0.994, "seg_level": "HIGH", "like_pct": 0.994, "cons_pct": 0.929, "svc_down": 0, "fac_summary": "", "biz_50m": 1, "near_trans_seg": 1}}, {"type": "Feature", "geometry": {"type": "LineString", "coordinates": [[-82.99688961765864, 39.956899397985154], [-82.9968808, 39.956853300000006], [-82.99684722825924, 39.956677896786424]]}, "properties": {"ticket_id": "DEMO-20260713-0030", "priority_level": "HIGH", "GLOBALID": "DEMO-SEG-002892", "kind": "main", "material": "Cast Iron", "vintage_year": 1913, "diameter_in": 12.0, "coated": false, "s1_score": 0.888, "overall_pct": 0.98, "seg_level": "HIGH", "like_pct": 0.98, "cons_pct": 0.929, "svc_down": 0, "fac_summary": "", "biz_50m": 1, "near_trans_seg": 1}}, {"type": "Feature", "geometry": {"type": "LineString", "coordinates": [[-82.99693198703392, 39.957120901457024], [-82.9969317, 39.957119399999996], [-82.99688961765864, 39.956899397985154]]}, "properties": {"ticket_id": "DEMO-20260713-0030", "priority_level": "HIGH", "GLOBALID": "DEMO-SEG-002891", "kind": "main", "material": "Steel", "vintage_year": 1989, "diameter_in": 6.0, "coated": true, "s1_score": 0.467, "overall_pct": 0.929, "seg_level": "MODERATE", "like_pct": 0.781, "cons_pct": 0.929, "svc_down": 0, "fac_summary": "", "biz_50m": 1, "near_trans_seg": 1}}, {"type": "Feature", "geometry": {"type": "LineString", "coordinates": [[-82.99691287760547, 39.95702099871546], [-82.99646503486713, 39.95707173027198]]}, "properties": {"ticket_id": "DEMO-20260713-0030", "priority_level": "HIGH", "GLOBALID": "DEMO-SEG-007061", "kind": "service", "material": "MDPE", "vintage_year": 1996, "diameter_in": 1.0, "coated": false, "s1_score": 0.268, "overall_pct": 0.947, "seg_level": "MODERATE", "like_pct": 0.53, "cons_pct": 0.947, "svc_down": 1, "fac_summary": "", "biz_50m": 1, "near_trans_seg": 1}}, {"type": "Feature", "geometry": {"type": "LineString", "coordinates": [[-82.99697433257967, 39.957342407631636], [-82.99693198703392, 39.957120901457024]]}, "properties": {"ticket_id": "DEMO-20260713-0030", "priority_level": "HIGH", "GLOBALID": "DEMO-SEG-002890", "kind": "main", "material": "MDPE", "vintage_year": 2008, "diameter_in": 3.0, "coated": false, "s1_score": 0.195, "overall_pct": 0.899, "seg_level": "MODERATE", "like_pct": 0.192, "cons_pct": 0.899, "svc_down": 0, "fac_summary": "", "biz_50m": 0, "near_trans_seg": 1}}, {"type": "Feature", "geometry": {"type": "LineString", "coordinates": [[-82.99701673242063, 39.95756390765806], [-82.9969841, 39.9573935], [-82.99697433257967, 39.957342407631636]]}, "properties": {"ticket_id": "DEMO-20260713-0030", "priority_level": "HIGH", "GLOBALID": "DEMO-SEG-002889", "kind": "main", "material": "MDPE", "vintage_year": 2013, "diameter_in": 3.0, "coated": false, "s1_score": 0.165, "overall_pct": 0.899, "seg_level": "MODERATE", "like_pct": 0.089, "cons_pct": 0.899, "svc_down": 0, "fac_summary": "", "biz_50m": 0, "near_trans_seg": 1}}, {"type": "Feature", "geometry": {"type": "LineString", "coordinates": [[-82.9970592, 39.957785400000006], [-82.9970404, 39.9576875], [-82.99701673242063, 39.95756390765806]]}, "properties": {"ticket_id": "DEMO-20260713-0030", "priority_level": "HIGH", "GLOBALID": "DEMO-SEG-002888", "kind": "main", "material": "Cast Iron", "vintage_year": 1926, "diameter_in": 8.0, "coated": false, "s1_score": 0.894, "overall_pct": 0.984, "seg_level": "HIGH", "like_pct": 0.984, "cons_pct": 0.042, "svc_down": 0, "fac_summary": "", "biz_50m": 0, "near_trans_seg": 0}}, {"type": "Feature", "geometry": {"type": "LineString", "coordinates": [[-82.9970592, 39.957785400000006], [-82.9971955, 39.9577698], [-82.9972082, 39.9577684], [-82.99735549809549, 39.95775158092148]]}, "properties": {"ticket_id": "DEMO-20260713-0030", "priority_level": "HIGH", "GLOBALID": "DEMO-SEG-000508", "kind": "main", "material": "MDPE", "vintage_year": 2014, "diameter_in": 6.0, "coated": false, "s1_score": 0.155, "overall_pct": 0.135, "seg_level": "LOW", "like_pct": 0.065, "cons_pct": 0.135, "svc_down": 0, "fac_summary": "", "biz_50m": 1, "near_trans_seg": 0}}, {"type": "Feature", "geometry": {"type": "LineString", "coordinates": [[-82.99677138507445, 39.957818454287946], [-82.9969384, 39.9577995], [-82.9970592, 39.957785400000006]]}, "properties": {"ticket_id": "DEMO-20260713-0030", "priority_level": "HIGH", "GLOBALID": "DEMO-SEG-000413", "kind": "main", "material": "Cast Iron", "vintage_year": 1908, "diameter_in": 8.0, "coated": false, "s1_score": 0.911, "overall_pct": 0.992, "seg_level": "HIGH", "like_pct": 0.992, "cons_pct": 0.042, "svc_down": 0, "fac_summary": "", "biz_50m": 0, "near_trans_seg": 0}}, {"type": "Feature", "geometry": {"type": "LineString", "coordinates": [[-82.9979480848115, 39.95768389461927], [-82.9981765, 39.95765779999999], [-82.99824437554054, 39.95765003922823]]}, "properties": {"ticket_id": "DEMO-20260713-0030", "priority_level": "HIGH", "GLOBALID": "DEMO-SEG-000511", "kind": "main", "material": "Cast Iron", "vintage_year": 1923, "diameter_in": 12.0, "coated": false, "s1_score": 0.869, "overall_pct": 0.968, "seg_level": "HIGH", "like_pct": 0.968, "cons_pct": 0.135, "svc_down": 0, "fac_summary": "", "biz_50m": 1, "near_trans_seg": 0}}, {"type": "Feature", "geometry": {"type": "LineString", "coordinates": [[-82.9976517925431, 39.9577177429578], [-82.9979480848115, 39.95768389461927]]}, "properties": {"ticket_id": "DEMO-20260713-0030", "priority_level": "HIGH", "GLOBALID": "DEMO-SEG-000510", "kind": "main", "material": "Cast Iron", "vintage_year": 1914, "diameter_in": 12.0, "coated": false, "s1_score": 0.873, "overall_pct": 0.97, "seg_level": "HIGH", "like_pct": 0.97, "cons_pct": 0.135, "svc_down": 0, "fac_summary": "", "biz_50m": 1, "near_trans_seg": 0}}, {"type": "Feature", "geometry": {"type": "LineString", "coordinates": [[-82.99735549809549, 39.95775158092148], [-82.997548, 39.957729600000015], [-82.9976517925431, 39.9577177429578]]}, "properties": {"ticket_id": "DEMO-20260713-0030", "priority_level": "HIGH", "GLOBALID": "DEMO-SEG-000509", "kind": "main", "material": "Steel", "vintage_year": 1990, "diameter_in": 6.0, "coated": true, "s1_score": 0.466, "overall_pct": 0.78, "seg_level": "LOW", "like_pct": 0.78, "cons_pct": 0.042, "svc_down": 0, "fac_summary": "", "biz_50m": 0, "near_trans_seg": 0}}, {"type": "Feature", "geometry": {"type": "LineString", "coordinates": [[-82.99829000091322, 39.9576448224789], [-82.99835047731112, 39.957958056062864]]}, "properties": {"ticket_id": "DEMO-20260713-0030", "priority_level": "HIGH", "GLOBALID": "DEMO-SEG-006908", "kind": "service", "material": "MDPE", "vintage_year": 2013, "diameter_in": 0.75, "coated": false, "s1_score": 0.212, "overall_pct": 0.263, "seg_level": "LOW", "like_pct": 0.263, "cons_pct": 0.2, "svc_down": 1, "fac_summary": "", "biz_50m": 1, "near_trans_seg": 0}}, {"type": "Feature", "geometry": {"type": "LineString", "coordinates": [[-82.99759185498972, 39.957724590109855], [-82.9976577812575, 39.9580663523302]]}, "properties": {"ticket_id": "DEMO-20260713-0030", "priority_level": "HIGH", "GLOBALID": "DEMO-SEG-007052", "kind": "service", "material": "MDPE", "vintage_year": 2019, "diameter_in": 0.75, "coated": false, "s1_score": 0.178, "overall_pct": 0.2, "seg_level": "LOW", "like_pct": 0.127, "cons_pct": 0.2, "svc_down": 1, "fac_summary": "", "biz_50m": 1, "near_trans_seg": 0}}, {"type": "Feature", "geometry": {"type": "LineString", "coordinates": [[-82.9978165, 39.958425], [-82.99801665002843, 39.95839275007458]]}, "properties": {"ticket_id": "DEMO-20260713-0030", "priority_level": "HIGH", "GLOBALID": "DEMO-SEG-005154", "kind": "service", "material": "MDPE", "vintage_year": 2013, "diameter_in": 0.75, "coated": false, "s1_score": 0.22, "overall_pct": 0.298, "seg_level": "LOW", "like_pct": 0.298, "cons_pct": 0.268, "svc_down": 1, "fac_summary": "", "biz_50m": 2, "near_trans_seg": 0}}, {"type": "Feature", "geometry": {"type": "LineString", "coordinates": [[-82.9978165, 39.958425], [-82.9975057950473, 39.95845749416974]]}, "properties": {"ticket_id": "DEMO-20260713-0030", "priority_level": "HIGH", "GLOBALID": "DEMO-SEG-003184", "kind": "main", "material": "Steel", "vintage_year": 1981, "diameter_in": 4.0, "coated": true, "s1_score": 0.487, "overall_pct": 0.81, "seg_level": "MODERATE", "like_pct": 0.81, "cons_pct": 0.239, "svc_down": 0, "fac_summary": "", "biz_50m": 2, "near_trans_seg": 0}}, {"type": "Feature", "geometry": {"type": "LineString", "coordinates": [[-82.9978165, 39.958425], [-82.99797974999579, 39.95858779999989]]}, "properties": {"ticket_id": "DEMO-20260713-0030", "priority_level": "HIGH", "GLOBALID": "DEMO-SEG-006120", "kind": "service", "material": "MDPE", "vintage_year": 2020, "diameter_in": 0.5, "coated": false, "s1_score": 0.151, "overall_pct": 0.268, "seg_level": "LOW", "like_pct": 0.057, "cons_pct": 0.268, "svc_down": 1, "fac_summary": "", "biz_50m": 2, "near_trans_seg": 0}}, {"type": "Feature", "geometry": {"type": "LineString", "coordinates": [[-82.99710526545192, 39.958021578184336], [-82.99708, 39.957894], [-82.9970782, 39.95788439999999], [-82.9970592, 39.957785400000006]]}, "properties": {"ticket_id": "DEMO-20260713-0030", "priority_level": "HIGH", "GLOBALID": "DEMO-SEG-003162", "kind": "main", "material": "Cast Iron", "vintage_year": 1909, "diameter_in": 4.0, "coated": false, "s1_score": 0.943, "overall_pct": 0.999, "seg_level": "HIGH", "like_pct": 0.999, "cons_pct": 0.135, "svc_down": 0, "fac_summary": "", "biz_50m": 1, "near_trans_seg": 0}}, {"type": "Feature", "geometry": {"type": "LineString", "coordinates": [[-82.99677498792511, 39.95781804540815], [-82.99681302470945, 39.95801653131372]]}, "properties": {"ticket_id": "DEMO-20260713-0030", "priority_level": "HIGH", "GLOBALID": "DEMO-SEG-006045", "kind": "service", "material": "MDPE", "vintage_year": 2015, "diameter_in": 1.0, "coated": false, "s1_score": 0.183, "overall_pct": 0.146, "seg_level": "LOW", "like_pct": 0.146, "cons_pct": 0.092, "svc_down": 1, "fac_summary": "", "biz_50m": 0, "near_trans_seg": 0}}, {"type": "Feature", "geometry": {"type": "LineString", "coordinates": [[-82.99714988583614, 39.95825791511486], [-82.9971372, 39.95819280000001], [-82.9971204, 39.958097999999985], [-82.99710526545192, 39.958021578184336]]}, "properties": {"ticket_id": "DEMO-20260713-0030", "priority_level": "HIGH", "GLOBALID": "DEMO-SEG-003161", "kind": "main", "material": "MDPE", "vintage_year": 2014, "diameter_in": 3.0, "coated": false, "s1_score": 0.185, "overall_pct": 0.152, "seg_level": "LOW", "like_pct": 0.152, "cons_pct": 0.135, "svc_down": 0, "fac_summary": "", "biz_50m": 1, "near_trans_seg": 0}}, {"type": "Feature", "geometry": {"type": "LineString", "coordinates": [[-82.9971959, 39.958494099999996], [-82.99714988583614, 39.95825791511486]]}, "properties": {"ticket_id": "DEMO-20260713-0030", "priority_level": "HIGH", "GLOBALID": "DEMO-SEG-003160", "kind": "main", "material": "Steel", "vintage_year": 1981, "diameter_in": 6.0, "coated": true, "s1_score": 0.492, "overall_pct": 0.817, "seg_level": "MODERATE", "like_pct": 0.817, "cons_pct": 0.285, "svc_down": 2, "fac_summary": "", "biz_50m": 1, "near_trans_seg": 0}}, {"type": "Feature", "geometry": {"type": "LineString", "coordinates": [[-82.9975057950473, 39.95845749416974], [-82.9974149, 39.958467], [-82.9973329, 39.95847609999999], [-82.9971959, 39.958494099999996]]}, "properties": {"ticket_id": "DEMO-20260713-0030", "priority_level": "HIGH", "GLOBALID": "DEMO-SEG-003185", "kind": "main", "material": "Cast Iron", "vintage_year": 1913, "diameter_in": 12.0, "coated": false, "s1_score": 0.866, "overall_pct": 0.966, "seg_level": "HIGH", "like_pct": 0.966, "cons_pct": 0.253, "svc_down": 2, "fac_summary": "", "biz_50m": 1, "near_trans_seg": 0}}, {"type": "Feature", "geometry": {"type": "LineString", "coordinates": [[-82.99723681083687, 39.958701493423824], [-82.9972334, 39.958684700000006], [-82.99721490000002, 39.9585905], [-82.9971959, 39.958494099999996]]}, "properties": {"ticket_id": "DEMO-20260713-0030", "priority_level": "HIGH", "GLOBALID": "DEMO-SEG-002961", "kind": "main", "material": "Cast Iron", "vintage_year": 1906, "diameter_in": 6.0, "coated": false, "s1_score": 0.897, "overall_pct": 0.985, "seg_level": "HIGH", "like_pct": 0.985, "cons_pct": 0.135, "svc_down": 0, "fac_summary": "", "biz_50m": 1, "near_trans_seg": 0}}, {"type": "Feature", "geometry": {"type": "LineString", "coordinates": [[-82.9972521867695, 39.958777197472756], [-82.99723681083687, 39.958701493423824]]}, "properties": {"ticket_id": "DEMO-20260713-0030", "priority_level": "HIGH", "GLOBALID": "DEMO-SEG-002960", "kind": "main", "material": "Cast Iron", "vintage_year": 1912, "diameter_in": 8.0, "coated": false, "s1_score": 0.878, "overall_pct": 0.972, "seg_level": "HIGH", "like_pct": 0.972, "cons_pct": 0.135, "svc_down": 0, "fac_summary": "", "biz_50m": 1, "near_trans_seg": 0}}, {"type": "Feature", "geometry": {"type": "LineString", "coordinates": [[-82.99883681737707, 39.95758161775855], [-82.99888674227901, 39.957575748688114]]}, "properties": {"ticket_id": "DEMO-20260713-0030", "priority_level": "HIGH", "GLOBALID": "DEMO-SEG-000514", "kind": "main", "material": "Cast Iron", "vintage_year": 1931, "diameter_in": 12.0, "coated": false, "s1_score": 0.885, "overall_pct": 0.977, "seg_level": "HIGH", "like_pct": 0.977, "cons_pct": 0.135, "svc_down": 0, "fac_summary": "", "biz_50m": 1, "near_trans_seg": 0}}, {"type": "Feature", "geometry": {"type": "LineString", "coordinates": [[-82.9985406651268, 39.9576161788393], [-82.9986175, 39.9576074], [-82.99883681737707, 39.95758161775855]]}, "properties": {"ticket_id": "DEMO-20260713-0030", "priority_level": "HIGH", "GLOBALID": "DEMO-SEG-000513", "kind": "main", "material": "MDPE", "vintage_year": 2010, "diameter_in": 3.0, "coated": false, "s1_score": 0.189, "overall_pct": 0.17, "seg_level": "LOW", "like_pct": 0.17, "cons_pct": 0.135, "svc_down": 0, "fac_summary": "", "biz_50m": 1, "near_trans_seg": 0}}, {"type": "Feature", "geometry": {"type": "LineString", "coordinates": [[-82.99824437554054, 39.95765003922823], [-82.9983383, 39.95763929999999], [-82.9985406651268, 39.9576161788393]]}, "properties": {"ticket_id": "DEMO-20260713-0030", "priority_level": "HIGH", "GLOBALID": "DEMO-SEG-000512", "kind": "main", "material": "Cast Iron", "vintage_year": 1917, "diameter_in": 6.0, "coated": false, "s1_score": 0.908, "overall_pct": 0.99, "seg_level": "HIGH", "like_pct": 0.99, "cons_pct": 0.135, "svc_down": 0, "fac_summary": "", "biz_50m": 1, "near_trans_seg": 0}}, {"type": "Feature", "geometry": {"type": "LineString", "coordinates": [[-82.99880279908582, 39.957585616867185], [-82.99886517731113, 39.957899856062845]]}, "properties": {"ticket_id": "DEMO-20260713-0030", "priority_level": "HIGH", "GLOBALID": "DEMO-SEG-006917", "kind": "service", "material": "MDPE", "vintage_year": 2020, "diameter_in": 0.75, "coated": false, "s1_score": 0.165, "overall_pct": 0.2, "seg_level": "LOW", "like_pct": 0.091, "cons_pct": 0.2, "svc_down": 1, "fac_summary": "", "biz_50m": 1, "near_trans_seg": 0}}, {"type": "Feature", "geometry": {"type": "LineString", "coordinates": [[-82.99854695650775, 39.957615460013756], [-82.99863825340144, 39.95808867047573]]}, "properties": {"ticket_id": "DEMO-20260713-0030", "priority_level": "HIGH", "GLOBALID": "DEMO-SEG-007516", "kind": "service", "material": "Steel", "vintage_year": 1935, "diameter_in": 1.25, "coated": false, "s1_score": 0.84, "overall_pct": 0.959, "seg_level": "HIGH", "like_pct": 0.959, "cons_pct": 0.2, "svc_down": 1, "fac_summary": "", "biz_50m": 1, "near_trans_seg": 0}}, {"type": "Feature", "geometry": {"type": "LineString", "coordinates": [[-82.99638058062096, 39.95663008044449], [-82.99639581218135, 39.95670841126015]]}, "properties": {"ticket_id": "DEMO-20260713-0030", "priority_level": "HIGH", "GLOBALID": "DEMO-SEG-006044", "kind": "service", "material": "MDPE", "vintage_year": 1998, "diameter_in": 0.5, "coated": false, "s1_score": 0.265, "overall_pct": 0.958, "seg_level": "HIGH", "like_pct": 0.515, "cons_pct": 0.958, "svc_down": 1, "fac_summary": "", "biz_50m": 2, "near_trans_seg": 1}}, {"type": "Feature", "geometry": {"type": "LineString", "coordinates": [[-82.99648356187107, 39.95785146949089], [-82.99672340000001, 39.9578239], [-82.99677138507445, 39.957818454287946]]}, "properties": {"ticket_id": "DEMO-20260713-0030", "priority_level": "HIGH", "GLOBALID": "DEMO-SEG-000412", "kind": "main", "material": "Cast Iron", "vintage_year": 1918, "diameter_in": 12.0, "coated": false, "s1_score": 0.864, "overall_pct": 0.965, "seg_level": "HIGH", "like_pct": 0.965, "cons_pct": 0.042, "svc_down": 0, "fac_summary": "", "biz_50m": 0, "near_trans_seg": 0}}, {"type": "Feature", "geometry": {"type": "LineString", "coordinates": [[-82.99619575136379, 39.95788455140969], [-82.9962023, 39.95788379999999], [-82.99648356187107, 39.95785146949089]]}, "properties": {"ticket_id": "DEMO-20260713-0030", "priority_level": "HIGH", "GLOBALID": "DEMO-SEG-000411", "kind": "main", "material": "MDPE", "vintage_year": 2020, "diameter_in": 4.0, "coated": false, "s1_score": 0.141, "overall_pct": 0.135, "seg_level": "LOW", "like_pct": 0.035, "cons_pct": 0.135, "svc_down": 0, "fac_summary": "", "biz_50m": 1, "near_trans_seg": 0}}, {"type": "Feature", "geometry": {"type": "LineString", "coordinates": [[-82.99608649803032, 39.957897087400724], [-82.99619575136379, 39.95788455140969]]}, "properties": {"ticket_id": "DEMO-20260713-0030", "priority_level": "HIGH", "GLOBALID": "DEMO-SEG-000410", "kind": "main", "material": "Cast Iron", "vintage_year": 1923, "diameter_in": 6.0, "coated": false, "s1_score": 0.919, "overall_pct": 0.996, "seg_level": "HIGH", "like_pct": 0.996, "cons_pct": 0.929, "svc_down": 0, "fac_summary": "", "biz_50m": 1, "near_trans_seg": 1}}, {"type": "Feature", "geometry": {"type": "LineString", "coordinates": [[-83.00164493213047, 39.95805509046806], [-83.0016557, 39.95811129999999], [-83.00166563107379, 39.9581632009698]]}, "properties": {"ticket_id": "DEMO-20260713-0018", "priority_level": "HIGH", "GLOBALID": "DEMO-SEG-002446", "kind": "main", "material": "MDPE", "vintage_year": 2013, "diameter_in": 4.0, "coated": false, "s1_score": 0.145, "overall_pct": 0.135, "seg_level": "LOW", "like_pct": 0.042, "cons_pct": 0.135, "svc_down": 0, "fac_summary": "", "biz_50m": 1, "near_trans_seg": 0}}, {"type": "Feature", "geometry": {"type": "LineString", "coordinates": [[-83.00166563107379, 39.9581632009698], [-83.00170813766299, 39.95838534444714]]}, "properties": {"ticket_id": "DEMO-20260713-0018", "priority_level": "HIGH", "GLOBALID": "DEMO-SEG-002447", "kind": "main", "material": "Steel", "vintage_year": 1964, "diameter_in": 6.0, "coated": false, "s1_score": 0.685, "overall_pct": 0.914, "seg_level": "MODERATE", "like_pct": 0.914, "cons_pct": 0.135, "svc_down": 0, "fac_summary": "", "biz_50m": 1, "near_trans_seg": 0}}, {"type": "Feature", "geometry": {"type": "LineString", "coordinates": [[-83.00070136240399, 39.958728754860914], [-83.00060187964058, 39.95819532904597]]}, "properties": {"ticket_id": "DEMO-20260713-0018", "priority_level": "HIGH", "GLOBALID": "DEMO-SEG-007596", "kind": "service", "material": "MDPE", "vintage_year": 2006, "diameter_in": 1.25, "coated": false, "s1_score": 0.235, "overall_pct": 0.369, "seg_level": "LOW", "like_pct": 0.369, "cons_pct": 0.268, "svc_down": 1, "fac_summary": "", "biz_50m": 2, "near_trans_seg": 0}}, {"type": "Feature", "geometry": {"type": "LineString", "coordinates": [[-83.00127772406023, 39.95866299914673], [-83.0012080890143, 39.95830628859964]]}, "properties": {"ticket_id": "DEMO-20260713-0018", "priority_level": "HIGH", "GLOBALID": "DEMO-SEG-007118", "kind": "service", "material": "MDPE", "vintage_year": 1998, "diameter_in": 0.75, "coated": false, "s1_score": 0.242, "overall_pct": 0.404, "seg_level": "LOW", "like_pct": 0.404, "cons_pct": 0.092, "svc_down": 1, "fac_summary": "", "biz_50m": 0, "near_trans_seg": 0}}, {"type": "Feature", "geometry": {"type": "LineString", "coordinates": [[-83.00170813766299, 39.95838534444714], [-83.0017362, 39.95853199999999], [-83.0017514, 39.9586074]]}, "properties": {"ticket_id": "DEMO-20260713-0018", "priority_level": "HIGH", "GLOBALID": "DEMO-SEG-002448", "kind": "main", "material": "MDPE", "vintage_year": 2008, "diameter_in": 4.0, "coated": false, "s1_score": 0.202, "overall_pct": 0.221, "seg_level": "LOW", "like_pct": 0.221, "cons_pct": 0.135, "svc_down": 0, "fac_summary": "", "biz_50m": 1, "near_trans_seg": 0}}, {"type": "Feature", "geometry": {"type": "LineString", "coordinates": [[-83.00201458486562, 39.95857608184176], [-83.0018861, 39.9585911], [-83.0017514, 39.9586074]]}, "properties": {"ticket_id": "DEMO-20260713-0018", "priority_level": "HIGH", "GLOBALID": "DEMO-SEG-002442", "kind": "main", "material": "MDPE", "vintage_year": 2021, "diameter_in": 3.0, "coated": false, "s1_score": 0.121, "overall_pct": 0.135, "seg_level": "LOW", "like_pct": 0.011, "cons_pct": 0.135, "svc_down": 0, "fac_summary": "", "biz_50m": 1, "near_trans_seg": 0}}, {"type": "Feature", "geometry": {"type": "LineString", "coordinates": [[-83.0017514, 39.9586074], [-83.0016142, 39.958624099999994], [-83.00145684557387, 39.95864229148051]]}, "properties": {"ticket_id": "DEMO-20260713-0018", "priority_level": "HIGH", "GLOBALID": "DEMO-SEG-001942", "kind": "main", "material": "Steel", "vintage_year": 1964, "diameter_in": 3.0, "coated": false, "s1_score": 0.704, "overall_pct": 0.928, "seg_level": "MODERATE", "like_pct": 0.928, "cons_pct": 0.042, "svc_down": 0, "fac_summary": "", "biz_50m": 0, "near_trans_seg": 0}}, {"type": "Feature", "geometry": {"type": "LineString", "coordinates": [[-83.00145684557387, 39.95864229148051], [-83.00116212663916, 39.95867636284247]]}, "properties": {"ticket_id": "DEMO-20260713-0018", "priority_level": "HIGH", "GLOBALID": "DEMO-SEG-001943", "kind": "main", "material": "MDPE", "vintage_year": 2011, "diameter_in": 3.0, "coated": false, "s1_score": 0.201, "overall_pct": 0.215, "seg_level": "LOW", "like_pct": 0.215, "cons_pct": 0.042, "svc_down": 0, "fac_summary": "", "biz_50m": 0, "near_trans_seg": 0}}, {"type": "Feature", "geometry": {"type": "LineString", "coordinates": [[-82.99998541097246, 39.958265779784625], [-83.0002578842254, 39.95823473556857]]}, "properties": {"ticket_id": "DEMO-20260713-0018", "priority_level": "HIGH", "GLOBALID": "DEMO-SEG-006791", "kind": "service", "material": "Steel", "vintage_year": 1967, "diameter_in": 1.0, "coated": false, "s1_score": 0.715, "overall_pct": 0.934, "seg_level": "MODERATE", "like_pct": 0.934, "cons_pct": 0.268, "svc_down": 1, "fac_summary": "", "biz_50m": 2, "near_trans_seg": 0}}, {"type": "Feature", "geometry": {"type": "LineString", "coordinates": [[-82.99999048590134, 39.95843991695477], [-83.00032289795662, 39.95840204358826]]}, "properties": {"ticket_id": "DEMO-20260713-0018", "priority_level": "HIGH", "GLOBALID": "DEMO-SEG-006924", "kind": "service", "material": "Steel", "vintage_year": 1969, "diameter_in": 1.0, "coated": false, "s1_score": 0.696, "overall_pct": 0.92, "seg_level": "MODERATE", "like_pct": 0.92, "cons_pct": 0.305, "svc_down": 1, "fac_summary": "", "biz_50m": 3, "near_trans_seg": 0}}, {"type": "Feature", "geometry": {"type": "LineString", "coordinates": [[-82.99999217928675, 39.95849802212842], [-83.00020898569836, 39.95847332041628]]}, "properties": {"ticket_id": "DEMO-20260713-0018", "priority_level": "HIGH", "GLOBALID": "DEMO-SEG-006261", "kind": "service", "material": "Steel", "vintage_year": 1968, "diameter_in": 1.0, "coated": false, "s1_score": 0.695, "overall_pct": 0.92, "seg_level": "MODERATE", "like_pct": 0.92, "cons_pct": 0.305, "svc_down": 1, "fac_summary": "", "biz_50m": 3, "near_trans_seg": 0}}, {"type": "Feature", "geometry": {"type": "LineString", "coordinates": [[-83.00051048480644, 39.95874983601154], [-83.00047478675253, 39.95855842155655]]}, "properties": {"ticket_id": "DEMO-20260713-0018", "priority_level": "HIGH", "GLOBALID": "DEMO-SEG-005923", "kind": "service", "material": "MDPE", "vintage_year": 2012, "diameter_in": 0.5, "coated": false, "s1_score": 0.199, "overall_pct": 0.268, "seg_level": "LOW", "like_pct": 0.207, "cons_pct": 0.268, "svc_down": 1, "fac_summary": "", "biz_50m": 2, "near_trans_seg": 0}}, {"type": "Feature", "geometry": {"type": "LineString", "coordinates": [[-83.0005724004836, 39.95874299787594], [-83.00027739653108, 39.95877557860629]]}, "properties": {"ticket_id": "DEMO-20260713-0018", "priority_level": "HIGH", "GLOBALID": "DEMO-SEG-001946", "kind": "main", "material": "Steel", "vintage_year": 1960, "diameter_in": 8.0, "coated": false, "s1_score": 0.697, "overall_pct": 0.922, "seg_level": "MODERATE", "like_pct": 0.922, "cons_pct": 0.239, "svc_down": 0, "fac_summary": "", "biz_50m": 2, "near_trans_seg": 0}}, {"type": "Feature", "geometry": {"type": "LineString", "coordinates": [[-83.00027739653108, 39.95877557860629], [-83.0001278, 39.958792100000004], [-83.00000115848962, 39.958806122901386]]}, "properties": {"ticket_id": "DEMO-20260713-0018", "priority_level": "HIGH", "GLOBALID": "DEMO-SEG-001947", "kind": "main", "material": "Steel", "vintage_year": 1962, "diameter_in": 6.0, "coated": false, "s1_score": 0.68, "overall_pct": 0.911, "seg_level": "MODERATE", "like_pct": 0.911, "cons_pct": 0.293, "svc_down": 0, "fac_summary": "", "biz_50m": 3, "near_trans_seg": 0}}, {"type": "Feature", "geometry": {"type": "LineString", "coordinates": [[-83.00000474513865, 39.95892918921426], [-83.00002466654028, 39.959031931355526]]}, "properties": {"ticket_id": "DEMO-20260713-0018", "priority_level": "HIGH", "GLOBALID": "DEMO-SEG-001936", "kind": "main", "material": "Steel", "vintage_year": 1963, "diameter_in": 4.0, "coated": false, "s1_score": 0.682, "overall_pct": 0.913, "seg_level": "MODERATE", "like_pct": 0.913, "cons_pct": 0.239, "svc_down": 0, "fac_summary": "", "biz_50m": 2, "near_trans_seg": 0}}, {"type": "Feature", "geometry": {"type": "LineString", "coordinates": [[-83.00002466654028, 39.959031931355526], [-83.00006802413449, 39.959255541535185]]}, "properties": {"ticket_id": "DEMO-20260713-0018", "priority_level": "HIGH", "GLOBALID": "DEMO-SEG-001937", "kind": "main", "material": "Steel", "vintage_year": 1962, "diameter_in": 3.0, "coated": false, "s1_score": 0.709, "overall_pct": 0.931, "seg_level": "MODERATE", "like_pct": 0.931, "cons_pct": 0.239, "svc_down": 0, "fac_summary": "", "biz_50m": 2, "near_trans_seg": 0}}, {"type": "Feature", "geometry": {"type": "LineString", "coordinates": [[-83.00004623838159, 39.95914318504235], [-83.00001109948514, 39.95914721983199]]}, "properties": {"ticket_id": "DEMO-20260713-0018", "priority_level": "HIGH", "GLOBALID": "DEMO-SEG-005997", "kind": "service", "material": "Steel", "vintage_year": 1958, "diameter_in": 0.75, "coated": false, "s1_score": 0.73, "overall_pct": 0.942, "seg_level": "MODERATE", "like_pct": 0.942, "cons_pct": 0.268, "svc_down": 1, "fac_summary": "", "biz_50m": 2, "near_trans_seg": 0}}, {"type": "Feature", "geometry": {"type": "LineString", "coordinates": [[-83.00004783052367, 39.95915139627144], [-83.00001134330901, 39.9591555858803]]}, "properties": {"ticket_id": "DEMO-20260713-0018", "priority_level": "HIGH", "GLOBALID": "DEMO-SEG-006744", "kind": "service", "material": "MDPE", "vintage_year": 2008, "diameter_in": 1.0, "coated": false, "s1_score": 0.184, "overall_pct": 0.268, "seg_level": "LOW", "like_pct": 0.147, "cons_pct": 0.268, "svc_down": 1, "fac_summary": "", "biz_50m": 2, "near_trans_seg": 0}}, {"type": "Feature", "geometry": {"type": "LineString", "coordinates": [[-83.00116212663916, 39.95867636284247], [-83.0009542, 39.9587004], [-83.00088, 39.958709], [-83.00086740032192, 39.95871039604057]]}, "properties": {"ticket_id": "DEMO-20260713-0018", "priority_level": "HIGH", "GLOBALID": "DEMO-SEG-001944", "kind": "main", "material": "MDPE", "vintage_year": 1999, "diameter_in": 3.0, "coated": false, "s1_score": 0.237, "overall_pct": 0.377, "seg_level": "LOW", "like_pct": 0.377, "cons_pct": 0.135, "svc_down": 0, "fac_summary": "", "biz_50m": 1, "near_trans_seg": 0}}, {"type": "Feature", "geometry": {"type": "LineString", "coordinates": [[-83.00086740032192, 39.95871039604057], [-83.0008087, 39.95871689999999], [-83.0005724004836, 39.95874299787594]]}, "properties": {"ticket_id": "DEMO-20260713-0018", "priority_level": "HIGH", "GLOBALID": "DEMO-SEG-001945", "kind": "main", "material": "Steel", "vintage_year": 1965, "diameter_in": 6.0, "coated": false, "s1_score": 0.645, "overall_pct": 0.888, "seg_level": "MODERATE", "like_pct": 0.888, "cons_pct": 0.135, "svc_down": 0, "fac_summary": "", "biz_50m": 1, "near_trans_seg": 0}}, {"type": "Feature", "geometry": {"type": "LineString", "coordinates": [[-83.00179180376885, 39.95883158884506], [-83.0017621, 39.958670500000004], [-83.0017514, 39.9586074]]}, "properties": {"ticket_id": "DEMO-20260713-0018", "priority_level": "HIGH", "GLOBALID": "DEMO-SEG-002438", "kind": "main", "material": "Steel", "vintage_year": 1964, "diameter_in": 4.0, "coated": false, "s1_score": 0.659, "overall_pct": 0.898, "seg_level": "MODERATE", "like_pct": 0.898, "cons_pct": 0.042, "svc_down": 0, "fac_summary": "", "biz_50m": 0, "near_trans_seg": 0}}, {"type": "Feature", "geometry": {"type": "LineString", "coordinates": [[-83.001833211062, 39.95905567212713], [-83.0018303, 39.959039899999986], [-83.0018018, 39.95888579999999], [-83.00179180376885, 39.95883158884506]]}, "properties": {"ticket_id": "DEMO-20260713-0018", "priority_level": "HIGH", "GLOBALID": "DEMO-SEG-002437", "kind": "main", "material": "Steel", "vintage_year": 1967, "diameter_in": 4.0, "coated": false, "s1_score": 0.698, "overall_pct": 0.923, "seg_level": "MODERATE", "like_pct": 0.923, "cons_pct": 0.135, "svc_down": 0, "fac_summary": "", "biz_50m": 1, "near_trans_seg": 0}}, {"type": "Feature", "geometry": {"type": "LineString", "coordinates": [[-83.00187457123648, 39.95927976056928], [-83.001833211062, 39.95905567212713]]}, "properties": {"ticket_id": "DEMO-20260713-0018", "priority_level": "HIGH", "GLOBALID": "DEMO-SEG-002436", "kind": "main", "material": "Steel", "vintage_year": 1980, "diameter_in": 6.0, "coated": true, "s1_score": 0.503, "overall_pct": 0.83, "seg_level": "MODERATE", "like_pct": 0.83, "cons_pct": 0.135, "svc_down": 0, "fac_summary": "", "biz_50m": 1, "near_trans_seg": 0}}, {"type": "Feature", "geometry": {"type": "LineString", "coordinates": [[-83.00187430686363, 39.95927832820866], [-83.00203456089677, 39.959260812232266]]}, "properties": {"ticket_id": "DEMO-20260713-0018", "priority_level": "HIGH", "GLOBALID": "DEMO-SEG-006409", "kind": "service", "material": "MDPE", "vintage_year": 2013, "diameter_in": 1.25, "coated": false, "s1_score": 0.188, "overall_pct": 0.2, "seg_level": "LOW", "like_pct": 0.165, "cons_pct": 0.2, "svc_down": 1, "fac_summary": "", "biz_50m": 1, "near_trans_seg": 0}}, {"type": "Feature", "geometry": {"type": "LineString", "coordinates": [[-83.00191907201288, 39.95950349235592], [-83.0019184, 39.9595001], [-83.00187480000001, 39.95928099999998], [-83.00187457123648, 39.95927976056928]]}, "properties": {"ticket_id": "DEMO-20260713-0018", "priority_level": "HIGH", "GLOBALID": "DEMO-SEG-002435", "kind": "main", "material": "Steel", "vintage_year": 1982, "diameter_in": 4.0, "coated": true, "s1_score": 0.506, "overall_pct": 0.834, "seg_level": "MODERATE", "like_pct": 0.834, "cons_pct": 0.042, "svc_down": 0, "fac_summary": "", "biz_50m": 0, "near_trans_seg": 0}}, {"type": "Feature", "geometry": {"type": "LineString", "coordinates": [[-83.00193909878728, 39.959604588379285], [-83.00191907201288, 39.95950349235592]]}, "properties": {"ticket_id": "DEMO-20260713-0018", "priority_level": "HIGH", "GLOBALID": "DEMO-SEG-002434", "kind": "main", "material": "Steel", "vintage_year": 1965, "diameter_in": 6.0, "coated": false, "s1_score": 0.672, "overall_pct": 0.907, "seg_level": "MODERATE", "like_pct": 0.907, "cons_pct": 0.042, "svc_down": 0, "fac_summary": "", "biz_50m": 0, "near_trans_seg": 0}}, {"type": "Feature", "geometry": {"type": "LineString", "coordinates": [[-83.00006802413449, 39.959255541535185], [-83.000111382041, 39.959479151683524]]}, "properties": {"ticket_id": "DEMO-20260713-0018", "priority_level": "HIGH", "GLOBALID": "DEMO-SEG-001938", "kind": "main", "material": "MDPE", "vintage_year": 2021, "diameter_in": 4.0, "coated": false, "s1_score": 0.15, "overall_pct": 0.135, "seg_level": "LOW", "like_pct": 0.055, "cons_pct": 0.135, "svc_down": 0, "fac_summary": "", "biz_50m": 1, "near_trans_seg": 0}}, {"type": "Feature", "geometry": {"type": "LineString", "coordinates": [[-83.000111382041, 39.959479151683524], [-83.0001417224048, 39.95963562535708]]}, "properties": {"ticket_id": "DEMO-20260713-0018", "priority_level": "HIGH", "GLOBALID": "DEMO-SEG-001939", "kind": "main", "material": "MDPE", "vintage_year": 2012, "diameter_in": 2.0, "coated": false, "s1_score": 0.179, "overall_pct": 0.239, "seg_level": "LOW", "like_pct": 0.132, "cons_pct": 0.239, "svc_down": 0, "fac_summary": "", "biz_50m": 2, "near_trans_seg": 0}}, {"type": "Feature", "geometry": {"type": "LineString", "coordinates": [[-82.99964473775586, 39.95706004992541], [-82.99968285828699, 39.957257830476934]]}, "properties": {"ticket_id": "DEMO-20260713-0001", "priority_level": "HIGH", "GLOBALID": "DEMO-SEG-000506", "kind": "main", "material": "Steel", "vintage_year": 1965, "diameter_in": 3.0, "coated": false, "s1_score": 0.704, "overall_pct": 0.929, "seg_level": "MODERATE", "like_pct": 0.927, "cons_pct": 0.929, "svc_down": 0, "fac_summary": "", "biz_50m": 1, "near_trans_seg": 1}}, {"type": "Feature", "geometry": {"type": "LineString", "coordinates": [[-82.99968285828699, 39.957257830476934], [-82.9996869, 39.95727879999999], [-82.9997071, 39.95738360000001], [-82.9997258, 39.95748079999999]]}, "properties": {"ticket_id": "DEMO-20260713-0001", "priority_level": "HIGH", "GLOBALID": "DEMO-SEG-000507", "kind": "main", "material": "Steel", "vintage_year": 1965, "diameter_in": 2.0, "coated": false, "s1_score": 0.698, "overall_pct": 0.975, "seg_level": "HIGH", "like_pct": 0.922, "cons_pct": 0.975, "svc_down": 7, "fac_summary": "", "biz_50m": 1, "near_trans_seg": 1}}, {"type": "Feature", "geometry": {"type": "LineString", "coordinates": [[-83.00000013558159, 39.95744900408504], [-82.9998717, 39.9574639], [-82.9998621, 39.95746499999999], [-82.9997258, 39.95748079999999]]}, "properties": {"ticket_id": "DEMO-20260713-0001", "priority_level": "HIGH", "GLOBALID": "DEMO-SEG-000501", "kind": "main", "material": "Steel", "vintage_year": 1970, "diameter_in": 2.0, "coated": false, "s1_score": 0.647, "overall_pct": 0.929, "seg_level": "MODERATE", "like_pct": 0.89, "cons_pct": 0.929, "svc_down": 0, "fac_summary": "", "biz_50m": 1, "near_trans_seg": 1}}, {"type": "Feature", "geometry": {"type": "LineString", "coordinates": [[-82.99942950287009, 39.95751461735982], [-82.9995807, 39.95749730000001], [-82.9997258, 39.95748079999999]]}, "properties": {"ticket_id": "DEMO-20260713-0001", "priority_level": "HIGH", "GLOBALID": "DEMO-SEG-000516", "kind": "main", "material": "Steel", "vintage_year": 1963, "diameter_in": 3.0, "coated": false, "s1_score": 0.713, "overall_pct": 0.933, "seg_level": "MODERATE", "like_pct": 0.933, "cons_pct": 0.042, "svc_down": 0, "fac_summary": "", "biz_50m": 0, "near_trans_seg": 0}}, {"type": "Feature", "geometry": {"type": "LineString", "coordinates": [[-82.99976858655083, 39.95770203130983], [-82.9997458, 39.95758429999999], [-82.9997258, 39.95748079999999]]}, "properties": {"ticket_id": "DEMO-20260713-0001", "priority_level": "HIGH", "GLOBALID": "DEMO-SEG-000495", "kind": "main", "material": "MDPE", "vintage_year": 2009, "diameter_in": 6.0, "coated": false, "s1_score": 0.178, "overall_pct": 0.379, "seg_level": "LOW", "like_pct": 0.128, "cons_pct": 0.379, "svc_down": 7, "fac_summary": "", "biz_50m": 1, "near_trans_seg": 0}}, {"type": "Feature", "geometry": {"type": "LineString", "coordinates": [[-82.99913323379172, 39.95754858045863], [-82.99923340000001, 39.95753699999999], [-82.9994087, 39.957517], [-82.99942950287009, 39.95751461735982]]}, "properties": {"ticket_id": "DEMO-20260713-0001", "priority_level": "HIGH", "GLOBALID": "DEMO-SEG-000515", "kind": "main", "material": "Steel", "vintage_year": 1966, "diameter_in": 8.0, "coated": false, "s1_score": 0.629, "overall_pct": 0.879, "seg_level": "MODERATE", "like_pct": 0.879, "cons_pct": 0.135, "svc_down": 0, "fac_summary": "", "biz_50m": 1, "near_trans_seg": 0}}, {"type": "Feature", "geometry": {"type": "LineString", "coordinates": [[-82.99888674227901, 39.957575748688114], [-82.998945, 39.9575689], [-82.9989964, 39.9575644], [-82.99913323379172, 39.95754858045863]]}, "properties": {"ticket_id": "DEMO-20260713-0001", "priority_level": "HIGH", "GLOBALID": "DEMO-SEG-000514", "kind": "main", "material": "Cast Iron", "vintage_year": 1931, "diameter_in": 12.0, "coated": false, "s1_score": 0.885, "overall_pct": 0.977, "seg_level": "HIGH", "like_pct": 0.977, "cons_pct": 0.135, "svc_down": 0, "fac_summary": "", "biz_50m": 1, "near_trans_seg": 0}}, {"type": "Feature", "geometry": {"type": "LineString", "coordinates": [[-82.99947448525761, 39.95750946532452], [-82.99951105489845, 39.95769855288039]]}, "properties": {"ticket_id": "DEMO-20260713-0001", "priority_level": "HIGH", "GLOBALID": "DEMO-SEG-005902", "kind": "service", "material": "MDPE", "vintage_year": 2021, "diameter_in": 0.75, "coated": false, "s1_score": 0.17, "overall_pct": 0.105, "seg_level": "LOW", "like_pct": 0.105, "cons_pct": 0.092, "svc_down": 1, "fac_summary": "", "biz_50m": 0, "near_trans_seg": 0}}, {"type": "Feature", "geometry": {"type": "LineString", "coordinates": [[-82.99981140476145, 39.95792325899803], [-82.99976858655083, 39.95770203130983]]}, "properties": {"ticket_id": "DEMO-20260713-0001", "priority_level": "HIGH", "GLOBALID": "DEMO-SEG-000494", "kind": "main", "material": "Steel", "vintage_year": 1969, "diameter_in": 3.0, "coated": false, "s1_score": 0.669, "overall_pct": 0.905, "seg_level": "MODERATE", "like_pct": 0.905, "cons_pct": 0.379, "svc_down": 7, "fac_summary": "", "biz_50m": 1, "near_trans_seg": 0}}, {"type": "Feature", "geometry": {"type": "LineString", "coordinates": [[-82.99982996129187, 39.95801913402153], [-83.00001612895552, 39.957997795046246]]}, "properties": {"ticket_id": "DEMO-20260713-0001", "priority_level": "HIGH", "GLOBALID": "DEMO-SEG-007344", "kind": "service", "material": "MDPE", "vintage_year": 2022, "diameter_in": 1.25, "coated": false, "s1_score": 0.163, "overall_pct": 0.268, "seg_level": "LOW", "like_pct": 0.084, "cons_pct": 0.268, "svc_down": 1, "fac_summary": "", "biz_50m": 2, "near_trans_seg": 0}}, {"type": "Feature", "geometry": {"type": "LineString", "coordinates": [[-82.99985175779656, 39.958131759193165], [-82.9998484, 39.95811440000001], [-82.99981140476145, 39.95792325899803]]}, "properties": {"ticket_id": "DEMO-20260713-0001", "priority_level": "HIGH", "GLOBALID": "DEMO-SEG-000493", "kind": "main", "material": "Steel", "vintage_year": 1965, "diameter_in": 4.0, "coated": false, "s1_score": 0.677, "overall_pct": 0.91, "seg_level": "MODERATE", "like_pct": 0.91, "cons_pct": 0.379, "svc_down": 6, "fac_summary": "", "biz_50m": 2, "near_trans_seg": 0}}, {"type": "Feature", "geometry": {"type": "LineString", "coordinates": [[-82.98713893339375, 39.946992933339295], [-82.98714264086323, 39.94694373340633]]}, "properties": {"ticket_id": "DEMO-20260713-0006", "priority_level": "HIGH", "GLOBALID": "DEMO-SEG-002278", "kind": "main", "material": "MDPE", "vintage_year": 1985, "diameter_in": 4.0, "coated": false, "s1_score": 0.284, "overall_pct": 0.635, "seg_level": "LOW", "like_pct": 0.601, "cons_pct": 0.635, "svc_down": 0, "fac_summary": "", "biz_50m": 10, "near_trans_seg": 0}}, {"type": "Feature", "geometry": {"type": "LineString", "coordinates": [[-82.98661132813068, 39.946952842384654], [-82.98660380000018, 39.94703970000542]]}, "properties": {"ticket_id": "DEMO-20260713-0006", "priority_level": "HIGH", "GLOBALID": "DEMO-SEG-006650", "kind": "service", "material": "MDPE", "vintage_year": 1995, "diameter_in": 0.75, "coated": false, "s1_score": 0.28, "overall_pct": 0.816, "seg_level": "MODERATE", "like_pct": 0.587, "cons_pct": 0.816, "svc_down": 1, "fac_summary": "", "biz_50m": 13, "near_trans_seg": 0}}, {"type": "Feature", "geometry": {"type": "LineString", "coordinates": [[-82.98642376629188, 39.9469560574167], [-82.98641841018421, 39.94702657597753]]}, "properties": {"ticket_id": "DEMO-20260713-0006", "priority_level": "HIGH", "GLOBALID": "DEMO-SEG-006615", "kind": "service", "material": "MDPE", "vintage_year": 1990, "diameter_in": 0.75, "coated": false, "s1_score": 0.264, "overall_pct": 0.816, "seg_level": "MODERATE", "like_pct": 0.506, "cons_pct": 0.816, "svc_down": 1, "fac_summary": "", "biz_50m": 13, "near_trans_seg": 0}}, {"type": "Feature", "geometry": {"type": "LineString", "coordinates": [[-82.9859100796984, 39.9469648610582], [-82.98590370003312, 39.94707510000458]]}, "properties": {"ticket_id": "DEMO-20260713-0006", "priority_level": "HIGH", "GLOBALID": "DEMO-SEG-000682", "kind": "main", "material": "MDPE", "vintage_year": 1992, "diameter_in": 4.0, "coated": false, "s1_score": 0.25, "overall_pct": 0.997, "seg_level": "HIGH", "like_pct": 0.437, "cons_pct": 0.997, "svc_down": 97, "fac_summary": "", "biz_50m": 10, "near_trans_seg": 0}}, {"type": "Feature", "geometry": {"type": "LineString", "coordinates": [[-82.98590755502319, 39.94700848681269], [-82.98610553541053, 39.94701527398898]]}, "properties": {"ticket_id": "DEMO-20260713-0006", "priority_level": "HIGH", "GLOBALID": "DEMO-SEG-005038", "kind": "service", "material": "MDPE", "vintage_year": 1992, "diameter_in": 1.0, "coated": false, "s1_score": 0.285, "overall_pct": 0.73, "seg_level": "LOW", "like_pct": 0.606, "cons_pct": 0.73, "svc_down": 1, "fac_summary": "", "biz_50m": 11, "near_trans_seg": 0}}, {"type": "Feature", "geometry": {"type": "LineString", "coordinates": [[-82.98590204078843, 39.94710377128108], [-82.98611660156298, 39.94711112684441]]}, "properties": {"ticket_id": "DEMO-20260713-0006", "priority_level": "HIGH", "GLOBALID": "DEMO-SEG-005360", "kind": "service", "material": "MDPE", "vintage_year": 1988, "diameter_in": 0.5, "coated": false, "s1_score": 0.287, "overall_pct": 0.672, "seg_level": "LOW", "like_pct": 0.616, "cons_pct": 0.672, "svc_down": 1, "fac_summary": "", "biz_50m": 10, "near_trans_seg": 0}}, {"type": "Feature", "geometry": {"type": "LineString", "coordinates": [[-82.98590370003312, 39.94707510000458], [-82.9858894, 39.9473222]]}, "properties": {"ticket_id": "DEMO-20260713-0006", "priority_level": "HIGH", "GLOBALID": "DEMO-SEG-000683", "kind": "main", "material": "MDPE", "vintage_year": 1985, "diameter_in": 4.0, "coated": false, "s1_score": 0.334, "overall_pct": 0.739, "seg_level": "LOW", "like_pct": 0.739, "cons_pct": 0.707, "svc_down": 0, "fac_summary": "", "biz_50m": 11, "near_trans_seg": 0}}, {"type": "Feature", "geometry": {"type": "LineString", "coordinates": [[-82.9862923170096, 39.947344105532956], [-82.98631442598357, 39.94710319464876]]}, "properties": {"ticket_id": "DEMO-20260713-0006", "priority_level": "HIGH", "GLOBALID": "DEMO-SEG-006414", "kind": "service", "material": "MDPE", "vintage_year": 1995, "diameter_in": 0.75, "coated": false, "s1_score": 0.263, "overall_pct": 0.73, "seg_level": "LOW", "like_pct": 0.503, "cons_pct": 0.73, "svc_down": 1, "fac_summary": "", "biz_50m": 11, "near_trans_seg": 0}}, {"type": "Feature", "geometry": {"type": "LineString", "coordinates": [[-82.98609995055159, 39.94733364725398], [-82.98611269790055, 39.94719474991978]]}, "properties": {"ticket_id": "DEMO-20260713-0006", "priority_level": "HIGH", "GLOBALID": "DEMO-SEG-004763", "kind": "service", "material": "MDPE", "vintage_year": 1987, "diameter_in": 1.25, "coated": false, "s1_score": 0.303, "overall_pct": 0.677, "seg_level": "LOW", "like_pct": 0.677, "cons_pct": 0.672, "svc_down": 1, "fac_summary": "", "biz_50m": 10, "near_trans_seg": 0}}, {"type": "Feature", "geometry": {"type": "LineString", "coordinates": [[-82.9862929068749, 39.947344137601334], [-82.98630707597341, 39.94718974386895]]}, "properties": {"ticket_id": "DEMO-20260713-0006", "priority_level": "HIGH", "GLOBALID": "DEMO-SEG-005093", "kind": "service", "material": "MDPE", "vintage_year": 1990, "diameter_in": 1.0, "coated": false, "s1_score": 0.28, "overall_pct": 0.672, "seg_level": "LOW", "like_pct": 0.584, "cons_pct": 0.672, "svc_down": 1, "fac_summary": "", "biz_50m": 10, "near_trans_seg": 0}}, {"type": "Feature", "geometry": {"type": "LineString", "coordinates": [[-82.98714064543157, 39.94697021376666], [-82.9869229762612, 39.946960496708186]]}, "properties": {"ticket_id": "DEMO-20260713-0006", "priority_level": "HIGH", "GLOBALID": "DEMO-SEG-005417", "kind": "service", "material": "MDPE", "vintage_year": 1991, "diameter_in": 0.75, "coated": false, "s1_score": 0.27, "overall_pct": 0.672, "seg_level": "LOW", "like_pct": 0.541, "cons_pct": 0.672, "svc_down": 1, "fac_summary": "", "biz_50m": 10, "near_trans_seg": 0}}, {"type": "Feature", "geometry": {"type": "LineString", "coordinates": [[-82.98713962650265, 39.946983735449194], [-82.98725143870209, 39.94698872674241]]}, "properties": {"ticket_id": "DEMO-20260713-0006", "priority_level": "HIGH", "GLOBALID": "DEMO-SEG-004981", "kind": "service", "material": "MDPE", "vintage_year": 1986, "diameter_in": 0.75, "coated": false, "s1_score": 0.327, "overall_pct": 0.733, "seg_level": "LOW", "like_pct": 0.733, "cons_pct": 0.73, "svc_down": 1, "fac_summary": "", "biz_50m": 11, "near_trans_seg": 0}}, {"type": "Feature", "geometry": {"type": "LineString", "coordinates": [[-82.98713467107841, 39.9470494962848], [-82.98725335108165, 39.94705479415018]]}, "properties": {"ticket_id": "DEMO-20260713-0006", "priority_level": "HIGH", "GLOBALID": "DEMO-SEG-005314", "kind": "service", "material": "MDPE", "vintage_year": 1993, "diameter_in": 1.0, "coated": false, "s1_score": 0.246, "overall_pct": 0.816, "seg_level": "MODERATE", "like_pct": 0.422, "cons_pct": 0.816, "svc_down": 1, "fac_summary": "", "biz_50m": 13, "near_trans_seg": 0}}, {"type": "Feature", "geometry": {"type": "LineString", "coordinates": [[-82.98713301827445, 39.947071429758395], [-82.98692046711318, 39.947061941187606]]}, "properties": {"ticket_id": "DEMO-20260713-0006", "priority_level": "HIGH", "GLOBALID": "DEMO-SEG-005318", "kind": "service", "material": "MDPE", "vintage_year": 1992, "diameter_in": 0.75, "coated": false, "s1_score": 0.266, "overall_pct": 0.73, "seg_level": "LOW", "like_pct": 0.522, "cons_pct": 0.73, "svc_down": 1, "fac_summary": "", "biz_50m": 11, "near_trans_seg": 0}}, {"type": "Feature", "geometry": {"type": "LineString", "coordinates": [[-82.9871242667271, 39.94718756667264], [-82.98713893339375, 39.946992933339295]]}, "properties": {"ticket_id": "DEMO-20260713-0006", "priority_level": "HIGH", "GLOBALID": "DEMO-SEG-002277", "kind": "main", "material": "MDPE", "vintage_year": 1992, "diameter_in": 4.0, "coated": false, "s1_score": 0.275, "overall_pct": 0.857, "seg_level": "MODERATE", "like_pct": 0.564, "cons_pct": 0.857, "svc_down": 2, "fac_summary": "", "biz_50m": 12, "near_trans_seg": 0}}, {"type": "Feature", "geometry": {"type": "LineString", "coordinates": [[-82.98712668127044, 39.94715552464054], [-82.98691056633048, 39.947145876981125]]}, "properties": {"ticket_id": "DEMO-20260713-0006", "priority_level": "HIGH", "GLOBALID": "DEMO-SEG-005385", "kind": "service", "material": "MDPE", "vintage_year": 1994, "diameter_in": 0.5, "coated": false, "s1_score": 0.286, "overall_pct": 0.672, "seg_level": "LOW", "like_pct": 0.609, "cons_pct": 0.672, "svc_down": 1, "fac_summary": "", "biz_50m": 10, "near_trans_seg": 0}}, {"type": "Feature", "geometry": {"type": "LineString", "coordinates": [[-82.98712609334902, 39.94716332661359], [-82.98725666137688, 39.947169155147236]]}, "properties": {"ticket_id": "DEMO-20260713-0006", "priority_level": "HIGH", "GLOBALID": "DEMO-SEG-005207", "kind": "service", "material": "MDPE", "vintage_year": 1994, "diameter_in": 1.0, "coated": false, "s1_score": 0.278, "overall_pct": 0.73, "seg_level": "LOW", "like_pct": 0.575, "cons_pct": 0.73, "svc_down": 1, "fac_summary": "", "biz_50m": 11, "near_trans_seg": 0}}, {"type": "Feature", "geometry": {"type": "LineString", "coordinates": [[-82.98658632113703, 39.947358880818335], [-82.98660380000041, 39.94712400000472]]}, "properties": {"ticket_id": "DEMO-20260713-0006", "priority_level": "HIGH", "GLOBALID": "DEMO-SEG-006364", "kind": "service", "material": "MDPE", "vintage_year": 1985, "diameter_in": 1.0, "coated": false, "s1_score": 0.339, "overall_pct": 0.777, "seg_level": "LOW", "like_pct": 0.742, "cons_pct": 0.777, "svc_down": 1, "fac_summary": "", "biz_50m": 12, "near_trans_seg": 0}}, {"type": "Feature", "geometry": {"type": "LineString", "coordinates": [[-82.98662901319445, 39.94736076283123], [-82.98663949834713, 39.9472198624017]]}, "properties": {"ticket_id": "DEMO-20260713-0006", "priority_level": "HIGH", "GLOBALID": "DEMO-SEG-004802", "kind": "service", "material": "MDPE", "vintage_year": 1990, "diameter_in": 0.75, "coated": false, "s1_score": 0.323, "overall_pct": 0.73, "seg_level": "LOW", "like_pct": 0.729, "cons_pct": 0.73, "svc_down": 1, "fac_summary": "", "biz_50m": 11, "near_trans_seg": 0}}, {"type": "Feature", "geometry": {"type": "LineString", "coordinates": [[-82.9871096, 39.94738220000001], [-82.9871242667271, 39.94718756667264]]}, "properties": {"ticket_id": "DEMO-20260713-0006", "priority_level": "HIGH", "GLOBALID": "DEMO-SEG-002276", "kind": "main", "material": "MDPE", "vintage_year": 1999, "diameter_in": 3.0, "coated": false, "s1_score": 0.251, "overall_pct": 0.884, "seg_level": "MODERATE", "like_pct": 0.443, "cons_pct": 0.884, "svc_down": 6, "fac_summary": "", "biz_50m": 11, "near_trans_seg": 0}}, {"type": "Feature", "geometry": {"type": "LineString", "coordinates": [[-82.98680422270137, 39.94736853722457], [-82.98681502620072, 39.94722549623137]]}, "properties": {"ticket_id": "DEMO-20260713-0006", "priority_level": "HIGH", "GLOBALID": "DEMO-SEG-004854", "kind": "service", "material": "MDPE", "vintage_year": 1987, "diameter_in": 1.0, "coated": false, "s1_score": 0.293, "overall_pct": 0.73, "seg_level": "LOW", "like_pct": 0.64, "cons_pct": 0.73, "svc_down": 1, "fac_summary": "", "biz_50m": 11, "near_trans_seg": 0}}, {"type": "Feature", "geometry": {"type": "LineString", "coordinates": [[-82.98660380573236, 39.94735965160143], [-82.98660747391087, 39.94731035857872]]}, "properties": {"ticket_id": "DEMO-20260713-0006", "priority_level": "HIGH", "GLOBALID": "DEMO-SEG-003471", "kind": "service", "material": "MDPE", "vintage_year": 1987, "diameter_in": 1.0, "coated": false, "s1_score": 0.313, "overall_pct": 0.709, "seg_level": "LOW", "like_pct": 0.709, "cons_pct": 0.672, "svc_down": 1, "fac_summary": "", "biz_50m": 10, "near_trans_seg": 0}}, {"type": "Feature", "geometry": {"type": "LineString", "coordinates": [[-82.98687117271582, 39.947371532680464], [-82.98687514501077, 39.94731893788677]]}, "properties": {"ticket_id": "DEMO-20260713-0006", "priority_level": "HIGH", "GLOBALID": "DEMO-SEG-003478", "kind": "service", "material": "MDPE", "vintage_year": 1997, "diameter_in": 1.0, "coated": false, "s1_score": 0.259, "overall_pct": 0.592, "seg_level": "LOW", "like_pct": 0.482, "cons_pct": 0.592, "svc_down": 1, "fac_summary": "", "biz_50m": 9, "near_trans_seg": 0}}, {"type": "Feature", "geometry": {"type": "LineString", "coordinates": [[-82.98680443693061, 39.94736854680961], [-82.9867274, 39.94736510000001], [-82.98649926269424, 39.94735504293323]]}, "properties": {"ticket_id": "DEMO-20260713-0006", "priority_level": "HIGH", "GLOBALID": "DEMO-SEG-000691", "kind": "main", "material": "MDPE", "vintage_year": 1985, "diameter_in": 2.0, "coated": false, "s1_score": 0.307, "overall_pct": 0.753, "seg_level": "LOW", "like_pct": 0.691, "cons_pct": 0.753, "svc_down": 0, "fac_summary": "", "biz_50m": 12, "near_trans_seg": 0}}, {"type": "Feature", "geometry": {"type": "LineString", "coordinates": [[-82.9871096, 39.94738220000001], [-82.98680443693061, 39.94736854680961]]}, "properties": {"ticket_id": "DEMO-20260713-0006", "priority_level": "HIGH", "GLOBALID": "DEMO-SEG-000690", "kind": "main", "material": "MDPE", "vintage_year": 1992, "diameter_in": 6.0, "coated": false, "s1_score": 0.234, "overall_pct": 0.753, "seg_level": "LOW", "like_pct": 0.36, "cons_pct": 0.753, "svc_down": 0, "fac_summary": "", "biz_50m": 12, "near_trans_seg": 0}}, {"type": "Feature", "geometry": {"type": "LineString", "coordinates": [[-82.98726302886533, 39.94738913136599], [-82.9871096, 39.94738220000001]]}, "properties": {"ticket_id": "DEMO-20260713-0006", "priority_level": "HIGH", "GLOBALID": "DEMO-SEG-002709", "kind": "main", "material": "MDPE", "vintage_year": 1992, "diameter_in": 6.0, "coated": false, "s1_score": 0.238, "overall_pct": 0.967, "seg_level": "HIGH", "like_pct": 0.382, "cons_pct": 0.967, "svc_down": 6, "fac_summary": "", "biz_50m": 13, "near_trans_seg": 0}}, {"type": "Feature", "geometry": {"type": "LineString", "coordinates": [[-82.98661696697695, 39.94736023179411], [-82.98661085417297, 39.94744237581801]]}, "properties": {"ticket_id": "DEMO-20260713-0006", "priority_level": "HIGH", "GLOBALID": "DEMO-SEG-003757", "kind": "service", "material": "MDPE", "vintage_year": 1987, "diameter_in": 1.25, "coated": false, "s1_score": 0.318, "overall_pct": 0.719, "seg_level": "LOW", "like_pct": 0.719, "cons_pct": 0.592, "svc_down": 1, "fac_summary": "", "biz_50m": 9, "near_trans_seg": 0}}, {"type": "Feature", "geometry": {"type": "LineString", "coordinates": [[-82.9869473370266, 39.947374940352006], [-82.98694276129396, 39.94743552572385]]}, "properties": {"ticket_id": "DEMO-20260713-0006", "priority_level": "HIGH", "GLOBALID": "DEMO-SEG-003510", "kind": "service", "material": "MDPE", "vintage_year": 1994, "diameter_in": 0.75, "coated": false, "s1_score": 0.27, "overall_pct": 0.592, "seg_level": "LOW", "like_pct": 0.536, "cons_pct": 0.592, "svc_down": 1, "fac_summary": "", "biz_50m": 9, "near_trans_seg": 0}}, {"type": "Feature", "geometry": {"type": "LineString", "coordinates": [[-82.98721804487974, 39.94738709917207], [-82.98721435000012, 39.947435550001664]]}, "properties": {"ticket_id": "DEMO-20260713-0006", "priority_level": "HIGH", "GLOBALID": "DEMO-SEG-003469", "kind": "service", "material": "MDPE", "vintage_year": 1992, "diameter_in": 0.75, "coated": false, "s1_score": 0.246, "overall_pct": 0.592, "seg_level": "LOW", "like_pct": 0.419, "cons_pct": 0.592, "svc_down": 1, "fac_summary": "", "biz_50m": 9, "near_trans_seg": 0}}, {"type": "Feature", "geometry": {"type": "LineString", "coordinates": [[-82.98711840247108, 39.94738259766962], [-82.98711307575125, 39.94745244541572]]}, "properties": {"ticket_id": "DEMO-20260713-0006", "priority_level": "HIGH", "GLOBALID": "DEMO-SEG-003576", "kind": "service", "material": "MDPE", "vintage_year": 1996, "diameter_in": 0.75, "coated": false, "s1_score": 0.275, "overall_pct": 0.672, "seg_level": "LOW", "like_pct": 0.565, "cons_pct": 0.672, "svc_down": 1, "fac_summary": "", "biz_50m": 10, "near_trans_seg": 0}}, {"type": "Feature", "geometry": {"type": "LineString", "coordinates": [[-82.98610575665276, 39.947333962915756], [-82.98611085026626, 39.94727846201748]]}, "properties": {"ticket_id": "DEMO-20260713-0006", "priority_level": "HIGH", "GLOBALID": "DEMO-SEG-003489", "kind": "service", "material": "MDPE", "vintage_year": 1985, "diameter_in": 0.5, "coated": false, "s1_score": 0.312, "overall_pct": 0.706, "seg_level": "LOW", "like_pct": 0.706, "cons_pct": 0.592, "svc_down": 1, "fac_summary": "", "biz_50m": 9, "near_trans_seg": 0}}, {"type": "Feature", "geometry": {"type": "LineString", "coordinates": [[-82.98634440570285, 39.94734693735401], [-82.98635033461413, 39.94728233244607]]}, "properties": {"ticket_id": "DEMO-20260713-0006", "priority_level": "HIGH", "GLOBALID": "DEMO-SEG-003535", "kind": "service", "material": "MDPE", "vintage_year": 1992, "diameter_in": 1.25, "coated": false, "s1_score": 0.279, "overall_pct": 0.592, "seg_level": "LOW", "like_pct": 0.58, "cons_pct": 0.592, "svc_down": 1, "fac_summary": "", "biz_50m": 9, "near_trans_seg": 0}}, {"type": "Feature", "geometry": {"type": "LineString", "coordinates": [[-82.98619431833917, 39.947338777734785], [-82.9858894, 39.9473222]]}, "properties": {"ticket_id": "DEMO-20260713-0006", "priority_level": "HIGH", "GLOBALID": "DEMO-SEG-000693", "kind": "main", "material": "MDPE", "vintage_year": 1985, "diameter_in": 2.0, "coated": false, "s1_score": 0.287, "overall_pct": 0.753, "seg_level": "LOW", "like_pct": 0.616, "cons_pct": 0.753, "svc_down": 0, "fac_summary": "", "biz_50m": 12, "near_trans_seg": 0}}, {"type": "Feature", "geometry": {"type": "LineString", "coordinates": [[-82.98649926269424, 39.94735504293323], [-82.9864688, 39.9473537], [-82.98619431833917, 39.947338777734785]]}, "properties": {"ticket_id": "DEMO-20260713-0006", "priority_level": "HIGH", "GLOBALID": "DEMO-SEG-000692", "kind": "main", "material": "MDPE", "vintage_year": 1991, "diameter_in": 3.0, "coated": false, "s1_score": 0.279, "overall_pct": 0.707, "seg_level": "LOW", "like_pct": 0.579, "cons_pct": 0.707, "svc_down": 0, "fac_summary": "", "biz_50m": 11, "near_trans_seg": 0}}, {"type": "Feature", "geometry": {"type": "LineString", "coordinates": [[-82.98600747694688, 39.94732861967849], [-82.98600111122455, 39.94739798051266]]}, "properties": {"ticket_id": "DEMO-20260713-0006", "priority_level": "HIGH", "GLOBALID": "DEMO-SEG-003572", "kind": "service", "material": "MDPE", "vintage_year": 1989, "diameter_in": 0.75, "coated": false, "s1_score": 0.29, "overall_pct": 0.627, "seg_level": "LOW", "like_pct": 0.627, "cons_pct": 0.503, "svc_down": 1, "fac_summary": "", "biz_50m": 8, "near_trans_seg": 0}}, {"type": "Feature", "geometry": {"type": "LineString", "coordinates": [[-82.98619077052771, 39.94733858485281], [-82.98617765000104, 39.94748155000338]]}, "properties": {"ticket_id": "DEMO-20260713-0006", "priority_level": "HIGH", "GLOBALID": "DEMO-SEG-004857", "kind": "service", "material": "MDPE", "vintage_year": 1985, "diameter_in": 1.0, "coated": false, "s1_score": 0.312, "overall_pct": 0.707, "seg_level": "LOW", "like_pct": 0.707, "cons_pct": 0.592, "svc_down": 1, "fac_summary": "", "biz_50m": 9, "near_trans_seg": 0}}, {"type": "Feature", "geometry": {"type": "LineString", "coordinates": [[-82.98633075464905, 39.947346195211715], [-82.98631451932701, 39.947523103968614]]}, "properties": {"ticket_id": "DEMO-20260713-0006", "priority_level": "HIGH", "GLOBALID": "DEMO-SEG-005647", "kind": "service", "material": "MDPE", "vintage_year": 1991, "diameter_in": 1.25, "coated": false, "s1_score": 0.273, "overall_pct": 0.592, "seg_level": "LOW", "like_pct": 0.554, "cons_pct": 0.592, "svc_down": 1, "fac_summary": "", "biz_50m": 9, "near_trans_seg": 0}}, {"type": "Feature", "geometry": {"type": "LineString", "coordinates": [[-82.9858894, 39.9473222], [-82.98586570006596, 39.947563800005135]]}, "properties": {"ticket_id": "DEMO-20260713-0006", "priority_level": "HIGH", "GLOBALID": "DEMO-SEG-000671", "kind": "main", "material": "Steel", "vintage_year": 1981, "diameter_in": 8.0, "coated": true, "s1_score": 0.509, "overall_pct": 0.838, "seg_level": "MODERATE", "like_pct": 0.838, "cons_pct": 0.547, "svc_down": 0, "fac_summary": "", "biz_50m": 9, "near_trans_seg": 0}}, {"type": "Feature", "geometry": {"type": "LineString", "coordinates": [[-82.98586355134104, 39.94758570430079], [-82.98599209537238, 39.94759317406787]]}, "properties": {"ticket_id": "DEMO-20260713-0006", "priority_level": "HIGH", "GLOBALID": "DEMO-SEG-004000", "kind": "service", "material": "Steel", "vintage_year": 1992, "diameter_in": 0.75, "coated": true, "s1_score": 0.512, "overall_pct": 0.842, "seg_level": "MODERATE", "like_pct": 0.842, "cons_pct": 0.436, "svc_down": 1, "fac_summary": "", "biz_50m": 7, "near_trans_seg": 0}}, {"type": "Feature", "geometry": {"type": "LineString", "coordinates": [[-82.98642752927996, 39.947831650437315], [-82.98644552415335, 39.9475938617286]]}, "properties": {"ticket_id": "DEMO-20260713-0006", "priority_level": "HIGH", "GLOBALID": "DEMO-SEG-006383", "kind": "service", "material": "MDPE", "vintage_year": 1996, "diameter_in": 1.25, "coated": false, "s1_score": 0.266, "overall_pct": 0.592, "seg_level": "LOW", "like_pct": 0.522, "cons_pct": 0.592, "svc_down": 1, "fac_summary": "", "biz_50m": 9, "near_trans_seg": 0}}, {"type": "Feature", "geometry": {"type": "LineString", "coordinates": [[-82.98727694316901, 39.947869817298766], [-82.98726953444343, 39.94786948407749]]}, "properties": {"ticket_id": "DEMO-20260713-0006", "priority_level": "HIGH", "GLOBALID": "DEMO-SEG-002869", "kind": "main", "material": "MDPE", "vintage_year": 1985, "diameter_in": 4.0, "coated": false, "s1_score": 0.312, "overall_pct": 0.706, "seg_level": "LOW", "like_pct": 0.706, "cons_pct": 0.547, "svc_down": 0, "fac_summary": "", "biz_50m": 9, "near_trans_seg": 0}}, {"type": "Feature", "geometry": {"type": "LineString", "coordinates": [[-82.98519889932422, 39.94697704561862], [-82.98519840333141, 39.94698316730538]]}, "properties": {"ticket_id": "DEMO-20260713-0006", "priority_level": "HIGH", "GLOBALID": "DEMO-SEG-005876", "kind": "service", "material": "MDPE", "vintage_year": 1999, "diameter_in": 1.25, "coated": false, "s1_score": 0.258, "overall_pct": 0.503, "seg_level": "LOW", "like_pct": 0.477, "cons_pct": 0.503, "svc_down": 1, "fac_summary": "", "biz_50m": 8, "near_trans_seg": 0}}, {"type": "Feature", "geometry": {"type": "LineString", "coordinates": [[-82.98483271548639, 39.94698331769536], [-82.98483187651091, 39.94699443471086]]}, "properties": {"ticket_id": "DEMO-20260713-0006", "priority_level": "HIGH", "GLOBALID": "DEMO-SEG-006231", "kind": "service", "material": "Steel", "vintage_year": 1978, "diameter_in": 1.0, "coated": true, "s1_score": 0.539, "overall_pct": 0.864, "seg_level": "MODERATE", "like_pct": 0.864, "cons_pct": 0.436, "svc_down": 1, "fac_summary": "", "biz_50m": 7, "near_trans_seg": 0}}, {"type": "Feature", "geometry": {"type": "LineString", "coordinates": [[-82.98465370118477, 39.94726283801503], [-82.98466482492657, 39.9471302763482]]}, "properties": {"ticket_id": "DEMO-20260713-0006", "priority_level": "HIGH", "GLOBALID": "DEMO-SEG-004624", "kind": "service", "material": "Steel", "vintage_year": 1999, "diameter_in": 0.75, "coated": true, "s1_score": 0.446, "overall_pct": 0.76, "seg_level": "LOW", "like_pct": 0.76, "cons_pct": 0.392, "svc_down": 1, "fac_summary": "", "biz_50m": 6, "near_trans_seg": 0}}, {"type": "Feature", "geometry": {"type": "LineString", "coordinates": [[-82.98548855843686, 39.94697208345398], [-82.98548817158704, 39.94697685831644]]}, "properties": {"ticket_id": "DEMO-20260713-0006", "priority_level": "HIGH", "GLOBALID": "DEMO-SEG-005449", "kind": "service", "material": "MDPE", "vintage_year": 1996, "diameter_in": 1.0, "coated": false, "s1_score": 0.252, "overall_pct": 0.503, "seg_level": "LOW", "like_pct": 0.452, "cons_pct": 0.503, "svc_down": 1, "fac_summary": "", "biz_50m": 8, "near_trans_seg": 0}}, {"type": "Feature", "geometry": {"type": "LineString", "coordinates": [[-82.98562374818157, 39.946969767263816], [-82.98562277799104, 39.946981742554335]]}, "properties": {"ticket_id": "DEMO-20260713-0006", "priority_level": "HIGH", "GLOBALID": "DEMO-SEG-005406", "kind": "service", "material": "MDPE", "vintage_year": 1998, "diameter_in": 1.0, "coated": false, "s1_score": 0.245, "overall_pct": 0.592, "seg_level": "LOW", "like_pct": 0.416, "cons_pct": 0.592, "svc_down": 1, "fac_summary": "", "biz_50m": 9, "near_trans_seg": 0}}, {"type": "Feature", "geometry": {"type": "LineString", "coordinates": [[-82.98590558674378, 39.94704249816216], [-82.98575214761857, 39.94703723772019]]}, "properties": {"ticket_id": "DEMO-20260713-0006", "priority_level": "HIGH", "GLOBALID": "DEMO-SEG-004305", "kind": "service", "material": "MDPE", "vintage_year": 1992, "diameter_in": 0.75, "coated": false, "s1_score": 0.271, "overall_pct": 0.672, "seg_level": "LOW", "like_pct": 0.545, "cons_pct": 0.672, "svc_down": 1, "fac_summary": "", "biz_50m": 10, "near_trans_seg": 0}}, {"type": "Feature", "geometry": {"type": "LineString", "coordinates": [[-82.98514197596096, 39.94728686467152], [-82.98514835000071, 39.94720700000276]]}, "properties": {"ticket_id": "DEMO-20260713-0006", "priority_level": "HIGH", "GLOBALID": "DEMO-SEG-003723", "kind": "service", "material": "MDPE", "vintage_year": 2018, "diameter_in": 0.75, "coated": false, "s1_score": 0.166, "overall_pct": 0.592, "seg_level": "LOW", "like_pct": 0.093, "cons_pct": 0.592, "svc_down": 1, "fac_summary": "", "biz_50m": 9, "near_trans_seg": 0}}, {"type": "Feature", "geometry": {"type": "LineString", "coordinates": [[-82.9853056243478, 39.9472946017529], [-82.98531165000072, 39.947219100002705]]}, "properties": {"ticket_id": "DEMO-20260713-0006", "priority_level": "HIGH", "GLOBALID": "DEMO-SEG-003662", "kind": "service", "material": "MDPE", "vintage_year": 2005, "diameter_in": 1.25, "coated": false, "s1_score": 0.22, "overall_pct": 0.592, "seg_level": "LOW", "like_pct": 0.301, "cons_pct": 0.592, "svc_down": 1, "fac_summary": "", "biz_50m": 9, "near_trans_seg": 0}}, {"type": "Feature", "geometry": {"type": "LineString", "coordinates": [[-82.98505081763122, 39.947282554723905], [-82.98533034500761, 39.94729577049303]]}, "properties": {"ticket_id": "DEMO-20260713-0006", "priority_level": "HIGH", "GLOBALID": "DEMO-SEG-000687", "kind": "main", "material": "Steel", "vintage_year": 1972, "diameter_in": 6.0, "coated": true, "s1_score": 0.646, "overall_pct": 0.889, "seg_level": "MODERATE", "like_pct": 0.889, "cons_pct": 0.635, "svc_down": 0, "fac_summary": "", "biz_50m": 10, "near_trans_seg": 0}}, {"type": "Feature", "geometry": {"type": "LineString", "coordinates": [[-82.98570977812855, 39.94731370861443], [-82.98571495000041, 39.94724890000241]]}, "properties": {"ticket_id": "DEMO-20260713-0006", "priority_level": "HIGH", "GLOBALID": "DEMO-SEG-003539", "kind": "service", "material": "Steel", "vintage_year": 1983, "diameter_in": 0.5, "coated": true, "s1_score": 0.523, "overall_pct": 0.853, "seg_level": "MODERATE", "like_pct": 0.853, "cons_pct": 0.503, "svc_down": 1, "fac_summary": "", "biz_50m": 8, "near_trans_seg": 0}}, {"type": "Feature", "geometry": {"type": "LineString", "coordinates": [[-82.98533034500761, 39.94729577049303], [-82.98560987246388, 39.94730898558505]]}, "properties": {"ticket_id": "DEMO-20260713-0006", "priority_level": "HIGH", "GLOBALID": "DEMO-SEG-000688", "kind": "main", "material": "Steel", "vintage_year": 1974, "diameter_in": 8.0, "coated": true, "s1_score": 0.63, "overall_pct": 0.879, "seg_level": "MODERATE", "like_pct": 0.879, "cons_pct": 0.635, "svc_down": 0, "fac_summary": "", "biz_50m": 10, "near_trans_seg": 0}}, {"type": "Feature", "geometry": {"type": "LineString", "coordinates": [[-82.98512774541858, 39.94728619185909], [-82.9851238499999, 39.947335000007314]]}, "properties": {"ticket_id": "DEMO-20260713-0006", "priority_level": "HIGH", "GLOBALID": "DEMO-SEG-003470", "kind": "service", "material": "MDPE", "vintage_year": 2009, "diameter_in": 0.5, "coated": false, "s1_score": 0.209, "overall_pct": 0.503, "seg_level": "LOW", "like_pct": 0.251, "cons_pct": 0.503, "svc_down": 1, "fac_summary": "", "biz_50m": 8, "near_trans_seg": 0}}, {"type": "Feature", "geometry": {"type": "LineString", "coordinates": [[-82.98560987246388, 39.94730898558505], [-82.9858894, 39.9473222]]}, "properties": {"ticket_id": "DEMO-20260713-0006", "priority_level": "HIGH", "GLOBALID": "DEMO-SEG-000689", "kind": "main", "material": "Steel", "vintage_year": 1984, "diameter_in": 8.0, "coated": true, "s1_score": 0.428, "overall_pct": 0.75, "seg_level": "LOW", "like_pct": 0.75, "cons_pct": 0.707, "svc_down": 0, "fac_summary": "", "biz_50m": 11, "near_trans_seg": 0}}, {"type": "Feature", "geometry": {"type": "LineString", "coordinates": [[-82.98444990871923, 39.94725270727173], [-82.98449187182412, 39.947254793332554]]}, "properties": {"ticket_id": "DEMO-20260713-0006", "priority_level": "HIGH", "GLOBALID": "DEMO-SEG-000684", "kind": "main", "material": "Steel", "vintage_year": 1974, "diameter_in": 6.0, "coated": true, "s1_score": 0.629, "overall_pct": 0.879, "seg_level": "MODERATE", "like_pct": 0.879, "cons_pct": 0.465, "svc_down": 0, "fac_summary": "", "biz_50m": 8, "near_trans_seg": 0}}, {"type": "Feature", "geometry": {"type": "LineString", "coordinates": [[-82.98494496685574, 39.947277316516946], [-82.98495020000045, 39.947214950002625]]}, "properties": {"ticket_id": "DEMO-20260713-0006", "priority_level": "HIGH", "GLOBALID": "DEMO-SEG-003519", "kind": "service", "material": "Steel", "vintage_year": 1986, "diameter_in": 1.0, "coated": true, "s1_score": 0.48, "overall_pct": 0.8, "seg_level": "MODERATE", "like_pct": 0.8, "cons_pct": 0.436, "svc_down": 1, "fac_summary": "", "biz_50m": 7, "near_trans_seg": 0}}, {"type": "Feature", "geometry": {"type": "LineString", "coordinates": [[-82.98449187182412, 39.947254793332554], [-82.98477134373366, 39.94726868598815]]}, "properties": {"ticket_id": "DEMO-20260713-0006", "priority_level": "HIGH", "GLOBALID": "DEMO-SEG-000685", "kind": "main", "material": "Steel", "vintage_year": 1975, "diameter_in": 3.0, "coated": true, "s1_score": 0.629, "overall_pct": 0.879, "seg_level": "MODERATE", "like_pct": 0.879, "cons_pct": 0.465, "svc_down": 0, "fac_summary": "", "biz_50m": 8, "near_trans_seg": 0}}, {"type": "Feature", "geometry": {"type": "LineString", "coordinates": [[-82.98477134373366, 39.94726868598815], [-82.9850412, 39.947282099999995], [-82.98505081763122, 39.947282554723905]]}, "properties": {"ticket_id": "DEMO-20260713-0006", "priority_level": "HIGH", "GLOBALID": "DEMO-SEG-000686", "kind": "main", "material": "Steel", "vintage_year": 1974, "diameter_in": 8.0, "coated": true, "s1_score": 0.649, "overall_pct": 0.892, "seg_level": "MODERATE", "like_pct": 0.892, "cons_pct": 0.547, "svc_down": 0, "fac_summary": "", "biz_50m": 9, "near_trans_seg": 0}}, {"type": "Feature", "geometry": {"type": "LineString", "coordinates": [[-82.98481742777275, 39.94727097677794], [-82.98481005000036, 39.94735890000498]]}, "properties": {"ticket_id": "DEMO-20260713-0006", "priority_level": "HIGH", "GLOBALID": "DEMO-SEG-003852", "kind": "service", "material": "Steel", "vintage_year": 1975, "diameter_in": 0.75, "coated": true, "s1_score": 0.649, "overall_pct": 0.891, "seg_level": "MODERATE", "like_pct": 0.891, "cons_pct": 0.436, "svc_down": 1, "fac_summary": "", "biz_50m": 7, "near_trans_seg": 0}}, {"type": "Feature", "geometry": {"type": "LineString", "coordinates": [[-82.98452652826272, 39.94725651615438], [-82.98451370931559, 39.94740927572536]]}, "properties": {"ticket_id": "DEMO-20260713-0006", "priority_level": "HIGH", "GLOBALID": "DEMO-SEG-005049", "kind": "service", "material": "MDPE", "vintage_year": 2006, "diameter_in": 0.75, "coated": false, "s1_score": 0.212, "overall_pct": 0.392, "seg_level": "LOW", "like_pct": 0.261, "cons_pct": 0.392, "svc_down": 1, "fac_summary": "", "biz_50m": 6, "near_trans_seg": 0}}, {"type": "Feature", "geometry": {"type": "LineString", "coordinates": [[-82.98447919943852, 39.94774444341675], [-82.98449155000323, 39.94757969999062]]}, "properties": {"ticket_id": "DEMO-20260713-0006", "priority_level": "HIGH", "GLOBALID": "DEMO-SEG-005349", "kind": "service", "material": "Steel", "vintage_year": 1989, "diameter_in": 0.75, "coated": true, "s1_score": 0.479, "overall_pct": 0.799, "seg_level": "LOW", "like_pct": 0.799, "cons_pct": 0.392, "svc_down": 1, "fac_summary": "", "biz_50m": 6, "near_trans_seg": 0}}, {"type": "Feature", "geometry": {"type": "LineString", "coordinates": [[-82.98479174099822, 39.947758323102526], [-82.9848048760792, 39.94758310437965]]}, "properties": {"ticket_id": "DEMO-20260713-0006", "priority_level": "HIGH", "GLOBALID": "DEMO-SEG-005606", "kind": "service", "material": "Steel", "vintage_year": 1978, "diameter_in": 0.75, "coated": true, "s1_score": 0.535, "overall_pct": 0.861, "seg_level": "MODERATE", "like_pct": 0.861, "cons_pct": 0.436, "svc_down": 1, "fac_summary": "", "biz_50m": 7, "near_trans_seg": 0}}, {"type": "Feature", "geometry": {"type": "LineString", "coordinates": [[-82.98490673754331, 39.94776342978029], [-82.98491870000224, 39.94760384999792]]}, "properties": {"ticket_id": "DEMO-20260713-0006", "priority_level": "HIGH", "GLOBALID": "DEMO-SEG-005210", "kind": "service", "material": "MDPE", "vintage_year": 2013, "diameter_in": 1.0, "coated": false, "s1_score": 0.172, "overall_pct": 0.503, "seg_level": "LOW", "like_pct": 0.111, "cons_pct": 0.503, "svc_down": 1, "fac_summary": "", "biz_50m": 8, "near_trans_seg": 0}}, {"type": "Feature", "geometry": {"type": "LineString", "coordinates": [[-82.98509404487434, 39.947771795353106], [-82.98510745794628, 39.94759495591073]]}, "properties": {"ticket_id": "DEMO-20260713-0006", "priority_level": "HIGH", "GLOBALID": "DEMO-SEG-005642", "kind": "service", "material": "Steel", "vintage_year": 1976, "diameter_in": 0.75, "coated": true, "s1_score": 0.526, "overall_pct": 0.856, "seg_level": "MODERATE", "like_pct": 0.856, "cons_pct": 0.592, "svc_down": 1, "fac_summary": "", "biz_50m": 9, "near_trans_seg": 0}}, {"type": "Feature", "geometry": {"type": "LineString", "coordinates": [[-82.98525808581373, 39.94729235421733], [-82.98525230000226, 39.94736484999415]]}, "properties": {"ticket_id": "DEMO-20260713-0006", "priority_level": "HIGH", "GLOBALID": "DEMO-SEG-003613", "kind": "service", "material": "Steel", "vintage_year": 1992, "diameter_in": 1.25, "coated": true, "s1_score": 0.487, "overall_pct": 0.811, "seg_level": "MODERATE", "like_pct": 0.811, "cons_pct": 0.592, "svc_down": 1, "fac_summary": "", "biz_50m": 9, "near_trans_seg": 0}}, {"type": "Feature", "geometry": {"type": "LineString", "coordinates": [[-82.98533514397418, 39.947295997377324], [-82.98532840000406, 39.94738049998916]]}, "properties": {"ticket_id": "DEMO-20260713-0006", "priority_level": "HIGH", "GLOBALID": "DEMO-SEG-003798", "kind": "service", "material": "Steel", "vintage_year": 1984, "diameter_in": 1.0, "coated": true, "s1_score": 0.504, "overall_pct": 0.832, "seg_level": "MODERATE", "like_pct": 0.832, "cons_pct": 0.503, "svc_down": 1, "fac_summary": "", "biz_50m": 8, "near_trans_seg": 0}}, {"type": "Feature", "geometry": {"type": "LineString", "coordinates": [[-82.9854381051398, 39.947300865100274], [-82.98543232387408, 39.947373306304755]]}, "properties": {"ticket_id": "DEMO-20260713-0006", "priority_level": "HIGH", "GLOBALID": "DEMO-SEG-003610", "kind": "service", "material": "Steel", "vintage_year": 1973, "diameter_in": 1.0, "coated": true, "s1_score": 0.618, "overall_pct": 0.875, "seg_level": "MODERATE", "like_pct": 0.875, "cons_pct": 0.503, "svc_down": 1, "fac_summary": "", "biz_50m": 8, "near_trans_seg": 0}}, {"type": "Feature", "geometry": {"type": "LineString", "coordinates": [[-82.98558194382129, 39.94730766524598], [-82.98557736621522, 39.94736502570859]]}, "properties": {"ticket_id": "DEMO-20260713-0006", "priority_level": "HIGH", "GLOBALID": "DEMO-SEG-003491", "kind": "service", "material": "MDPE", "vintage_year": 1998, "diameter_in": 0.75, "coated": false, "s1_score": 0.252, "overall_pct": 0.503, "seg_level": "LOW", "like_pct": 0.45, "cons_pct": 0.503, "svc_down": 1, "fac_summary": "", "biz_50m": 8, "near_trans_seg": 0}}, {"type": "Feature", "geometry": {"type": "LineString", "coordinates": [[-82.98571383763891, 39.9473139005255], [-82.98570725000066, 39.947396450003616]]}, "properties": {"ticket_id": "DEMO-20260713-0006", "priority_level": "HIGH", "GLOBALID": "DEMO-SEG-003765", "kind": "service", "material": "Steel", "vintage_year": 1973, "diameter_in": 1.0, "coated": true, "s1_score": 0.658, "overall_pct": 0.896, "seg_level": "MODERATE", "like_pct": 0.896, "cons_pct": 0.503, "svc_down": 1, "fac_summary": "", "biz_50m": 8, "near_trans_seg": 0}}, {"type": "Feature", "geometry": {"type": "LineString", "coordinates": [[-82.9851717672735, 39.94728827318314], [-82.98515642613498, 39.94748049319438]]}, "properties": {"ticket_id": "DEMO-20260713-0006", "priority_level": "HIGH", "GLOBALID": "DEMO-SEG-005917", "kind": "service", "material": "MDPE", "vintage_year": 2005, "diameter_in": 1.0, "coated": false, "s1_score": 0.227, "overall_pct": 0.592, "seg_level": "LOW", "like_pct": 0.33, "cons_pct": 0.592, "svc_down": 1, "fac_summary": "", "biz_50m": 9, "near_trans_seg": 0}}, {"type": "Feature", "geometry": {"type": "LineString", "coordinates": [[-82.98585805400454, 39.94764174459458], [-82.98566167674694, 39.947630332724785]]}, "properties": {"ticket_id": "DEMO-20260713-0006", "priority_level": "HIGH", "GLOBALID": "DEMO-SEG-005014", "kind": "service", "material": "MDPE", "vintage_year": 2014, "diameter_in": 1.25, "coated": false, "s1_score": 0.158, "overall_pct": 0.503, "seg_level": "LOW", "like_pct": 0.071, "cons_pct": 0.503, "svc_down": 1, "fac_summary": "", "biz_50m": 8, "near_trans_seg": 0}}, {"type": "Feature", "geometry": {"type": "LineString", "coordinates": [[-82.98586570006596, 39.947563800005135], [-82.985842, 39.94780540000001]]}, "properties": {"ticket_id": "DEMO-20260713-0006", "priority_level": "HIGH", "GLOBALID": "DEMO-SEG-000672", "kind": "main", "material": "Steel", "vintage_year": 1978, "diameter_in": 8.0, "coated": true, "s1_score": 0.464, "overall_pct": 0.778, "seg_level": "LOW", "like_pct": 0.778, "cons_pct": 0.711, "svc_down": 0, "fac_summary": "", "biz_50m": 9, "near_trans_seg": 0}}, {"type": "Feature", "geometry": {"type": "LineString", "coordinates": [[-82.98543362567912, 39.94778705287885], [-82.98544679318724, 39.94761343963734]]}, "properties": {"ticket_id": "DEMO-20260713-0006", "priority_level": "HIGH", "GLOBALID": "DEMO-SEG-005566", "kind": "service", "material": "MDPE", "vintage_year": 2018, "diameter_in": 0.75, "coated": false, "s1_score": 0.178, "overall_pct": 0.592, "seg_level": "LOW", "like_pct": 0.127, "cons_pct": 0.592, "svc_down": 1, "fac_summary": "", "biz_50m": 9, "near_trans_seg": 0}}, {"type": "Feature", "geometry": {"type": "LineString", "coordinates": [[-82.98555943290981, 39.94779270520219], [-82.9855721393055, 39.947625167669926]]}, "properties": {"ticket_id": "DEMO-20260713-0006", "priority_level": "HIGH", "GLOBALID": "DEMO-SEG-005418", "kind": "service", "material": "MDPE", "vintage_year": 2006, "diameter_in": 1.0, "coated": false, "s1_score": 0.204, "overall_pct": 0.503, "seg_level": "LOW", "like_pct": 0.23, "cons_pct": 0.503, "svc_down": 1, "fac_summary": "", "biz_50m": 8, "near_trans_seg": 0}}, {"type": "Feature", "geometry": {"type": "LineString", "coordinates": [[-82.98500926603198, 39.947767986043104], [-82.98528684394783, 39.94778045802962]]}, "properties": {"ticket_id": "DEMO-20260713-0006", "priority_level": "HIGH", "GLOBALID": "DEMO-SEG-000679", "kind": "main", "material": "MDPE", "vintage_year": 2012, "diameter_in": 6.0, "coated": false, "s1_score": 0.161, "overall_pct": 0.547, "seg_level": "LOW", "like_pct": 0.08, "cons_pct": 0.547, "svc_down": 0, "fac_summary": "", "biz_50m": 9, "near_trans_seg": 0}}, {"type": "Feature", "geometry": {"type": "LineString", "coordinates": [[-82.98528684394783, 39.94778045802962], [-82.98556442193718, 39.94779292934859]]}, "properties": {"ticket_id": "DEMO-20260713-0006", "priority_level": "HIGH", "GLOBALID": "DEMO-SEG-000680", "kind": "main", "material": "Steel", "vintage_year": 1975, "diameter_in": 2.0, "coated": true, "s1_score": 0.667, "overall_pct": 0.903, "seg_level": "MODERATE", "like_pct": 0.903, "cons_pct": 0.547, "svc_down": 0, "fac_summary": "", "biz_50m": 9, "near_trans_seg": 0}}, {"type": "Feature", "geometry": {"type": "LineString", "coordinates": [[-82.98556442193718, 39.94779292934859], [-82.985842, 39.94780540000001]]}, "properties": {"ticket_id": "DEMO-20260713-0006", "priority_level": "HIGH", "GLOBALID": "DEMO-SEG-000681", "kind": "main", "material": "Steel", "vintage_year": 1981, "diameter_in": 4.0, "coated": true, "s1_score": 0.514, "overall_pct": 0.845, "seg_level": "MODERATE", "like_pct": 0.845, "cons_pct": 0.547, "svc_down": 0, "fac_summary": "", "biz_50m": 9, "near_trans_seg": 0}}, {"type": "Feature", "geometry": {"type": "LineString", "coordinates": [[-82.9852608005341, 39.94777928788903], [-82.98524695000377, 39.947961899990474]]}, "properties": {"ticket_id": "DEMO-20260713-0006", "priority_level": "HIGH", "GLOBALID": "DEMO-SEG-005762", "kind": "service", "material": "MDPE", "vintage_year": 1999, "diameter_in": 1.25, "coated": false, "s1_score": 0.265, "overall_pct": 0.672, "seg_level": "LOW", "like_pct": 0.513, "cons_pct": 0.672, "svc_down": 1, "fac_summary": "", "biz_50m": 10, "near_trans_seg": 0}}, {"type": "Feature", "geometry": {"type": "LineString", "coordinates": [[-82.98540099445655, 39.94778558678624], [-82.98538810928606, 39.94795547572304]]}, "properties": {"ticket_id": "DEMO-20260713-0006", "priority_level": "HIGH", "GLOBALID": "DEMO-SEG-005479", "kind": "service", "material": "MDPE", "vintage_year": 2008, "diameter_in": 1.25, "coated": false, "s1_score": 0.212, "overall_pct": 0.592, "seg_level": "LOW", "like_pct": 0.267, "cons_pct": 0.592, "svc_down": 1, "fac_summary": "", "biz_50m": 9, "near_trans_seg": 0}}, {"type": "Feature", "geometry": {"type": "LineString", "coordinates": [[-82.98551237912527, 39.94779059116491], [-82.98550028305475, 39.94795007937988]]}, "properties": {"ticket_id": "DEMO-20260713-0006", "priority_level": "HIGH", "GLOBALID": "DEMO-SEG-005206", "kind": "service", "material": "MDPE", "vintage_year": 2015, "diameter_in": 0.5, "coated": false, "s1_score": 0.205, "overall_pct": 0.672, "seg_level": "LOW", "like_pct": 0.235, "cons_pct": 0.672, "svc_down": 1, "fac_summary": "", "biz_50m": 10, "near_trans_seg": 0}}, {"type": "Feature", "geometry": {"type": "LineString", "coordinates": [[-82.985842, 39.94780540000001], [-82.98582366548727, 39.94805279631586]]}, "properties": {"ticket_id": "DEMO-20260713-0006", "priority_level": "HIGH", "GLOBALID": "DEMO-SEG-000254", "kind": "main", "material": "Steel", "vintage_year": 1979, "diameter_in": 6.0, "coated": true, "s1_score": 0.504, "overall_pct": 0.831, "seg_level": "MODERATE", "like_pct": 0.831, "cons_pct": 0.635, "svc_down": 0, "fac_summary": "", "biz_50m": 10, "near_trans_seg": 0}}, {"type": "Feature", "geometry": {"type": "LineString", "coordinates": [[-82.98583032848184, 39.94796288950565], [-82.98567340000046, 39.947956000003074]]}, "properties": {"ticket_id": "DEMO-20260713-0006", "priority_level": "HIGH", "GLOBALID": "DEMO-SEG-004363", "kind": "service", "material": "MDPE", "vintage_year": 2014, "diameter_in": 0.5, "coated": false, "s1_score": 0.188, "overall_pct": 0.592, "seg_level": "LOW", "like_pct": 0.163, "cons_pct": 0.592, "svc_down": 1, "fac_summary": "", "biz_50m": 9, "near_trans_seg": 0}}, {"type": "Feature", "geometry": {"type": "LineString", "coordinates": [[-82.98526158780084, 39.94777932326131], [-82.98523185000016, 39.9481714000124]]}, "properties": {"ticket_id": "DEMO-20260713-0006", "priority_level": "HIGH", "GLOBALID": "DEMO-SEG-007317", "kind": "service", "material": "MDPE", "vintage_year": 1998, "diameter_in": 1.25, "coated": false, "s1_score": 0.263, "overall_pct": 0.73, "seg_level": "LOW", "like_pct": 0.502, "cons_pct": 0.73, "svc_down": 1, "fac_summary": "", "biz_50m": 11, "near_trans_seg": 0}}, {"type": "Feature", "geometry": {"type": "LineString", "coordinates": [[-82.98582128762436, 39.94808488185809], [-82.98547963476119, 39.948069882292764]]}, "properties": {"ticket_id": "DEMO-20260713-0006", "priority_level": "HIGH", "GLOBALID": "DEMO-SEG-006604", "kind": "service", "material": "MDPE", "vintage_year": 2013, "diameter_in": 1.0, "coated": false, "s1_score": 0.19, "overall_pct": 0.672, "seg_level": "LOW", "like_pct": 0.172, "cons_pct": 0.672, "svc_down": 1, "fac_summary": "", "biz_50m": 10, "near_trans_seg": 0}}, {"type": "Feature", "geometry": {"type": "LineString", "coordinates": [[-82.98446410328062, 39.947743772988616], [-82.98473167745037, 39.947755655801124]]}, "properties": {"ticket_id": "DEMO-20260713-0006", "priority_level": "HIGH", "GLOBALID": "DEMO-SEG-000677", "kind": "main", "material": "Steel", "vintage_year": 1981, "diameter_in": 6.0, "coated": true, "s1_score": 0.491, "overall_pct": 0.817, "seg_level": "MODERATE", "like_pct": 0.817, "cons_pct": 0.375, "svc_down": 0, "fac_summary": "", "biz_50m": 6, "near_trans_seg": 0}}, {"type": "Feature", "geometry": {"type": "LineString", "coordinates": [[-82.98473167745037, 39.947755655801124], [-82.9850029, 39.9477677], [-82.98500926603198, 39.947767986043104]]}, "properties": {"ticket_id": "DEMO-20260713-0006", "priority_level": "HIGH", "GLOBALID": "DEMO-SEG-000678", "kind": "main", "material": "Steel", "vintage_year": 1974, "diameter_in": 6.0, "coated": true, "s1_score": 0.621, "overall_pct": 0.876, "seg_level": "MODERATE", "like_pct": 0.876, "cons_pct": 0.465, "svc_down": 0, "fac_summary": "", "biz_50m": 8, "near_trans_seg": 0}}, {"type": "Feature", "geometry": {"type": "LineString", "coordinates": [[-82.9847662913758, 39.9477571929398], [-82.98475153416703, 39.94795404868969]]}, "properties": {"ticket_id": "DEMO-20260713-0006", "priority_level": "HIGH", "GLOBALID": "DEMO-SEG-005981", "kind": "service", "material": "Steel", "vintage_year": 1999, "diameter_in": 0.75, "coated": true, "s1_score": 0.429, "overall_pct": 0.75, "seg_level": "LOW", "like_pct": 0.75, "cons_pct": 0.436, "svc_down": 1, "fac_summary": "", "biz_50m": 7, "near_trans_seg": 0}}, {"type": "Feature", "geometry": {"type": "LineString", "coordinates": [[-82.98511565610328, 39.94777276638573], [-82.98510245769499, 39.94794677574933]]}, "properties": {"ticket_id": "DEMO-20260713-0006", "priority_level": "HIGH", "GLOBALID": "DEMO-SEG-005579", "kind": "service", "material": "Steel", "vintage_year": 1982, "diameter_in": 0.5, "coated": true, "s1_score": 0.494, "overall_pct": 0.819, "seg_level": "MODERATE", "like_pct": 0.819, "cons_pct": 0.592, "svc_down": 1, "fac_summary": "", "biz_50m": 9, "near_trans_seg": 0}}, {"type": "Feature", "geometry": {"type": "LineString", "coordinates": [[-82.98493280398186, 39.94776458730255], [-82.98491777983271, 39.947965010429805]]}, "properties": {"ticket_id": "DEMO-20260713-0006", "priority_level": "HIGH", "GLOBALID": "DEMO-SEG-006046", "kind": "service", "material": "Steel", "vintage_year": 1986, "diameter_in": 0.75, "coated": true, "s1_score": 0.495, "overall_pct": 0.82, "seg_level": "MODERATE", "like_pct": 0.82, "cons_pct": 0.503, "svc_down": 1, "fac_summary": "", "biz_50m": 8, "near_trans_seg": 0}}, {"type": "Feature", "geometry": {"type": "LineString", "coordinates": [[-82.98463131755733, 39.94775119894998], [-82.98461067714467, 39.948026527015095]]}, "properties": {"ticket_id": "DEMO-20260713-0006", "priority_level": "HIGH", "GLOBALID": "DEMO-SEG-006686", "kind": "service", "material": "MDPE", "vintage_year": 2010, "diameter_in": 1.0, "coated": false, "s1_score": 0.19, "overall_pct": 0.436, "seg_level": "LOW", "like_pct": 0.174, "cons_pct": 0.436, "svc_down": 1, "fac_summary": "", "biz_50m": 7, "near_trans_seg": 0}}, {"type": "Feature", "geometry": {"type": "LineString", "coordinates": [[-82.98489482528744, 39.947762900795375], [-82.98486270000056, 39.94819145000297]]}, "properties": {"ticket_id": "DEMO-20260713-0006", "priority_level": "HIGH", "GLOBALID": "DEMO-SEG-007431", "kind": "service", "material": "MDPE", "vintage_year": 2015, "diameter_in": 1.25, "coated": false, "s1_score": 0.192, "overall_pct": 0.592, "seg_level": "LOW", "like_pct": 0.181, "cons_pct": 0.592, "svc_down": 1, "fac_summary": "", "biz_50m": 9, "near_trans_seg": 0}}, {"type": "Feature", "geometry": {"type": "LineString", "coordinates": [[-82.98509498443583, 39.947771837569434], [-82.98506153992686, 39.948212770887885]]}, "properties": {"ticket_id": "DEMO-20260713-0006", "priority_level": "HIGH", "GLOBALID": "DEMO-SEG-007462", "kind": "service", "material": "Steel", "vintage_year": 1980, "diameter_in": 1.25, "coated": true, "s1_score": 0.541, "overall_pct": 0.865, "seg_level": "MODERATE", "like_pct": 0.865, "cons_pct": 0.672, "svc_down": 1, "fac_summary": "", "biz_50m": 10, "near_trans_seg": 0}}, {"type": "Feature", "geometry": {"type": "LineString", "coordinates": [[-82.98448067421101, 39.948317034707166], [-82.98459080000082, 39.94832175000287]]}, "properties": {"ticket_id": "DEMO-20260713-0006", "priority_level": "HIGH", "GLOBALID": "DEMO-SEG-007077", "kind": "service", "material": "MDPE", "vintage_year": 2006, "diameter_in": 1.0, "coated": false, "s1_score": 0.222, "overall_pct": 0.592, "seg_level": "LOW", "like_pct": 0.309, "cons_pct": 0.592, "svc_down": 1, "fac_summary": "", "biz_50m": 9, "near_trans_seg": 0}}, {"type": "Feature", "geometry": {"type": "LineString", "coordinates": [[-82.9869512543857, 39.947855168386404], [-82.9869660701762, 39.947660043022]]}, "properties": {"ticket_id": "DEMO-20260713-0006", "priority_level": "HIGH", "GLOBALID": "DEMO-SEG-005958", "kind": "service", "material": "MDPE", "vintage_year": 1986, "diameter_in": 0.75, "coated": false, "s1_score": 0.322, "overall_pct": 0.727, "seg_level": "LOW", "like_pct": 0.727, "cons_pct": 0.592, "svc_down": 1, "fac_summary": "", "biz_50m": 9, "near_trans_seg": 0}}, {"type": "Feature", "geometry": {"type": "LineString", "coordinates": [[-82.98678797342923, 39.94784782394673], [-82.9867985925015, 39.94770797423139]]}, "properties": {"ticket_id": "DEMO-20260713-0006", "priority_level": "HIGH", "GLOBALID": "DEMO-SEG-004778", "kind": "service", "material": "MDPE", "vintage_year": 1985, "diameter_in": 0.75, "coated": false, "s1_score": 0.33, "overall_pct": 0.736, "seg_level": "LOW", "like_pct": 0.736, "cons_pct": 0.503, "svc_down": 1, "fac_summary": "", "biz_50m": 8, "near_trans_seg": 0}}, {"type": "Feature", "geometry": {"type": "LineString", "coordinates": [[-82.98707932475479, 39.947860928878], [-82.98709062418753, 39.94771211068796]]}, "properties": {"ticket_id": "DEMO-20260713-0006", "priority_level": "HIGH", "GLOBALID": "DEMO-SEG-004965", "kind": "service", "material": "MDPE", "vintage_year": 1985, "diameter_in": 0.75, "coated": false, "s1_score": 0.337, "overall_pct": 0.74, "seg_level": "LOW", "like_pct": 0.74, "cons_pct": 0.503, "svc_down": 1, "fac_summary": "", "biz_50m": 8, "near_trans_seg": 0}}, {"type": "Feature", "geometry": {"type": "LineString", "coordinates": [[-82.98697846718126, 39.94785639240577], [-82.9866874, 39.94784330000001]]}, "properties": {"ticket_id": "DEMO-20260713-0006", "priority_level": "HIGH", "GLOBALID": "DEMO-SEG-002871", "kind": "main", "material": "MDPE", "vintage_year": 1985, "diameter_in": 3.0, "coated": false, "s1_score": 0.282, "overall_pct": 0.596, "seg_level": "LOW", "like_pct": 0.596, "cons_pct": 0.547, "svc_down": 0, "fac_summary": "", "biz_50m": 9, "near_trans_seg": 0}}, {"type": "Feature", "geometry": {"type": "LineString", "coordinates": [[-82.98726953444343, 39.94786948407749], [-82.98697846718126, 39.94785639240577]]}, "properties": {"ticket_id": "DEMO-20260713-0006", "priority_level": "HIGH", "GLOBALID": "DEMO-SEG-002870", "kind": "main", "material": "Steel", "vintage_year": 1969, "diameter_in": 6.0, "coated": false, "s1_score": 0.651, "overall_pct": 0.893, "seg_level": "MODERATE", "like_pct": 0.893, "cons_pct": 0.547, "svc_down": 0, "fac_summary": "", "biz_50m": 9, "near_trans_seg": 0}}, {"type": "Feature", "geometry": {"type": "LineString", "coordinates": [[-82.98693067266501, 39.947854242625546], [-82.98691795000059, 39.94802180000844]]}, "properties": {"ticket_id": "DEMO-20260713-0006", "priority_level": "HIGH", "GLOBALID": "DEMO-SEG-005419", "kind": "service", "material": "MDPE", "vintage_year": 1991, "diameter_in": 1.0, "coated": false, "s1_score": 0.318, "overall_pct": 0.719, "seg_level": "LOW", "like_pct": 0.719, "cons_pct": 0.436, "svc_down": 1, "fac_summary": "", "biz_50m": 7, "near_trans_seg": 0}}, {"type": "Feature", "geometry": {"type": "LineString", "coordinates": [[-82.98666851484029, 39.94809042648431], [-82.9866874, 39.94784330000001]]}, "properties": {"ticket_id": "DEMO-20260713-0006", "priority_level": "HIGH", "GLOBALID": "DEMO-SEG-002865", "kind": "main", "material": "MDPE", "vintage_year": 1997, "diameter_in": 4.0, "coated": false, "s1_score": 0.249, "overall_pct": 0.878, "seg_level": "MODERATE", "like_pct": 0.434, "cons_pct": 0.878, "svc_down": 5, "fac_summary": "", "biz_50m": 9, "near_trans_seg": 0}}, {"type": "Feature", "geometry": {"type": "LineString", "coordinates": [[-82.98718909767736, 39.947865866253004], [-82.98717442952024, 39.948059055303474]]}, "properties": {"ticket_id": "DEMO-20260713-0006", "priority_level": "HIGH", "GLOBALID": "DEMO-SEG-005926", "kind": "service", "material": "MDPE", "vintage_year": 1985, "diameter_in": 1.25, "coated": false, "s1_score": 0.288, "overall_pct": 0.619, "seg_level": "LOW", "like_pct": 0.619, "cons_pct": 0.503, "svc_down": 1, "fac_summary": "", "biz_50m": 8, "near_trans_seg": 0}}, {"type": "Feature", "geometry": {"type": "LineString", "coordinates": [[-82.98707213240044, 39.947860605376064], [-82.98705542605437, 39.94808063367296]]}, "properties": {"ticket_id": "DEMO-20260713-0006", "priority_level": "HIGH", "GLOBALID": "DEMO-SEG-006255", "kind": "service", "material": "MDPE", "vintage_year": 1985, "diameter_in": 0.5, "coated": false, "s1_score": 0.311, "overall_pct": 0.702, "seg_level": "LOW", "like_pct": 0.702, "cons_pct": 0.592, "svc_down": 1, "fac_summary": "", "biz_50m": 9, "near_trans_seg": 0}}, {"type": "Feature", "geometry": {"type": "LineString", "coordinates": [[-82.98617831650111, 39.947820478099715], [-82.98619069322272, 39.947656937029684]]}, "properties": {"ticket_id": "DEMO-20260713-0006", "priority_level": "HIGH", "GLOBALID": "DEMO-SEG-005315", "kind": "service", "material": "MDPE", "vintage_year": 2002, "diameter_in": 0.5, "coated": false, "s1_score": 0.258, "overall_pct": 0.477, "seg_level": "LOW", "like_pct": 0.477, "cons_pct": 0.436, "svc_down": 1, "fac_summary": "", "biz_50m": 7, "near_trans_seg": 0}}, {"type": "Feature", "geometry": {"type": "LineString", "coordinates": [[-82.98654966497651, 39.94783712564623], [-82.98656210645079, 39.94767271718243]]}, "properties": {"ticket_id": "DEMO-20260713-0006", "priority_level": "HIGH", "GLOBALID": "DEMO-SEG-005341", "kind": "service", "material": "MDPE", "vintage_year": 1997, "diameter_in": 0.75, "coated": false, "s1_score": 0.25, "overall_pct": 0.503, "seg_level": "LOW", "like_pct": 0.437, "cons_pct": 0.503, "svc_down": 1, "fac_summary": "", "biz_50m": 8, "near_trans_seg": 0}}, {"type": "Feature", "geometry": {"type": "LineString", "coordinates": [[-82.9861237999245, 39.94781803402135], [-82.985842, 39.94780540000001]]}, "properties": {"ticket_id": "DEMO-20260713-0006", "priority_level": "HIGH", "GLOBALID": "DEMO-SEG-000675", "kind": "main", "material": "Steel", "vintage_year": 1983, "diameter_in": 8.0, "coated": true, "s1_score": 0.462, "overall_pct": 0.776, "seg_level": "LOW", "like_pct": 0.776, "cons_pct": 0.547, "svc_down": 0, "fac_summary": "", "biz_50m": 9, "near_trans_seg": 0}}, {"type": "Feature", "geometry": {"type": "LineString", "coordinates": [[-82.98640559992451, 39.94783066735467], [-82.9861237999245, 39.94781803402135]]}, "properties": {"ticket_id": "DEMO-20260713-0006", "priority_level": "HIGH", "GLOBALID": "DEMO-SEG-000674", "kind": "main", "material": "MDPE", "vintage_year": 2016, "diameter_in": 6.0, "coated": false, "s1_score": 0.156, "overall_pct": 0.641, "seg_level": "LOW", "like_pct": 0.067, "cons_pct": 0.641, "svc_down": 0, "fac_summary": "", "biz_50m": 8, "near_trans_seg": 0}}, {"type": "Feature", "geometry": {"type": "LineString", "coordinates": [[-82.9866874, 39.94784330000001], [-82.98640559992451, 39.94783066735467]]}, "properties": {"ticket_id": "DEMO-20260713-0006", "priority_level": "HIGH", "GLOBALID": "DEMO-SEG-000673", "kind": "main", "material": "MDPE", "vintage_year": 1995, "diameter_in": 4.0, "coated": false, "s1_score": 0.255, "overall_pct": 0.83, "seg_level": "MODERATE", "like_pct": 0.464, "cons_pct": 0.83, "svc_down": 2, "fac_summary": "", "biz_50m": 9, "near_trans_seg": 0}}, {"type": "Feature", "geometry": {"type": "LineString", "coordinates": [[-82.98629139840796, 39.947825547687025], [-82.98627960000135, 39.947981450001244]]}, "properties": {"ticket_id": "DEMO-20260713-0006", "priority_level": "HIGH", "GLOBALID": "DEMO-SEG-005134", "kind": "service", "material": "Steel", "vintage_year": 1972, "diameter_in": 1.0, "coated": true, "s1_score": 0.654, "overall_pct": 0.895, "seg_level": "MODERATE", "like_pct": 0.895, "cons_pct": 0.503, "svc_down": 1, "fac_summary": "", "biz_50m": 8, "near_trans_seg": 0}}, {"type": "Feature", "geometry": {"type": "LineString", "coordinates": [[-82.98643860570414, 39.947832146986585], [-82.98642540000317, 39.948006649990496]]}, "properties": {"ticket_id": "DEMO-20260713-0006", "priority_level": "HIGH", "GLOBALID": "DEMO-SEG-005587", "kind": "service", "material": "MDPE", "vintage_year": 1994, "diameter_in": 0.5, "coated": false, "s1_score": 0.285, "overall_pct": 0.608, "seg_level": "LOW", "like_pct": 0.608, "cons_pct": 0.592, "svc_down": 1, "fac_summary": "", "biz_50m": 9, "near_trans_seg": 0}}, {"type": "Feature", "geometry": {"type": "LineString", "coordinates": [[-82.98582915567896, 39.94797871467986], [-82.98599054999951, 39.947985800018]]}, "properties": {"ticket_id": "DEMO-20260713-0006", "priority_level": "HIGH", "GLOBALID": "DEMO-SEG-004445", "kind": "service", "material": "MDPE", "vintage_year": 2006, "diameter_in": 1.0, "coated": false, "s1_score": 0.219, "overall_pct": 0.592, "seg_level": "LOW", "like_pct": 0.293, "cons_pct": 0.592, "svc_down": 1, "fac_summary": "", "biz_50m": 9, "near_trans_seg": 0}}, {"type": "Feature", "geometry": {"type": "LineString", "coordinates": [[-82.98582500047159, 39.948034782780134], [-82.98599222408357, 39.94804212402113]]}, "properties": {"ticket_id": "DEMO-20260713-0006", "priority_level": "HIGH", "GLOBALID": "DEMO-SEG-004539", "kind": "service", "material": "Steel", "vintage_year": 1978, "diameter_in": 1.0, "coated": true, "s1_score": 0.555, "overall_pct": 0.87, "seg_level": "MODERATE", "like_pct": 0.87, "cons_pct": 0.592, "svc_down": 1, "fac_summary": "", "biz_50m": 9, "near_trans_seg": 0}}, {"type": "Feature", "geometry": {"type": "LineString", "coordinates": [[-82.9858166629103, 39.94814728508112], [-82.98600264999943, 39.948155450029944]]}, "properties": {"ticket_id": "DEMO-20260713-0006", "priority_level": "HIGH", "GLOBALID": "DEMO-SEG-004859", "kind": "service", "material": "MDPE", "vintage_year": 2018, "diameter_in": 1.25, "coated": false, "s1_score": 0.172, "overall_pct": 0.592, "seg_level": "LOW", "like_pct": 0.11, "cons_pct": 0.592, "svc_down": 1, "fac_summary": "", "biz_50m": 9, "near_trans_seg": 0}}, {"type": "Feature", "geometry": {"type": "LineString", "coordinates": [[-82.9866734124584, 39.948026337602315], [-82.98657427695002, 39.94802184976221]]}, "properties": {"ticket_id": "DEMO-20260713-0006", "priority_level": "HIGH", "GLOBALID": "DEMO-SEG-003673", "kind": "service", "material": "MDPE", "vintage_year": 2000, "diameter_in": 1.0, "coated": false, "s1_score": 0.262, "overall_pct": 0.503, "seg_level": "LOW", "like_pct": 0.499, "cons_pct": 0.503, "svc_down": 1, "fac_summary": "", "biz_50m": 8, "near_trans_seg": 0}}, {"type": "Feature", "geometry": {"type": "LineString", "coordinates": [[-82.98667236408684, 39.94804005631122], [-82.98680865442488, 39.94804622600095]]}, "properties": {"ticket_id": "DEMO-20260713-0006", "priority_level": "HIGH", "GLOBALID": "DEMO-SEG-004088", "kind": "service", "material": "MDPE", "vintage_year": 1999, "diameter_in": 1.0, "coated": false, "s1_score": 0.242, "overall_pct": 0.503, "seg_level": "LOW", "like_pct": 0.4, "cons_pct": 0.503, "svc_down": 1, "fac_summary": "", "biz_50m": 8, "near_trans_seg": 0}}, {"type": "Feature", "geometry": {"type": "LineString", "coordinates": [[-82.9866611633418, 39.94818662600386], [-82.98678486317999, 39.94819222573792]]}, "properties": {"ticket_id": "DEMO-20260713-0006", "priority_level": "HIGH", "GLOBALID": "DEMO-SEG-003958", "kind": "service", "material": "MDPE", "vintage_year": 2019, "diameter_in": 0.75, "coated": false, "s1_score": 0.156, "overall_pct": 0.436, "seg_level": "LOW", "like_pct": 0.066, "cons_pct": 0.436, "svc_down": 1, "fac_summary": "", "biz_50m": 7, "near_trans_seg": 0}}, {"type": "Feature", "geometry": {"type": "LineString", "coordinates": [[-82.98664962958125, 39.948337552958954], [-82.98666851484029, 39.94809042648431]]}, "properties": {"ticket_id": "DEMO-20260713-0006", "priority_level": "HIGH", "GLOBALID": "DEMO-SEG-002864", "kind": "main", "material": "Steel", "vintage_year": 1981, "diameter_in": 6.0, "coated": true, "s1_score": 0.496, "overall_pct": 0.823, "seg_level": "MODERATE", "like_pct": 0.823, "cons_pct": 0.635, "svc_down": 0, "fac_summary": "", "biz_50m": 10, "near_trans_seg": 0}}, {"type": "Feature", "geometry": {"type": "LineString", "coordinates": [[-82.98665498048626, 39.94826753285597], [-82.9867623757244, 39.94827239450603]]}, "properties": {"ticket_id": "DEMO-20260713-0006", "priority_level": "HIGH", "GLOBALID": "DEMO-SEG-003768", "kind": "service", "material": "MDPE", "vintage_year": 2007, "diameter_in": 1.0, "coated": false, "s1_score": 0.216, "overall_pct": 0.592, "seg_level": "LOW", "like_pct": 0.284, "cons_pct": 0.592, "svc_down": 1, "fac_summary": "", "biz_50m": 9, "near_trans_seg": 0}}, {"type": "Feature", "geometry": {"type": "LineString", "coordinates": [[-82.98665383903648, 39.94828246948422], [-82.98656791123408, 39.94827857956665]]}, "properties": {"ticket_id": "DEMO-20260713-0006", "priority_level": "HIGH", "GLOBALID": "DEMO-SEG-003546", "kind": "service", "material": "Steel", "vintage_year": 1984, "diameter_in": 1.0, "coated": true, "s1_score": 0.526, "overall_pct": 0.856, "seg_level": "MODERATE", "like_pct": 0.856, "cons_pct": 0.592, "svc_down": 1, "fac_summary": "", "biz_50m": 9, "near_trans_seg": 0}}, {"type": "Feature", "geometry": {"type": "LineString", "coordinates": [[-82.9866438629322, 39.94841707080485], [-82.9869283000006, 39.94842919999797]]}, "properties": {"ticket_id": "DEMO-20260713-0006", "priority_level": "HIGH", "GLOBALID": "DEMO-SEG-006245", "kind": "service", "material": "Steel", "vintage_year": 1986, "diameter_in": 0.75, "coated": true, "s1_score": 0.513, "overall_pct": 0.843, "seg_level": "MODERATE", "like_pct": 0.843, "cons_pct": 0.672, "svc_down": 1, "fac_summary": "", "biz_50m": 10, "near_trans_seg": 0}}, {"type": "Feature", "geometry": {"type": "LineString", "coordinates": [[-82.98664359523453, 39.948420789437996], [-82.9870343000005, 39.948437450002174]]}, "properties": {"ticket_id": "DEMO-20260713-0006", "priority_level": "HIGH", "GLOBALID": "DEMO-SEG-006836", "kind": "service", "material": "Steel", "vintage_year": 1982, "diameter_in": 1.25, "coated": true, "s1_score": 0.494, "overall_pct": 0.82, "seg_level": "MODERATE", "like_pct": 0.82, "cons_pct": 0.73, "svc_down": 1, "fac_summary": "", "biz_50m": 11, "near_trans_seg": 0}}, {"type": "Feature", "geometry": {"type": "LineString", "coordinates": [[-82.98664138378763, 39.948451509005295], [-82.98676135932733, 39.94845662518261]]}, "properties": {"ticket_id": "DEMO-20260713-0006", "priority_level": "HIGH", "GLOBALID": "DEMO-SEG-003922", "kind": "service", "material": "MDPE", "vintage_year": 2021, "diameter_in": 0.5, "coated": false, "s1_score": 0.14, "overall_pct": 0.592, "seg_level": "LOW", "like_pct": 0.033, "cons_pct": 0.592, "svc_down": 1, "fac_summary": "", "biz_50m": 9, "near_trans_seg": 0}}, {"type": "Feature", "geometry": {"type": "LineString", "coordinates": [[-82.98663179374903, 39.94858472555732], [-82.9866489, 39.9483471], [-82.98664962958125, 39.948337552958954]]}, "properties": {"ticket_id": "DEMO-20260713-0006", "priority_level": "HIGH", "GLOBALID": "DEMO-SEG-002863", "kind": "main", "material": "Steel", "vintage_year": 1977, "diameter_in": 4.0, "coated": true, "s1_score": 0.517, "overall_pct": 0.847, "seg_level": "MODERATE", "like_pct": 0.847, "cons_pct": 0.635, "svc_down": 0, "fac_summary": "", "biz_50m": 10, "near_trans_seg": 0}}, {"type": "Feature", "geometry": {"type": "LineString", "coordinates": [[-82.98581016687302, 39.948234938720375], [-82.98613105689667, 39.948249025793274]]}, "properties": {"ticket_id": "DEMO-20260713-0006", "priority_level": "HIGH", "GLOBALID": "DEMO-SEG-006485", "kind": "service", "material": "MDPE", "vintage_year": 1993, "diameter_in": 1.25, "coated": false, "s1_score": 0.258, "overall_pct": 0.777, "seg_level": "LOW", "like_pct": 0.478, "cons_pct": 0.777, "svc_down": 1, "fac_summary": "", "biz_50m": 12, "near_trans_seg": 0}}, {"type": "Feature", "geometry": {"type": "LineString", "coordinates": [[-82.9866569106364, 39.94824227554925], [-82.9864231241154, 39.94823169197217]]}, "properties": {"ticket_id": "DEMO-20260713-0006", "priority_level": "HIGH", "GLOBALID": "DEMO-SEG-005713", "kind": "service", "material": "MDPE", "vintage_year": 2014, "diameter_in": 1.0, "coated": false, "s1_score": 0.201, "overall_pct": 0.672, "seg_level": "LOW", "like_pct": 0.216, "cons_pct": 0.672, "svc_down": 1, "fac_summary": "", "biz_50m": 10, "near_trans_seg": 0}}, {"type": "Feature", "geometry": {"type": "LineString", "coordinates": [[-82.98665645206532, 39.94824827626022], [-82.9862417000008, 39.948229499999684]]}, "properties": {"ticket_id": "DEMO-20260713-0006", "priority_level": "HIGH", "GLOBALID": "DEMO-SEG-006926", "kind": "service", "material": "MDPE", "vintage_year": 2003, "diameter_in": 1.0, "coated": false, "s1_score": 0.218, "overall_pct": 0.73, "seg_level": "LOW", "like_pct": 0.29, "cons_pct": 0.73, "svc_down": 1, "fac_summary": "", "biz_50m": 11, "near_trans_seg": 0}}, {"type": "Feature", "geometry": {"type": "LineString", "coordinates": [[-82.98580883862124, 39.94825286133489], [-82.98597887270353, 39.948260325942094]]}, "properties": {"ticket_id": "DEMO-20260713-0006", "priority_level": "HIGH", "GLOBALID": "DEMO-SEG-004585", "kind": "service", "material": "MDPE", "vintage_year": 2012, "diameter_in": 0.75, "coated": false, "s1_score": 0.213, "overall_pct": 0.672, "seg_level": "LOW", "like_pct": 0.269, "cons_pct": 0.672, "svc_down": 1, "fac_summary": "", "biz_50m": 10, "near_trans_seg": 0}}, {"type": "Feature", "geometry": {"type": "LineString", "coordinates": [[-82.98579895827834, 39.94838682947778], [-82.9861350757136, 39.94840144274185]]}, "properties": {"ticket_id": "DEMO-20260713-0006", "priority_level": "HIGH", "GLOBALID": "DEMO-SEG-006575", "kind": "service", "material": "Steel", "vintage_year": 1977, "diameter_in": 1.0, "coated": true, "s1_score": 0.527, "overall_pct": 0.856, "seg_level": "MODERATE", "like_pct": 0.856, "cons_pct": 0.73, "svc_down": 1, "fac_summary": "", "biz_50m": 11, "near_trans_seg": 0}}, {"type": "Feature", "geometry": {"type": "LineString", "coordinates": [[-82.98664402772039, 39.94841478170439], [-82.98627086487905, 39.94839886792808]]}, "properties": {"ticket_id": "DEMO-20260713-0006", "priority_level": "HIGH", "GLOBALID": "DEMO-SEG-006757", "kind": "service", "material": "MDPE", "vintage_year": 2015, "diameter_in": 1.0, "coated": false, "s1_score": 0.158, "overall_pct": 0.73, "seg_level": "LOW", "like_pct": 0.071, "cons_pct": 0.73, "svc_down": 1, "fac_summary": "", "biz_50m": 11, "near_trans_seg": 0}}, {"type": "Feature", "geometry": {"type": "LineString", "coordinates": [[-82.98664306411523, 39.94842816730407], [-82.98637782428602, 39.948416856101844]]}, "properties": {"ticket_id": "DEMO-20260713-0006", "priority_level": "HIGH", "GLOBALID": "DEMO-SEG-006103", "kind": "service", "material": "Steel", "vintage_year": 1999, "diameter_in": 0.75, "coated": true, "s1_score": 0.435, "overall_pct": 0.753, "seg_level": "LOW", "like_pct": 0.753, "cons_pct": 0.672, "svc_down": 1, "fac_summary": "", "biz_50m": 10, "near_trans_seg": 0}}, {"type": "Feature", "geometry": {"type": "LineString", "coordinates": [[-82.98664277777532, 39.94843214489854], [-82.98654821830812, 39.948428112462665]]}, "properties": {"ticket_id": "DEMO-20260713-0006", "priority_level": "HIGH", "GLOBALID": "DEMO-SEG-003621", "kind": "service", "material": "Steel", "vintage_year": 1988, "diameter_in": 0.5, "coated": true, "s1_score": 0.509, "overall_pct": 0.837, "seg_level": "MODERATE", "like_pct": 0.837, "cons_pct": 0.592, "svc_down": 1, "fac_summary": "", "biz_50m": 9, "near_trans_seg": 0}}, {"type": "Feature", "geometry": {"type": "LineString", "coordinates": [[-82.98662632142722, 39.94866074216933], [-82.98651257574268, 39.94865589154786]]}, "properties": {"ticket_id": "DEMO-20260713-0006", "priority_level": "HIGH", "GLOBALID": "DEMO-SEG-003843", "kind": "service", "material": "Steel", "vintage_year": 1975, "diameter_in": 0.5, "coated": true, "s1_score": 0.656, "overall_pct": 0.895, "seg_level": "MODERATE", "like_pct": 0.895, "cons_pct": 0.592, "svc_down": 1, "fac_summary": "", "biz_50m": 9, "near_trans_seg": 0}}, {"type": "Feature", "geometry": {"type": "LineString", "coordinates": [[-82.98608826079418, 39.94880928116207], [-82.98609961364106, 39.94865297556368]]}, "properties": {"ticket_id": "DEMO-20260713-0006", "priority_level": "HIGH", "GLOBALID": "DEMO-SEG-005142", "kind": "service", "material": "Steel", "vintage_year": 1978, "diameter_in": 1.25, "coated": true, "s1_score": 0.513, "overall_pct": 0.843, "seg_level": "MODERATE", "like_pct": 0.843, "cons_pct": 0.592, "svc_down": 1, "fac_summary": "", "biz_50m": 9, "near_trans_seg": 0}}, {"type": "Feature", "geometry": {"type": "LineString", "coordinates": [[-82.98662753316567, 39.94864390979051], [-82.98676614547428, 39.94864982068401]]}, "properties": {"ticket_id": "DEMO-20260713-0006", "priority_level": "HIGH", "GLOBALID": "DEMO-SEG-004123", "kind": "service", "material": "MDPE", "vintage_year": 2012, "diameter_in": 0.75, "coated": false, "s1_score": 0.2, "overall_pct": 0.503, "seg_level": "LOW", "like_pct": 0.21, "cons_pct": 0.503, "svc_down": 1, "fac_summary": "", "biz_50m": 8, "near_trans_seg": 0}}, {"type": "Feature", "geometry": {"type": "LineString", "coordinates": [[-82.98716649601585, 39.94885746767558], [-82.98719757420635, 39.94844385998403]]}, "properties": {"ticket_id": "DEMO-20260713-0006", "priority_level": "HIGH", "GLOBALID": "DEMO-SEG-007380", "kind": "service", "material": "MDPE", "vintage_year": 2007, "diameter_in": 0.5, "coated": false, "s1_score": 0.213, "overall_pct": 0.672, "seg_level": "LOW", "like_pct": 0.271, "cons_pct": 0.672, "svc_down": 1, "fac_summary": "", "biz_50m": 10, "near_trans_seg": 0}}, {"type": "Feature", "geometry": {"type": "LineString", "coordinates": [[-82.98728394011444, 39.94886269508694], [-82.98729963719904, 39.948653784310544]]}, "properties": {"ticket_id": "DEMO-20260713-0006", "priority_level": "HIGH", "GLOBALID": "DEMO-SEG-007419", "kind": "service", "material": "MDPE", "vintage_year": 2014, "diameter_in": 0.75, "coated": false, "s1_score": 0.19, "overall_pct": 0.672, "seg_level": "LOW", "like_pct": 0.171, "cons_pct": 0.672, "svc_down": 1, "fac_summary": "", "biz_50m": 10, "near_trans_seg": 0}}, {"type": "Feature", "geometry": {"type": "LineString", "coordinates": [[-82.986614, 39.9488319], [-82.98663179374903, 39.94858472555732]]}, "properties": {"ticket_id": "DEMO-20260713-0006", "priority_level": "HIGH", "GLOBALID": "DEMO-SEG-002862", "kind": "main", "material": "Steel", "vintage_year": 1977, "diameter_in": 4.0, "coated": true, "s1_score": 0.538, "overall_pct": 0.863, "seg_level": "MODERATE", "like_pct": 0.863, "cons_pct": 0.635, "svc_down": 0, "fac_summary": "", "biz_50m": 10, "near_trans_seg": 0}}, {"type": "Feature", "geometry": {"type": "LineString", "coordinates": [[-82.98686002567864, 39.94884382618182], [-82.986871674228, 39.94868880977233]]}, "properties": {"ticket_id": "DEMO-20260713-0006", "priority_level": "HIGH", "GLOBALID": "DEMO-SEG-005112", "kind": "service", "material": "Steel", "vintage_year": 2000, "diameter_in": 1.0, "coated": true, "s1_score": 0.449, "overall_pct": 0.764, "seg_level": "LOW", "like_pct": 0.764, "cons_pct": 0.503, "svc_down": 1, "fac_summary": "", "biz_50m": 8, "near_trans_seg": 0}}, {"type": "Feature", "geometry": {"type": "LineString", "coordinates": [[-82.98700267451004, 39.94885017581531], [-82.98701515000366, 39.94868414998802]]}, "properties": {"ticket_id": "DEMO-20260713-0006", "priority_level": "HIGH", "GLOBALID": "DEMO-SEG-005378", "kind": "service", "material": "MDPE", "vintage_year": 2010, "diameter_in": 1.0, "coated": false, "s1_score": 0.182, "overall_pct": 0.392, "seg_level": "LOW", "like_pct": 0.14, "cons_pct": 0.392, "svc_down": 1, "fac_summary": "", "biz_50m": 6, "near_trans_seg": 0}}, {"type": "Feature", "geometry": {"type": "LineString", "coordinates": [[-82.98716240107282, 39.94885728540839], [-82.98717537185537, 39.948684662829635]]}, "properties": {"ticket_id": "DEMO-20260713-0006", "priority_level": "HIGH", "GLOBALID": "DEMO-SEG-005542", "kind": "service", "material": "MDPE", "vintage_year": 1998, "diameter_in": 1.0, "coated": false, "s1_score": 0.242, "overall_pct": 0.436, "seg_level": "LOW", "like_pct": 0.401, "cons_pct": 0.436, "svc_down": 1, "fac_summary": "", "biz_50m": 7, "near_trans_seg": 0}}, {"type": "Feature", "geometry": {"type": "LineString", "coordinates": [[-82.987305497457, 39.948863654586546], [-82.98730565277073, 39.9488615875292]]}, "properties": {"ticket_id": "DEMO-20260713-0006", "priority_level": "HIGH", "GLOBALID": "DEMO-SEG-005178", "kind": "service", "material": "MDPE", "vintage_year": 2014, "diameter_in": 0.5, "coated": false, "s1_score": 0.179, "overall_pct": 0.503, "seg_level": "LOW", "like_pct": 0.132, "cons_pct": 0.503, "svc_down": 1, "fac_summary": "", "biz_50m": 8, "near_trans_seg": 0}}, {"type": "Feature", "geometry": {"type": "LineString", "coordinates": [[-82.986614, 39.9488319], [-82.986819, 39.948842]]}, "properties": {"ticket_id": "DEMO-20260713-0006", "priority_level": "HIGH", "GLOBALID": "DEMO-SEG-000240", "kind": "main", "material": "Steel", "vintage_year": 1977, "diameter_in": 4.0, "coated": true, "s1_score": 0.544, "overall_pct": 0.866, "seg_level": "MODERATE", "like_pct": 0.866, "cons_pct": 0.547, "svc_down": 0, "fac_summary": "", "biz_50m": 9, "near_trans_seg": 0}}, {"type": "Feature", "geometry": {"type": "LineString", "coordinates": [[-82.986819, 39.948842], [-82.98710715454722, 39.948854826354015]]}, "properties": {"ticket_id": "DEMO-20260713-0006", "priority_level": "HIGH", "GLOBALID": "DEMO-SEG-000228", "kind": "main", "material": "Steel", "vintage_year": 1977, "diameter_in": 8.0, "coated": true, "s1_score": 0.498, "overall_pct": 0.825, "seg_level": "MODERATE", "like_pct": 0.825, "cons_pct": 0.703, "svc_down": 1, "fac_summary": "", "biz_50m": 8, "near_trans_seg": 0}}, {"type": "Feature", "geometry": {"type": "LineString", "coordinates": [[-82.98710715454722, 39.948854826354015], [-82.98730571288664, 39.94886366417512]]}, "properties": {"ticket_id": "DEMO-20260713-0006", "priority_level": "HIGH", "GLOBALID": "DEMO-SEG-000229", "kind": "main", "material": "Steel", "vintage_year": 1972, "diameter_in": 4.0, "coated": true, "s1_score": 0.653, "overall_pct": 0.894, "seg_level": "MODERATE", "like_pct": 0.894, "cons_pct": 0.547, "svc_down": 0, "fac_summary": "", "biz_50m": 9, "near_trans_seg": 0}}, {"type": "Feature", "geometry": {"type": "LineString", "coordinates": [[-82.9868015676298, 39.949065707741], [-82.986819, 39.948842]]}, "properties": {"ticket_id": "DEMO-20260713-0006", "priority_level": "HIGH", "GLOBALID": "DEMO-SEG-000247", "kind": "main", "material": "Steel", "vintage_year": 1972, "diameter_in": 4.0, "coated": true, "s1_score": 0.652, "overall_pct": 0.893, "seg_level": "MODERATE", "like_pct": 0.893, "cons_pct": 0.547, "svc_down": 0, "fac_summary": "", "biz_50m": 9, "near_trans_seg": 0}}, {"type": "Feature", "geometry": {"type": "LineString", "coordinates": [[-82.9872256241446, 39.94886009947078], [-82.98720724007785, 39.94910476704357]]}, "properties": {"ticket_id": "DEMO-20260713-0006", "priority_level": "HIGH", "GLOBALID": "DEMO-SEG-006771", "kind": "service", "material": "Steel", "vintage_year": 1993, "diameter_in": 1.25, "coated": true, "s1_score": 0.473, "overall_pct": 0.79, "seg_level": "LOW", "like_pct": 0.79, "cons_pct": 0.503, "svc_down": 1, "fac_summary": "", "biz_50m": 8, "near_trans_seg": 0}}, {"type": "Feature", "geometry": {"type": "LineString", "coordinates": [[-82.9868060517999, 39.949008162969015], [-82.9869636934755, 39.949015439594554]]}, "properties": {"ticket_id": "DEMO-20260713-0006", "priority_level": "HIGH", "GLOBALID": "DEMO-SEG-004376", "kind": "service", "material": "MDPE", "vintage_year": 2010, "diameter_in": 1.0, "coated": false, "s1_score": 0.21, "overall_pct": 0.436, "seg_level": "LOW", "like_pct": 0.256, "cons_pct": 0.436, "svc_down": 1, "fac_summary": "", "biz_50m": 7, "near_trans_seg": 0}}, {"type": "Feature", "geometry": {"type": "LineString", "coordinates": [[-82.98680152568141, 39.94906624605865], [-82.98660413236715, 39.94905713422521]]}, "properties": {"ticket_id": "DEMO-20260713-0006", "priority_level": "HIGH", "GLOBALID": "DEMO-SEG-005028", "kind": "service", "material": "MDPE", "vintage_year": 1995, "diameter_in": 0.75, "coated": false, "s1_score": 0.248, "overall_pct": 0.592, "seg_level": "LOW", "like_pct": 0.431, "cons_pct": 0.592, "svc_down": 1, "fac_summary": "", "biz_50m": 9, "near_trans_seg": 0}}, {"type": "Feature", "geometry": {"type": "LineString", "coordinates": [[-82.98679797713035, 39.9491117841018], [-82.9868015676298, 39.949065707741]]}, "properties": {"ticket_id": "DEMO-20260713-0006", "priority_level": "HIGH", "GLOBALID": "DEMO-SEG-000246", "kind": "main", "material": "Steel", "vintage_year": 1972, "diameter_in": 8.0, "coated": true, "s1_score": 0.65, "overall_pct": 0.892, "seg_level": "MODERATE", "like_pct": 0.892, "cons_pct": 0.547, "svc_down": 0, "fac_summary": "", "biz_50m": 9, "near_trans_seg": 0}}, {"type": "Feature", "geometry": {"type": "LineString", "coordinates": [[-82.9858213917822, 39.94808347641143], [-82.98567633755131, 39.948077108228205]]}, "properties": {"ticket_id": "DEMO-20260713-0006", "priority_level": "HIGH", "GLOBALID": "DEMO-SEG-004192", "kind": "service", "material": "MDPE", "vintage_year": 2019, "diameter_in": 0.75, "coated": false, "s1_score": 0.144, "overall_pct": 0.503, "seg_level": "LOW", "like_pct": 0.041, "cons_pct": 0.503, "svc_down": 1, "fac_summary": "", "biz_50m": 8, "near_trans_seg": 0}}, {"type": "Feature", "geometry": {"type": "LineString", "coordinates": [[-82.98581496716407, 39.94817016648137], [-82.98565845242284, 39.94816329515496]]}, "properties": {"ticket_id": "DEMO-20260713-0006", "priority_level": "HIGH", "GLOBALID": "DEMO-SEG-004356", "kind": "service", "material": "MDPE", "vintage_year": 2013, "diameter_in": 0.5, "coated": false, "s1_score": 0.204, "overall_pct": 0.503, "seg_level": "LOW", "like_pct": 0.227, "cons_pct": 0.503, "svc_down": 1, "fac_summary": "", "biz_50m": 8, "near_trans_seg": 0}}, {"type": "Feature", "geometry": {"type": "LineString", "coordinates": [[-82.98582366548727, 39.94805279631586], [-82.98580533087912, 39.948300192622064]]}, "properties": {"ticket_id": "DEMO-20260713-0006", "priority_level": "HIGH", "GLOBALID": "DEMO-SEG-000255", "kind": "main", "material": "Steel", "vintage_year": 1972, "diameter_in": 4.0, "coated": true, "s1_score": 0.674, "overall_pct": 0.908, "seg_level": "MODERATE", "like_pct": 0.908, "cons_pct": 0.635, "svc_down": 0, "fac_summary": "", "biz_50m": 10, "near_trans_seg": 0}}, {"type": "Feature", "geometry": {"type": "LineString", "coordinates": [[-82.98581172855869, 39.94821386628339], [-82.9856667054137, 39.94820749947177]]}, "properties": {"ticket_id": "DEMO-20260713-0006", "priority_level": "HIGH", "GLOBALID": "DEMO-SEG-004191", "kind": "service", "material": "Steel", "vintage_year": 1991, "diameter_in": 0.75, "coated": true, "s1_score": 0.47, "overall_pct": 0.787, "seg_level": "LOW", "like_pct": 0.787, "cons_pct": 0.592, "svc_down": 1, "fac_summary": "", "biz_50m": 9, "near_trans_seg": 0}}, {"type": "Feature", "geometry": {"type": "LineString", "coordinates": [[-82.98580878912682, 39.948253529182075], [-82.98565382869982, 39.94824672609906]]}, "properties": {"ticket_id": "DEMO-20260713-0006", "priority_level": "HIGH", "GLOBALID": "DEMO-SEG-004334", "kind": "service", "material": "Steel", "vintage_year": 1981, "diameter_in": 1.0, "coated": true, "s1_score": 0.519, "overall_pct": 0.849, "seg_level": "MODERATE", "like_pct": 0.849, "cons_pct": 0.592, "svc_down": 1, "fac_summary": "", "biz_50m": 9, "near_trans_seg": 0}}, {"type": "Feature", "geometry": {"type": "LineString", "coordinates": [[-82.98580064519689, 39.94836384572847], [-82.98547057571591, 39.94834949444971]]}, "properties": {"ticket_id": "DEMO-20260713-0006", "priority_level": "HIGH", "GLOBALID": "DEMO-SEG-006540", "kind": "service", "material": "Steel", "vintage_year": 1987, "diameter_in": 0.75, "coated": true, "s1_score": 0.502, "overall_pct": 0.829, "seg_level": "MODERATE", "like_pct": 0.829, "cons_pct": 0.777, "svc_down": 1, "fac_summary": "", "biz_50m": 12, "near_trans_seg": 0}}, {"type": "Feature", "geometry": {"type": "LineString", "coordinates": [[-82.9858001458951, 39.94837064856385], [-82.98532640000045, 39.94835005000155]]}, "properties": {"ticket_id": "DEMO-20260713-0006", "priority_level": "HIGH", "GLOBALID": "DEMO-SEG-007159", "kind": "service", "material": "MDPE", "vintage_year": 2014, "diameter_in": 0.75, "coated": false, "s1_score": 0.174, "overall_pct": 0.816, "seg_level": "MODERATE", "like_pct": 0.116, "cons_pct": 0.816, "svc_down": 1, "fac_summary": "", "biz_50m": 13, "near_trans_seg": 0}}, {"type": "Feature", "geometry": {"type": "LineString", "coordinates": [[-82.9857996494693, 39.94837741221367], [-82.9859563636603, 39.94838422574644]]}, "properties": {"ticket_id": "DEMO-20260713-0006", "priority_level": "HIGH", "GLOBALID": "DEMO-SEG-004358", "kind": "service", "material": "MDPE", "vintage_year": 2000, "diameter_in": 1.25, "coated": false, "s1_score": 0.235, "overall_pct": 0.672, "seg_level": "LOW", "like_pct": 0.367, "cons_pct": 0.672, "svc_down": 1, "fac_summary": "", "biz_50m": 10, "near_trans_seg": 0}}, {"type": "Feature", "geometry": {"type": "LineString", "coordinates": [[-82.98579748712889, 39.94840687342998], [-82.98564860000135, 39.948400400001546]]}, "properties": {"ticket_id": "DEMO-20260713-0006", "priority_level": "HIGH", "GLOBALID": "DEMO-SEG-004237", "kind": "service", "material": "Steel", "vintage_year": 1996, "diameter_in": 1.0, "coated": true, "s1_score": 0.44, "overall_pct": 0.757, "seg_level": "LOW", "like_pct": 0.757, "cons_pct": 0.672, "svc_down": 1, "fac_summary": "", "biz_50m": 10, "near_trans_seg": 0}}, {"type": "Feature", "geometry": {"type": "LineString", "coordinates": [[-82.98580533087912, 39.948300192622064], [-82.9858039, 39.9483195], [-82.98578715861167, 39.94854759601546]]}, "properties": {"ticket_id": "DEMO-20260713-0006", "priority_level": "HIGH", "GLOBALID": "DEMO-SEG-000256", "kind": "main", "material": "Steel", "vintage_year": 1972, "diameter_in": 3.0, "coated": true, "s1_score": 0.629, "overall_pct": 0.879, "seg_level": "MODERATE", "like_pct": 0.879, "cons_pct": 0.635, "svc_down": 0, "fac_summary": "", "biz_50m": 10, "near_trans_seg": 0}}, {"type": "Feature", "geometry": {"type": "LineString", "coordinates": [[-82.98501961362116, 39.94876230595786], [-82.98505143849731, 39.94833022405501]]}, "properties": {"ticket_id": "DEMO-20260713-0006", "priority_level": "HIGH", "GLOBALID": "DEMO-SEG-007440", "kind": "service", "material": "MDPE", "vintage_year": 2012, "diameter_in": 0.75, "coated": false, "s1_score": 0.165, "overall_pct": 0.73, "seg_level": "LOW", "like_pct": 0.09, "cons_pct": 0.73, "svc_down": 1, "fac_summary": "", "biz_50m": 11, "near_trans_seg": 0}}, {"type": "Feature", "geometry": {"type": "LineString", "coordinates": [[-82.9848532050204, 39.948755036710864], [-82.98488347595863, 39.94834514292456]]}, "properties": {"ticket_id": "DEMO-20260713-0006", "priority_level": "HIGH", "GLOBALID": "DEMO-SEG-007367", "kind": "service", "material": "MDPE", "vintage_year": 2012, "diameter_in": 0.75, "coated": false, "s1_score": 0.217, "overall_pct": 0.592, "seg_level": "LOW", "like_pct": 0.285, "cons_pct": 0.592, "svc_down": 1, "fac_summary": "", "biz_50m": 9, "near_trans_seg": 0}}, {"type": "Feature", "geometry": {"type": "LineString", "coordinates": [[-82.98464903001097, 39.94874610446679], [-82.98466355000674, 39.94854949997481]]}, "properties": {"ticket_id": "DEMO-20260713-0006", "priority_level": "HIGH", "GLOBALID": "DEMO-SEG-005977", "kind": "service", "material": "MDPE", "vintage_year": 2019, "diameter_in": 0.75, "coated": false, "s1_score": 0.188, "overall_pct": 0.503, "seg_level": "LOW", "like_pct": 0.163, "cons_pct": 0.503, "svc_down": 1, "fac_summary": "", "biz_50m": 8, "near_trans_seg": 0}}, {"type": "Feature", "geometry": {"type": "LineString", "coordinates": [[-82.98451881474993, 39.948740407622765], [-82.98453075244737, 39.94857877233696]]}, "properties": {"ticket_id": "DEMO-20260713-0006", "priority_level": "HIGH", "GLOBALID": "DEMO-SEG-005266", "kind": "service", "material": "Steel", "vintage_year": 1994, "diameter_in": 1.25, "coated": true, "s1_score": 0.434, "overall_pct": 0.752, "seg_level": "LOW", "like_pct": 0.752, "cons_pct": 0.436, "svc_down": 1, "fac_summary": "", "biz_50m": 7, "near_trans_seg": 0}}, {"type": "Feature", "geometry": {"type": "LineString", "coordinates": [[-82.98471670220772, 39.94874906502884], [-82.98472857657721, 39.94858828091041]]}, "properties": {"ticket_id": "DEMO-20260713-0006", "priority_level": "HIGH", "GLOBALID": "DEMO-SEG-005245", "kind": "service", "material": "Steel", "vintage_year": 1975, "diameter_in": 0.5, "coated": true, "s1_score": 0.693, "overall_pct": 0.919, "seg_level": "MODERATE", "like_pct": 0.919, "cons_pct": 0.436, "svc_down": 1, "fac_summary": "", "biz_50m": 7, "near_trans_seg": 0}}, {"type": "Feature", "geometry": {"type": "LineString", "coordinates": [[-82.98484655183086, 39.948754745653], [-82.98485933858693, 39.94858160295771]]}, "properties": {"ticket_id": "DEMO-20260713-0006", "priority_level": "HIGH", "GLOBALID": "DEMO-SEG-005559", "kind": "service", "material": "MDPE", "vintage_year": 2016, "diameter_in": 0.5, "coated": false, "s1_score": 0.163, "overall_pct": 0.503, "seg_level": "LOW", "like_pct": 0.085, "cons_pct": 0.503, "svc_down": 1, "fac_summary": "", "biz_50m": 8, "near_trans_seg": 0}}, {"type": "Feature", "geometry": {"type": "LineString", "coordinates": [[-82.98507292446607, 39.948764631951576], [-82.98508543165482, 39.94859482227173]]}, "properties": {"ticket_id": "DEMO-20260713-0006", "priority_level": "HIGH", "GLOBALID": "DEMO-SEG-005476", "kind": "service", "material": "Steel", "vintage_year": 1995, "diameter_in": 0.5, "coated": true, "s1_score": 0.445, "overall_pct": 0.76, "seg_level": "LOW", "like_pct": 0.76, "cons_pct": 0.592, "svc_down": 1, "fac_summary": "", "biz_50m": 9, "near_trans_seg": 0}}, {"type": "Feature", "geometry": {"type": "LineString", "coordinates": [[-82.98449287990223, 39.948739272970215], [-82.98465861510493, 39.9487465238034]]}, "properties": {"ticket_id": "DEMO-20260713-0006", "priority_level": "HIGH", "GLOBALID": "DEMO-SEG-000249", "kind": "main", "material": "Steel", "vintage_year": 1973, "diameter_in": 8.0, "coated": true, "s1_score": 0.635, "overall_pct": 0.881, "seg_level": "MODERATE", "like_pct": 0.881, "cons_pct": 0.547, "svc_down": 0, "fac_summary": "", "biz_50m": 9, "near_trans_seg": 0}}, {"type": "Feature", "geometry": {"type": "LineString", "coordinates": [[-82.98465861510493, 39.9487465238034], [-82.9849278, 39.948758299999994], [-82.98493620952138, 39.948758666922345]]}, "properties": {"ticket_id": "DEMO-20260713-0006", "priority_level": "HIGH", "GLOBALID": "DEMO-SEG-000250", "kind": "main", "material": "Steel", "vintage_year": 1974, "diameter_in": 6.0, "coated": true, "s1_score": 0.612, "overall_pct": 0.874, "seg_level": "MODERATE", "like_pct": 0.874, "cons_pct": 0.465, "svc_down": 0, "fac_summary": "", "biz_50m": 8, "near_trans_seg": 0}}, {"type": "Feature", "geometry": {"type": "LineString", "coordinates": [[-82.98579211477596, 39.94848006999045], [-82.98597665698423, 39.948488093385116]]}, "properties": {"ticket_id": "DEMO-20260713-0006", "priority_level": "HIGH", "GLOBALID": "DEMO-SEG-004825", "kind": "service", "material": "MDPE", "vintage_year": 2005, "diameter_in": 1.0, "coated": false, "s1_score": 0.23, "overall_pct": 0.592, "seg_level": "LOW", "like_pct": 0.341, "cons_pct": 0.592, "svc_down": 1, "fac_summary": "", "biz_50m": 9, "near_trans_seg": 0}}, {"type": "Feature", "geometry": {"type": "LineString", "coordinates": [[-82.9857803719354, 39.948640061977486], [-82.98597087364806, 39.94864834445922]]}, "properties": {"ticket_id": "DEMO-20260713-0006", "priority_level": "HIGH", "GLOBALID": "DEMO-SEG-004920", "kind": "service", "material": "Steel", "vintage_year": 2000, "diameter_in": 1.25, "coated": true, "s1_score": 0.443, "overall_pct": 0.759, "seg_level": "LOW", "like_pct": 0.759, "cons_pct": 0.672, "svc_down": 1, "fac_summary": "", "biz_50m": 10, "near_trans_seg": 0}}, {"type": "Feature", "geometry": {"type": "LineString", "coordinates": [[-82.9857789693022, 39.948659172315224], [-82.98563283541087, 39.94865281860923]]}, "properties": {"ticket_id": "DEMO-20260713-0006", "priority_level": "HIGH", "GLOBALID": "DEMO-SEG-004202", "kind": "service", "material": "MDPE", "vintage_year": 2013, "diameter_in": 0.75, "coated": false, "s1_score": 0.164, "overall_pct": 0.592, "seg_level": "LOW", "like_pct": 0.088, "cons_pct": 0.592, "svc_down": 1, "fac_summary": "", "biz_50m": 9, "near_trans_seg": 0}}, {"type": "Feature", "geometry": {"type": "LineString", "coordinates": [[-82.98578715861167, 39.94854759601546], [-82.985769, 39.94879499999999]]}, "properties": {"ticket_id": "DEMO-20260713-0006", "priority_level": "HIGH", "GLOBALID": "DEMO-SEG-000257", "kind": "main", "material": "Steel", "vintage_year": 1975, "diameter_in": 4.0, "coated": true, "s1_score": 0.627, "overall_pct": 0.877, "seg_level": "MODERATE", "like_pct": 0.877, "cons_pct": 0.635, "svc_down": 0, "fac_summary": "", "biz_50m": 10, "near_trans_seg": 0}}, {"type": "Feature", "geometry": {"type": "LineString", "coordinates": [[-82.9851852135278, 39.94876953112998], [-82.98519630966848, 39.94861887588015]]}, "properties": {"ticket_id": "DEMO-20260713-0006", "priority_level": "HIGH", "GLOBALID": "DEMO-SEG-005002", "kind": "service", "material": "MDPE", "vintage_year": 2013, "diameter_in": 0.5, "coated": false, "s1_score": 0.189, "overall_pct": 0.592, "seg_level": "LOW", "like_pct": 0.167, "cons_pct": 0.592, "svc_down": 1, "fac_summary": "", "biz_50m": 9, "near_trans_seg": 0}}, {"type": "Feature", "geometry": {"type": "LineString", "coordinates": [[-82.98535966099786, 39.94877714206574], [-82.98537188672722, 39.94861114432465]]}, "properties": {"ticket_id": "DEMO-20260713-0006", "priority_level": "HIGH", "GLOBALID": "DEMO-SEG-005377", "kind": "service", "material": "MDPE", "vintage_year": 2011, "diameter_in": 0.75, "coated": false, "s1_score": 0.209, "overall_pct": 0.503, "seg_level": "LOW", "like_pct": 0.25, "cons_pct": 0.503, "svc_down": 1, "fac_summary": "", "biz_50m": 8, "near_trans_seg": 0}}, {"type": "Feature", "geometry": {"type": "LineString", "coordinates": [[-82.98550778455626, 39.948783604312624], [-82.9855198196729, 39.948620189867995]]}, "properties": {"ticket_id": "DEMO-20260713-0006", "priority_level": "HIGH", "GLOBALID": "DEMO-SEG-005309", "kind": "service", "material": "Steel", "vintage_year": 1973, "diameter_in": 1.0, "coated": true, "s1_score": 0.659, "overall_pct": 0.898, "seg_level": "MODERATE", "like_pct": 0.898, "cons_pct": 0.592, "svc_down": 1, "fac_summary": "", "biz_50m": 9, "near_trans_seg": 0}}, {"type": "Feature", "geometry": {"type": "LineString", "coordinates": [[-82.98521380627702, 39.94877077861578], [-82.98549140310323, 39.94878288964166]]}, "properties": {"ticket_id": "DEMO-20260713-0006", "priority_level": "HIGH", "GLOBALID": "DEMO-SEG-000252", "kind": "main", "material": "Steel", "vintage_year": 1984, "diameter_in": 3.0, "coated": true, "s1_score": 0.489, "overall_pct": 0.814, "seg_level": "MODERATE", "like_pct": 0.814, "cons_pct": 0.547, "svc_down": 0, "fac_summary": "", "biz_50m": 9, "near_trans_seg": 0}}, {"type": "Feature", "geometry": {"type": "LineString", "coordinates": [[-82.98549140310323, 39.94878288964166], [-82.985769, 39.94879499999999]]}, "properties": {"ticket_id": "DEMO-20260713-0006", "priority_level": "HIGH", "GLOBALID": "DEMO-SEG-000253", "kind": "main", "material": "Steel", "vintage_year": 1979, "diameter_in": 3.0, "coated": true, "s1_score": 0.484, "overall_pct": 0.806, "seg_level": "MODERATE", "like_pct": 0.806, "cons_pct": 0.547, "svc_down": 0, "fac_summary": "", "biz_50m": 9, "near_trans_seg": 0}}, {"type": "Feature", "geometry": {"type": "LineString", "coordinates": [[-82.98518414378378, 39.9487694844575], [-82.98517248072552, 39.948927836346925]]}, "properties": {"ticket_id": "DEMO-20260713-0006", "priority_level": "HIGH", "GLOBALID": "DEMO-SEG-005183", "kind": "service", "material": "MDPE", "vintage_year": 2014, "diameter_in": 0.75, "coated": false, "s1_score": 0.169, "overall_pct": 0.592, "seg_level": "LOW", "like_pct": 0.102, "cons_pct": 0.592, "svc_down": 1, "fac_summary": "", "biz_50m": 9, "near_trans_seg": 0}}, {"type": "Feature", "geometry": {"type": "LineString", "coordinates": [[-82.98493620952138, 39.948758666922345], [-82.98521380627702, 39.94877077861578]]}, "properties": {"ticket_id": "DEMO-20260713-0006", "priority_level": "HIGH", "GLOBALID": "DEMO-SEG-000251", "kind": "main", "material": "Steel", "vintage_year": 1975, "diameter_in": 8.0, "coated": true, "s1_score": 0.6, "overall_pct": 0.873, "seg_level": "MODERATE", "like_pct": 0.873, "cons_pct": 0.547, "svc_down": 0, "fac_summary": "", "biz_50m": 9, "near_trans_seg": 0}}, {"type": "Feature", "geometry": {"type": "LineString", "coordinates": [[-82.98458541570722, 39.948743321395405], [-82.98457423077903, 39.94889476574871]]}, "properties": {"ticket_id": "DEMO-20260713-0006", "priority_level": "HIGH", "GLOBALID": "DEMO-SEG-005017", "kind": "service", "material": "MDPE", "vintage_year": 2012, "diameter_in": 0.75, "coated": false, "s1_score": 0.218, "overall_pct": 0.503, "seg_level": "LOW", "like_pct": 0.29, "cons_pct": 0.503, "svc_down": 1, "fac_summary": "", "biz_50m": 8, "near_trans_seg": 0}}, {"type": "Feature", "geometry": {"type": "LineString", "coordinates": [[-82.98480944401433, 39.94875312228583], [-82.98479900850744, 39.948894425718244]]}, "properties": {"ticket_id": "DEMO-20260713-0006", "priority_level": "HIGH", "GLOBALID": "DEMO-SEG-004809", "kind": "service", "material": "Steel", "vintage_year": 1982, "diameter_in": 0.5, "coated": true, "s1_score": 0.534, "overall_pct": 0.86, "seg_level": "MODERATE", "like_pct": 0.86, "cons_pct": 0.503, "svc_down": 1, "fac_summary": "", "biz_50m": 8, "near_trans_seg": 0}}, {"type": "Feature", "geometry": {"type": "LineString", "coordinates": [[-82.98468693599358, 39.948747762804345], [-82.98467530679308, 39.94890522577134]]}, "properties": {"ticket_id": "DEMO-20260713-0006", "priority_level": "HIGH", "GLOBALID": "DEMO-SEG-005164", "kind": "service", "material": "MDPE", "vintage_year": 2009, "diameter_in": 0.75, "coated": false, "s1_score": 0.224, "overall_pct": 0.592, "seg_level": "LOW", "like_pct": 0.317, "cons_pct": 0.592, "svc_down": 1, "fac_summary": "", "biz_50m": 9, "near_trans_seg": 0}}, {"type": "Feature", "geometry": {"type": "LineString", "coordinates": [[-82.98493123094661, 39.948758449698374], [-82.98491970000327, 39.94891499998898]]}, "properties": {"ticket_id": "DEMO-20260713-0006", "priority_level": "HIGH", "GLOBALID": "DEMO-SEG-005146", "kind": "service", "material": "MDPE", "vintage_year": 2016, "diameter_in": 0.5, "coated": false, "s1_score": 0.2, "overall_pct": 0.592, "seg_level": "LOW", "like_pct": 0.211, "cons_pct": 0.592, "svc_down": 1, "fac_summary": "", "biz_50m": 9, "near_trans_seg": 0}}, {"type": "Feature", "geometry": {"type": "LineString", "coordinates": [[-82.98505407246583, 39.94876380942695], [-82.98504172586682, 39.948931437560574]]}, "properties": {"ticket_id": "DEMO-20260713-0006", "priority_level": "HIGH", "GLOBALID": "DEMO-SEG-005421", "kind": "service", "material": "MDPE", "vintage_year": 2000, "diameter_in": 1.0, "coated": false, "s1_score": 0.232, "overall_pct": 0.592, "seg_level": "LOW", "like_pct": 0.354, "cons_pct": 0.592, "svc_down": 1, "fac_summary": "", "biz_50m": 9, "near_trans_seg": 0}}, {"type": "Feature", "geometry": {"type": "LineString", "coordinates": [[-82.98457899947785, 39.9487430406889], [-82.98454891975021, 39.949150319726606]]}, "properties": {"ticket_id": "DEMO-20260713-0006", "priority_level": "HIGH", "GLOBALID": "DEMO-SEG-007520", "kind": "service", "material": "Steel", "vintage_year": 1986, "diameter_in": 1.25, "coated": true, "s1_score": 0.508, "overall_pct": 0.836, "seg_level": "MODERATE", "like_pct": 0.836, "cons_pct": 0.777, "svc_down": 1, "fac_summary": "", "biz_50m": 12, "near_trans_seg": 0}}, {"type": "Feature", "geometry": {"type": "LineString", "coordinates": [[-82.98471065520334, 39.94874880048266], [-82.98468116890191, 39.94914805496196]]}, "properties": {"ticket_id": "DEMO-20260713-0006", "priority_level": "HIGH", "GLOBALID": "DEMO-SEG-007524", "kind": "service", "material": "Steel", "vintage_year": 1992, "diameter_in": 0.75, "coated": true, "s1_score": 0.46, "overall_pct": 0.816, "seg_level": "MODERATE", "like_pct": 0.774, "cons_pct": 0.816, "svc_down": 1, "fac_summary": "", "biz_50m": 13, "near_trans_seg": 0}}, {"type": "Feature", "geometry": {"type": "LineString", "coordinates": [[-82.98483047072736, 39.948754042149446], [-82.9848015244566, 39.94914599374374]]}, "properties": {"ticket_id": "DEMO-20260713-0006", "priority_level": "HIGH", "GLOBALID": "DEMO-SEG-007543", "kind": "service", "material": "MDPE", "vintage_year": 2007, "diameter_in": 1.0, "coated": false, "s1_score": 0.185, "overall_pct": 0.816, "seg_level": "MODERATE", "like_pct": 0.151, "cons_pct": 0.816, "svc_down": 1, "fac_summary": "", "biz_50m": 13, "near_trans_seg": 0}}, {"type": "Feature", "geometry": {"type": "LineString", "coordinates": [[-82.98624819032372, 39.9488161620526], [-82.98626082078295, 39.9486422607106]]}, "properties": {"ticket_id": "DEMO-20260713-0006", "priority_level": "HIGH", "GLOBALID": "DEMO-SEG-005574", "kind": "service", "material": "MDPE", "vintage_year": 2009, "diameter_in": 0.5, "coated": false, "s1_score": 0.223, "overall_pct": 0.672, "seg_level": "LOW", "like_pct": 0.315, "cons_pct": 0.672, "svc_down": 1, "fac_summary": "", "biz_50m": 10, "near_trans_seg": 0}}, {"type": "Feature", "geometry": {"type": "LineString", "coordinates": [[-82.986375743792, 39.948821649819244], [-82.98638837658962, 39.94864771182227]]}, "properties": {"ticket_id": "DEMO-20260713-0006", "priority_level": "HIGH", "GLOBALID": "DEMO-SEG-005577", "kind": "service", "material": "Steel", "vintage_year": 1997, "diameter_in": 1.0, "coated": true, "s1_score": 0.45, "overall_pct": 0.764, "seg_level": "LOW", "like_pct": 0.764, "cons_pct": 0.672, "svc_down": 1, "fac_summary": "", "biz_50m": 10, "near_trans_seg": 0}}, {"type": "Feature", "geometry": {"type": "LineString", "coordinates": [[-82.98605063963036, 39.948807662497394], [-82.98601200000002, 39.948806], [-82.985769, 39.94879499999999]]}, "properties": {"ticket_id": "DEMO-20260713-0006", "priority_level": "HIGH", "GLOBALID": "DEMO-SEG-000260", "kind": "main", "material": "Steel", "vintage_year": 1977, "diameter_in": 8.0, "coated": true, "s1_score": 0.465, "overall_pct": 0.779, "seg_level": "LOW", "like_pct": 0.779, "cons_pct": 0.547, "svc_down": 0, "fac_summary": "", "biz_50m": 9, "near_trans_seg": 0}}, {"type": "Feature", "geometry": {"type": "LineString", "coordinates": [[-82.98633231977956, 39.948819781592356], [-82.98605063963036, 39.948807662497394]]}, "properties": {"ticket_id": "DEMO-20260713-0006", "priority_level": "HIGH", "GLOBALID": "DEMO-SEG-000259", "kind": "main", "material": "Steel", "vintage_year": 1981, "diameter_in": 4.0, "coated": true, "s1_score": 0.519, "overall_pct": 0.849, "seg_level": "MODERATE", "like_pct": 0.849, "cons_pct": 0.635, "svc_down": 0, "fac_summary": "", "biz_50m": 10, "near_trans_seg": 0}}, {"type": "Feature", "geometry": {"type": "LineString", "coordinates": [[-82.986614, 39.9488319], [-82.98633231977956, 39.948819781592356]]}, "properties": {"ticket_id": "DEMO-20260713-0006", "priority_level": "HIGH", "GLOBALID": "DEMO-SEG-000258", "kind": "main", "material": "Steel", "vintage_year": 1974, "diameter_in": 4.0, "coated": true, "s1_score": 0.639, "overall_pct": 0.884, "seg_level": "MODERATE", "like_pct": 0.884, "cons_pct": 0.547, "svc_down": 0, "fac_summary": "", "biz_50m": 9, "near_trans_seg": 0}}, {"type": "Feature", "geometry": {"type": "LineString", "coordinates": [[-82.9864077281321, 39.94882302586779], [-82.9863992380473, 39.94893992422746]]}, "properties": {"ticket_id": "DEMO-20260713-0006", "priority_level": "HIGH", "GLOBALID": "DEMO-SEG-004284", "kind": "service", "material": "MDPE", "vintage_year": 2021, "diameter_in": 1.0, "coated": false, "s1_score": 0.162, "overall_pct": 0.503, "seg_level": "LOW", "like_pct": 0.083, "cons_pct": 0.503, "svc_down": 1, "fac_summary": "", "biz_50m": 8, "near_trans_seg": 0}}, {"type": "Feature", "geometry": {"type": "LineString", "coordinates": [[-82.98610616911094, 39.9488100516698], [-82.98609382608666, 39.94897999002492]]}, "properties": {"ticket_id": "DEMO-20260713-0006", "priority_level": "HIGH", "GLOBALID": "DEMO-SEG-005481", "kind": "service", "material": "Steel", "vintage_year": 1988, "diameter_in": 1.0, "coated": true, "s1_score": 0.496, "overall_pct": 0.823, "seg_level": "MODERATE", "like_pct": 0.823, "cons_pct": 0.672, "svc_down": 1, "fac_summary": "", "biz_50m": 10, "near_trans_seg": 0}}, {"type": "Feature", "geometry": {"type": "LineString", "coordinates": [[-82.98662326069586, 39.94883235626657], [-82.98661352602582, 39.94894939719312]]}, "properties": {"ticket_id": "DEMO-20260713-0006", "priority_level": "HIGH", "GLOBALID": "DEMO-SEG-004288", "kind": "service", "material": "MDPE", "vintage_year": 2007, "diameter_in": 0.75, "coated": false, "s1_score": 0.235, "overall_pct": 0.503, "seg_level": "LOW", "like_pct": 0.37, "cons_pct": 0.503, "svc_down": 1, "fac_summary": "", "biz_50m": 8, "near_trans_seg": 0}}, {"type": "Feature", "geometry": {"type": "LineString", "coordinates": [[-82.98625235840544, 39.94881634137933], [-82.98623766916933, 39.94901858817538]]}, "properties": {"ticket_id": "DEMO-20260713-0006", "priority_level": "HIGH", "GLOBALID": "DEMO-SEG-006074", "kind": "service", "material": "MDPE", "vintage_year": 2014, "diameter_in": 0.75, "coated": false, "s1_score": 0.176, "overall_pct": 0.672, "seg_level": "LOW", "like_pct": 0.121, "cons_pct": 0.672, "svc_down": 1, "fac_summary": "", "biz_50m": 10, "near_trans_seg": 0}}, {"type": "Feature", "geometry": {"type": "LineString", "coordinates": [[-82.98592917337244, 39.948802250704226], [-82.98590434915118, 39.949127100862114]]}, "properties": {"ticket_id": "DEMO-20260713-0006", "priority_level": "HIGH", "GLOBALID": "DEMO-SEG-007554", "kind": "service", "material": "MDPE", "vintage_year": 2010, "diameter_in": 0.5, "coated": false, "s1_score": 0.191, "overall_pct": 0.816, "seg_level": "MODERATE", "like_pct": 0.176, "cons_pct": 0.816, "svc_down": 1, "fac_summary": "", "biz_50m": 13, "near_trans_seg": 0}}, {"type": "Feature", "geometry": {"type": "LineString", "coordinates": [[-82.98541788409261, 39.9487796822112], [-82.98540784258904, 39.94891602424589]]}, "properties": {"ticket_id": "DEMO-20260713-0006", "priority_level": "HIGH", "GLOBALID": "DEMO-SEG-004715", "kind": "service", "material": "Steel", "vintage_year": 1982, "diameter_in": 1.25, "coated": true, "s1_score": 0.497, "overall_pct": 0.824, "seg_level": "MODERATE", "like_pct": 0.824, "cons_pct": 0.592, "svc_down": 1, "fac_summary": "", "biz_50m": 9, "near_trans_seg": 0}}, {"type": "Feature", "geometry": {"type": "LineString", "coordinates": [[-82.98532046971883, 39.948775432219904], [-82.98530684267573, 39.948960454506896]]}, "properties": {"ticket_id": "DEMO-20260713-0006", "priority_level": "HIGH", "GLOBALID": "DEMO-SEG-005809", "kind": "service", "material": "Steel", "vintage_year": 1989, "diameter_in": 0.75, "coated": true, "s1_score": 0.501, "overall_pct": 0.828, "seg_level": "MODERATE", "like_pct": 0.828, "cons_pct": 0.592, "svc_down": 1, "fac_summary": "", "biz_50m": 9, "near_trans_seg": 0}}, {"type": "Feature", "geometry": {"type": "LineString", "coordinates": [[-82.98567060526625, 39.948790707537796], [-82.98565997575197, 39.94893504071135]]}, "properties": {"ticket_id": "DEMO-20260713-0006", "priority_level": "HIGH", "GLOBALID": "DEMO-SEG-004887", "kind": "service", "material": "Steel", "vintage_year": 1997, "diameter_in": 1.0, "coated": true, "s1_score": 0.427, "overall_pct": 0.749, "seg_level": "LOW", "like_pct": 0.749, "cons_pct": 0.592, "svc_down": 1, "fac_summary": "", "biz_50m": 9, "near_trans_seg": 0}}, {"type": "Feature", "geometry": {"type": "LineString", "coordinates": [[-82.98554583163666, 39.94878526417727], [-82.98553325000269, 39.94895609999283]]}, "properties": {"ticket_id": "DEMO-20260713-0006", "priority_level": "HIGH", "GLOBALID": "DEMO-SEG-005507", "kind": "service", "material": "MDPE", "vintage_year": 2004, "diameter_in": 1.25, "coated": false, "s1_score": 0.224, "overall_pct": 0.672, "seg_level": "LOW", "like_pct": 0.319, "cons_pct": 0.672, "svc_down": 1, "fac_summary": "", "biz_50m": 10, "near_trans_seg": 0}}, {"type": "Feature", "geometry": {"type": "LineString", "coordinates": [[-82.98579187586165, 39.94879603555475], [-82.98578101683297, 39.94893813352972]]}, "properties": {"ticket_id": "DEMO-20260713-0006", "priority_level": "HIGH", "GLOBALID": "DEMO-SEG-004829", "kind": "service", "material": "Steel", "vintage_year": 1972, "diameter_in": 1.0, "coated": true, "s1_score": 0.673, "overall_pct": 0.908, "seg_level": "MODERATE", "like_pct": 0.908, "cons_pct": 0.503, "svc_down": 1, "fac_summary": "", "biz_50m": 8, "near_trans_seg": 0}}, {"type": "Feature", "geometry": {"type": "LineString", "coordinates": [[-82.98588877128252, 39.948800421809544], [-82.98587618962031, 39.948965064655255]]}, "properties": {"ticket_id": "DEMO-20260713-0006", "priority_level": "HIGH", "GLOBALID": "DEMO-SEG-005347", "kind": "service", "material": "MDPE", "vintage_year": 2019, "diameter_in": 1.0, "coated": false, "s1_score": 0.184, "overall_pct": 0.672, "seg_level": "LOW", "like_pct": 0.147, "cons_pct": 0.672, "svc_down": 1, "fac_summary": "", "biz_50m": 10, "near_trans_seg": 0}}, {"type": "Feature", "geometry": {"type": "LineString", "coordinates": [[-82.98543599662233, 39.948780472414995], [-82.98541760986168, 39.94903012570005]]}, "properties": {"ticket_id": "DEMO-20260713-0006", "priority_level": "HIGH", "GLOBALID": "DEMO-SEG-006508", "kind": "service", "material": "Steel", "vintage_year": 1974, "diameter_in": 1.0, "coated": true, "s1_score": 0.671, "overall_pct": 0.907, "seg_level": "MODERATE", "like_pct": 0.907, "cons_pct": 0.592, "svc_down": 1, "fac_summary": "", "biz_50m": 9, "near_trans_seg": 0}}, {"type": "Feature", "geometry": {"type": "LineString", "coordinates": [[-82.98526277133821, 39.948772914917754], [-82.98523617867711, 39.94913397413784]]}, "properties": {"ticket_id": "DEMO-20260713-0006", "priority_level": "HIGH", "GLOBALID": "DEMO-SEG-007130", "kind": "service", "material": "MDPE", "vintage_year": 2008, "diameter_in": 1.25, "coated": false, "s1_score": 0.204, "overall_pct": 0.672, "seg_level": "LOW", "like_pct": 0.229, "cons_pct": 0.672, "svc_down": 1, "fac_summary": "", "biz_50m": 10, "near_trans_seg": 0}}, {"type": "Feature", "geometry": {"type": "LineString", "coordinates": [[-82.98564906289221, 39.94878976774227], [-82.98562386566054, 39.949131906920165]]}, "properties": {"ticket_id": "DEMO-20260713-0006", "priority_level": "HIGH", "GLOBALID": "DEMO-SEG-007133", "kind": "service", "material": "Steel", "vintage_year": 1972, "diameter_in": 1.25, "coated": true, "s1_score": 0.663, "overall_pct": 0.901, "seg_level": "MODERATE", "like_pct": 0.901, "cons_pct": 0.672, "svc_down": 1, "fac_summary": "", "biz_50m": 10, "near_trans_seg": 0}}, {"type": "Feature", "geometry": {"type": "LineString", "coordinates": [[-82.98532710116638, 39.94877572153909], [-82.98530045973023, 39.94913744760704]]}, "properties": {"ticket_id": "DEMO-20260713-0006", "priority_level": "HIGH", "GLOBALID": "DEMO-SEG-007518", "kind": "service", "material": "MDPE", "vintage_year": 2004, "diameter_in": 0.75, "coated": false, "s1_score": 0.227, "overall_pct": 0.777, "seg_level": "LOW", "like_pct": 0.33, "cons_pct": 0.777, "svc_down": 1, "fac_summary": "", "biz_50m": 12, "near_trans_seg": 0}}, {"type": "Feature", "geometry": {"type": "LineString", "coordinates": [[-82.98507049373823, 39.94876452589757], [-82.98504270112109, 39.94914186295773]]}, "properties": {"ticket_id": "DEMO-20260713-0006", "priority_level": "HIGH", "GLOBALID": "DEMO-SEG-007502", "kind": "service", "material": "Steel", "vintage_year": 1979, "diameter_in": 1.0, "coated": true, "s1_score": 0.513, "overall_pct": 0.843, "seg_level": "MODERATE", "like_pct": 0.843, "cons_pct": 0.816, "svc_down": 1, "fac_summary": "", "biz_50m": 13, "near_trans_seg": 0}}, {"type": "Feature", "geometry": {"type": "LineString", "coordinates": [[-82.98555297400934, 39.948785575773286], [-82.98552734577686, 39.94913356062214]]}, "properties": {"ticket_id": "DEMO-20260713-0006", "priority_level": "HIGH", "GLOBALID": "DEMO-SEG-007530", "kind": "service", "material": "Steel", "vintage_year": 1987, "diameter_in": 1.0, "coated": true, "s1_score": 0.491, "overall_pct": 0.816, "seg_level": "MODERATE", "like_pct": 0.816, "cons_pct": 0.777, "svc_down": 1, "fac_summary": "", "biz_50m": 12, "near_trans_seg": 0}}, {"type": "Feature", "geometry": {"type": "LineString", "coordinates": [[-82.98569426682211, 39.94879173977893], [-82.98566927234423, 39.94913112892702]]}, "properties": {"ticket_id": "DEMO-20260713-0006", "priority_level": "HIGH", "GLOBALID": "DEMO-SEG-007519", "kind": "service", "material": "MDPE", "vintage_year": 2015, "diameter_in": 0.5, "coated": false, "s1_score": 0.197, "overall_pct": 0.777, "seg_level": "LOW", "like_pct": 0.197, "cons_pct": 0.777, "svc_down": 1, "fac_summary": "", "biz_50m": 12, "near_trans_seg": 0}}, {"type": "Feature", "geometry": {"type": "LineString", "coordinates": [[-82.98582492692896, 39.94879753171722], [-82.98579960442926, 39.949128895732464]]}, "properties": {"ticket_id": "DEMO-20260713-0006", "priority_level": "HIGH", "GLOBALID": "DEMO-SEG-007532", "kind": "service", "material": "Steel", "vintage_year": 1984, "diameter_in": 0.75, "coated": true, "s1_score": 0.519, "overall_pct": 0.85, "seg_level": "MODERATE", "like_pct": 0.85, "cons_pct": 0.816, "svc_down": 1, "fac_summary": "", "biz_50m": 13, "near_trans_seg": 0}}, {"type": "Feature", "geometry": {"type": "LineString", "coordinates": [[-82.98838775015409, 39.946617750013765], [-82.98839959101144, 39.946475510363115]]}, "properties": {"ticket_id": "DEMO-20260713-0058", "priority_level": "HIGH", "GLOBALID": "DEMO-SEG-001269", "kind": "main", "material": "Steel", "vintage_year": 1954, "diameter_in": 4.0, "coated": false, "s1_score": 0.754, "overall_pct": 0.95, "seg_level": "MODERATE", "like_pct": 0.95, "cons_pct": 0.753, "svc_down": 0, "fac_summary": "", "biz_50m": 12, "near_trans_seg": 0}}, {"type": "Feature", "geometry": {"type": "LineString", "coordinates": [[-82.98839665538952, 39.94651077489825], [-82.98860958698661, 39.94652127553246]]}, "properties": {"ticket_id": "DEMO-20260713-0058", "priority_level": "HIGH", "GLOBALID": "DEMO-SEG-005327", "kind": "service", "material": "MDPE", "vintage_year": 1985, "diameter_in": 1.0, "coated": false, "s1_score": 0.338, "overall_pct": 0.777, "seg_level": "LOW", "like_pct": 0.741, "cons_pct": 0.777, "svc_down": 1, "fac_summary": "", "biz_50m": 12, "near_trans_seg": 0}}, {"type": "Feature", "geometry": {"type": "LineString", "coordinates": [[-82.98839509044261, 39.94652957401254], [-82.98819860958034, 39.94651988429017]]}, "properties": {"ticket_id": "DEMO-20260713-0058", "priority_level": "HIGH", "GLOBALID": "DEMO-SEG-005325", "kind": "service", "material": "MDPE", "vintage_year": 1985, "diameter_in": 1.0, "coated": false, "s1_score": 0.312, "overall_pct": 0.777, "seg_level": "LOW", "like_pct": 0.705, "cons_pct": 0.777, "svc_down": 1, "fac_summary": "", "biz_50m": 12, "near_trans_seg": 0}}, {"type": "Feature", "geometry": {"type": "LineString", "coordinates": [[-82.98838887632873, 39.94660422173156], [-82.98820078329928, 39.946594945678626]]}, "properties": {"ticket_id": "DEMO-20260713-0058", "priority_level": "HIGH", "GLOBALID": "DEMO-SEG-005202", "kind": "service", "material": "MDPE", "vintage_year": 1985, "diameter_in": 1.0, "coated": false, "s1_score": 0.315, "overall_pct": 0.777, "seg_level": "LOW", "like_pct": 0.714, "cons_pct": 0.777, "svc_down": 1, "fac_summary": "", "biz_50m": 12, "near_trans_seg": 0}}, {"type": "Feature", "geometry": {"type": "LineString", "coordinates": [[-82.98897136065168, 39.94646663814662], [-82.98895935532698, 39.946465904917495]]}, "properties": {"ticket_id": "DEMO-20260713-0058", "priority_level": "HIGH", "GLOBALID": "DEMO-SEG-003554", "kind": "service", "material": "MDPE", "vintage_year": 2001, "diameter_in": 1.0, "coated": false, "s1_score": 0.239, "overall_pct": 0.777, "seg_level": "LOW", "like_pct": 0.387, "cons_pct": 0.777, "svc_down": 1, "fac_summary": "", "biz_50m": 12, "near_trans_seg": 0}}, {"type": "Feature", "geometry": {"type": "LineString", "coordinates": [[-82.98895304676076, 39.946644276330616], [-82.98897145765841, 39.94646569721399]]}, "properties": {"ticket_id": "DEMO-20260713-0058", "priority_level": "HIGH", "GLOBALID": "DEMO-SEG-003261", "kind": "main", "material": "MDPE", "vintage_year": 2000, "diameter_in": 6.0, "coated": false, "s1_score": 0.191, "overall_pct": 0.971, "seg_level": "HIGH", "like_pct": 0.175, "cons_pct": 0.971, "svc_down": 11, "fac_summary": "", "biz_50m": 14, "near_trans_seg": 0}}, {"type": "Feature", "geometry": {"type": "LineString", "coordinates": [[-82.9889639340337, 39.9465386737709], [-82.98885518566856, 39.94653203188576]]}, "properties": {"ticket_id": "DEMO-20260713-0058", "priority_level": "HIGH", "GLOBALID": "DEMO-SEG-003786", "kind": "service", "material": "MDPE", "vintage_year": 2004, "diameter_in": 0.75, "coated": false, "s1_score": 0.24, "overall_pct": 0.73, "seg_level": "LOW", "like_pct": 0.391, "cons_pct": 0.73, "svc_down": 1, "fac_summary": "", "biz_50m": 11, "near_trans_seg": 0}}, {"type": "Feature", "geometry": {"type": "LineString", "coordinates": [[-82.98896463547345, 39.946531870053384], [-82.98921493866918, 39.946547157109165]]}, "properties": {"ticket_id": "DEMO-20260713-0058", "priority_level": "HIGH", "GLOBALID": "DEMO-SEG-006932", "kind": "service", "material": "MDPE", "vintage_year": 2000, "diameter_in": 1.0, "coated": false, "s1_score": 0.258, "overall_pct": 0.862, "seg_level": "MODERATE", "like_pct": 0.48, "cons_pct": 0.862, "svc_down": 1, "fac_summary": "", "biz_50m": 15, "near_trans_seg": 0}}, {"type": "Feature", "geometry": {"type": "LineString", "coordinates": [[-82.98895363208362, 39.946638598919876], [-82.98886287414024, 39.94663305582322]]}, "properties": {"ticket_id": "DEMO-20260713-0058", "priority_level": "HIGH", "GLOBALID": "DEMO-SEG-003578", "kind": "service", "material": "MDPE", "vintage_year": 2001, "diameter_in": 0.75, "coated": false, "s1_score": 0.252, "overall_pct": 0.672, "seg_level": "LOW", "like_pct": 0.452, "cons_pct": 0.672, "svc_down": 1, "fac_summary": "", "biz_50m": 10, "near_trans_seg": 0}}, {"type": "Feature", "geometry": {"type": "LineString", "coordinates": [[-82.98894464513883, 39.946725768806594], [-82.98900993680702, 39.94672975648827]]}, "properties": {"ticket_id": "DEMO-20260713-0058", "priority_level": "HIGH", "GLOBALID": "DEMO-SEG-003476", "kind": "service", "material": "MDPE", "vintage_year": 1985, "diameter_in": 0.75, "coated": false, "s1_score": 0.295, "overall_pct": 0.672, "seg_level": "LOW", "like_pct": 0.65, "cons_pct": 0.672, "svc_down": 1, "fac_summary": "", "biz_50m": 10, "near_trans_seg": 0}}, {"type": "Feature", "geometry": {"type": "LineString", "coordinates": [[-82.98894256451905, 39.946745949987815], [-82.9890932000056, 39.94675514997667]]}, "properties": {"ticket_id": "DEMO-20260713-0058", "priority_level": "HIGH", "GLOBALID": "DEMO-SEG-004268", "kind": "service", "material": "MDPE", "vintage_year": 1985, "diameter_in": 0.5, "coated": false, "s1_score": 0.36, "overall_pct": 0.777, "seg_level": "LOW", "like_pct": 0.744, "cons_pct": 0.777, "svc_down": 1, "fac_summary": "", "biz_50m": 12, "near_trans_seg": 0}}, {"type": "Feature", "geometry": {"type": "LineString", "coordinates": [[-82.9889286, 39.94688140000002], [-82.98895304676076, 39.946644276330616]]}, "properties": {"ticket_id": "DEMO-20260713-0058", "priority_level": "HIGH", "GLOBALID": "DEMO-SEG-003260", "kind": "main", "material": "Steel", "vintage_year": 1979, "diameter_in": 6.0, "coated": true, "s1_score": 0.489, "overall_pct": 0.979, "seg_level": "HIGH", "like_pct": 0.813, "cons_pct": 0.979, "svc_down": 18, "fac_summary": "", "biz_50m": 14, "near_trans_seg": 0}}, {"type": "Feature", "geometry": {"type": "LineString", "coordinates": [[-82.98918282261681, 39.94689329719569], [-82.98919252313672, 39.94677049899089]]}, "properties": {"ticket_id": "DEMO-20260713-0058", "priority_level": "HIGH", "GLOBALID": "DEMO-SEG-004415", "kind": "service", "material": "MDPE", "vintage_year": 1999, "diameter_in": 0.5, "coated": false, "s1_score": 0.252, "overall_pct": 0.777, "seg_level": "LOW", "like_pct": 0.45, "cons_pct": 0.777, "svc_down": 1, "fac_summary": "", "biz_50m": 12, "near_trans_seg": 0}}, {"type": "Feature", "geometry": {"type": "LineString", "coordinates": [[-82.9889286, 39.94688140000002], [-82.988792, 39.946875000000006], [-82.98864829825777, 39.94686822179142]]}, "properties": {"ticket_id": "DEMO-20260713-0058", "priority_level": "HIGH", "GLOBALID": "DEMO-SEG-002274", "kind": "main", "material": "MDPE", "vintage_year": 1989, "diameter_in": 6.0, "coated": false, "s1_score": 0.247, "overall_pct": 0.753, "seg_level": "LOW", "like_pct": 0.424, "cons_pct": 0.753, "svc_down": 0, "fac_summary": "", "biz_50m": 12, "near_trans_seg": 0}}, {"type": "Feature", "geometry": {"type": "LineString", "coordinates": [[-82.9889286, 39.94688140000002], [-82.9892250250439, 39.94689527214459]]}, "properties": {"ticket_id": "DEMO-20260713-0058", "priority_level": "HIGH", "GLOBALID": "DEMO-SEG-002201", "kind": "main", "material": "MDPE", "vintage_year": 1999, "diameter_in": 6.0, "coated": false, "s1_score": 0.232, "overall_pct": 0.984, "seg_level": "HIGH", "like_pct": 0.351, "cons_pct": 0.984, "svc_down": 20, "fac_summary": "", "biz_50m": 14, "near_trans_seg": 0}}, {"type": "Feature", "geometry": {"type": "LineString", "coordinates": [[-82.98919652753726, 39.946893938547184], [-82.98918525000653, 39.94703669997235]]}, "properties": {"ticket_id": "DEMO-20260713-0058", "priority_level": "HIGH", "GLOBALID": "DEMO-SEG-004849", "kind": "service", "material": "MDPE", "vintage_year": 2001, "diameter_in": 1.0, "coated": false, "s1_score": 0.23, "overall_pct": 0.777, "seg_level": "LOW", "like_pct": 0.345, "cons_pct": 0.777, "svc_down": 1, "fac_summary": "", "biz_50m": 12, "near_trans_seg": 0}}, {"type": "Feature", "geometry": {"type": "LineString", "coordinates": [[-82.98891143340754, 39.94707450000624], [-82.9889286, 39.94688140000002]]}, "properties": {"ticket_id": "DEMO-20260713-0058", "priority_level": "HIGH", "GLOBALID": "DEMO-SEG-003266", "kind": "main", "material": "MDPE", "vintage_year": 1987, "diameter_in": 6.0, "coated": false, "s1_score": 0.275, "overall_pct": 0.8, "seg_level": "MODERATE", "like_pct": 0.565, "cons_pct": 0.8, "svc_down": 0, "fac_summary": "", "biz_50m": 13, "near_trans_seg": 0}}, {"type": "Feature", "geometry": {"type": "LineString", "coordinates": [[-82.98891863769241, 39.9469934620426], [-82.98903981748157, 39.946999843841006]]}, "properties": {"ticket_id": "DEMO-20260713-0058", "priority_level": "HIGH", "GLOBALID": "DEMO-SEG-003934", "kind": "service", "material": "MDPE", "vintage_year": 1991, "diameter_in": 1.0, "coated": false, "s1_score": 0.264, "overall_pct": 0.777, "seg_level": "LOW", "like_pct": 0.509, "cons_pct": 0.777, "svc_down": 1, "fac_summary": "", "biz_50m": 12, "near_trans_seg": 0}}, {"type": "Feature", "geometry": {"type": "LineString", "coordinates": [[-82.98891724952891, 39.947009076920104], [-82.9888013511715, 39.94700297314312]]}, "properties": {"ticket_id": "DEMO-20260713-0058", "priority_level": "HIGH", "GLOBALID": "DEMO-SEG-003873", "kind": "service", "material": "MDPE", "vintage_year": 1986, "diameter_in": 1.0, "coated": false, "s1_score": 0.342, "overall_pct": 0.743, "seg_level": "LOW", "like_pct": 0.743, "cons_pct": 0.672, "svc_down": 1, "fac_summary": "", "biz_50m": 10, "near_trans_seg": 0}}, {"type": "Feature", "geometry": {"type": "LineString", "coordinates": [[-82.9889055686966, 39.947140469558], [-82.9888216500007, 39.94713605000286]]}, "properties": {"ticket_id": "DEMO-20260713-0058", "priority_level": "HIGH", "GLOBALID": "DEMO-SEG-003534", "kind": "service", "material": "MDPE", "vintage_year": 1994, "diameter_in": 1.0, "coated": false, "s1_score": 0.243, "overall_pct": 0.672, "seg_level": "LOW", "like_pct": 0.405, "cons_pct": 0.672, "svc_down": 1, "fac_summary": "", "biz_50m": 10, "near_trans_seg": 0}}, {"type": "Feature", "geometry": {"type": "LineString", "coordinates": [[-82.98890436019158, 39.94715406348685], [-82.98916045000001, 39.94716755000507]]}, "properties": {"ticket_id": "DEMO-20260713-0058", "priority_level": "HIGH", "GLOBALID": "DEMO-SEG-005985", "kind": "service", "material": "MDPE", "vintage_year": 1993, "diameter_in": 1.0, "coated": false, "s1_score": 0.318, "overall_pct": 0.816, "seg_level": "MODERATE", "like_pct": 0.718, "cons_pct": 0.816, "svc_down": 1, "fac_summary": "", "biz_50m": 13, "near_trans_seg": 0}}, {"type": "Feature", "geometry": {"type": "LineString", "coordinates": [[-82.98889595284807, 39.94724863379311], [-82.98891143340754, 39.94707450000624]]}, "properties": {"ticket_id": "DEMO-20260713-0058", "priority_level": "HIGH", "GLOBALID": "DEMO-SEG-003265", "kind": "main", "material": "MDPE", "vintage_year": 1992, "diameter_in": 4.0, "coated": false, "s1_score": 0.286, "overall_pct": 0.753, "seg_level": "LOW", "like_pct": 0.611, "cons_pct": 0.753, "svc_down": 0, "fac_summary": "", "biz_50m": 12, "near_trans_seg": 0}}, {"type": "Feature", "geometry": {"type": "LineString", "coordinates": [[-82.9889000858007, 39.94720214415177], [-82.9891442000001, 39.94721500000415]]}, "properties": {"ticket_id": "DEMO-20260713-0058", "priority_level": "HIGH", "GLOBALID": "DEMO-SEG-005862", "kind": "service", "material": "MDPE", "vintage_year": 1991, "diameter_in": 0.5, "coated": false, "s1_score": 0.297, "overall_pct": 0.777, "seg_level": "LOW", "like_pct": 0.657, "cons_pct": 0.777, "svc_down": 1, "fac_summary": "", "biz_50m": 12, "near_trans_seg": 0}}, {"type": "Feature", "geometry": {"type": "LineString", "coordinates": [[-82.9888981172498, 39.94722428746132], [-82.988821326212, 39.94722024328708]]}, "properties": {"ticket_id": "DEMO-20260713-0058", "priority_level": "HIGH", "GLOBALID": "DEMO-SEG-003499", "kind": "service", "material": "MDPE", "vintage_year": 1991, "diameter_in": 0.75, "coated": false, "s1_score": 0.269, "overall_pct": 0.592, "seg_level": "LOW", "like_pct": 0.533, "cons_pct": 0.592, "svc_down": 1, "fac_summary": "", "biz_50m": 9, "near_trans_seg": 0}}, {"type": "Feature", "geometry": {"type": "LineString", "coordinates": [[-82.98889854349595, 39.947219492818526], [-82.98899113602883, 39.9472243691049]]}, "properties": {"ticket_id": "DEMO-20260713-0058", "priority_level": "HIGH", "GLOBALID": "DEMO-SEG-003595", "kind": "service", "material": "MDPE", "vintage_year": 1995, "diameter_in": 0.5, "coated": false, "s1_score": 0.284, "overall_pct": 0.672, "seg_level": "LOW", "like_pct": 0.603, "cons_pct": 0.672, "svc_down": 1, "fac_summary": "", "biz_50m": 10, "near_trans_seg": 0}}, {"type": "Feature", "geometry": {"type": "LineString", "coordinates": [[-82.98838836252062, 39.94661039390173], [-82.98859734999793, 39.94662070002931]]}, "properties": {"ticket_id": "DEMO-20260713-0058", "priority_level": "HIGH", "GLOBALID": "DEMO-SEG-005249", "kind": "service", "material": "MDPE", "vintage_year": 1985, "diameter_in": 1.0, "coated": false, "s1_score": 0.338, "overall_pct": 0.741, "seg_level": "LOW", "like_pct": 0.741, "cons_pct": 0.73, "svc_down": 1, "fac_summary": "", "biz_50m": 11, "near_trans_seg": 0}}, {"type": "Feature", "geometry": {"type": "LineString", "coordinates": [[-82.98838129003539, 39.94669535273859], [-82.98820343701766, 39.946686581699005]]}, "properties": {"ticket_id": "DEMO-20260713-0058", "priority_level": "HIGH", "GLOBALID": "DEMO-SEG-004989", "kind": "service", "material": "MDPE", "vintage_year": 1990, "diameter_in": 0.5, "coated": false, "s1_score": 0.311, "overall_pct": 0.73, "seg_level": "LOW", "like_pct": 0.701, "cons_pct": 0.73, "svc_down": 1, "fac_summary": "", "biz_50m": 11, "near_trans_seg": 0}}, {"type": "Feature", "geometry": {"type": "LineString", "coordinates": [[-82.98838215434645, 39.94668497013615], [-82.9885801564283, 39.94669473452776]]}, "properties": {"ticket_id": "DEMO-20260713-0058", "priority_level": "HIGH", "GLOBALID": "DEMO-SEG-005042", "kind": "service", "material": "MDPE", "vintage_year": 1985, "diameter_in": 1.25, "coated": false, "s1_score": 0.34, "overall_pct": 0.742, "seg_level": "LOW", "like_pct": 0.742, "cons_pct": 0.73, "svc_down": 1, "fac_summary": "", "biz_50m": 11, "near_trans_seg": 0}}, {"type": "Feature", "geometry": {"type": "LineString", "coordinates": [[-82.988368, 39.946855], [-82.98838775015409, 39.946617750013765]]}, "properties": {"ticket_id": "DEMO-20260713-0058", "priority_level": "HIGH", "GLOBALID": "DEMO-SEG-001268", "kind": "main", "material": "MDPE", "vintage_year": 1985, "diameter_in": 4.0, "coated": false, "s1_score": 0.286, "overall_pct": 0.753, "seg_level": "LOW", "like_pct": 0.613, "cons_pct": 0.753, "svc_down": 0, "fac_summary": "", "biz_50m": 12, "near_trans_seg": 0}}, {"type": "Feature", "geometry": {"type": "LineString", "coordinates": [[-82.98856621589672, 39.94686435000143], [-82.9885722940502, 39.94678801499986]]}, "properties": {"ticket_id": "DEMO-20260713-0058", "priority_level": "HIGH", "GLOBALID": "DEMO-SEG-003675", "kind": "service", "material": "MDPE", "vintage_year": 1988, "diameter_in": 0.5, "coated": false, "s1_score": 0.308, "overall_pct": 0.694, "seg_level": "LOW", "like_pct": 0.694, "cons_pct": 0.592, "svc_down": 1, "fac_summary": "", "biz_50m": 9, "near_trans_seg": 0}}, {"type": "Feature", "geometry": {"type": "LineString", "coordinates": [[-82.98820808117368, 39.94684694886125], [-82.988368, 39.946855]]}, "properties": {"ticket_id": "DEMO-20260713-0058", "priority_level": "HIGH", "GLOBALID": "DEMO-SEG-002273", "kind": "main", "material": "MDPE", "vintage_year": 1998, "diameter_in": 4.0, "coated": false, "s1_score": 0.225, "overall_pct": 0.8, "seg_level": "MODERATE", "like_pct": 0.321, "cons_pct": 0.8, "svc_down": 0, "fac_summary": "", "biz_50m": 13, "near_trans_seg": 0}}, {"type": "Feature", "geometry": {"type": "LineString", "coordinates": [[-82.98864829825777, 39.94686822179142], [-82.988368, 39.946855]]}, "properties": {"ticket_id": "DEMO-20260713-0058", "priority_level": "HIGH", "GLOBALID": "DEMO-SEG-002275", "kind": "main", "material": "MDPE", "vintage_year": 1985, "diameter_in": 3.0, "coated": false, "s1_score": 0.313, "overall_pct": 0.753, "seg_level": "LOW", "like_pct": 0.71, "cons_pct": 0.753, "svc_down": 0, "fac_summary": "", "biz_50m": 12, "near_trans_seg": 0}}, {"type": "Feature", "geometry": {"type": "LineString", "coordinates": [[-82.98856916221244, 39.9468644889789], [-82.98855827372978, 39.94700123624397]]}, "properties": {"ticket_id": "DEMO-20260713-0058", "priority_level": "HIGH", "GLOBALID": "DEMO-SEG-004723", "kind": "service", "material": "MDPE", "vintage_year": 1988, "diameter_in": 1.25, "coated": false, "s1_score": 0.32, "overall_pct": 0.722, "seg_level": "LOW", "like_pct": 0.722, "cons_pct": 0.672, "svc_down": 1, "fac_summary": "", "biz_50m": 10, "near_trans_seg": 0}}, {"type": "Feature", "geometry": {"type": "LineString", "coordinates": [[-82.98835933335967, 39.947049333338924], [-82.988368, 39.946855]]}, "properties": {"ticket_id": "DEMO-20260713-0058", "priority_level": "HIGH", "GLOBALID": "DEMO-SEG-002269", "kind": "main", "material": "MDPE", "vintage_year": 1985, "diameter_in": 2.0, "coated": false, "s1_score": 0.306, "overall_pct": 0.707, "seg_level": "LOW", "like_pct": 0.688, "cons_pct": 0.707, "svc_down": 0, "fac_summary": "", "biz_50m": 11, "near_trans_seg": 0}}, {"type": "Feature", "geometry": {"type": "LineString", "coordinates": [[-82.9883596517659, 39.94704219367977], [-82.98821362369208, 39.94703833565069]]}, "properties": {"ticket_id": "DEMO-20260713-0058", "priority_level": "HIGH", "GLOBALID": "DEMO-SEG-005122", "kind": "service", "material": "MDPE", "vintage_year": 1991, "diameter_in": 1.0, "coated": false, "s1_score": 0.262, "overall_pct": 0.777, "seg_level": "LOW", "like_pct": 0.495, "cons_pct": 0.777, "svc_down": 1, "fac_summary": "", "biz_50m": 12, "near_trans_seg": 0}}, {"type": "Feature", "geometry": {"type": "LineString", "coordinates": [[-82.98835624538013, 39.94711857540974], [-82.9882158400069, 39.947114865938445]]}, "properties": {"ticket_id": "DEMO-20260713-0058", "priority_level": "HIGH", "GLOBALID": "DEMO-SEG-005343", "kind": "service", "material": "MDPE", "vintage_year": 1990, "diameter_in": 0.75, "coated": false, "s1_score": 0.283, "overall_pct": 0.777, "seg_level": "LOW", "like_pct": 0.6, "cons_pct": 0.777, "svc_down": 1, "fac_summary": "", "biz_50m": 12, "near_trans_seg": 0}}, {"type": "Feature", "geometry": {"type": "LineString", "coordinates": [[-82.988355771771, 39.94712919518748], [-82.98856717685247, 39.94713478012859]]}, "properties": {"ticket_id": "DEMO-20260713-0058", "priority_level": "HIGH", "GLOBALID": "DEMO-SEG-005294", "kind": "service", "material": "MDPE", "vintage_year": 1991, "diameter_in": 1.0, "coated": false, "s1_score": 0.306, "overall_pct": 0.73, "seg_level": "LOW", "like_pct": 0.686, "cons_pct": 0.73, "svc_down": 1, "fac_summary": "", "biz_50m": 11, "near_trans_seg": 0}}, {"type": "Feature", "geometry": {"type": "LineString", "coordinates": [[-82.988350666693, 39.94724366667224], [-82.98835933335967, 39.947049333338924]]}, "properties": {"ticket_id": "DEMO-20260713-0058", "priority_level": "HIGH", "GLOBALID": "DEMO-SEG-002268", "kind": "main", "material": "MDPE", "vintage_year": 1985, "diameter_in": 3.0, "coated": false, "s1_score": 0.292, "overall_pct": 0.707, "seg_level": "LOW", "like_pct": 0.635, "cons_pct": 0.707, "svc_down": 0, "fac_summary": "", "biz_50m": 11, "near_trans_seg": 0}}, {"type": "Feature", "geometry": {"type": "LineString", "coordinates": [[-82.98835220542338, 39.94720916364571], [-82.98821846855292, 39.94720563036267]]}, "properties": {"ticket_id": "DEMO-20260713-0058", "priority_level": "HIGH", "GLOBALID": "DEMO-SEG-005551", "kind": "service", "material": "MDPE", "vintage_year": 1990, "diameter_in": 0.5, "coated": false, "s1_score": 0.291, "overall_pct": 0.777, "seg_level": "LOW", "like_pct": 0.631, "cons_pct": 0.777, "svc_down": 1, "fac_summary": "", "biz_50m": 12, "near_trans_seg": 0}}, {"type": "Feature", "geometry": {"type": "LineString", "coordinates": [[-82.98835203122572, 39.94721306968931], [-82.9885533903436, 39.94721838923685]]}, "properties": {"ticket_id": "DEMO-20260713-0058", "priority_level": "HIGH", "GLOBALID": "DEMO-SEG-005102", "kind": "service", "material": "MDPE", "vintage_year": 1985, "diameter_in": 0.5, "coated": false, "s1_score": 0.31, "overall_pct": 0.73, "seg_level": "LOW", "like_pct": 0.698, "cons_pct": 0.73, "svc_down": 1, "fac_summary": "", "biz_50m": 11, "near_trans_seg": 0}}, {"type": "Feature", "geometry": {"type": "LineString", "coordinates": [[-82.98835002740088, 39.94725800154495], [-82.988350666693, 39.94724366667224]]}, "properties": {"ticket_id": "DEMO-20260713-0058", "priority_level": "HIGH", "GLOBALID": "DEMO-SEG-002267", "kind": "main", "material": "MDPE", "vintage_year": 1995, "diameter_in": 2.0, "coated": false, "s1_score": 0.272, "overall_pct": 0.753, "seg_level": "LOW", "like_pct": 0.55, "cons_pct": 0.753, "svc_down": 0, "fac_summary": "", "biz_50m": 12, "near_trans_seg": 0}}, {"type": "Feature", "geometry": {"type": "LineString", "coordinates": [[-83.00021063720575, 39.94621495780867], [-83.0001943, 39.9461313], [-83.00017169071148, 39.94601535358537]]}, "properties": {"ticket_id": "DEMO-20260713-0051", "priority_level": "HIGH", "GLOBALID": "DEMO-SEG-002692", "kind": "main", "material": "MDPE", "vintage_year": 1985, "diameter_in": 3.0, "coated": false, "s1_score": 0.278, "overall_pct": 0.978, "seg_level": "HIGH", "like_pct": 0.577, "cons_pct": 0.978, "svc_down": 15, "fac_summary": "1 daycare center", "biz_50m": 4, "near_trans_seg": 0}}, {"type": "Feature", "geometry": {"type": "LineString", "coordinates": [[-83.00012484961648, 39.94577513865097], [-83.00008825436875, 39.945587466122326]]}, "properties": {"ticket_id": "DEMO-20260713-0051", "priority_level": "HIGH", "GLOBALID": "DEMO-SEG-002694", "kind": "main", "material": "MDPE", "vintage_year": 1995, "diameter_in": 2.0, "coated": false, "s1_score": 0.245, "overall_pct": 0.87, "seg_level": "MODERATE", "like_pct": 0.414, "cons_pct": 0.87, "svc_down": 11, "fac_summary": "", "biz_50m": 4, "near_trans_seg": 0}}, {"type": "Feature", "geometry": {"type": "LineString", "coordinates": [[-83.00011650981313, 39.94573236948398], [-82.99994070340536, 39.94575267845279]]}, "properties": {"ticket_id": "DEMO-20260713-0051", "priority_level": "HIGH", "GLOBALID": "DEMO-SEG-004720", "kind": "service", "material": "MDPE", "vintage_year": 1995, "diameter_in": 0.5, "coated": false, "s1_score": 0.234, "overall_pct": 0.365, "seg_level": "LOW", "like_pct": 0.365, "cons_pct": 0.333, "svc_down": 1, "fac_summary": "", "biz_50m": 4, "near_trans_seg": 0}}, {"type": "Feature", "geometry": {"type": "LineString", "coordinates": [[-83.00013273242067, 39.94581556412559], [-82.99995992949586, 39.94583552614315]]}, "properties": {"ticket_id": "DEMO-20260713-0051", "priority_level": "HIGH", "GLOBALID": "DEMO-SEG-004666", "kind": "service", "material": "MDPE", "vintage_year": 1985, "diameter_in": 1.25, "coated": false, "s1_score": 0.293, "overall_pct": 0.64, "seg_level": "LOW", "like_pct": 0.64, "cons_pct": 0.333, "svc_down": 1, "fac_summary": "", "biz_50m": 4, "near_trans_seg": 0}}, {"type": "Feature", "geometry": {"type": "LineString", "coordinates": [[-83.00017169071148, 39.94601535358537], [-83.00012484961648, 39.94577513865097]]}, "properties": {"ticket_id": "DEMO-20260713-0051", "priority_level": "HIGH", "GLOBALID": "DEMO-SEG-002693", "kind": "main", "material": "MDPE", "vintage_year": 1985, "diameter_in": 4.0, "coated": false, "s1_score": 0.248, "overall_pct": 0.977, "seg_level": "HIGH", "like_pct": 0.433, "cons_pct": 0.977, "svc_down": 13, "fac_summary": "1 daycare center", "biz_50m": 4, "near_trans_seg": 0}}, {"type": "Feature", "geometry": {"type": "LineString", "coordinates": [[-83.00015572316909, 39.9459334675367], [-83.00002908718785, 39.945948096428076]]}, "properties": {"ticket_id": "DEMO-20260713-0051", "priority_level": "HIGH", "GLOBALID": "DEMO-SEG-003993", "kind": "service", "material": "MDPE", "vintage_year": 1986, "diameter_in": 1.25, "coated": false, "s1_score": 0.317, "overall_pct": 0.717, "seg_level": "LOW", "like_pct": 0.717, "cons_pct": 0.333, "svc_down": 1, "fac_summary": "", "biz_50m": 4, "near_trans_seg": 0}}, {"type": "Feature", "geometry": {"type": "LineString", "coordinates": [[-83.00019737889319, 39.94614706608313], [-82.99998381362084, 39.9461717733142]]}, "properties": {"ticket_id": "DEMO-20260713-0051", "priority_level": "HIGH", "GLOBALID": "DEMO-SEG-005376", "kind": "service", "material": "MDPE", "vintage_year": 1985, "diameter_in": 0.75, "coated": false, "s1_score": 0.309, "overall_pct": 0.696, "seg_level": "LOW", "like_pct": 0.696, "cons_pct": 0.333, "svc_down": 1, "fac_summary": "", "biz_50m": 4, "near_trans_seg": 0}}, {"type": "Feature", "geometry": {"type": "LineString", "coordinates": [[-82.99713502571024, 39.947926870785764], [-82.99712833826229, 39.94789272263925]]}, "properties": {"ticket_id": "DEMO-20260713-0007", "priority_level": "HIGH", "GLOBALID": "DEMO-SEG-003693", "kind": "service", "material": "MDPE", "vintage_year": 1989, "diameter_in": 1.0, "coated": false, "s1_score": 0.298, "overall_pct": 0.659, "seg_level": "LOW", "like_pct": 0.659, "cons_pct": 0.436, "svc_down": 1, "fac_summary": "", "biz_50m": 7, "near_trans_seg": 0}}, {"type": "Feature", "geometry": {"type": "LineString", "coordinates": [[-82.9965988557281, 39.95919902895604], [-82.9964824, 39.9592124], [-82.99645490905893, 39.959215542815016]]}, "properties": {"ticket_id": "DEMO-20260713-0022", "priority_level": "MODERATE", "GLOBALID": "DEMO-SEG-002788", "kind": "main", "material": "Cast Iron", "vintage_year": 1908, "diameter_in": 12.0, "coated": false, "s1_score": 0.847, "overall_pct": 0.961, "seg_level": "HIGH", "like_pct": 0.961, "cons_pct": 0.173, "svc_down": 1, "fac_summary": "", "biz_50m": 0, "near_trans_seg": 0}}, {"type": "Feature", "geometry": {"type": "LineString", "coordinates": [[-82.99645490905893, 39.959215542815016], [-82.9964028, 39.9592215], [-82.996291, 39.9592343], [-82.996166197934, 39.959248652470194]]}, "properties": {"ticket_id": "DEMO-20260713-0022", "priority_level": "MODERATE", "GLOBALID": "DEMO-SEG-002789", "kind": "main", "material": "Cast Iron", "vintage_year": 1907, "diameter_in": 6.0, "coated": false, "s1_score": 0.892, "overall_pct": 0.982, "seg_level": "HIGH", "like_pct": 0.982, "cons_pct": 0.227, "svc_down": 1, "fac_summary": "", "biz_50m": 1, "near_trans_seg": 0}}, {"type": "Feature", "geometry": {"type": "LineString", "coordinates": [[-82.9955388611374, 39.95905593254667], [-82.99554602718017, 39.95909311925202]]}, "properties": {"ticket_id": "DEMO-20260713-0022", "priority_level": "MODERATE", "GLOBALID": "DEMO-SEG-000406", "kind": "main", "material": "Cast Iron", "vintage_year": 1905, "diameter_in": 4.0, "coated": false, "s1_score": 0.907, "overall_pct": 0.99, "seg_level": "HIGH", "like_pct": 0.99, "cons_pct": 0.042, "svc_down": 0, "fac_summary": "", "biz_50m": 0, "near_trans_seg": 0}}, {"type": "Feature", "geometry": {"type": "LineString", "coordinates": [[-82.99590788187425, 39.95927835885425], [-82.99586209168007, 39.95904256189044]]}, "properties": {"ticket_id": "DEMO-20260713-0022", "priority_level": "MODERATE", "GLOBALID": "DEMO-SEG-006387", "kind": "service", "material": "MDPE", "vintage_year": 2021, "diameter_in": 1.0, "coated": false, "s1_score": 0.129, "overall_pct": 0.2, "seg_level": "LOW", "like_pct": 0.018, "cons_pct": 0.2, "svc_down": 1, "fac_summary": "", "biz_50m": 1, "near_trans_seg": 0}}, {"type": "Feature", "geometry": {"type": "LineString", "coordinates": [[-82.99554602718017, 39.95909311925202], [-82.9955477, 39.95910179999999], [-82.9955662, 39.95919769999998], [-82.9955888, 39.95931499999999]]}, "properties": {"ticket_id": "DEMO-20260713-0022", "priority_level": "MODERATE", "GLOBALID": "DEMO-SEG-000407", "kind": "main", "material": "MDPE", "vintage_year": 2007, "diameter_in": 3.0, "coated": false, "s1_score": 0.247, "overall_pct": 0.425, "seg_level": "LOW", "like_pct": 0.425, "cons_pct": 0.135, "svc_down": 0, "fac_summary": "", "biz_50m": 1, "near_trans_seg": 0}}, {"type": "Feature", "geometry": {"type": "LineString", "coordinates": [[-82.996166197934, 39.959248652470194], [-82.99587750409952, 39.95928185226335]]}, "properties": {"ticket_id": "DEMO-20260713-0022", "priority_level": "MODERATE", "GLOBALID": "DEMO-SEG-002790", "kind": "main", "material": "MDPE", "vintage_year": 2000, "diameter_in": 4.0, "coated": false, "s1_score": 0.215, "overall_pct": 0.279, "seg_level": "LOW", "like_pct": 0.279, "cons_pct": 0.174, "svc_down": 0, "fac_summary": "", "biz_50m": 1, "near_trans_seg": 0}}, {"type": "Feature", "geometry": {"type": "LineString", "coordinates": [[-82.99587750409952, 39.95928185226335], [-82.995751, 39.95929639999999], [-82.9955888, 39.95931499999999]]}, "properties": {"ticket_id": "DEMO-20260713-0022", "priority_level": "MODERATE", "GLOBALID": "DEMO-SEG-002791", "kind": "main", "material": "Cast Iron", "vintage_year": 1900, "diameter_in": 8.0, "coated": false, "s1_score": 0.887, "overall_pct": 0.979, "seg_level": "HIGH", "like_pct": 0.979, "cons_pct": 0.135, "svc_down": 0, "fac_summary": "", "biz_50m": 1, "near_trans_seg": 0}}, {"type": "Feature", "geometry": {"type": "LineString", "coordinates": [[-82.9955888, 39.95931499999999], [-82.99554653612635, 39.959319865442794]]}, "properties": {"ticket_id": "DEMO-20260713-0022", "priority_level": "MODERATE", "GLOBALID": "DEMO-SEG-001545", "kind": "main", "material": "Steel", "vintage_year": 1992, "diameter_in": 3.0, "coated": true, "s1_score": 0.468, "overall_pct": 0.783, "seg_level": "LOW", "like_pct": 0.783, "cons_pct": 0.135, "svc_down": 0, "fac_summary": "", "biz_50m": 1, "near_trans_seg": 0}}, {"type": "Feature", "geometry": {"type": "LineString", "coordinates": [[-82.9955888, 39.95931499999999], [-82.9956185, 39.959469399999996], [-82.99563216532229, 39.959540303942276]]}, "properties": {"ticket_id": "DEMO-20260713-0022", "priority_level": "MODERATE", "GLOBALID": "DEMO-SEG-002780", "kind": "main", "material": "MDPE", "vintage_year": 2009, "diameter_in": 3.0, "coated": false, "s1_score": 0.188, "overall_pct": 0.164, "seg_level": "LOW", "like_pct": 0.164, "cons_pct": 0.135, "svc_down": 0, "fac_summary": "", "biz_50m": 1, "near_trans_seg": 0}}, {"type": "Feature", "geometry": {"type": "LineString", "coordinates": [[-82.99564580595968, 39.95961107963979], [-82.99555530492057, 39.95962140860513]]}, "properties": {"ticket_id": "DEMO-20260713-0022", "priority_level": "MODERATE", "GLOBALID": "DEMO-SEG-006649", "kind": "service", "material": "MDPE", "vintage_year": 1995, "diameter_in": 1.25, "coated": false, "s1_score": 0.247, "overall_pct": 0.426, "seg_level": "LOW", "like_pct": 0.426, "cons_pct": 0.2, "svc_down": 1, "fac_summary": "", "biz_50m": 1, "near_trans_seg": 0}}, {"type": "Feature", "geometry": {"type": "LineString", "coordinates": [[-82.99563216532229, 39.959540303942276], [-82.9956725653285, 39.959749922599755]]}, "properties": {"ticket_id": "DEMO-20260713-0022", "priority_level": "MODERATE", "GLOBALID": "DEMO-SEG-002781", "kind": "main", "material": "Cast Iron", "vintage_year": 1907, "diameter_in": 4.0, "coated": false, "s1_score": 0.946, "overall_pct": 0.999, "seg_level": "HIGH", "like_pct": 0.999, "cons_pct": 0.135, "svc_down": 0, "fac_summary": "", "biz_50m": 1, "near_trans_seg": 0}}, {"type": "Feature", "geometry": {"type": "LineString", "coordinates": [[-82.99566230293755, 39.95969667550177], [-82.99611802821694, 39.95964466203229]]}, "properties": {"ticket_id": "DEMO-20260713-0022", "priority_level": "MODERATE", "GLOBALID": "DEMO-SEG-007093", "kind": "service", "material": "MDPE", "vintage_year": 2013, "diameter_in": 0.75, "coated": false, "s1_score": 0.188, "overall_pct": 0.2, "seg_level": "LOW", "like_pct": 0.164, "cons_pct": 0.2, "svc_down": 1, "fac_summary": "", "biz_50m": 1, "near_trans_seg": 0}}, {"type": "Feature", "geometry": {"type": "LineString", "coordinates": [[-82.99993940730624, 39.95858699375462], [-82.99992336540731, 39.95850361137977]]}, "properties": {"ticket_id": "DEMO-20260713-0032", "priority_level": "MODERATE", "GLOBALID": "DEMO-SEG-000491", "kind": "main", "material": "Steel", "vintage_year": 1967, "diameter_in": 6.0, "coated": false, "s1_score": 0.664, "overall_pct": 0.901, "seg_level": "MODERATE", "like_pct": 0.901, "cons_pct": 0.341, "svc_down": 2, "fac_summary": "", "biz_50m": 3, "near_trans_seg": 0}}, {"type": "Feature", "geometry": {"type": "LineString", "coordinates": [[-82.99992378917342, 39.95850581402863], [-82.9999466489616, 39.95850320954591]]}, "properties": {"ticket_id": "DEMO-20260713-0032", "priority_level": "MODERATE", "GLOBALID": "DEMO-SEG-006261", "kind": "service", "material": "Steel", "vintage_year": 1968, "diameter_in": 1.0, "coated": false, "s1_score": 0.695, "overall_pct": 0.92, "seg_level": "MODERATE", "like_pct": 0.92, "cons_pct": 0.305, "svc_down": 1, "fac_summary": "", "biz_50m": 3, "near_trans_seg": 0}}, {"type": "Feature", "geometry": {"type": "LineString", "coordinates": [[-82.9999824, 39.95880819999999], [-82.9999682, 39.95873499999999], [-82.9999644, 39.958716899999985], [-82.99993940730624, 39.95858699375462]]}, "properties": {"ticket_id": "DEMO-20260713-0032", "priority_level": "MODERATE", "GLOBALID": "DEMO-SEG-000490", "kind": "main", "material": "Steel", "vintage_year": 1972, "diameter_in": 6.0, "coated": false, "s1_score": 0.656, "overall_pct": 0.896, "seg_level": "MODERATE", "like_pct": 0.896, "cons_pct": 0.293, "svc_down": 0, "fac_summary": "", "biz_50m": 3, "near_trans_seg": 0}}, {"type": "Feature", "geometry": {"type": "LineString", "coordinates": [[-82.99996972092647, 39.95874284027726], [-82.9997357109357, 39.958769722933916]]}, "properties": {"ticket_id": "DEMO-20260713-0032", "priority_level": "MODERATE", "GLOBALID": "DEMO-SEG-005751", "kind": "service", "material": "MDPE", "vintage_year": 2009, "diameter_in": 1.0, "coated": false, "s1_score": 0.21, "overall_pct": 0.333, "seg_level": "LOW", "like_pct": 0.258, "cons_pct": 0.333, "svc_down": 1, "fac_summary": "", "biz_50m": 4, "near_trans_seg": 0}}, {"type": "Feature", "geometry": {"type": "LineString", "coordinates": [[-83.00000115848962, 39.958806122901386], [-82.9999824, 39.95880819999999]]}, "properties": {"ticket_id": "DEMO-20260713-0032", "priority_level": "MODERATE", "GLOBALID": "DEMO-SEG-001947", "kind": "main", "material": "Steel", "vintage_year": 1962, "diameter_in": 6.0, "coated": false, "s1_score": 0.68, "overall_pct": 0.911, "seg_level": "MODERATE", "like_pct": 0.911, "cons_pct": 0.293, "svc_down": 0, "fac_summary": "", "biz_50m": 3, "near_trans_seg": 0}}, {"type": "Feature", "geometry": {"type": "LineString", "coordinates": [[-82.99998202237131, 39.958806253353025], [-82.99976439265444, 39.958831254293905]]}, "properties": {"ticket_id": "DEMO-20260713-0032", "priority_level": "MODERATE", "GLOBALID": "DEMO-SEG-005458", "kind": "service", "material": "MDPE", "vintage_year": 1992, "diameter_in": 0.75, "coated": false, "s1_score": 0.273, "overall_pct": 0.553, "seg_level": "LOW", "like_pct": 0.553, "cons_pct": 0.305, "svc_down": 1, "fac_summary": "", "biz_50m": 3, "near_trans_seg": 0}}, {"type": "Feature", "geometry": {"type": "LineString", "coordinates": [[-82.99999404945903, 39.958872272058144], [-82.99976159999999, 39.958897300000245]]}, "properties": {"ticket_id": "DEMO-20260713-0032", "priority_level": "MODERATE", "GLOBALID": "DEMO-SEG-005729", "kind": "service", "material": "MDPE", "vintage_year": 2006, "diameter_in": 1.0, "coated": false, "s1_score": 0.203, "overall_pct": 0.305, "seg_level": "LOW", "like_pct": 0.223, "cons_pct": 0.305, "svc_down": 1, "fac_summary": "", "biz_50m": 3, "near_trans_seg": 0}}, {"type": "Feature", "geometry": {"type": "LineString", "coordinates": [[-82.9999824, 39.95880819999999], [-82.9999998, 39.9589039], [-83.0000018, 39.958914], [-83.00000474513865, 39.95892918921426]]}, "properties": {"ticket_id": "DEMO-20260713-0032", "priority_level": "MODERATE", "GLOBALID": "DEMO-SEG-001936", "kind": "main", "material": "Steel", "vintage_year": 1963, "diameter_in": 4.0, "coated": false, "s1_score": 0.682, "overall_pct": 0.913, "seg_level": "MODERATE", "like_pct": 0.913, "cons_pct": 0.239, "svc_down": 0, "fac_summary": "", "biz_50m": 2, "near_trans_seg": 0}}, {"type": "Feature", "geometry": {"type": "LineString", "coordinates": [[-83.00001109948514, 39.95914721983199], [-82.99979181165003, 39.9591723990942]]}, "properties": {"ticket_id": "DEMO-20260713-0032", "priority_level": "MODERATE", "GLOBALID": "DEMO-SEG-005997", "kind": "service", "material": "Steel", "vintage_year": 1958, "diameter_in": 0.75, "coated": false, "s1_score": 0.73, "overall_pct": 0.942, "seg_level": "MODERATE", "like_pct": 0.942, "cons_pct": 0.268, "svc_down": 1, "fac_summary": "", "biz_50m": 2, "near_trans_seg": 0}}, {"type": "Feature", "geometry": {"type": "LineString", "coordinates": [[-83.00001134330901, 39.9591555858803], [-82.99968060279765, 39.95919356229211]]}, "properties": {"ticket_id": "DEMO-20260713-0032", "priority_level": "MODERATE", "GLOBALID": "DEMO-SEG-006744", "kind": "service", "material": "MDPE", "vintage_year": 2008, "diameter_in": 1.0, "coated": false, "s1_score": 0.184, "overall_pct": 0.268, "seg_level": "LOW", "like_pct": 0.147, "cons_pct": 0.268, "svc_down": 1, "fac_summary": "", "biz_50m": 2, "near_trans_seg": 0}}, {"type": "Feature", "geometry": {"type": "LineString", "coordinates": [[-83.0001417224048, 39.95963562535708], [-83.00014677569534, 39.95966168650017]]}, "properties": {"ticket_id": "DEMO-20260713-0032", "priority_level": "MODERATE", "GLOBALID": "DEMO-SEG-001939", "kind": "main", "material": "MDPE", "vintage_year": 2012, "diameter_in": 2.0, "coated": false, "s1_score": 0.179, "overall_pct": 0.239, "seg_level": "LOW", "like_pct": 0.132, "cons_pct": 0.239, "svc_down": 0, "fac_summary": "", "biz_50m": 2, "near_trans_seg": 0}}, {"type": "Feature", "geometry": {"type": "LineString", "coordinates": [[-83.00014308402247, 39.95964264757825], [-82.99994728833613, 39.95966512952428]]}, "properties": {"ticket_id": "DEMO-20260713-0032", "priority_level": "MODERATE", "GLOBALID": "DEMO-SEG-007454", "kind": "service", "material": "MDPE", "vintage_year": 2017, "diameter_in": 0.75, "coated": false, "s1_score": 0.139, "overall_pct": 0.268, "seg_level": "LOW", "like_pct": 0.032, "cons_pct": 0.268, "svc_down": 1, "fac_summary": "", "biz_50m": 2, "near_trans_seg": 0}}, {"type": "Feature", "geometry": {"type": "LineString", "coordinates": [[-82.99900774376451, 39.96026276725157], [-82.99894011937526, 39.95988224958021]]}, "properties": {"ticket_id": "DEMO-20260713-0020", "priority_level": "MODERATE", "GLOBALID": "DEMO-SEG-007280", "kind": "service", "material": "Steel", "vintage_year": 1989, "diameter_in": 1.0, "coated": true, "s1_score": 0.485, "overall_pct": 0.807, "seg_level": "MODERATE", "like_pct": 0.807, "cons_pct": 0.2, "svc_down": 1, "fac_summary": "", "biz_50m": 1, "near_trans_seg": 0}}, {"type": "Feature", "geometry": {"type": "LineString", "coordinates": [[-82.99870659779711, 39.96029445914686], [-82.99864033507514, 39.95992159436109]]}, "properties": {"ticket_id": "DEMO-20260713-0020", "priority_level": "MODERATE", "GLOBALID": "DEMO-SEG-007241", "kind": "service", "material": "Steel", "vintage_year": 1985, "diameter_in": 1.0, "coated": true, "s1_score": 0.486, "overall_pct": 0.809, "seg_level": "MODERATE", "like_pct": 0.809, "cons_pct": 0.2, "svc_down": 1, "fac_summary": "", "biz_50m": 1, "near_trans_seg": 0}}, {"type": "Feature", "geometry": {"type": "LineString", "coordinates": [[-82.9995096, 39.9602388], [-82.9993433, 39.96022670000001], [-82.99923085358185, 39.9602388611385]]}, "properties": {"ticket_id": "DEMO-20260713-0020", "priority_level": "MODERATE", "GLOBALID": "DEMO-SEG-003139", "kind": "main", "material": "Steel", "vintage_year": 1985, "diameter_in": 4.0, "coated": true, "s1_score": 0.484, "overall_pct": 0.807, "seg_level": "MODERATE", "like_pct": 0.807, "cons_pct": 0.135, "svc_down": 0, "fac_summary": "", "biz_50m": 1, "near_trans_seg": 0}}, {"type": "Feature", "geometry": {"type": "LineString", "coordinates": [[-82.99757152896, 39.95975869092383], [-82.99780393543672, 39.95973270924724]]}, "properties": {"ticket_id": "DEMO-20260713-0020", "priority_level": "MODERATE", "GLOBALID": "DEMO-SEG-006711", "kind": "service", "material": "MDPE", "vintage_year": 2007, "diameter_in": 0.5, "coated": false, "s1_score": 0.209, "overall_pct": 0.252, "seg_level": "LOW", "like_pct": 0.252, "cons_pct": 0.2, "svc_down": 1, "fac_summary": "", "biz_50m": 1, "near_trans_seg": 0}}, {"type": "Feature", "geometry": {"type": "LineString", "coordinates": [[-82.99845630017653, 39.96032115877085], [-82.99836486808616, 39.95986916808873]]}, "properties": {"ticket_id": "DEMO-20260713-0020", "priority_level": "MODERATE", "GLOBALID": "DEMO-SEG-007490", "kind": "service", "material": "MDPE", "vintage_year": 2015, "diameter_in": 0.5, "coated": false, "s1_score": 0.185, "overall_pct": 0.2, "seg_level": "LOW", "like_pct": 0.153, "cons_pct": 0.2, "svc_down": 1, "fac_summary": "", "biz_50m": 1, "near_trans_seg": 0}}, {"type": "Feature", "geometry": {"type": "LineString", "coordinates": [[-82.99839713868761, 39.960328245652924], [-82.998198, 39.9603521], [-82.99811988192539, 39.96036144741359]]}, "properties": {"ticket_id": "DEMO-20260713-0020", "priority_level": "MODERATE", "GLOBALID": "DEMO-SEG-003143", "kind": "main", "material": "Steel", "vintage_year": 1988, "diameter_in": 6.0, "coated": true, "s1_score": 0.464, "overall_pct": 0.778, "seg_level": "LOW", "like_pct": 0.778, "cons_pct": 0.042, "svc_down": 0, "fac_summary": "", "biz_50m": 0, "near_trans_seg": 0}}, {"type": "Feature", "geometry": {"type": "LineString", "coordinates": [[-82.99811988192539, 39.96036144741359], [-82.99784261980254, 39.960394623462506]]}, "properties": {"ticket_id": "DEMO-20260713-0020", "priority_level": "MODERATE", "GLOBALID": "DEMO-SEG-003144", "kind": "main", "material": "Steel", "vintage_year": 1963, "diameter_in": 8.0, "coated": false, "s1_score": 0.663, "overall_pct": 0.901, "seg_level": "MODERATE", "like_pct": 0.901, "cons_pct": 0.042, "svc_down": 0, "fac_summary": "", "biz_50m": 0, "near_trans_seg": 0}}, {"type": "Feature", "geometry": {"type": "LineString", "coordinates": [[-82.99784261980254, 39.960394623462506], [-82.997791, 39.960400799999995], [-82.9977048, 39.9604204], [-82.9975922622263, 39.9604709290897]]}, "properties": {"ticket_id": "DEMO-20260713-0020", "priority_level": "MODERATE", "GLOBALID": "DEMO-SEG-003145", "kind": "main", "material": "Steel", "vintage_year": 1989, "diameter_in": 4.0, "coated": true, "s1_score": 0.459, "overall_pct": 0.774, "seg_level": "LOW", "like_pct": 0.774, "cons_pct": 0.042, "svc_down": 0, "fac_summary": "", "biz_50m": 0, "near_trans_seg": 0}}, {"type": "Feature", "geometry": {"type": "LineString", "coordinates": [[-82.99814070347477, 39.9604763908226], [-82.9983026, 39.960457299999995], [-82.99841863185098, 39.96044274603308]]}, "properties": {"ticket_id": "DEMO-20260713-0020", "priority_level": "MODERATE", "GLOBALID": "DEMO-SEG-003148", "kind": "main", "material": "Steel", "vintage_year": 1987, "diameter_in": 2.0, "coated": true, "s1_score": 0.503, "overall_pct": 0.831, "seg_level": "MODERATE", "like_pct": 0.831, "cons_pct": 0.042, "svc_down": 0, "fac_summary": "", "biz_50m": 0, "near_trans_seg": 0}}, {"type": "Feature", "geometry": {"type": "LineString", "coordinates": [[-82.9975923971805, 39.96047556501169], [-82.9977203, 39.9605016], [-82.9978618713293, 39.960503907232294]]}, "properties": {"ticket_id": "DEMO-20260713-0020", "priority_level": "MODERATE", "GLOBALID": "DEMO-SEG-003146", "kind": "main", "material": "Steel", "vintage_year": 1989, "diameter_in": 6.0, "coated": true, "s1_score": 0.48, "overall_pct": 0.801, "seg_level": "MODERATE", "like_pct": 0.801, "cons_pct": 0.042, "svc_down": 0, "fac_summary": "", "biz_50m": 0, "near_trans_seg": 0}}, {"type": "Feature", "geometry": {"type": "LineString", "coordinates": [[-82.9978618713293, 39.960503907232294], [-82.9978737, 39.9605041], [-82.9979566, 39.96049810000001], [-82.99814070347477, 39.9604763908226]]}, "properties": {"ticket_id": "DEMO-20260713-0020", "priority_level": "MODERATE", "GLOBALID": "DEMO-SEG-003147", "kind": "main", "material": "Steel", "vintage_year": 1981, "diameter_in": 2.0, "coated": true, "s1_score": 0.511, "overall_pct": 0.841, "seg_level": "MODERATE", "like_pct": 0.841, "cons_pct": 0.042, "svc_down": 0, "fac_summary": "", "biz_50m": 0, "near_trans_seg": 0}}, {"type": "Feature", "geometry": {"type": "LineString", "coordinates": [[-82.99762590141648, 39.96070217877481], [-82.9976169, 39.96065610000001], [-82.9976157, 39.96064989999999], [-82.9976045, 39.96059279999999], [-82.9975939148146, 39.96052769842569]]}, "properties": {"ticket_id": "DEMO-20260713-0020", "priority_level": "MODERATE", "GLOBALID": "DEMO-SEG-001399", "kind": "main", "material": "Steel", "vintage_year": 1983, "diameter_in": 3.0, "coated": true, "s1_score": 0.499, "overall_pct": 0.827, "seg_level": "MODERATE", "like_pct": 0.827, "cons_pct": 0.251, "svc_down": 3, "fac_summary": "", "biz_50m": 0, "near_trans_seg": 0}}, {"type": "Feature", "geometry": {"type": "LineString", "coordinates": [[-82.99767045041624, 39.960929849471825], [-82.9976614, 39.96088359999999], [-82.9976505, 39.9608281], [-82.99762590141648, 39.96070217877481]]}, "properties": {"ticket_id": "DEMO-20260713-0020", "priority_level": "MODERATE", "GLOBALID": "DEMO-SEG-001398", "kind": "main", "material": "Steel", "vintage_year": 1978, "diameter_in": 4.0, "coated": true, "s1_score": 0.523, "overall_pct": 0.853, "seg_level": "MODERATE", "like_pct": 0.853, "cons_pct": 0.251, "svc_down": 3, "fac_summary": "", "biz_50m": 0, "near_trans_seg": 0}}, {"type": "Feature", "geometry": {"type": "LineString", "coordinates": [[-82.99768364770019, 39.960997290157145], [-82.99760784080487, 39.96100607444464]]}, "properties": {"ticket_id": "DEMO-20260713-0020", "priority_level": "MODERATE", "GLOBALID": "DEMO-SEG-006352", "kind": "service", "material": "Steel", "vintage_year": 1992, "diameter_in": 1.0, "coated": true, "s1_score": 0.442, "overall_pct": 0.758, "seg_level": "LOW", "like_pct": 0.758, "cons_pct": 0.092, "svc_down": 1, "fac_summary": "", "biz_50m": 0, "near_trans_seg": 0}}, {"type": "Feature", "geometry": {"type": "LineString", "coordinates": [[-82.99771497886658, 39.96115752256115], [-82.9977095, 39.96112939999999], [-82.99767045041624, 39.960929849471825]]}, "properties": {"ticket_id": "DEMO-20260713-0020", "priority_level": "MODERATE", "GLOBALID": "DEMO-SEG-001397", "kind": "main", "material": "Steel", "vintage_year": 1991, "diameter_in": 8.0, "coated": true, "s1_score": 0.431, "overall_pct": 0.751, "seg_level": "LOW", "like_pct": 0.751, "cons_pct": 0.226, "svc_down": 2, "fac_summary": "", "biz_50m": 0, "near_trans_seg": 0}}, {"type": "Feature", "geometry": {"type": "LineString", "coordinates": [[-82.99775927483081, 39.961385222505925], [-82.9977424, 39.9612986], [-82.9977253, 39.96121050000001], [-82.99771497886658, 39.96115752256115]]}, "properties": {"ticket_id": "DEMO-20260713-0020", "priority_level": "MODERATE", "GLOBALID": "DEMO-SEG-001396", "kind": "main", "material": "Steel", "vintage_year": 1982, "diameter_in": 4.0, "coated": true, "s1_score": 0.501, "overall_pct": 0.828, "seg_level": "MODERATE", "like_pct": 0.828, "cons_pct": 0.226, "svc_down": 2, "fac_summary": "", "biz_50m": 0, "near_trans_seg": 0}}, {"type": "Feature", "geometry": {"type": "LineString", "coordinates": [[-82.99777335450186, 39.96145749660591], [-82.99775927483081, 39.961385222505925]]}, "properties": {"ticket_id": "DEMO-20260713-0020", "priority_level": "MODERATE", "GLOBALID": "DEMO-SEG-001395", "kind": "main", "material": "Steel", "vintage_year": 1957, "diameter_in": 6.0, "coated": false, "s1_score": 0.708, "overall_pct": 0.93, "seg_level": "MODERATE", "like_pct": 0.93, "cons_pct": 0.226, "svc_down": 2, "fac_summary": "", "biz_50m": 0, "near_trans_seg": 0}}, {"type": "Feature", "geometry": {"type": "LineString", "coordinates": [[-83.00014677569534, 39.95966168650017], [-83.00015474025984, 39.95970276180056]]}, "properties": {"ticket_id": "DEMO-20260713-0020", "priority_level": "MODERATE", "GLOBALID": "DEMO-SEG-001939", "kind": "main", "material": "MDPE", "vintage_year": 2012, "diameter_in": 2.0, "coated": false, "s1_score": 0.179, "overall_pct": 0.239, "seg_level": "LOW", "like_pct": 0.132, "cons_pct": 0.239, "svc_down": 0, "fac_summary": "", "biz_50m": 2, "near_trans_seg": 0}}, {"type": "Feature", "geometry": {"type": "LineString", "coordinates": [[-82.99994728833613, 39.95966512952428], [-82.99958003852818, 39.95970729750458]]}, "properties": {"ticket_id": "DEMO-20260713-0020", "priority_level": "MODERATE", "GLOBALID": "DEMO-SEG-007454", "kind": "service", "material": "MDPE", "vintage_year": 2017, "diameter_in": 0.75, "coated": false, "s1_score": 0.139, "overall_pct": 0.268, "seg_level": "LOW", "like_pct": 0.032, "cons_pct": 0.268, "svc_down": 1, "fac_summary": "", "biz_50m": 2, "near_trans_seg": 0}}, {"type": "Feature", "geometry": {"type": "LineString", "coordinates": [[-83.00015474025984, 39.95970276180056], [-83.000198098791, 39.95992637188625]]}, "properties": {"ticket_id": "DEMO-20260713-0020", "priority_level": "MODERATE", "GLOBALID": "DEMO-SEG-001940", "kind": "main", "material": "Steel", "vintage_year": 1966, "diameter_in": 6.0, "coated": false, "s1_score": 0.67, "overall_pct": 0.906, "seg_level": "MODERATE", "like_pct": 0.906, "cons_pct": 0.239, "svc_down": 0, "fac_summary": "", "biz_50m": 2, "near_trans_seg": 0}}, {"type": "Feature", "geometry": {"type": "LineString", "coordinates": [[-83.00018093126454, 39.959837835133584], [-82.99988327705564, 39.95987201271802]]}, "properties": {"ticket_id": "DEMO-20260713-0020", "priority_level": "MODERATE", "GLOBALID": "DEMO-SEG-006334", "kind": "service", "material": "Steel", "vintage_year": 1961, "diameter_in": 0.5, "coated": false, "s1_score": 0.716, "overall_pct": 0.935, "seg_level": "MODERATE", "like_pct": 0.935, "cons_pct": 0.268, "svc_down": 1, "fac_summary": "", "biz_50m": 2, "near_trans_seg": 0}}, {"type": "Feature", "geometry": {"type": "LineString", "coordinates": [[-83.000198098791, 39.95992637188625], [-83.0002046, 39.9599599], [-83.0002206, 39.96004270000001], [-83.00023115902235, 39.96009743353026]]}, "properties": {"ticket_id": "DEMO-20260713-0020", "priority_level": "MODERATE", "GLOBALID": "DEMO-SEG-001941", "kind": "main", "material": "Steel", "vintage_year": 1968, "diameter_in": 6.0, "coated": false, "s1_score": 0.629, "overall_pct": 0.879, "seg_level": "MODERATE", "like_pct": 0.879, "cons_pct": 0.239, "svc_down": 0, "fac_summary": "", "biz_50m": 2, "near_trans_seg": 0}}, {"type": "Feature", "geometry": {"type": "LineString", "coordinates": [[-82.99961463719394, 39.96022613350477], [-82.99956986877864, 39.96000629480842]]}, "properties": {"ticket_id": "DEMO-20260713-0020", "priority_level": "MODERATE", "GLOBALID": "DEMO-SEG-006265", "kind": "service", "material": "Steel", "vintage_year": 1977, "diameter_in": 0.75, "coated": true, "s1_score": 0.534, "overall_pct": 0.86, "seg_level": "MODERATE", "like_pct": 0.86, "cons_pct": 0.2, "svc_down": 1, "fac_summary": "", "biz_50m": 1, "near_trans_seg": 0}}, {"type": "Feature", "geometry": {"type": "LineString", "coordinates": [[-82.99999747584734, 39.960179965931026], [-83.0000967, 39.96016800000001], [-83.00023272238919, 39.96015106775765]]}, "properties": {"ticket_id": "DEMO-20260713-0020", "priority_level": "MODERATE", "GLOBALID": "DEMO-SEG-001935", "kind": "main", "material": "Steel", "vintage_year": 1985, "diameter_in": 8.0, "coated": true, "s1_score": 0.448, "overall_pct": 0.763, "seg_level": "LOW", "like_pct": 0.763, "cons_pct": 0.239, "svc_down": 0, "fac_summary": "", "biz_50m": 2, "near_trans_seg": 0}}, {"type": "Feature", "geometry": {"type": "LineString", "coordinates": [[-82.9997535380387, 39.96020938321984], [-82.99999747584734, 39.960179965931026]]}, "properties": {"ticket_id": "DEMO-20260713-0020", "priority_level": "MODERATE", "GLOBALID": "DEMO-SEG-001934", "kind": "main", "material": "Steel", "vintage_year": 1987, "diameter_in": 6.0, "coated": true, "s1_score": 0.466, "overall_pct": 0.781, "seg_level": "LOW", "like_pct": 0.781, "cons_pct": 0.135, "svc_down": 0, "fac_summary": "", "biz_50m": 1, "near_trans_seg": 0}}, {"type": "Feature", "geometry": {"type": "LineString", "coordinates": [[-82.9995096, 39.9602388], [-82.9997535380387, 39.96020938321984]]}, "properties": {"ticket_id": "DEMO-20260713-0020", "priority_level": "MODERATE", "GLOBALID": "DEMO-SEG-001933", "kind": "main", "material": "Steel", "vintage_year": 1984, "diameter_in": 8.0, "coated": true, "s1_score": 0.495, "overall_pct": 0.82, "seg_level": "MODERATE", "like_pct": 0.82, "cons_pct": 0.135, "svc_down": 0, "fac_summary": "", "biz_50m": 1, "near_trans_seg": 0}}, {"type": "Feature", "geometry": {"type": "LineString", "coordinates": [[-82.99996963486727, 39.96018332339648], [-83.0000016728274, 39.960340643280766]]}, "properties": {"ticket_id": "DEMO-20260713-0020", "priority_level": "MODERATE", "GLOBALID": "DEMO-SEG-005194", "kind": "service", "material": "Steel", "vintage_year": 1981, "diameter_in": 0.75, "coated": true, "s1_score": 0.517, "overall_pct": 0.847, "seg_level": "MODERATE", "like_pct": 0.847, "cons_pct": 0.2, "svc_down": 1, "fac_summary": "", "biz_50m": 1, "near_trans_seg": 0}}, {"type": "Feature", "geometry": {"type": "LineString", "coordinates": [[-82.99923085358185, 39.9602388611385], [-82.9990844, 39.96025469999999], [-82.99895292332175, 39.9602685364866]]}, "properties": {"ticket_id": "DEMO-20260713-0020", "priority_level": "MODERATE", "GLOBALID": "DEMO-SEG-003140", "kind": "main", "material": "MDPE", "vintage_year": 2018, "diameter_in": 4.0, "coated": false, "s1_score": 0.144, "overall_pct": 0.135, "seg_level": "LOW", "like_pct": 0.041, "cons_pct": 0.135, "svc_down": 0, "fac_summary": "", "biz_50m": 1, "near_trans_seg": 0}}, {"type": "Feature", "geometry": {"type": "LineString", "coordinates": [[-82.99895292332175, 39.9602685364866], [-82.99867491746366, 39.96029779306384]]}, "properties": {"ticket_id": "DEMO-20260713-0020", "priority_level": "MODERATE", "GLOBALID": "DEMO-SEG-003141", "kind": "main", "material": "Steel", "vintage_year": 1993, "diameter_in": 8.0, "coated": true, "s1_score": 0.449, "overall_pct": 0.764, "seg_level": "LOW", "like_pct": 0.764, "cons_pct": 0.135, "svc_down": 0, "fac_summary": "", "biz_50m": 1, "near_trans_seg": 0}}, {"type": "Feature", "geometry": {"type": "LineString", "coordinates": [[-82.99924476250949, 39.96031119039418], [-82.999289, 39.960303], [-82.9993384, 39.96028859999999], [-82.9995096, 39.9602388]]}, "properties": {"ticket_id": "DEMO-20260713-0020", "priority_level": "MODERATE", "GLOBALID": "DEMO-SEG-003152", "kind": "main", "material": "Steel", "vintage_year": 1982, "diameter_in": 6.0, "coated": true, "s1_score": 0.482, "overall_pct": 0.804, "seg_level": "MODERATE", "like_pct": 0.804, "cons_pct": 0.135, "svc_down": 0, "fac_summary": "", "biz_50m": 1, "near_trans_seg": 0}}, {"type": "Feature", "geometry": {"type": "LineString", "coordinates": [[-82.99867491746366, 39.96029779306384], [-82.998481, 39.96031820000001], [-82.99839713868761, 39.960328245652924]]}, "properties": {"ticket_id": "DEMO-20260713-0020", "priority_level": "MODERATE", "GLOBALID": "DEMO-SEG-003142", "kind": "main", "material": "MDPE", "vintage_year": 2018, "diameter_in": 3.0, "coated": false, "s1_score": 0.152, "overall_pct": 0.057, "seg_level": "LOW", "like_pct": 0.057, "cons_pct": 0.042, "svc_down": 0, "fac_summary": "", "biz_50m": 0, "near_trans_seg": 0}}, {"type": "Feature", "geometry": {"type": "LineString", "coordinates": [[-82.99897081791897, 39.96036051321913], [-82.99910320000001, 39.96033739999999], [-82.99924476250949, 39.96031119039418]]}, "properties": {"ticket_id": "DEMO-20260713-0020", "priority_level": "MODERATE", "GLOBALID": "DEMO-SEG-003151", "kind": "main", "material": "Steel", "vintage_year": 1990, "diameter_in": 4.0, "coated": true, "s1_score": 0.451, "overall_pct": 0.765, "seg_level": "LOW", "like_pct": 0.765, "cons_pct": 0.042, "svc_down": 0, "fac_summary": "", "biz_50m": 0, "near_trans_seg": 0}}, {"type": "Feature", "geometry": {"type": "LineString", "coordinates": [[-82.99869631638943, 39.960407915347055], [-82.9987076, 39.960406500000005], [-82.9987647, 39.9603965], [-82.99897081791897, 39.96036051321913]]}, "properties": {"ticket_id": "DEMO-20260713-0020", "priority_level": "MODERATE", "GLOBALID": "DEMO-SEG-003150", "kind": "main", "material": "Steel", "vintage_year": 1986, "diameter_in": 3.0, "coated": true, "s1_score": 0.475, "overall_pct": 0.793, "seg_level": "LOW", "like_pct": 0.793, "cons_pct": 0.042, "svc_down": 0, "fac_summary": "", "biz_50m": 0, "near_trans_seg": 0}}, {"type": "Feature", "geometry": {"type": "LineString", "coordinates": [[-82.99841863185098, 39.96044274603308], [-82.99869631638943, 39.960407915347055]]}, "properties": {"ticket_id": "DEMO-20260713-0020", "priority_level": "MODERATE", "GLOBALID": "DEMO-SEG-003149", "kind": "main", "material": "Steel", "vintage_year": 1980, "diameter_in": 6.0, "coated": true, "s1_score": 0.497, "overall_pct": 0.824, "seg_level": "MODERATE", "like_pct": 0.824, "cons_pct": 0.042, "svc_down": 0, "fac_summary": "", "biz_50m": 0, "near_trans_seg": 0}}, {"type": "Feature", "geometry": {"type": "LineString", "coordinates": [[-83.0085126903865, 39.9496114071172], [-83.0084567, 39.9495621], [-83.00839617127323, 39.94949558230401]]}, "properties": {"ticket_id": "DEMO-20260713-0028", "priority_level": "MODERATE", "GLOBALID": "DEMO-SEG-003225", "kind": "main", "material": "Steel", "vintage_year": 1962, "diameter_in": 6.0, "coated": false, "s1_score": 0.671, "overall_pct": 0.906, "seg_level": "MODERATE", "like_pct": 0.906, "cons_pct": 0.899, "svc_down": 0, "fac_summary": "", "biz_50m": 0, "near_trans_seg": 1}}, {"type": "Feature", "geometry": {"type": "LineString", "coordinates": [[-83.00870509662892, 39.94977803241541], [-83.0086326, 39.94971689999999], [-83.0085765, 39.94966759999999], [-83.0085126903865, 39.9496114071172]]}, "properties": {"ticket_id": "DEMO-20260713-0028", "priority_level": "MODERATE", "GLOBALID": "DEMO-SEG-003224", "kind": "main", "material": "MDPE", "vintage_year": 2020, "diameter_in": 2.0, "coated": false, "s1_score": 0.159, "overall_pct": 0.899, "seg_level": "MODERATE", "like_pct": 0.074, "cons_pct": 0.899, "svc_down": 0, "fac_summary": "", "biz_50m": 0, "near_trans_seg": 1}}, {"type": "Feature", "geometry": {"type": "LineString", "coordinates": [[-83.00890164536331, 39.949941777242984], [-83.0088176, 39.94987290000001], [-83.00870509662892, 39.94977803241541]]}, "properties": {"ticket_id": "DEMO-20260713-0028", "priority_level": "MODERATE", "GLOBALID": "DEMO-SEG-003223", "kind": "main", "material": "Steel", "vintage_year": 1958, "diameter_in": 3.0, "coated": false, "s1_score": 0.703, "overall_pct": 0.926, "seg_level": "MODERATE", "like_pct": 0.926, "cons_pct": 0.899, "svc_down": 0, "fac_summary": "", "biz_50m": 0, "near_trans_seg": 1}}, {"type": "Feature", "geometry": {"type": "LineString", "coordinates": [[-83.00907518213755, 39.95011855214879], [-83.0090449, 39.95007340000001], [-83.0089938, 39.9500173], [-83.00890164536331, 39.949941777242984]]}, "properties": {"ticket_id": "DEMO-20260713-0028", "priority_level": "MODERATE", "GLOBALID": "DEMO-SEG-003222", "kind": "main", "material": "Steel", "vintage_year": 1960, "diameter_in": 3.0, "coated": false, "s1_score": 0.684, "overall_pct": 0.914, "seg_level": "MODERATE", "like_pct": 0.914, "cons_pct": 0.899, "svc_down": 0, "fac_summary": "", "biz_50m": 0, "near_trans_seg": 1}}, {"type": "Feature", "geometry": {"type": "LineString", "coordinates": [[-83.00911016820477, 39.950336606618734], [-83.0091169, 39.95030499999999], [-83.0091162, 39.9502415], [-83.0091055, 39.95019820000001], [-83.009084, 39.95013169999999], [-83.00907518213755, 39.95011855214879]]}, "properties": {"ticket_id": "DEMO-20260713-0028", "priority_level": "MODERATE", "GLOBALID": "DEMO-SEG-003221", "kind": "main", "material": "Steel", "vintage_year": 1957, "diameter_in": 8.0, "coated": false, "s1_score": 0.694, "overall_pct": 0.92, "seg_level": "MODERATE", "like_pct": 0.92, "cons_pct": 0.899, "svc_down": 0, "fac_summary": "", "biz_50m": 0, "near_trans_seg": 1}}, {"type": "Feature", "geometry": {"type": "LineString", "coordinates": [[-83.00902598035059, 39.95051158951881], [-83.0090579, 39.9504677], [-83.0090839, 39.9504263], [-83.0091005, 39.950382000000005], [-83.00911016820477, 39.950336606618734]]}, "properties": {"ticket_id": "DEMO-20260713-0028", "priority_level": "MODERATE", "GLOBALID": "DEMO-SEG-003220", "kind": "main", "material": "Steel", "vintage_year": 1959, "diameter_in": 6.0, "coated": false, "s1_score": 0.702, "overall_pct": 0.925, "seg_level": "MODERATE", "like_pct": 0.925, "cons_pct": 0.899, "svc_down": 0, "fac_summary": "", "biz_50m": 0, "near_trans_seg": 1}}, {"type": "Feature", "geometry": {"type": "LineString", "coordinates": [[-82.98840750020544, 39.946380500018336], [-82.98841331516405, 39.94631064685419]]}, "properties": {"ticket_id": "DEMO-20260713-0021", "priority_level": "MODERATE", "GLOBALID": "DEMO-SEG-001270", "kind": "main", "material": "MDPE", "vintage_year": 1985, "diameter_in": 4.0, "coated": false, "s1_score": 0.32, "overall_pct": 0.832, "seg_level": "MODERATE", "like_pct": 0.725, "cons_pct": 0.832, "svc_down": 0, "fac_summary": "", "biz_50m": 14, "near_trans_seg": 0}}, {"type": "Feature", "geometry": {"type": "LineString", "coordinates": [[-82.98895090277377, 39.946389073739965], [-82.9888927414542, 39.9463855214906]]}, "properties": {"ticket_id": "DEMO-20260713-0021", "priority_level": "MODERATE", "GLOBALID": "DEMO-SEG-003553", "kind": "service", "material": "MDPE", "vintage_year": 1987, "diameter_in": 1.0, "coated": false, "s1_score": 0.288, "overall_pct": 0.777, "seg_level": "LOW", "like_pct": 0.62, "cons_pct": 0.777, "svc_down": 1, "fac_summary": "", "biz_50m": 12, "near_trans_seg": 0}}, {"type": "Feature", "geometry": {"type": "LineString", "coordinates": [[-82.98644314015192, 39.94676231474167], [-82.98647135, 39.946390900004744]]}, "properties": {"ticket_id": "DEMO-20260713-0021", "priority_level": "MODERATE", "GLOBALID": "DEMO-SEG-007217", "kind": "service", "material": "MDPE", "vintage_year": 1986, "diameter_in": 0.75, "coated": false, "s1_score": 0.311, "overall_pct": 0.862, "seg_level": "MODERATE", "like_pct": 0.702, "cons_pct": 0.862, "svc_down": 1, "fac_summary": "", "biz_50m": 15, "near_trans_seg": 0}}, {"type": "Feature", "geometry": {"type": "LineString", "coordinates": [[-82.98722213040318, 39.94633107846723], [-82.9874090261364, 39.946343527213934]]}, "properties": {"ticket_id": "DEMO-20260713-0021", "priority_level": "MODERATE", "GLOBALID": "DEMO-SEG-005143", "kind": "service", "material": "MDPE", "vintage_year": 1991, "diameter_in": 1.0, "coated": false, "s1_score": 0.278, "overall_pct": 0.73, "seg_level": "LOW", "like_pct": 0.576, "cons_pct": 0.73, "svc_down": 1, "fac_summary": "", "biz_50m": 11, "near_trans_seg": 0}}, {"type": "Feature", "geometry": {"type": "LineString", "coordinates": [[-82.98720256385094, 39.9463628239973], [-82.98682754565142, 39.94633784382018]]}, "properties": {"ticket_id": "DEMO-20260713-0021", "priority_level": "MODERATE", "GLOBALID": "DEMO-SEG-007401", "kind": "service", "material": "MDPE", "vintage_year": 1985, "diameter_in": 0.5, "coated": false, "s1_score": 0.313, "overall_pct": 0.845, "seg_level": "MODERATE", "like_pct": 0.708, "cons_pct": 0.845, "svc_down": 1, "fac_summary": "", "biz_50m": 14, "near_trans_seg": 0}}, {"type": "Feature", "geometry": {"type": "LineString", "coordinates": [[-82.98720125937231, 39.946374425863034], [-82.98694206758103, 39.9463571610823]]}, "properties": {"ticket_id": "DEMO-20260713-0021", "priority_level": "MODERATE", "GLOBALID": "DEMO-SEG-006038", "kind": "service", "material": "MDPE", "vintage_year": 1989, "diameter_in": 0.75, "coated": false, "s1_score": 0.309, "overall_pct": 0.696, "seg_level": "LOW", "like_pct": 0.696, "cons_pct": 0.672, "svc_down": 1, "fac_summary": "", "biz_50m": 10, "near_trans_seg": 0}}, {"type": "Feature", "geometry": {"type": "LineString", "coordinates": [[-82.98718030509507, 39.9465607900781], [-82.9872061023186, 39.94633135330295]]}, "properties": {"ticket_id": "DEMO-20260713-0021", "priority_level": "MODERATE", "GLOBALID": "DEMO-SEG-001291", "kind": "main", "material": "MDPE", "vintage_year": 1985, "diameter_in": 4.0, "coated": false, "s1_score": 0.265, "overall_pct": 0.877, "seg_level": "MODERATE", "like_pct": 0.516, "cons_pct": 0.877, "svc_down": 5, "fac_summary": "", "biz_50m": 10, "near_trans_seg": 0}}, {"type": "Feature", "geometry": {"type": "LineString", "coordinates": [[-82.9871913871318, 39.94646222820095], [-82.98693874999682, 39.94644540004159]]}, "properties": {"ticket_id": "DEMO-20260713-0021", "priority_level": "MODERATE", "GLOBALID": "DEMO-SEG-005949", "kind": "service", "material": "MDPE", "vintage_year": 1991, "diameter_in": 1.25, "coated": false, "s1_score": 0.286, "overall_pct": 0.609, "seg_level": "LOW", "like_pct": 0.609, "cons_pct": 0.592, "svc_down": 1, "fac_summary": "", "biz_50m": 9, "near_trans_seg": 0}}, {"type": "Feature", "geometry": {"type": "LineString", "coordinates": [[-82.98718116580255, 39.946553135090525], [-82.9869340784948, 39.946536676619345]]}, "properties": {"ticket_id": "DEMO-20260713-0021", "priority_level": "MODERATE", "GLOBALID": "DEMO-SEG-005899", "kind": "service", "material": "MDPE", "vintage_year": 1985, "diameter_in": 0.5, "coated": false, "s1_score": 0.319, "overall_pct": 0.721, "seg_level": "LOW", "like_pct": 0.721, "cons_pct": 0.672, "svc_down": 1, "fac_summary": "", "biz_50m": 10, "near_trans_seg": 0}}, {"type": "Feature", "geometry": {"type": "LineString", "coordinates": [[-82.98661402634721, 39.946770596991364], [-82.98664405983504, 39.94642407605596]]}, "properties": {"ticket_id": "DEMO-20260713-0021", "priority_level": "MODERATE", "GLOBALID": "DEMO-SEG-007059", "kind": "service", "material": "MDPE", "vintage_year": 1994, "diameter_in": 0.5, "coated": false, "s1_score": 0.265, "overall_pct": 0.845, "seg_level": "MODERATE", "like_pct": 0.515, "cons_pct": 0.845, "svc_down": 1, "fac_summary": "", "biz_50m": 14, "near_trans_seg": 0}}, {"type": "Feature", "geometry": {"type": "LineString", "coordinates": [[-82.98841093343353, 39.94633925780398], [-82.98798113401281, 39.946318061190865]]}, "properties": {"ticket_id": "DEMO-20260713-0021", "priority_level": "MODERATE", "GLOBALID": "DEMO-SEG-007167", "kind": "service", "material": "MDPE", "vintage_year": 1985, "diameter_in": 0.75, "coated": false, "s1_score": 0.311, "overall_pct": 0.862, "seg_level": "MODERATE", "like_pct": 0.703, "cons_pct": 0.862, "svc_down": 1, "fac_summary": "", "biz_50m": 15, "near_trans_seg": 0}}, {"type": "Feature", "geometry": {"type": "LineString", "coordinates": [[-82.98840935425848, 39.94635822790729], [-82.9882120999979, 39.94634850003075]]}, "properties": {"ticket_id": "DEMO-20260713-0021", "priority_level": "MODERATE", "GLOBALID": "DEMO-SEG-005025", "kind": "service", "material": "MDPE", "vintage_year": 1988, "diameter_in": 1.0, "coated": false, "s1_score": 0.295, "overall_pct": 0.845, "seg_level": "MODERATE", "like_pct": 0.651, "cons_pct": 0.845, "svc_down": 1, "fac_summary": "", "biz_50m": 14, "near_trans_seg": 0}}, {"type": "Feature", "geometry": {"type": "LineString", "coordinates": [[-82.98840956835524, 39.946355656034974], [-82.98863793155117, 39.946366917669664]]}, "properties": {"ticket_id": "DEMO-20260713-0021", "priority_level": "MODERATE", "GLOBALID": "DEMO-SEG-005621", "kind": "service", "material": "MDPE", "vintage_year": 1990, "diameter_in": 0.75, "coated": false, "s1_score": 0.305, "overall_pct": 0.845, "seg_level": "MODERATE", "like_pct": 0.684, "cons_pct": 0.845, "svc_down": 1, "fac_summary": "", "biz_50m": 14, "near_trans_seg": 0}}, {"type": "Feature", "geometry": {"type": "LineString", "coordinates": [[-82.98840260283609, 39.94643933040432], [-82.98793216133063, 39.94641612936083]]}, "properties": {"ticket_id": "DEMO-20260713-0021", "priority_level": "MODERATE", "GLOBALID": "DEMO-SEG-007141", "kind": "service", "material": "MDPE", "vintage_year": 1985, "diameter_in": 1.0, "coated": false, "s1_score": 0.333, "overall_pct": 0.873, "seg_level": "MODERATE", "like_pct": 0.738, "cons_pct": 0.873, "svc_down": 1, "fac_summary": "", "biz_50m": 16, "near_trans_seg": 0}}, {"type": "Feature", "geometry": {"type": "LineString", "coordinates": [[-82.98840220835655, 39.94644406914596], [-82.98817354123915, 39.946432792075186]]}, "properties": {"ticket_id": "DEMO-20260713-0021", "priority_level": "MODERATE", "GLOBALID": "DEMO-SEG-005626", "kind": "service", "material": "MDPE", "vintage_year": 1985, "diameter_in": 1.0, "coated": false, "s1_score": 0.321, "overall_pct": 0.816, "seg_level": "MODERATE", "like_pct": 0.727, "cons_pct": 0.816, "svc_down": 1, "fac_summary": "", "biz_50m": 13, "near_trans_seg": 0}}, {"type": "Feature", "geometry": {"type": "LineString", "coordinates": [[-82.98840333278275, 39.94643056181505], [-82.98859247551589, 39.946439889336354]]}, "properties": {"ticket_id": "DEMO-20260713-0021", "priority_level": "MODERATE", "GLOBALID": "DEMO-SEG-004903", "kind": "service", "material": "MDPE", "vintage_year": 1985, "diameter_in": 0.75, "coated": false, "s1_score": 0.319, "overall_pct": 0.816, "seg_level": "MODERATE", "like_pct": 0.721, "cons_pct": 0.816, "svc_down": 1, "fac_summary": "", "biz_50m": 13, "near_trans_seg": 0}}, {"type": "Feature", "geometry": {"type": "LineString", "coordinates": [[-82.98839959101144, 39.946475510363115], [-82.98840750020544, 39.946380500018336]]}, "properties": {"ticket_id": "DEMO-20260713-0021", "priority_level": "MODERATE", "GLOBALID": "DEMO-SEG-001269", "kind": "main", "material": "Steel", "vintage_year": 1954, "diameter_in": 4.0, "coated": false, "s1_score": 0.754, "overall_pct": 0.95, "seg_level": "MODERATE", "like_pct": 0.95, "cons_pct": 0.753, "svc_down": 0, "fac_summary": "", "biz_50m": 12, "near_trans_seg": 0}}, {"type": "Feature", "geometry": {"type": "LineString", "coordinates": [[-82.98819860958034, 39.94651988429017], [-82.9881822214671, 39.946519076072754]]}, "properties": {"ticket_id": "DEMO-20260713-0021", "priority_level": "MODERATE", "GLOBALID": "DEMO-SEG-005325", "kind": "service", "material": "MDPE", "vintage_year": 1985, "diameter_in": 1.0, "coated": false, "s1_score": 0.312, "overall_pct": 0.777, "seg_level": "LOW", "like_pct": 0.705, "cons_pct": 0.777, "svc_down": 1, "fac_summary": "", "biz_50m": 12, "near_trans_seg": 0}}, {"type": "Feature", "geometry": {"type": "LineString", "coordinates": [[-82.98820078329928, 39.946594945678626], [-82.98818187528846, 39.94659401318835]]}, "properties": {"ticket_id": "DEMO-20260713-0021", "priority_level": "MODERATE", "GLOBALID": "DEMO-SEG-005202", "kind": "service", "material": "MDPE", "vintage_year": 1985, "diameter_in": 1.0, "coated": false, "s1_score": 0.315, "overall_pct": 0.777, "seg_level": "LOW", "like_pct": 0.714, "cons_pct": 0.777, "svc_down": 1, "fac_summary": "", "biz_50m": 12, "near_trans_seg": 0}}, {"type": "Feature", "geometry": {"type": "LineString", "coordinates": [[-82.98720589931152, 39.94633315882346], [-82.98774175000015, 39.94636885000658]]}, "properties": {"ticket_id": "DEMO-20260713-0021", "priority_level": "MODERATE", "GLOBALID": "DEMO-SEG-007378", "kind": "service", "material": "MDPE", "vintage_year": 1987, "diameter_in": 1.0, "coated": false, "s1_score": 0.304, "overall_pct": 0.862, "seg_level": "MODERATE", "like_pct": 0.68, "cons_pct": 0.862, "svc_down": 1, "fac_summary": "", "biz_50m": 15, "near_trans_seg": 0}}, {"type": "Feature", "geometry": {"type": "LineString", "coordinates": [[-82.98719438263642, 39.94643558661791], [-82.9873901633754, 39.94644862718902]]}, "properties": {"ticket_id": "DEMO-20260713-0021", "priority_level": "MODERATE", "GLOBALID": "DEMO-SEG-005009", "kind": "service", "material": "MDPE", "vintage_year": 1989, "diameter_in": 1.0, "coated": false, "s1_score": 0.279, "overall_pct": 0.672, "seg_level": "LOW", "like_pct": 0.582, "cons_pct": 0.672, "svc_down": 1, "fac_summary": "", "biz_50m": 10, "near_trans_seg": 0}}, {"type": "Feature", "geometry": {"type": "LineString", "coordinates": [[-82.98718353738113, 39.94653204266263], [-82.98737795559359, 39.946544992472894]]}, "properties": {"ticket_id": "DEMO-20260713-0021", "priority_level": "MODERATE", "GLOBALID": "DEMO-SEG-004987", "kind": "service", "material": "MDPE", "vintage_year": 1985, "diameter_in": 1.25, "coated": false, "s1_score": 0.312, "overall_pct": 0.706, "seg_level": "LOW", "like_pct": 0.706, "cons_pct": 0.592, "svc_down": 1, "fac_summary": "", "biz_50m": 9, "near_trans_seg": 0}}, {"type": "Feature", "geometry": {"type": "LineString", "coordinates": [[-82.98717337768079, 39.94662240128362], [-82.98738699322253, 39.946636629764754]]}, "properties": {"ticket_id": "DEMO-20260713-0021", "priority_level": "MODERATE", "GLOBALID": "DEMO-SEG-005351", "kind": "service", "material": "MDPE", "vintage_year": 1993, "diameter_in": 1.0, "coated": false, "s1_score": 0.265, "overall_pct": 0.672, "seg_level": "LOW", "like_pct": 0.513, "cons_pct": 0.672, "svc_down": 1, "fac_summary": "", "biz_50m": 10, "near_trans_seg": 0}}, {"type": "Feature", "geometry": {"type": "LineString", "coordinates": [[-82.98770746154665, 39.94682174503003], [-82.98773935000007, 39.946446450005745]]}, "properties": {"ticket_id": "DEMO-20260713-0021", "priority_level": "MODERATE", "GLOBALID": "DEMO-SEG-007239", "kind": "service", "material": "MDPE", "vintage_year": 1993, "diameter_in": 0.5, "coated": false, "s1_score": 0.265, "overall_pct": 0.862, "seg_level": "MODERATE", "like_pct": 0.516, "cons_pct": 0.862, "svc_down": 1, "fac_summary": "", "biz_50m": 15, "near_trans_seg": 0}}, {"type": "Feature", "geometry": {"type": "LineString", "coordinates": [[-82.98790025864108, 39.94683145085883], [-82.9879287878275, 39.94649577394652]]}, "properties": {"ticket_id": "DEMO-20260713-0021", "priority_level": "MODERATE", "GLOBALID": "DEMO-SEG-007006", "kind": "service", "material": "MDPE", "vintage_year": 1990, "diameter_in": 0.75, "coated": false, "s1_score": 0.273, "overall_pct": 0.845, "seg_level": "MODERATE", "like_pct": 0.554, "cons_pct": 0.845, "svc_down": 1, "fac_summary": "", "biz_50m": 14, "near_trans_seg": 0}}, {"type": "Feature", "geometry": {"type": "LineString", "coordinates": [[-82.98770737451538, 39.94682174064922], [-82.98772932605219, 39.946563393478925]]}, "properties": {"ticket_id": "DEMO-20260713-0021", "priority_level": "MODERATE", "GLOBALID": "DEMO-SEG-006573", "kind": "service", "material": "MDPE", "vintage_year": 1989, "diameter_in": 1.0, "coated": false, "s1_score": 0.281, "overall_pct": 0.845, "seg_level": "MODERATE", "like_pct": 0.59, "cons_pct": 0.845, "svc_down": 1, "fac_summary": "", "biz_50m": 14, "near_trans_seg": 0}}, {"type": "Feature", "geometry": {"type": "LineString", "coordinates": [[-82.98788260266764, 39.94683056190495], [-82.98790400000082, 39.94657880000267]]}, "properties": {"ticket_id": "DEMO-20260713-0021", "priority_level": "MODERATE", "GLOBALID": "DEMO-SEG-006525", "kind": "service", "material": "MDPE", "vintage_year": 1986, "diameter_in": 1.25, "coated": false, "s1_score": 0.298, "overall_pct": 0.845, "seg_level": "MODERATE", "like_pct": 0.658, "cons_pct": 0.845, "svc_down": 1, "fac_summary": "", "biz_50m": 14, "near_trans_seg": 0}}, {"type": "Feature", "geometry": {"type": "LineString", "coordinates": [[-82.98789682451053, 39.946831277955326], [-82.98791104999988, 39.94666390001053]]}, "properties": {"ticket_id": "DEMO-20260713-0021", "priority_level": "MODERATE", "GLOBALID": "DEMO-SEG-005412", "kind": "service", "material": "MDPE", "vintage_year": 1991, "diameter_in": 1.0, "coated": false, "s1_score": 0.266, "overall_pct": 0.816, "seg_level": "MODERATE", "like_pct": 0.518, "cons_pct": 0.816, "svc_down": 1, "fac_summary": "", "biz_50m": 13, "near_trans_seg": 0}}, {"type": "Feature", "geometry": {"type": "LineString", "coordinates": [[-82.9873692791759, 39.946806346901575], [-82.98737508328608, 39.946714186542835]]}, "properties": {"ticket_id": "DEMO-20260713-0021", "priority_level": "MODERATE", "GLOBALID": "DEMO-SEG-003917", "kind": "service", "material": "MDPE", "vintage_year": 1999, "diameter_in": 0.5, "coated": false, "s1_score": 0.247, "overall_pct": 0.672, "seg_level": "LOW", "like_pct": 0.427, "cons_pct": 0.672, "svc_down": 1, "fac_summary": "", "biz_50m": 10, "near_trans_seg": 0}}, {"type": "Feature", "geometry": {"type": "LineString", "coordinates": [[-82.98641465319946, 39.94676103297558], [-82.98642775000016, 39.946588600008454]]}, "properties": {"ticket_id": "DEMO-20260713-0021", "priority_level": "MODERATE", "GLOBALID": "DEMO-SEG-005538", "kind": "service", "material": "MDPE", "vintage_year": 1988, "diameter_in": 0.5, "coated": false, "s1_score": 0.301, "overall_pct": 0.777, "seg_level": "LOW", "like_pct": 0.672, "cons_pct": 0.777, "svc_down": 1, "fac_summary": "", "biz_50m": 12, "near_trans_seg": 0}}, {"type": "Feature", "geometry": {"type": "LineString", "coordinates": [[-82.98640135464429, 39.94676043460671], [-82.98640764999993, 39.946677550010435]]}, "properties": {"ticket_id": "DEMO-20260713-0021", "priority_level": "MODERATE", "GLOBALID": "DEMO-SEG-003773", "kind": "service", "material": "MDPE", "vintage_year": 1991, "diameter_in": 1.25, "coated": false, "s1_score": 0.293, "overall_pct": 0.672, "seg_level": "LOW", "like_pct": 0.642, "cons_pct": 0.672, "svc_down": 1, "fac_summary": "", "biz_50m": 10, "near_trans_seg": 0}}, {"type": "Feature", "geometry": {"type": "LineString", "coordinates": [[-82.9865394529603, 39.94676676801452], [-82.9865206, 39.9467658], [-82.98627762857313, 39.94675486747468]]}, "properties": {"ticket_id": "DEMO-20260713-0021", "priority_level": "MODERATE", "GLOBALID": "DEMO-SEG-000707", "kind": "main", "material": "MDPE", "vintage_year": 1986, "diameter_in": 4.0, "coated": false, "s1_score": 0.262, "overall_pct": 0.707, "seg_level": "LOW", "like_pct": 0.5, "cons_pct": 0.707, "svc_down": 0, "fac_summary": "", "biz_50m": 11, "near_trans_seg": 0}}, {"type": "Feature", "geometry": {"type": "LineString", "coordinates": [[-82.98642629223279, 39.94676155667296], [-82.98641940000108, 39.94685230000063]]}, "properties": {"ticket_id": "DEMO-20260713-0021", "priority_level": "MODERATE", "GLOBALID": "DEMO-SEG-003894", "kind": "service", "material": "MDPE", "vintage_year": 1991, "diameter_in": 0.75, "coated": false, "s1_score": 0.295, "overall_pct": 0.672, "seg_level": "LOW", "like_pct": 0.647, "cons_pct": 0.672, "svc_down": 1, "fac_summary": "", "biz_50m": 10, "near_trans_seg": 0}}, {"type": "Feature", "geometry": {"type": "LineString", "coordinates": [[-82.98661487742956, 39.94677064068996], [-82.98663798552192, 39.94650402391139]]}, "properties": {"ticket_id": "DEMO-20260713-0021", "priority_level": "MODERATE", "GLOBALID": "DEMO-SEG-006634", "kind": "service", "material": "MDPE", "vintage_year": 1992, "diameter_in": 1.25, "coated": false, "s1_score": 0.265, "overall_pct": 0.816, "seg_level": "MODERATE", "like_pct": 0.514, "cons_pct": 0.816, "svc_down": 1, "fac_summary": "", "biz_50m": 13, "near_trans_seg": 0}}, {"type": "Feature", "geometry": {"type": "LineString", "coordinates": [[-82.9871536, 39.94679829999999], [-82.98718030509507, 39.9465607900781]]}, "properties": {"ticket_id": "DEMO-20260713-0021", "priority_level": "MODERATE", "GLOBALID": "DEMO-SEG-001290", "kind": "main", "material": "MDPE", "vintage_year": 1993, "diameter_in": 6.0, "coated": false, "s1_score": 0.225, "overall_pct": 0.962, "seg_level": "HIGH", "like_pct": 0.321, "cons_pct": 0.962, "svc_down": 13, "fac_summary": "", "biz_50m": 10, "near_trans_seg": 0}}, {"type": "Feature", "geometry": {"type": "LineString", "coordinates": [[-82.98689447761483, 39.946784996350836], [-82.98690693636536, 39.946641243081494]]}, "properties": {"ticket_id": "DEMO-20260713-0021", "priority_level": "MODERATE", "GLOBALID": "DEMO-SEG-004871", "kind": "service", "material": "MDPE", "vintage_year": 1998, "diameter_in": 0.5, "coated": false, "s1_score": 0.298, "overall_pct": 0.672, "seg_level": "LOW", "like_pct": 0.659, "cons_pct": 0.672, "svc_down": 1, "fac_summary": "", "biz_50m": 10, "near_trans_seg": 0}}, {"type": "Feature", "geometry": {"type": "LineString", "coordinates": [[-82.98684652642638, 39.94678253441595], [-82.9865394529603, 39.94676676801452]]}, "properties": {"ticket_id": "DEMO-20260713-0021", "priority_level": "MODERATE", "GLOBALID": "DEMO-SEG-000706", "kind": "main", "material": "MDPE", "vintage_year": 1990, "diameter_in": 4.0, "coated": false, "s1_score": 0.279, "overall_pct": 0.753, "seg_level": "LOW", "like_pct": 0.58, "cons_pct": 0.753, "svc_down": 0, "fac_summary": "", "biz_50m": 12, "near_trans_seg": 0}}, {"type": "Feature", "geometry": {"type": "LineString", "coordinates": [[-82.9871536, 39.94679829999999], [-82.98684652642638, 39.94678253441595]]}, "properties": {"ticket_id": "DEMO-20260713-0021", "priority_level": "MODERATE", "GLOBALID": "DEMO-SEG-000705", "kind": "main", "material": "MDPE", "vintage_year": 1994, "diameter_in": 3.0, "coated": false, "s1_score": 0.266, "overall_pct": 0.635, "seg_level": "LOW", "like_pct": 0.521, "cons_pct": 0.635, "svc_down": 0, "fac_summary": "", "biz_50m": 10, "near_trans_seg": 0}}, {"type": "Feature", "geometry": {"type": "LineString", "coordinates": [[-82.98664463637368, 39.94677216865169], [-82.98663795752375, 39.94684922804293]]}, "properties": {"ticket_id": "DEMO-20260713-0021", "priority_level": "MODERATE", "GLOBALID": "DEMO-SEG-003688", "kind": "service", "material": "MDPE", "vintage_year": 1989, "diameter_in": 0.75, "coated": false, "s1_score": 0.287, "overall_pct": 0.672, "seg_level": "LOW", "like_pct": 0.616, "cons_pct": 0.672, "svc_down": 1, "fac_summary": "", "biz_50m": 10, "near_trans_seg": 0}}, {"type": "Feature", "geometry": {"type": "LineString", "coordinates": [[-82.98694858636395, 39.94678777440629], [-82.98694017757242, 39.94688479850455]]}, "properties": {"ticket_id": "DEMO-20260713-0021", "priority_level": "MODERATE", "GLOBALID": "DEMO-SEG-003979", "kind": "service", "material": "MDPE", "vintage_year": 1997, "diameter_in": 1.25, "coated": false, "s1_score": 0.265, "overall_pct": 0.672, "seg_level": "LOW", "like_pct": 0.513, "cons_pct": 0.672, "svc_down": 1, "fac_summary": "", "biz_50m": 10, "near_trans_seg": 0}}, {"type": "Feature", "geometry": {"type": "LineString", "coordinates": [[-82.98662470192994, 39.94677114512607], [-82.98660982388832, 39.94694280458519]]}, "properties": {"ticket_id": "DEMO-20260713-0021", "priority_level": "MODERATE", "GLOBALID": "DEMO-SEG-005523", "kind": "service", "material": "MDPE", "vintage_year": 1994, "diameter_in": 0.75, "coated": false, "s1_score": 0.289, "overall_pct": 0.777, "seg_level": "LOW", "like_pct": 0.625, "cons_pct": 0.777, "svc_down": 1, "fac_summary": "", "biz_50m": 12, "near_trans_seg": 0}}, {"type": "Feature", "geometry": {"type": "LineString", "coordinates": [[-82.98714264086323, 39.94694373340633], [-82.9871536, 39.94679829999999]]}, "properties": {"ticket_id": "DEMO-20260713-0021", "priority_level": "MODERATE", "GLOBALID": "DEMO-SEG-002278", "kind": "main", "material": "MDPE", "vintage_year": 1985, "diameter_in": 4.0, "coated": false, "s1_score": 0.284, "overall_pct": 0.635, "seg_level": "LOW", "like_pct": 0.601, "cons_pct": 0.635, "svc_down": 0, "fac_summary": "", "biz_50m": 10, "near_trans_seg": 0}}, {"type": "Feature", "geometry": {"type": "LineString", "coordinates": [[-82.9866270656435, 39.94677126649013], [-82.98661132813068, 39.946952842384654]]}, "properties": {"ticket_id": "DEMO-20260713-0021", "priority_level": "MODERATE", "GLOBALID": "DEMO-SEG-006650", "kind": "service", "material": "MDPE", "vintage_year": 1995, "diameter_in": 0.75, "coated": false, "s1_score": 0.28, "overall_pct": 0.816, "seg_level": "MODERATE", "like_pct": 0.587, "cons_pct": 0.816, "svc_down": 1, "fac_summary": "", "biz_50m": 13, "near_trans_seg": 0}}, {"type": "Feature", "geometry": {"type": "LineString", "coordinates": [[-82.98895311753981, 39.94646552394211], [-82.98888467604468, 39.946461343827586]]}, "properties": {"ticket_id": "DEMO-20260713-0021", "priority_level": "MODERATE", "GLOBALID": "DEMO-SEG-003554", "kind": "service", "material": "MDPE", "vintage_year": 2001, "diameter_in": 1.0, "coated": false, "s1_score": 0.239, "overall_pct": 0.777, "seg_level": "LOW", "like_pct": 0.387, "cons_pct": 0.777, "svc_down": 1, "fac_summary": "", "biz_50m": 12, "near_trans_seg": 0}}, {"type": "Feature", "geometry": {"type": "LineString", "coordinates": [[-82.98889426674087, 39.947267600006235], [-82.98889595284807, 39.94724863379311]]}, "properties": {"ticket_id": "DEMO-20260713-0021", "priority_level": "MODERATE", "GLOBALID": "DEMO-SEG-003265", "kind": "main", "material": "MDPE", "vintage_year": 1992, "diameter_in": 4.0, "coated": false, "s1_score": 0.286, "overall_pct": 0.753, "seg_level": "LOW", "like_pct": 0.611, "cons_pct": 0.753, "svc_down": 0, "fac_summary": "", "biz_50m": 12, "near_trans_seg": 0}}, {"type": "Feature", "geometry": {"type": "LineString", "coordinates": [[-82.98888971844445, 39.9473187615763], [-82.98880785000043, 39.947314450003184]]}, "properties": {"ticket_id": "DEMO-20260713-0021", "priority_level": "MODERATE", "GLOBALID": "DEMO-SEG-003527", "kind": "service", "material": "MDPE", "vintage_year": 1998, "diameter_in": 0.75, "coated": false, "s1_score": 0.25, "overall_pct": 0.672, "seg_level": "LOW", "like_pct": 0.442, "cons_pct": 0.672, "svc_down": 1, "fac_summary": "", "biz_50m": 10, "near_trans_seg": 0}}, {"type": "Feature", "geometry": {"type": "LineString", "coordinates": [[-82.9888771, 39.9474607], [-82.98889426674087, 39.947267600006235]]}, "properties": {"ticket_id": "DEMO-20260713-0021", "priority_level": "MODERATE", "GLOBALID": "DEMO-SEG-003264", "kind": "main", "material": "MDPE", "vintage_year": 1997, "diameter_in": 4.0, "coated": false, "s1_score": 0.198, "overall_pct": 0.707, "seg_level": "LOW", "like_pct": 0.203, "cons_pct": 0.707, "svc_down": 0, "fac_summary": "", "biz_50m": 11, "near_trans_seg": 0}}, {"type": "Feature", "geometry": {"type": "LineString", "coordinates": [[-82.98888358231741, 39.94738778378574], [-82.9888280241189, 39.94738485784031]]}, "properties": {"ticket_id": "DEMO-20260713-0021", "priority_level": "MODERATE", "GLOBALID": "DEMO-SEG-003464", "kind": "service", "material": "MDPE", "vintage_year": 1996, "diameter_in": 1.0, "coated": false, "s1_score": 0.25, "overall_pct": 0.73, "seg_level": "LOW", "like_pct": 0.442, "cons_pct": 0.73, "svc_down": 1, "fac_summary": "", "biz_50m": 11, "near_trans_seg": 0}}, {"type": "Feature", "geometry": {"type": "LineString", "coordinates": [[-82.98888315157332, 39.947392629005556], [-82.98897004832753, 39.94739720532653]]}, "properties": {"ticket_id": "DEMO-20260713-0021", "priority_level": "MODERATE", "GLOBALID": "DEMO-SEG-003555", "kind": "service", "material": "MDPE", "vintage_year": 2001, "diameter_in": 1.25, "coated": false, "s1_score": 0.261, "overall_pct": 0.73, "seg_level": "LOW", "like_pct": 0.492, "cons_pct": 0.73, "svc_down": 1, "fac_summary": "", "biz_50m": 11, "near_trans_seg": 0}}, {"type": "Feature", "geometry": {"type": "LineString", "coordinates": [[-82.9888771, 39.9474607], [-82.98898208194578, 39.94746530219348]]}, "properties": {"ticket_id": "DEMO-20260713-0021", "priority_level": "MODERATE", "GLOBALID": "DEMO-SEG-002566", "kind": "main", "material": "MDPE", "vintage_year": 1989, "diameter_in": 4.0, "coated": false, "s1_score": 0.276, "overall_pct": 0.879, "seg_level": "MODERATE", "like_pct": 0.568, "cons_pct": 0.879, "svc_down": 4, "fac_summary": "", "biz_50m": 10, "near_trans_seg": 0}}, {"type": "Feature", "geometry": {"type": "LineString", "coordinates": [[-82.98880255531822, 39.94745744096809], [-82.98879580752084, 39.94754887245792]]}, "properties": {"ticket_id": "DEMO-20260713-0021", "priority_level": "MODERATE", "GLOBALID": "DEMO-SEG-003905", "kind": "service", "material": "MDPE", "vintage_year": 1992, "diameter_in": 1.0, "coated": false, "s1_score": 0.287, "overall_pct": 0.616, "seg_level": "LOW", "like_pct": 0.616, "cons_pct": 0.592, "svc_down": 1, "fac_summary": "", "biz_50m": 9, "near_trans_seg": 0}}, {"type": "Feature", "geometry": {"type": "LineString", "coordinates": [[-82.98820343701766, 39.946686581699005], [-82.98818645639619, 39.94668574426442]]}, "properties": {"ticket_id": "DEMO-20260713-0021", "priority_level": "MODERATE", "GLOBALID": "DEMO-SEG-004989", "kind": "service", "material": "MDPE", "vintage_year": 1990, "diameter_in": 0.5, "coated": false, "s1_score": 0.311, "overall_pct": 0.73, "seg_level": "LOW", "like_pct": 0.701, "cons_pct": 0.73, "svc_down": 1, "fac_summary": "", "biz_50m": 11, "near_trans_seg": 0}}, {"type": "Feature", "geometry": {"type": "LineString", "coordinates": [[-82.9881535830704, 39.946844205094585], [-82.98816149999783, 39.9467510500288]]}, "properties": {"ticket_id": "DEMO-20260713-0021", "priority_level": "MODERATE", "GLOBALID": "DEMO-SEG-003932", "kind": "service", "material": "MDPE", "vintage_year": 2002, "diameter_in": 1.25, "coated": false, "s1_score": 0.238, "overall_pct": 0.777, "seg_level": "LOW", "like_pct": 0.382, "cons_pct": 0.777, "svc_down": 1, "fac_summary": "", "biz_50m": 12, "near_trans_seg": 0}}, {"type": "Feature", "geometry": {"type": "LineString", "coordinates": [[-82.98806448176563, 39.946839719136086], [-82.98820808117368, 39.94684694886125]]}, "properties": {"ticket_id": "DEMO-20260713-0021", "priority_level": "MODERATE", "GLOBALID": "DEMO-SEG-002273", "kind": "main", "material": "MDPE", "vintage_year": 1998, "diameter_in": 4.0, "coated": false, "s1_score": 0.225, "overall_pct": 0.8, "seg_level": "MODERATE", "like_pct": 0.321, "cons_pct": 0.8, "svc_down": 0, "fac_summary": "", "biz_50m": 13, "near_trans_seg": 0}}, {"type": "Feature", "geometry": {"type": "LineString", "coordinates": [[-82.98818032597731, 39.946845551498754], [-82.98817320000022, 39.94692940001371]]}, "properties": {"ticket_id": "DEMO-20260713-0021", "priority_level": "MODERATE", "GLOBALID": "DEMO-SEG-003788", "kind": "service", "material": "MDPE", "vintage_year": 2002, "diameter_in": 0.75, "coated": false, "s1_score": 0.247, "overall_pct": 0.73, "seg_level": "LOW", "like_pct": 0.423, "cons_pct": 0.73, "svc_down": 1, "fac_summary": "", "biz_50m": 11, "near_trans_seg": 0}}, {"type": "Feature", "geometry": {"type": "LineString", "coordinates": [[-82.98761208131066, 39.946816943917], [-82.98761766115518, 39.9467512760613]]}, "properties": {"ticket_id": "DEMO-20260713-0021", "priority_level": "MODERATE", "GLOBALID": "DEMO-SEG-003544", "kind": "service", "material": "MDPE", "vintage_year": 1993, "diameter_in": 0.75, "coated": false, "s1_score": 0.286, "overall_pct": 0.73, "seg_level": "LOW", "like_pct": 0.611, "cons_pct": 0.73, "svc_down": 1, "fac_summary": "", "biz_50m": 11, "near_trans_seg": 0}}, {"type": "Feature", "geometry": {"type": "LineString", "coordinates": [[-82.9877389728901, 39.94682333118525], [-82.98774542386104, 39.946747409587154]]}, "properties": {"ticket_id": "DEMO-20260713-0021", "priority_level": "MODERATE", "GLOBALID": "DEMO-SEG-003669", "kind": "service", "material": "MDPE", "vintage_year": 1987, "diameter_in": 0.75, "coated": false, "s1_score": 0.309, "overall_pct": 0.777, "seg_level": "LOW", "like_pct": 0.696, "cons_pct": 0.777, "svc_down": 1, "fac_summary": "", "biz_50m": 12, "near_trans_seg": 0}}, {"type": "Feature", "geometry": {"type": "LineString", "coordinates": [[-82.9879066001411, 39.946831770143945], [-82.9879133760537, 39.94675204430156]]}, "properties": {"ticket_id": "DEMO-20260713-0021", "priority_level": "MODERATE", "GLOBALID": "DEMO-SEG-003721", "kind": "service", "material": "MDPE", "vintage_year": 1989, "diameter_in": 1.0, "coated": false, "s1_score": 0.295, "overall_pct": 0.73, "seg_level": "LOW", "like_pct": 0.649, "cons_pct": 0.73, "svc_down": 1, "fac_summary": "", "biz_50m": 11, "near_trans_seg": 0}}, {"type": "Feature", "geometry": {"type": "LineString", "coordinates": [[-82.9871536, 39.94679829999999], [-82.98745741005219, 39.94680963491215]]}, "properties": {"ticket_id": "DEMO-20260713-0021", "priority_level": "MODERATE", "GLOBALID": "DEMO-SEG-002270", "kind": "main", "material": "Steel", "vintage_year": 1994, "diameter_in": 3.0, "coated": true, "s1_score": 0.431, "overall_pct": 0.975, "seg_level": "HIGH", "like_pct": 0.751, "cons_pct": 0.975, "svc_down": 14, "fac_summary": "", "biz_50m": 11, "near_trans_seg": 0}}, {"type": "Feature", "geometry": {"type": "LineString", "coordinates": [[-82.98745741005219, 39.94680963491215], [-82.987494, 39.946811000000004], [-82.98776096358012, 39.94682443810365]]}, "properties": {"ticket_id": "DEMO-20260713-0021", "priority_level": "MODERATE", "GLOBALID": "DEMO-SEG-002271", "kind": "main", "material": "MDPE", "vintage_year": 1988, "diameter_in": 4.0, "coated": false, "s1_score": 0.283, "overall_pct": 0.8, "seg_level": "MODERATE", "like_pct": 0.599, "cons_pct": 0.8, "svc_down": 0, "fac_summary": "", "biz_50m": 13, "near_trans_seg": 0}}, {"type": "Feature", "geometry": {"type": "LineString", "coordinates": [[-82.98776096358012, 39.94682443810365], [-82.9878059, 39.9468267], [-82.98806448176563, 39.946839719136086]]}, "properties": {"ticket_id": "DEMO-20260713-0021", "priority_level": "MODERATE", "GLOBALID": "DEMO-SEG-002272", "kind": "main", "material": "MDPE", "vintage_year": 1985, "diameter_in": 2.0, "coated": false, "s1_score": 0.278, "overall_pct": 0.8, "seg_level": "MODERATE", "like_pct": 0.575, "cons_pct": 0.8, "svc_down": 0, "fac_summary": "", "biz_50m": 13, "near_trans_seg": 0}}, {"type": "Feature", "geometry": {"type": "LineString", "coordinates": [[-82.98735167693614, 39.94680569018438], [-82.98734540227, 39.94690532165433]]}, "properties": {"ticket_id": "DEMO-20260713-0021", "priority_level": "MODERATE", "GLOBALID": "DEMO-SEG-004010", "kind": "service", "material": "MDPE", "vintage_year": 1999, "diameter_in": 0.75, "coated": false, "s1_score": 0.255, "overall_pct": 0.672, "seg_level": "LOW", "like_pct": 0.461, "cons_pct": 0.672, "svc_down": 1, "fac_summary": "", "biz_50m": 10, "near_trans_seg": 0}}, {"type": "Feature", "geometry": {"type": "LineString", "coordinates": [[-82.98768740375077, 39.946820735396166], [-82.98767970000026, 39.94691140000924]]}, "properties": {"ticket_id": "DEMO-20260713-0021", "priority_level": "MODERATE", "GLOBALID": "DEMO-SEG-003891", "kind": "service", "material": "MDPE", "vintage_year": 1989, "diameter_in": 1.0, "coated": false, "s1_score": 0.322, "overall_pct": 0.777, "seg_level": "LOW", "like_pct": 0.728, "cons_pct": 0.777, "svc_down": 1, "fac_summary": "", "biz_50m": 12, "near_trans_seg": 0}}, {"type": "Feature", "geometry": {"type": "LineString", "coordinates": [[-82.98792019297956, 39.94683245452198], [-82.98791302394464, 39.94691680591111]]}, "properties": {"ticket_id": "DEMO-20260713-0021", "priority_level": "MODERATE", "GLOBALID": "DEMO-SEG-003794", "kind": "service", "material": "MDPE", "vintage_year": 1990, "diameter_in": 1.0, "coated": false, "s1_score": 0.312, "overall_pct": 0.73, "seg_level": "LOW", "like_pct": 0.704, "cons_pct": 0.73, "svc_down": 1, "fac_summary": "", "biz_50m": 11, "near_trans_seg": 0}}, {"type": "Feature", "geometry": {"type": "LineString", "coordinates": [[-82.98769363821675, 39.94682104921606], [-82.98767833731121, 39.94700112394572]]}, "properties": {"ticket_id": "DEMO-20260713-0021", "priority_level": "MODERATE", "GLOBALID": "DEMO-SEG-005717", "kind": "service", "material": "MDPE", "vintage_year": 1990, "diameter_in": 1.0, "coated": false, "s1_score": 0.296, "overall_pct": 0.845, "seg_level": "MODERATE", "like_pct": 0.652, "cons_pct": 0.845, "svc_down": 1, "fac_summary": "", "biz_50m": 14, "near_trans_seg": 0}}, {"type": "Feature", "geometry": {"type": "LineString", "coordinates": [[-82.9864405112323, 39.94676219645413], [-82.9864264259741, 39.9469476437013]]}, "properties": {"ticket_id": "DEMO-20260713-0021", "priority_level": "MODERATE", "GLOBALID": "DEMO-SEG-005817", "kind": "service", "material": "MDPE", "vintage_year": 1988, "diameter_in": 0.75, "coated": false, "s1_score": 0.306, "overall_pct": 0.777, "seg_level": "LOW", "like_pct": 0.687, "cons_pct": 0.777, "svc_down": 1, "fac_summary": "", "biz_50m": 12, "near_trans_seg": 0}}, {"type": "Feature", "geometry": {"type": "LineString", "coordinates": [[-82.98643849748524, 39.94676210584608], [-82.98642376629188, 39.9469560574167]]}, "properties": {"ticket_id": "DEMO-20260713-0021", "priority_level": "MODERATE", "GLOBALID": "DEMO-SEG-006615", "kind": "service", "material": "MDPE", "vintage_year": 1990, "diameter_in": 0.75, "coated": false, "s1_score": 0.264, "overall_pct": 0.816, "seg_level": "MODERATE", "like_pct": 0.506, "cons_pct": 0.816, "svc_down": 1, "fac_summary": "", "biz_50m": 13, "near_trans_seg": 0}}, {"type": "Feature", "geometry": {"type": "LineString", "coordinates": [[-82.98789004556735, 39.946830936645014], [-82.98787580000045, 39.94699855000387]]}, "properties": {"ticket_id": "DEMO-20260713-0021", "priority_level": "MODERATE", "GLOBALID": "DEMO-SEG-005423", "kind": "service", "material": "MDPE", "vintage_year": 1985, "diameter_in": 0.75, "coated": false, "s1_score": 0.336, "overall_pct": 0.816, "seg_level": "MODERATE", "like_pct": 0.74, "cons_pct": 0.816, "svc_down": 1, "fac_summary": "", "biz_50m": 13, "near_trans_seg": 0}}, {"type": "Feature", "geometry": {"type": "LineString", "coordinates": [[-82.98772296110918, 39.946822525217215], [-82.98770214999996, 39.947067450005]]}, "properties": {"ticket_id": "DEMO-20260713-0021", "priority_level": "MODERATE", "GLOBALID": "DEMO-SEG-006469", "kind": "service", "material": "MDPE", "vintage_year": 1991, "diameter_in": 1.25, "coated": false, "s1_score": 0.27, "overall_pct": 0.845, "seg_level": "MODERATE", "like_pct": 0.539, "cons_pct": 0.845, "svc_down": 1, "fac_summary": "", "biz_50m": 14, "near_trans_seg": 0}}, {"type": "Feature", "geometry": {"type": "LineString", "coordinates": [[-82.98788848164438, 39.94683085790361], [-82.98786610000043, 39.94709420000465]]}, "properties": {"ticket_id": "DEMO-20260713-0021", "priority_level": "MODERATE", "GLOBALID": "DEMO-SEG-006609", "kind": "service", "material": "MDPE", "vintage_year": 1990, "diameter_in": 1.25, "coated": false, "s1_score": 0.32, "overall_pct": 0.845, "seg_level": "MODERATE", "like_pct": 0.724, "cons_pct": 0.845, "svc_down": 1, "fac_summary": "", "biz_50m": 14, "near_trans_seg": 0}}, {"type": "Feature", "geometry": {"type": "LineString", "coordinates": [[-82.98765615430125, 39.9474068904281], [-82.98767365000003, 39.9471774500064]]}, "properties": {"ticket_id": "DEMO-20260713-0021", "priority_level": "MODERATE", "GLOBALID": "DEMO-SEG-006316", "kind": "service", "material": "MDPE", "vintage_year": 1994, "diameter_in": 0.5, "coated": false, "s1_score": 0.29, "overall_pct": 0.862, "seg_level": "MODERATE", "like_pct": 0.626, "cons_pct": 0.862, "svc_down": 1, "fac_summary": "", "biz_50m": 15, "near_trans_seg": 0}}, {"type": "Feature", "geometry": {"type": "LineString", "coordinates": [[-82.98782973900228, 39.94741475573295], [-82.98784701099184, 39.94718927605643]]}, "properties": {"ticket_id": "DEMO-20260713-0021", "priority_level": "MODERATE", "GLOBALID": "DEMO-SEG-006287", "kind": "service", "material": "MDPE", "vintage_year": 1985, "diameter_in": 1.0, "coated": false, "s1_score": 0.322, "overall_pct": 0.845, "seg_level": "MODERATE", "like_pct": 0.729, "cons_pct": 0.845, "svc_down": 1, "fac_summary": "", "biz_50m": 14, "near_trans_seg": 0}}, {"type": "Feature", "geometry": {"type": "LineString", "coordinates": [[-82.98732252228741, 39.94739181901034], [-82.98733401773958, 39.94724107620432]]}, "properties": {"ticket_id": "DEMO-20260713-0021", "priority_level": "MODERATE", "GLOBALID": "DEMO-SEG-005003", "kind": "service", "material": "MDPE", "vintage_year": 1995, "diameter_in": 1.0, "coated": false, "s1_score": 0.283, "overall_pct": 0.777, "seg_level": "LOW", "like_pct": 0.597, "cons_pct": 0.777, "svc_down": 1, "fac_summary": "", "biz_50m": 12, "near_trans_seg": 0}}, {"type": "Feature", "geometry": {"type": "LineString", "coordinates": [[-82.98764368097615, 39.94740632697835], [-82.98765490000002, 39.947259200008304]]}, "properties": {"ticket_id": "DEMO-20260713-0021", "priority_level": "MODERATE", "GLOBALID": "DEMO-SEG-004931", "kind": "service", "material": "MDPE", "vintage_year": 1992, "diameter_in": 1.25, "coated": false, "s1_score": 0.289, "overall_pct": 0.845, "seg_level": "MODERATE", "like_pct": 0.623, "cons_pct": 0.845, "svc_down": 1, "fac_summary": "", "biz_50m": 14, "near_trans_seg": 0}}, {"type": "Feature", "geometry": {"type": "LineString", "coordinates": [[-82.98783313194191, 39.94741490969792], [-82.9878439760503, 39.94727334375819]]}, "properties": {"ticket_id": "DEMO-20260713-0021", "priority_level": "MODERATE", "GLOBALID": "DEMO-SEG-004816", "kind": "service", "material": "MDPE", "vintage_year": 1985, "diameter_in": 0.5, "coated": false, "s1_score": 0.347, "overall_pct": 0.816, "seg_level": "MODERATE", "like_pct": 0.744, "cons_pct": 0.816, "svc_down": 1, "fac_summary": "", "biz_50m": 13, "near_trans_seg": 0}}, {"type": "Feature", "geometry": {"type": "LineString", "coordinates": [[-82.98733608507395, 39.947392431711506], [-82.98734089786197, 39.9473293202859]]}, "properties": {"ticket_id": "DEMO-20260713-0021", "priority_level": "MODERATE", "GLOBALID": "DEMO-SEG-003528", "kind": "service", "material": "MDPE", "vintage_year": 1997, "diameter_in": 0.75, "coated": false, "s1_score": 0.244, "overall_pct": 0.73, "seg_level": "LOW", "like_pct": 0.412, "cons_pct": 0.73, "svc_down": 1, "fac_summary": "", "biz_50m": 11, "near_trans_seg": 0}}, {"type": "Feature", "geometry": {"type": "LineString", "coordinates": [[-82.98811182787301, 39.947427556031805], [-82.98812246238204, 39.94728871896699]]}, "properties": {"ticket_id": "DEMO-20260713-0021", "priority_level": "MODERATE", "GLOBALID": "DEMO-SEG-004759", "kind": "service", "material": "MDPE", "vintage_year": 1985, "diameter_in": 1.0, "coated": false, "s1_score": 0.316, "overall_pct": 0.777, "seg_level": "LOW", "like_pct": 0.714, "cons_pct": 0.777, "svc_down": 1, "fac_summary": "", "biz_50m": 12, "near_trans_seg": 0}}, {"type": "Feature", "geometry": {"type": "LineString", "coordinates": [[-82.98821362369208, 39.94703833565069], [-82.98815747327416, 39.94703685212004]]}, "properties": {"ticket_id": "DEMO-20260713-0021", "priority_level": "MODERATE", "GLOBALID": "DEMO-SEG-005122", "kind": "service", "material": "MDPE", "vintage_year": 1991, "diameter_in": 1.0, "coated": false, "s1_score": 0.262, "overall_pct": 0.777, "seg_level": "LOW", "like_pct": 0.495, "cons_pct": 0.777, "svc_down": 1, "fac_summary": "", "biz_50m": 12, "near_trans_seg": 0}}, {"type": "Feature", "geometry": {"type": "LineString", "coordinates": [[-82.9882158400069, 39.947114865938445], [-82.9881423283208, 39.94711292371185]]}, "properties": {"ticket_id": "DEMO-20260713-0021", "priority_level": "MODERATE", "GLOBALID": "DEMO-SEG-005343", "kind": "service", "material": "MDPE", "vintage_year": 1990, "diameter_in": 0.75, "coated": false, "s1_score": 0.283, "overall_pct": 0.777, "seg_level": "LOW", "like_pct": 0.6, "cons_pct": 0.777, "svc_down": 1, "fac_summary": "", "biz_50m": 12, "near_trans_seg": 0}}, {"type": "Feature", "geometry": {"type": "LineString", "coordinates": [[-82.98821846855292, 39.94720563036267], [-82.98812743520692, 39.947203225203744]]}, "properties": {"ticket_id": "DEMO-20260713-0021", "priority_level": "MODERATE", "GLOBALID": "DEMO-SEG-005551", "kind": "service", "material": "MDPE", "vintage_year": 1990, "diameter_in": 0.5, "coated": false, "s1_score": 0.291, "overall_pct": 0.777, "seg_level": "LOW", "like_pct": 0.631, "cons_pct": 0.777, "svc_down": 1, "fac_summary": "", "biz_50m": 12, "near_trans_seg": 0}}, {"type": "Feature", "geometry": {"type": "LineString", "coordinates": [[-82.98834895723373, 39.94728199793832], [-82.98854629117234, 39.947287211146325]]}, "properties": {"ticket_id": "DEMO-20260713-0021", "priority_level": "MODERATE", "GLOBALID": "DEMO-SEG-005020", "kind": "service", "material": "MDPE", "vintage_year": 1997, "diameter_in": 0.75, "coated": false, "s1_score": 0.254, "overall_pct": 0.672, "seg_level": "LOW", "like_pct": 0.458, "cons_pct": 0.672, "svc_down": 1, "fac_summary": "", "biz_50m": 10, "near_trans_seg": 0}}, {"type": "Feature", "geometry": {"type": "LineString", "coordinates": [[-82.988342, 39.94743799999999], [-82.98835002740088, 39.94725800154495]]}, "properties": {"ticket_id": "DEMO-20260713-0021", "priority_level": "MODERATE", "GLOBALID": "DEMO-SEG-002267", "kind": "main", "material": "MDPE", "vintage_year": 1995, "diameter_in": 2.0, "coated": false, "s1_score": 0.272, "overall_pct": 0.753, "seg_level": "LOW", "like_pct": 0.55, "cons_pct": 0.753, "svc_down": 0, "fac_summary": "", "biz_50m": 12, "near_trans_seg": 0}}, {"type": "Feature", "geometry": {"type": "LineString", "coordinates": [[-82.9881255919809, 39.94742818058565], [-82.98812975256713, 39.9473738626504]]}, "properties": {"ticket_id": "DEMO-20260713-0021", "priority_level": "MODERATE", "GLOBALID": "DEMO-SEG-003484", "kind": "service", "material": "MDPE", "vintage_year": 1985, "diameter_in": 1.0, "coated": false, "s1_score": 0.316, "overall_pct": 0.716, "seg_level": "LOW", "like_pct": 0.716, "cons_pct": 0.672, "svc_down": 1, "fac_summary": "", "biz_50m": 10, "near_trans_seg": 0}}, {"type": "Feature", "geometry": {"type": "LineString", "coordinates": [[-82.98725143870209, 39.94698872674241], [-82.98733414927393, 39.946992418869826]]}, "properties": {"ticket_id": "DEMO-20260713-0021", "priority_level": "MODERATE", "GLOBALID": "DEMO-SEG-004981", "kind": "service", "material": "MDPE", "vintage_year": 1986, "diameter_in": 0.75, "coated": false, "s1_score": 0.327, "overall_pct": 0.733, "seg_level": "LOW", "like_pct": 0.733, "cons_pct": 0.73, "svc_down": 1, "fac_summary": "", "biz_50m": 11, "near_trans_seg": 0}}, {"type": "Feature", "geometry": {"type": "LineString", "coordinates": [[-82.98725335108165, 39.94705479415018], [-82.98734709655935, 39.947058978853775]]}, "properties": {"ticket_id": "DEMO-20260713-0021", "priority_level": "MODERATE", "GLOBALID": "DEMO-SEG-005314", "kind": "service", "material": "MDPE", "vintage_year": 1993, "diameter_in": 1.0, "coated": false, "s1_score": 0.246, "overall_pct": 0.816, "seg_level": "MODERATE", "like_pct": 0.422, "cons_pct": 0.816, "svc_down": 1, "fac_summary": "", "biz_50m": 13, "near_trans_seg": 0}}, {"type": "Feature", "geometry": {"type": "LineString", "coordinates": [[-82.98725666137688, 39.947169155147236], [-82.98733333688365, 39.94717257785912]]}, "properties": {"ticket_id": "DEMO-20260713-0021", "priority_level": "MODERATE", "GLOBALID": "DEMO-SEG-005207", "kind": "service", "material": "MDPE", "vintage_year": 1994, "diameter_in": 1.0, "coated": false, "s1_score": 0.278, "overall_pct": 0.73, "seg_level": "LOW", "like_pct": 0.575, "cons_pct": 0.73, "svc_down": 1, "fac_summary": "", "biz_50m": 11, "near_trans_seg": 0}}, {"type": "Feature", "geometry": {"type": "LineString", "coordinates": [[-82.98741770234535, 39.94739611875174], [-82.98726302886533, 39.94738913136599]]}, "properties": {"ticket_id": "DEMO-20260713-0021", "priority_level": "MODERATE", "GLOBALID": "DEMO-SEG-002709", "kind": "main", "material": "MDPE", "vintage_year": 1992, "diameter_in": 6.0, "coated": false, "s1_score": 0.238, "overall_pct": 0.967, "seg_level": "HIGH", "like_pct": 0.382, "cons_pct": 0.967, "svc_down": 6, "fac_summary": "", "biz_50m": 13, "near_trans_seg": 0}}, {"type": "Feature", "geometry": {"type": "LineString", "coordinates": [[-82.9876561108764, 39.947406888466496], [-82.98766192393772, 39.94733065549876]]}, "properties": {"ticket_id": "DEMO-20260713-0021", "priority_level": "MODERATE", "GLOBALID": "DEMO-SEG-003672", "kind": "service", "material": "MDPE", "vintage_year": 1991, "diameter_in": 1.25, "coated": false, "s1_score": 0.302, "overall_pct": 0.816, "seg_level": "MODERATE", "like_pct": 0.674, "cons_pct": 0.816, "svc_down": 1, "fac_summary": "", "biz_50m": 13, "near_trans_seg": 0}}, {"type": "Feature", "geometry": {"type": "LineString", "coordinates": [[-82.98783208694353, 39.94741486227794], [-82.98783627383685, 39.947360203951554]]}, "properties": {"ticket_id": "DEMO-20260713-0021", "priority_level": "MODERATE", "GLOBALID": "DEMO-SEG-003485", "kind": "service", "material": "MDPE", "vintage_year": 1985, "diameter_in": 1.0, "coated": false, "s1_score": 0.29, "overall_pct": 0.777, "seg_level": "LOW", "like_pct": 0.63, "cons_pct": 0.777, "svc_down": 1, "fac_summary": "", "biz_50m": 12, "near_trans_seg": 0}}, {"type": "Feature", "geometry": {"type": "LineString", "coordinates": [[-82.98772580441891, 39.947410041433415], [-82.987694, 39.9474086], [-82.98741770234535, 39.94739611875174]]}, "properties": {"ticket_id": "DEMO-20260713-0021", "priority_level": "MODERATE", "GLOBALID": "DEMO-SEG-002708", "kind": "main", "material": "MDPE", "vintage_year": 1990, "diameter_in": 4.0, "coated": false, "s1_score": 0.273, "overall_pct": 0.832, "seg_level": "MODERATE", "like_pct": 0.555, "cons_pct": 0.832, "svc_down": 0, "fac_summary": "", "biz_50m": 14, "near_trans_seg": 0}}, {"type": "Feature", "geometry": {"type": "LineString", "coordinates": [[-82.98803390224359, 39.94742402008299], [-82.9877624, 39.9474117], [-82.98772580441891, 39.947410041433415]]}, "properties": {"ticket_id": "DEMO-20260713-0021", "priority_level": "MODERATE", "GLOBALID": "DEMO-SEG-002707", "kind": "main", "material": "Steel", "vintage_year": 1973, "diameter_in": 3.0, "coated": true, "s1_score": 0.671, "overall_pct": 0.906, "seg_level": "MODERATE", "like_pct": 0.906, "cons_pct": 0.832, "svc_down": 0, "fac_summary": "", "biz_50m": 14, "near_trans_seg": 0}}, {"type": "Feature", "geometry": {"type": "LineString", "coordinates": [[-82.98745020835274, 39.94739758718651], [-82.98744398352225, 39.94747921677353]]}, "properties": {"ticket_id": "DEMO-20260713-0021", "priority_level": "MODERATE", "GLOBALID": "DEMO-SEG-003748", "kind": "service", "material": "MDPE", "vintage_year": 1994, "diameter_in": 1.0, "coated": false, "s1_score": 0.285, "overall_pct": 0.73, "seg_level": "LOW", "like_pct": 0.607, "cons_pct": 0.73, "svc_down": 1, "fac_summary": "", "biz_50m": 11, "near_trans_seg": 0}}, {"type": "Feature", "geometry": {"type": "LineString", "coordinates": [[-82.98754980166878, 39.947402086183374], [-82.987543567931, 39.947483834135085]]}, "properties": {"ticket_id": "DEMO-20260713-0021", "priority_level": "MODERATE", "GLOBALID": "DEMO-SEG-003750", "kind": "service", "material": "MDPE", "vintage_year": 1992, "diameter_in": 0.75, "coated": false, "s1_score": 0.297, "overall_pct": 0.73, "seg_level": "LOW", "like_pct": 0.656, "cons_pct": 0.73, "svc_down": 1, "fac_summary": "", "biz_50m": 11, "near_trans_seg": 0}}, {"type": "Feature", "geometry": {"type": "LineString", "coordinates": [[-82.98782636640391, 39.94741460269094], [-82.9878189261149, 39.94751173261748]]}, "properties": {"ticket_id": "DEMO-20260713-0021", "priority_level": "MODERATE", "GLOBALID": "DEMO-SEG-003980", "kind": "service", "material": "MDPE", "vintage_year": 1985, "diameter_in": 0.75, "coated": false, "s1_score": 0.337, "overall_pct": 0.777, "seg_level": "LOW", "like_pct": 0.74, "cons_pct": 0.777, "svc_down": 1, "fac_summary": "", "biz_50m": 12, "near_trans_seg": 0}}, {"type": "Feature", "geometry": {"type": "LineString", "coordinates": [[-82.98810665196244, 39.94742732117162], [-82.98810047264159, 39.94750799399825]]}, "properties": {"ticket_id": "DEMO-20260713-0021", "priority_level": "MODERATE", "GLOBALID": "DEMO-SEG-003735", "kind": "service", "material": "MDPE", "vintage_year": 1985, "diameter_in": 0.5, "coated": false, "s1_score": 0.337, "overall_pct": 0.741, "seg_level": "LOW", "like_pct": 0.741, "cons_pct": 0.672, "svc_down": 1, "fac_summary": "", "biz_50m": 10, "near_trans_seg": 0}}, {"type": "Feature", "geometry": {"type": "LineString", "coordinates": [[-82.98800367908163, 39.94742264866434], [-82.9879958408222, 39.94752497738368]]}, "properties": {"ticket_id": "DEMO-20260713-0021", "priority_level": "MODERATE", "GLOBALID": "DEMO-SEG-004046", "kind": "service", "material": "MDPE", "vintage_year": 1985, "diameter_in": 1.25, "coated": false, "s1_score": 0.289, "overall_pct": 0.73, "seg_level": "LOW", "like_pct": 0.622, "cons_pct": 0.73, "svc_down": 1, "fac_summary": "", "biz_50m": 11, "near_trans_seg": 0}}, {"type": "Feature", "geometry": {"type": "LineString", "coordinates": [[-82.98766513342214, 39.94740729603549], [-82.98765390682624, 39.94755452244619]]}, "properties": {"ticket_id": "DEMO-20260713-0021", "priority_level": "MODERATE", "GLOBALID": "DEMO-SEG-004933", "kind": "service", "material": "MDPE", "vintage_year": 1994, "diameter_in": 1.25, "coated": false, "s1_score": 0.274, "overall_pct": 0.777, "seg_level": "LOW", "like_pct": 0.556, "cons_pct": 0.777, "svc_down": 1, "fac_summary": "", "biz_50m": 12, "near_trans_seg": 0}}, {"type": "Feature", "geometry": {"type": "LineString", "coordinates": [[-82.98736738651715, 39.94787388511865], [-82.98738195348363, 39.947682021447626]]}, "properties": {"ticket_id": "DEMO-20260713-0021", "priority_level": "MODERATE", "GLOBALID": "DEMO-SEG-005913", "kind": "service", "material": "MDPE", "vintage_year": 1989, "diameter_in": 1.0, "coated": false, "s1_score": 0.321, "overall_pct": 0.726, "seg_level": "LOW", "like_pct": 0.726, "cons_pct": 0.592, "svc_down": 1, "fac_summary": "", "biz_50m": 9, "near_trans_seg": 0}}, {"type": "Feature", "geometry": {"type": "LineString", "coordinates": [[-82.98756583272096, 39.94788282100398], [-82.98757911707493, 39.94770846570865]]}, "properties": {"ticket_id": "DEMO-20260713-0021", "priority_level": "MODERATE", "GLOBALID": "DEMO-SEG-005585", "kind": "service", "material": "MDPE", "vintage_year": 1991, "diameter_in": 1.25, "coated": false, "s1_score": 0.274, "overall_pct": 0.592, "seg_level": "LOW", "like_pct": 0.559, "cons_pct": 0.592, "svc_down": 1, "fac_summary": "", "biz_50m": 9, "near_trans_seg": 0}}, {"type": "Feature", "geometry": {"type": "LineString", "coordinates": [[-82.9874755422441, 39.94787874948482], [-82.98748789130477, 39.94771609484784]]}, "properties": {"ticket_id": "DEMO-20260713-0021", "priority_level": "MODERATE", "GLOBALID": "DEMO-SEG-005297", "kind": "service", "material": "MDPE", "vintage_year": 1985, "diameter_in": 1.0, "coated": false, "s1_score": 0.301, "overall_pct": 0.67, "seg_level": "LOW", "like_pct": 0.67, "cons_pct": 0.592, "svc_down": 1, "fac_summary": "", "biz_50m": 9, "near_trans_seg": 0}}, {"type": "Feature", "geometry": {"type": "LineString", "coordinates": [[-82.98801357873973, 39.94790299595025], [-82.98802790760077, 39.94771431775835]]}, "properties": {"ticket_id": "DEMO-20260713-0021", "priority_level": "MODERATE", "GLOBALID": "DEMO-SEG-005871", "kind": "service", "material": "MDPE", "vintage_year": 1998, "diameter_in": 0.5, "coated": false, "s1_score": 0.242, "overall_pct": 0.503, "seg_level": "LOW", "like_pct": 0.402, "cons_pct": 0.503, "svc_down": 1, "fac_summary": "", "biz_50m": 8, "near_trans_seg": 0}}, {"type": "Feature", "geometry": {"type": "LineString", "coordinates": [[-82.987905819441, 39.94789814804888], [-82.98791907241524, 39.947723640456225]]}, "properties": {"ticket_id": "DEMO-20260713-0021", "priority_level": "MODERATE", "GLOBALID": "DEMO-SEG-005589", "kind": "service", "material": "MDPE", "vintage_year": 1996, "diameter_in": 0.75, "coated": false, "s1_score": 0.286, "overall_pct": 0.61, "seg_level": "LOW", "like_pct": 0.61, "cons_pct": 0.503, "svc_down": 1, "fac_summary": "", "biz_50m": 8, "near_trans_seg": 0}}, {"type": "Feature", "geometry": {"type": "LineString", "coordinates": [[-82.98781499386006, 39.947894061887155], [-82.98782654999484, 39.947741899999684]]}, "properties": {"ticket_id": "DEMO-20260713-0021", "priority_level": "MODERATE", "GLOBALID": "DEMO-SEG-005036", "kind": "service", "material": "MDPE", "vintage_year": 1988, "diameter_in": 0.75, "coated": false, "s1_score": 0.305, "overall_pct": 0.684, "seg_level": "LOW", "like_pct": 0.684, "cons_pct": 0.592, "svc_down": 1, "fac_summary": "", "biz_50m": 9, "near_trans_seg": 0}}, {"type": "Feature", "geometry": {"type": "LineString", "coordinates": [[-82.98768017131201, 39.94788798157861], [-82.9876904221288, 39.94775343814614]]}, "properties": {"ticket_id": "DEMO-20260713-0021", "priority_level": "MODERATE", "GLOBALID": "DEMO-SEG-004671", "kind": "service", "material": "MDPE", "vintage_year": 1988, "diameter_in": 0.75, "coated": false, "s1_score": 0.3, "overall_pct": 0.666, "seg_level": "LOW", "like_pct": 0.666, "cons_pct": 0.503, "svc_down": 1, "fac_summary": "", "biz_50m": 8, "near_trans_seg": 0}}, {"type": "Feature", "geometry": {"type": "LineString", "coordinates": [[-82.98756060103668, 39.94788258487366], [-82.9874989, 39.947879799999995], [-82.98727694316901, 39.947869817298766]]}, "properties": {"ticket_id": "DEMO-20260713-0021", "priority_level": "MODERATE", "GLOBALID": "DEMO-SEG-002869", "kind": "main", "material": "MDPE", "vintage_year": 1985, "diameter_in": 4.0, "coated": false, "s1_score": 0.312, "overall_pct": 0.706, "seg_level": "LOW", "like_pct": 0.706, "cons_pct": 0.547, "svc_down": 0, "fac_summary": "", "biz_50m": 9, "near_trans_seg": 0}}, {"type": "Feature", "geometry": {"type": "LineString", "coordinates": [[-82.98785166567345, 39.94789571172791], [-82.9877825, 39.9478926], [-82.98756060103668, 39.94788258487366]]}, "properties": {"ticket_id": "DEMO-20260713-0021", "priority_level": "MODERATE", "GLOBALID": "DEMO-SEG-002868", "kind": "main", "material": "MDPE", "vintage_year": 1985, "diameter_in": 6.0, "coated": false, "s1_score": 0.278, "overall_pct": 0.574, "seg_level": "LOW", "like_pct": 0.574, "cons_pct": 0.547, "svc_down": 0, "fac_summary": "", "biz_50m": 9, "near_trans_seg": 0}}, {"type": "Feature", "geometry": {"type": "LineString", "coordinates": [[-82.98814273279628, 39.94790880623096], [-82.98785166567345, 39.94789571172791]]}, "properties": {"ticket_id": "DEMO-20260713-0021", "priority_level": "MODERATE", "GLOBALID": "DEMO-SEG-002867", "kind": "main", "material": "MDPE", "vintage_year": 1993, "diameter_in": 6.0, "coated": false, "s1_score": 0.233, "overall_pct": 0.465, "seg_level": "LOW", "like_pct": 0.356, "cons_pct": 0.465, "svc_down": 0, "fac_summary": "", "biz_50m": 8, "near_trans_seg": 0}}, {"type": "Feature", "geometry": {"type": "LineString", "coordinates": [[-82.98853894412397, 39.94744591571656], [-82.98854260692809, 39.94739628786671]]}, "properties": {"ticket_id": "DEMO-20260713-0021", "priority_level": "MODERATE", "GLOBALID": "DEMO-SEG-003473", "kind": "service", "material": "MDPE", "vintage_year": 1991, "diameter_in": 1.0, "coated": false, "s1_score": 0.289, "overall_pct": 0.624, "seg_level": "LOW", "like_pct": 0.624, "cons_pct": 0.592, "svc_down": 1, "fac_summary": "", "biz_50m": 9, "near_trans_seg": 0}}, {"type": "Feature", "geometry": {"type": "LineString", "coordinates": [[-82.988342, 39.94743799999999], [-82.98803390224359, 39.94742402008299]]}, "properties": {"ticket_id": "DEMO-20260713-0021", "priority_level": "MODERATE", "GLOBALID": "DEMO-SEG-002706", "kind": "main", "material": "Steel", "vintage_year": 1952, "diameter_in": 3.0, "coated": false, "s1_score": 0.702, "overall_pct": 0.925, "seg_level": "MODERATE", "like_pct": 0.925, "cons_pct": 0.8, "svc_down": 0, "fac_summary": "", "biz_50m": 13, "near_trans_seg": 0}}, {"type": "Feature", "geometry": {"type": "LineString", "coordinates": [[-82.98860957438872, 39.94744900377663], [-82.988518, 39.947445], [-82.988342, 39.94743799999999]]}, "properties": {"ticket_id": "DEMO-20260713-0021", "priority_level": "MODERATE", "GLOBALID": "DEMO-SEG-002984", "kind": "main", "material": "MDPE", "vintage_year": 1992, "diameter_in": 3.0, "coated": false, "s1_score": 0.262, "overall_pct": 0.753, "seg_level": "LOW", "like_pct": 0.496, "cons_pct": 0.753, "svc_down": 0, "fac_summary": "", "biz_50m": 12, "near_trans_seg": 0}}, {"type": "Feature", "geometry": {"type": "LineString", "coordinates": [[-82.9888771, 39.9474607], [-82.98860957438872, 39.94744900377663]]}, "properties": {"ticket_id": "DEMO-20260713-0021", "priority_level": "MODERATE", "GLOBALID": "DEMO-SEG-002983", "kind": "main", "material": "MDPE", "vintage_year": 1992, "diameter_in": 4.0, "coated": false, "s1_score": 0.248, "overall_pct": 0.868, "seg_level": "MODERATE", "like_pct": 0.431, "cons_pct": 0.868, "svc_down": 2, "fac_summary": "", "biz_50m": 12, "near_trans_seg": 0}}, {"type": "Feature", "geometry": {"type": "LineString", "coordinates": [[-82.98821008570144, 39.9474320144979], [-82.98820429999986, 39.94750755000387]]}, "properties": {"ticket_id": "DEMO-20260713-0021", "priority_level": "MODERATE", "GLOBALID": "DEMO-SEG-003664", "kind": "service", "material": "MDPE", "vintage_year": 1985, "diameter_in": 1.0, "coated": false, "s1_score": 0.316, "overall_pct": 0.716, "seg_level": "LOW", "like_pct": 0.716, "cons_pct": 0.592, "svc_down": 1, "fac_summary": "", "biz_50m": 9, "near_trans_seg": 0}}, {"type": "Feature", "geometry": {"type": "LineString", "coordinates": [[-82.98860199555457, 39.947448672420826], [-82.98859358506307, 39.94756262858152]]}, "properties": {"ticket_id": "DEMO-20260713-0021", "priority_level": "MODERATE", "GLOBALID": "DEMO-SEG-004228", "kind": "service", "material": "MDPE", "vintage_year": 1991, "diameter_in": 0.75, "coated": false, "s1_score": 0.299, "overall_pct": 0.661, "seg_level": "LOW", "like_pct": 0.661, "cons_pct": 0.592, "svc_down": 1, "fac_summary": "", "biz_50m": 9, "near_trans_seg": 0}}, {"type": "Feature", "geometry": {"type": "LineString", "coordinates": [[-82.98871080941397, 39.947453429846576], [-82.98870318943023, 39.94755667742473]]}, "properties": {"ticket_id": "DEMO-20260713-0021", "priority_level": "MODERATE", "GLOBALID": "DEMO-SEG-004061", "kind": "service", "material": "MDPE", "vintage_year": 1995, "diameter_in": 1.0, "coated": false, "s1_score": 0.259, "overall_pct": 0.592, "seg_level": "LOW", "like_pct": 0.484, "cons_pct": 0.592, "svc_down": 1, "fac_summary": "", "biz_50m": 9, "near_trans_seg": 0}}, {"type": "Feature", "geometry": {"type": "LineString", "coordinates": [[-82.988342, 39.94743799999999], [-82.988351, 39.947502], [-82.98838612479658, 39.94768012754237]]}, "properties": {"ticket_id": "DEMO-20260713-0021", "priority_level": "MODERATE", "GLOBALID": "DEMO-SEG-002981", "kind": "main", "material": "MDPE", "vintage_year": 1985, "diameter_in": 3.0, "coated": false, "s1_score": 0.31, "overall_pct": 0.697, "seg_level": "LOW", "like_pct": 0.697, "cons_pct": 0.635, "svc_down": 0, "fac_summary": "", "biz_50m": 10, "near_trans_seg": 0}}, {"type": "Feature", "geometry": {"type": "LineString", "coordinates": [[-82.98838478945157, 39.94767335565813], [-82.9882540456682, 39.947688628131104]]}, "properties": {"ticket_id": "DEMO-20260713-0021", "priority_level": "MODERATE", "GLOBALID": "DEMO-SEG-004038", "kind": "service", "material": "MDPE", "vintage_year": 1985, "diameter_in": 0.75, "coated": false, "s1_score": 0.347, "overall_pct": 0.744, "seg_level": "LOW", "like_pct": 0.744, "cons_pct": 0.503, "svc_down": 1, "fac_summary": "", "biz_50m": 8, "near_trans_seg": 0}}, {"type": "Feature", "geometry": {"type": "LineString", "coordinates": [[-82.98838612479658, 39.94768012754237], [-82.9884338, 39.9479219]]}, "properties": {"ticket_id": "DEMO-20260713-0021", "priority_level": "MODERATE", "GLOBALID": "DEMO-SEG-002982", "kind": "main", "material": "Steel", "vintage_year": 1975, "diameter_in": 4.0, "coated": true, "s1_score": 0.641, "overall_pct": 0.885, "seg_level": "MODERATE", "like_pct": 0.885, "cons_pct": 0.465, "svc_down": 0, "fac_summary": "", "biz_50m": 8, "near_trans_seg": 0}}, {"type": "Feature", "geometry": {"type": "LineString", "coordinates": [[-82.98898811882329, 39.94767367366872], [-82.9889336171435, 39.94768071545908]]}, "properties": {"ticket_id": "DEMO-20260713-0021", "priority_level": "MODERATE", "GLOBALID": "DEMO-SEG-003792", "kind": "service", "material": "MDPE", "vintage_year": 1986, "diameter_in": 0.5, "coated": false, "s1_score": 0.329, "overall_pct": 0.736, "seg_level": "LOW", "like_pct": 0.736, "cons_pct": 0.503, "svc_down": 1, "fac_summary": "", "biz_50m": 8, "near_trans_seg": 0}}, {"type": "Feature", "geometry": {"type": "LineString", "coordinates": [[-82.98899020362096, 39.94774563294098], [-82.98883604999298, 39.9477655499961]]}, "properties": {"ticket_id": "DEMO-20260713-0021", "priority_level": "MODERATE", "GLOBALID": "DEMO-SEG-005536", "kind": "service", "material": "MDPE", "vintage_year": 1993, "diameter_in": 0.75, "coated": false, "s1_score": 0.281, "overall_pct": 0.592, "seg_level": "LOW", "like_pct": 0.589, "cons_pct": 0.592, "svc_down": 1, "fac_summary": "", "biz_50m": 9, "near_trans_seg": 0}}, {"type": "Feature", "geometry": {"type": "LineString", "coordinates": [[-82.9887688999465, 39.947936950486444], [-82.9889960420435, 39.9479471516601]]}, "properties": {"ticket_id": "DEMO-20260713-0021", "priority_level": "MODERATE", "GLOBALID": "DEMO-SEG-002565", "kind": "main", "material": "MDPE", "vintage_year": 1994, "diameter_in": 4.0, "coated": false, "s1_score": 0.271, "overall_pct": 0.544, "seg_level": "LOW", "like_pct": 0.544, "cons_pct": 0.465, "svc_down": 0, "fac_summary": "", "biz_50m": 8, "near_trans_seg": 0}}, {"type": "Feature", "geometry": {"type": "LineString", "coordinates": [[-82.98881631467434, 39.94793907996534], [-82.98880230676193, 39.94812384409823]]}, "properties": {"ticket_id": "DEMO-20260713-0021", "priority_level": "MODERATE", "GLOBALID": "DEMO-SEG-005803", "kind": "service", "material": "MDPE", "vintage_year": 1998, "diameter_in": 1.25, "coated": false, "s1_score": 0.263, "overall_pct": 0.505, "seg_level": "LOW", "like_pct": 0.505, "cons_pct": 0.436, "svc_down": 1, "fac_summary": "", "biz_50m": 7, "near_trans_seg": 0}}, {"type": "Feature", "geometry": {"type": "LineString", "coordinates": [[-82.98812936524139, 39.9479082048687], [-82.98814310816897, 39.94772723806222]]}, "properties": {"ticket_id": "DEMO-20260713-0021", "priority_level": "MODERATE", "GLOBALID": "DEMO-SEG-005739", "kind": "service", "material": "MDPE", "vintage_year": 1996, "diameter_in": 0.5, "coated": false, "s1_score": 0.278, "overall_pct": 0.577, "seg_level": "LOW", "like_pct": 0.577, "cons_pct": 0.503, "svc_down": 1, "fac_summary": "", "biz_50m": 8, "near_trans_seg": 0}}, {"type": "Feature", "geometry": {"type": "LineString", "coordinates": [[-82.98863936552522, 39.9479311327678], [-82.98865217904364, 39.94776212779082]]}, "properties": {"ticket_id": "DEMO-20260713-0021", "priority_level": "MODERATE", "GLOBALID": "DEMO-SEG-005455", "kind": "service", "material": "MDPE", "vintage_year": 1994, "diameter_in": 0.5, "coated": false, "s1_score": 0.273, "overall_pct": 0.551, "seg_level": "LOW", "like_pct": 0.551, "cons_pct": 0.436, "svc_down": 1, "fac_summary": "", "biz_50m": 7, "near_trans_seg": 0}}, {"type": "Feature", "geometry": {"type": "LineString", "coordinates": [[-82.9884338, 39.9479219], [-82.98814273279628, 39.94790880623096]]}, "properties": {"ticket_id": "DEMO-20260713-0021", "priority_level": "MODERATE", "GLOBALID": "DEMO-SEG-002866", "kind": "main", "material": "MDPE", "vintage_year": 1988, "diameter_in": 4.0, "coated": false, "s1_score": 0.284, "overall_pct": 0.603, "seg_level": "LOW", "like_pct": 0.603, "cons_pct": 0.409, "svc_down": 0, "fac_summary": "", "biz_50m": 7, "near_trans_seg": 0}}, {"type": "Feature", "geometry": {"type": "LineString", "coordinates": [[-82.9884338, 39.9479219], [-82.9887688999465, 39.947936950486444]]}, "properties": {"ticket_id": "DEMO-20260713-0021", "priority_level": "MODERATE", "GLOBALID": "DEMO-SEG-002564", "kind": "main", "material": "MDPE", "vintage_year": 1993, "diameter_in": 3.0, "coated": false, "s1_score": 0.273, "overall_pct": 0.555, "seg_level": "LOW", "like_pct": 0.555, "cons_pct": 0.465, "svc_down": 0, "fac_summary": "", "biz_50m": 8, "near_trans_seg": 0}}, {"type": "Feature", "geometry": {"type": "LineString", "coordinates": [[-82.98821724610262, 39.947912158310686], [-82.98820441104048, 39.948081172571825]]}, "properties": {"ticket_id": "DEMO-20260713-0021", "priority_level": "MODERATE", "GLOBALID": "DEMO-SEG-005456", "kind": "service", "material": "MDPE", "vintage_year": 1989, "diameter_in": 0.75, "coated": false, "s1_score": 0.287, "overall_pct": 0.617, "seg_level": "LOW", "like_pct": 0.617, "cons_pct": 0.436, "svc_down": 1, "fac_summary": "", "biz_50m": 7, "near_trans_seg": 0}}, {"type": "Feature", "geometry": {"type": "LineString", "coordinates": [[-82.98857815217157, 39.94792838347035], [-82.9885643029691, 39.94811104584979]]}, "properties": {"ticket_id": "DEMO-20260713-0021", "priority_level": "MODERATE", "GLOBALID": "DEMO-SEG-005764", "kind": "service", "material": "MDPE", "vintage_year": 1995, "diameter_in": 1.0, "coated": false, "s1_score": 0.254, "overall_pct": 0.458, "seg_level": "LOW", "like_pct": 0.458, "cons_pct": 0.392, "svc_down": 1, "fac_summary": "", "biz_50m": 6, "near_trans_seg": 0}}, {"type": "Feature", "geometry": {"type": "LineString", "coordinates": [[-82.98831771467067, 39.94791667794568], [-82.98829139999982, 39.948263200000305]]}, "properties": {"ticket_id": "DEMO-20260713-0021", "priority_level": "MODERATE", "GLOBALID": "DEMO-SEG-007058", "kind": "service", "material": "MDPE", "vintage_year": 1989, "diameter_in": 1.25, "coated": false, "s1_score": 0.309, "overall_pct": 0.696, "seg_level": "LOW", "like_pct": 0.696, "cons_pct": 0.503, "svc_down": 1, "fac_summary": "", "biz_50m": 8, "near_trans_seg": 0}}, {"type": "Feature", "geometry": {"type": "LineString", "coordinates": [[-82.98840063025916, 39.947920407883814], [-82.9883684174849, 39.94834460491983]]}, "properties": {"ticket_id": "DEMO-20260713-0021", "priority_level": "MODERATE", "GLOBALID": "DEMO-SEG-007409", "kind": "service", "material": "MDPE", "vintage_year": 1988, "diameter_in": 1.0, "coated": false, "s1_score": 0.292, "overall_pct": 0.636, "seg_level": "LOW", "like_pct": 0.636, "cons_pct": 0.592, "svc_down": 1, "fac_summary": "", "biz_50m": 9, "near_trans_seg": 0}}, {"type": "Feature", "geometry": {"type": "LineString", "coordinates": [[-82.9890039171767, 39.948218966162955], [-82.98899824993202, 39.94821964993091]]}, "properties": {"ticket_id": "DEMO-20260713-0021", "priority_level": "MODERATE", "GLOBALID": "DEMO-SEG-004387", "kind": "service", "material": "MDPE", "vintage_year": 2003, "diameter_in": 1.0, "coated": false, "s1_score": 0.242, "overall_pct": 0.405, "seg_level": "LOW", "like_pct": 0.405, "cons_pct": 0.392, "svc_down": 1, "fac_summary": "", "biz_50m": 6, "near_trans_seg": 0}}, {"type": "Feature", "geometry": {"type": "LineString", "coordinates": [[-82.98900785168456, 39.94835476645291], [-82.98889774574144, 39.94836805095515]]}, "properties": {"ticket_id": "DEMO-20260713-0021", "priority_level": "MODERATE", "GLOBALID": "DEMO-SEG-006576", "kind": "service", "material": "MDPE", "vintage_year": 2002, "diameter_in": 0.75, "coated": false, "s1_score": 0.236, "overall_pct": 0.503, "seg_level": "LOW", "like_pct": 0.371, "cons_pct": 0.503, "svc_down": 1, "fac_summary": "", "biz_50m": 8, "near_trans_seg": 0}}, {"type": "Feature", "geometry": {"type": "LineString", "coordinates": [[-82.98727987664418, 39.94786994923715], [-82.98729297408457, 39.94769744384986]]}, "properties": {"ticket_id": "DEMO-20260713-0021", "priority_level": "MODERATE", "GLOBALID": "DEMO-SEG-005539", "kind": "service", "material": "MDPE", "vintage_year": 1985, "diameter_in": 0.75, "coated": false, "s1_score": 0.309, "overall_pct": 0.695, "seg_level": "LOW", "like_pct": 0.695, "cons_pct": 0.503, "svc_down": 1, "fac_summary": "", "biz_50m": 8, "near_trans_seg": 0}}, {"type": "Feature", "geometry": {"type": "LineString", "coordinates": [[-82.98771619783764, 39.94788960758147], [-82.9877007378106, 39.948092523308894]]}, "properties": {"ticket_id": "DEMO-20260713-0021", "priority_level": "MODERATE", "GLOBALID": "DEMO-SEG-006086", "kind": "service", "material": "MDPE", "vintage_year": 1985, "diameter_in": 0.5, "coated": false, "s1_score": 0.327, "overall_pct": 0.734, "seg_level": "LOW", "like_pct": 0.734, "cons_pct": 0.592, "svc_down": 1, "fac_summary": "", "biz_50m": 9, "near_trans_seg": 0}}, {"type": "Feature", "geometry": {"type": "LineString", "coordinates": [[-82.9880164639695, 39.94790312575028], [-82.98800241519272, 39.948088115239074]]}, "properties": {"ticket_id": "DEMO-20260713-0021", "priority_level": "MODERATE", "GLOBALID": "DEMO-SEG-005808", "kind": "service", "material": "MDPE", "vintage_year": 1992, "diameter_in": 1.0, "coated": false, "s1_score": 0.289, "overall_pct": 0.625, "seg_level": "LOW", "like_pct": 0.625, "cons_pct": 0.592, "svc_down": 1, "fac_summary": "", "biz_50m": 9, "near_trans_seg": 0}}, {"type": "Feature", "geometry": {"type": "LineString", "coordinates": [[-82.98737966621616, 39.94787443741035], [-82.98735949992636, 39.948140049925335]]}, "properties": {"ticket_id": "DEMO-20260713-0021", "priority_level": "MODERATE", "GLOBALID": "DEMO-SEG-006622", "kind": "service", "material": "MDPE", "vintage_year": 1985, "diameter_in": 0.75, "coated": false, "s1_score": 0.314, "overall_pct": 0.711, "seg_level": "LOW", "like_pct": 0.711, "cons_pct": 0.592, "svc_down": 1, "fac_summary": "", "biz_50m": 9, "near_trans_seg": 0}}, {"type": "Feature", "geometry": {"type": "LineString", "coordinates": [[-82.98752622692396, 39.94788103340364], [-82.98750597467793, 39.94814683804226]]}, "properties": {"ticket_id": "DEMO-20260713-0021", "priority_level": "MODERATE", "GLOBALID": "DEMO-SEG-006624", "kind": "service", "material": "MDPE", "vintage_year": 1985, "diameter_in": 0.75, "coated": false, "s1_score": 0.32, "overall_pct": 0.724, "seg_level": "LOW", "like_pct": 0.724, "cons_pct": 0.592, "svc_down": 1, "fac_summary": "", "biz_50m": 9, "near_trans_seg": 0}}, {"type": "Feature", "geometry": {"type": "LineString", "coordinates": [[-82.98806427603589, 39.94790527669749], [-82.98803575003039, 39.94828090007007]]}, "properties": {"ticket_id": "DEMO-20260713-0021", "priority_level": "MODERATE", "GLOBALID": "DEMO-SEG-007240", "kind": "service", "material": "MDPE", "vintage_year": 1994, "diameter_in": 0.5, "coated": false, "s1_score": 0.261, "overall_pct": 0.592, "seg_level": "LOW", "like_pct": 0.491, "cons_pct": 0.592, "svc_down": 1, "fac_summary": "", "biz_50m": 9, "near_trans_seg": 0}}, {"type": "Feature", "geometry": {"type": "LineString", "coordinates": [[-82.98514022100134, 39.9451875757], [-82.98513830000618, 39.94521289998132]]}, "properties": {"ticket_id": "DEMO-20260713-0052", "priority_level": "MODERATE", "GLOBALID": "DEMO-SEG-004984", "kind": "service", "material": "MDPE", "vintage_year": 1990, "diameter_in": 0.75, "coated": false, "s1_score": 0.288, "overall_pct": 0.777, "seg_level": "LOW", "like_pct": 0.62, "cons_pct": 0.777, "svc_down": 1, "fac_summary": "", "biz_50m": 12, "near_trans_seg": 0}}, {"type": "Feature", "geometry": {"type": "LineString", "coordinates": [[-82.98528667793067, 39.945185066931245], [-82.98528474907985, 39.94521008648063]]}, "properties": {"ticket_id": "DEMO-20260713-0052", "priority_level": "MODERATE", "GLOBALID": "DEMO-SEG-004792", "kind": "service", "material": "MDPE", "vintage_year": 1992, "diameter_in": 1.25, "coated": false, "s1_score": 0.275, "overall_pct": 0.672, "seg_level": "LOW", "like_pct": 0.563, "cons_pct": 0.672, "svc_down": 1, "fac_summary": "", "biz_50m": 10, "near_trans_seg": 0}}, {"type": "Feature", "geometry": {"type": "LineString", "coordinates": [[-82.98547602317721, 39.9451818232224], [-82.9854741163182, 39.94520655840007]]}, "properties": {"ticket_id": "DEMO-20260713-0052", "priority_level": "MODERATE", "GLOBALID": "DEMO-SEG-004533", "kind": "service", "material": "MDPE", "vintage_year": 1988, "diameter_in": 0.75, "coated": false, "s1_score": 0.3, "overall_pct": 0.672, "seg_level": "LOW", "like_pct": 0.666, "cons_pct": 0.672, "svc_down": 1, "fac_summary": "", "biz_50m": 10, "near_trans_seg": 0}}, {"type": "Feature", "geometry": {"type": "LineString", "coordinates": [[-82.98729748688967, 39.9451864190863], [-82.98674495000141, 39.94516044999979]]}, "properties": {"ticket_id": "DEMO-20260713-0052", "priority_level": "MODERATE", "GLOBALID": "DEMO-SEG-007416", "kind": "service", "material": "MDPE", "vintage_year": 1995, "diameter_in": 1.0, "coated": false, "s1_score": 0.275, "overall_pct": 0.873, "seg_level": "MODERATE", "like_pct": 0.563, "cons_pct": 0.873, "svc_down": 1, "fac_summary": "", "biz_50m": 16, "near_trans_seg": 0}}, {"type": "Feature", "geometry": {"type": "LineString", "coordinates": [[-82.987297273437, 39.94518910979608], [-82.98706719293101, 39.945178296397046]]}, "properties": {"ticket_id": "DEMO-20260713-0052", "priority_level": "MODERATE", "GLOBALID": "DEMO-SEG-005650", "kind": "service", "material": "MDPE", "vintage_year": 2000, "diameter_in": 1.0, "coated": false, "s1_score": 0.236, "overall_pct": 0.777, "seg_level": "LOW", "like_pct": 0.374, "cons_pct": 0.777, "svc_down": 1, "fac_summary": "", "biz_50m": 12, "near_trans_seg": 0}}, {"type": "Feature", "geometry": {"type": "LineString", "coordinates": [[-82.9872902775515, 39.94527729739364], [-82.98675735000035, 39.94525225000389]]}, "properties": {"ticket_id": "DEMO-20260713-0052", "priority_level": "MODERATE", "GLOBALID": "DEMO-SEG-007370", "kind": "service", "material": "MDPE", "vintage_year": 2000, "diameter_in": 0.75, "coated": false, "s1_score": 0.255, "overall_pct": 0.873, "seg_level": "MODERATE", "like_pct": 0.464, "cons_pct": 0.873, "svc_down": 1, "fac_summary": "", "biz_50m": 16, "near_trans_seg": 0}}, {"type": "Feature", "geometry": {"type": "LineString", "coordinates": [[-82.98604186026004, 39.94517212791679], [-82.98602969838419, 39.94533333475763]]}, "properties": {"ticket_id": "DEMO-20260713-0052", "priority_level": "MODERATE", "GLOBALID": "DEMO-SEG-000720", "kind": "main", "material": "MDPE", "vintage_year": 1986, "diameter_in": 3.0, "coated": false, "s1_score": 0.329, "overall_pct": 0.987, "seg_level": "HIGH", "like_pct": 0.735, "cons_pct": 0.987, "svc_down": 28, "fac_summary": "", "biz_50m": 12, "near_trans_seg": 0}}, {"type": "Feature", "geometry": {"type": "LineString", "coordinates": [[-82.98603904971255, 39.94520938204498], [-82.98655520000064, 39.945232450003324]]}, "properties": {"ticket_id": "DEMO-20260713-0052", "priority_level": "MODERATE", "GLOBALID": "DEMO-SEG-007333", "kind": "service", "material": "MDPE", "vintage_year": 1987, "diameter_in": 0.75, "coated": false, "s1_score": 0.299, "overall_pct": 0.873, "seg_level": "MODERATE", "like_pct": 0.664, "cons_pct": 0.873, "svc_down": 1, "fac_summary": "", "biz_50m": 16, "near_trans_seg": 0}}, {"type": "Feature", "geometry": {"type": "LineString", "coordinates": [[-82.9860378970681, 39.9452246604702], [-82.98627340976059, 39.94523518636725]]}, "properties": {"ticket_id": "DEMO-20260713-0052", "priority_level": "MODERATE", "GLOBALID": "DEMO-SEG-005746", "kind": "service", "material": "MDPE", "vintage_year": 1987, "diameter_in": 0.75, "coated": false, "s1_score": 0.297, "overall_pct": 0.816, "seg_level": "MODERATE", "like_pct": 0.657, "cons_pct": 0.816, "svc_down": 1, "fac_summary": "", "biz_50m": 13, "near_trans_seg": 0}}, {"type": "Feature", "geometry": {"type": "LineString", "coordinates": [[-82.98729862909822, 39.945172020802396], [-82.98741465532598, 39.94517747366686]]}, "properties": {"ticket_id": "DEMO-20260713-0052", "priority_level": "MODERATE", "GLOBALID": "DEMO-SEG-007314", "kind": "service", "material": "MDPE", "vintage_year": 2000, "diameter_in": 0.75, "coated": false, "s1_score": 0.245, "overall_pct": 0.845, "seg_level": "MODERATE", "like_pct": 0.416, "cons_pct": 0.845, "svc_down": 1, "fac_summary": "", "biz_50m": 14, "near_trans_seg": 0}}, {"type": "Feature", "geometry": {"type": "LineString", "coordinates": [[-82.98729701406432, 39.94519237935695], [-82.98741524763493, 39.945197935957516]]}, "properties": {"ticket_id": "DEMO-20260713-0052", "priority_level": "MODERATE", "GLOBALID": "DEMO-SEG-006018", "kind": "service", "material": "MDPE", "vintage_year": 1995, "diameter_in": 1.0, "coated": false, "s1_score": 0.272, "overall_pct": 0.777, "seg_level": "LOW", "like_pct": 0.547, "cons_pct": 0.777, "svc_down": 1, "fac_summary": "", "biz_50m": 12, "near_trans_seg": 0}}, {"type": "Feature", "geometry": {"type": "LineString", "coordinates": [[-82.98730033198552, 39.94515055478851], [-82.98728302535062, 39.94536871583171]]}, "properties": {"ticket_id": "DEMO-20260713-0052", "priority_level": "MODERATE", "GLOBALID": "DEMO-SEG-001287", "kind": "main", "material": "MDPE", "vintage_year": 1996, "diameter_in": 4.0, "coated": false, "s1_score": 0.248, "overall_pct": 0.753, "seg_level": "LOW", "like_pct": 0.432, "cons_pct": 0.753, "svc_down": 0, "fac_summary": "", "biz_50m": 12, "near_trans_seg": 0}}, {"type": "Feature", "geometry": {"type": "LineString", "coordinates": [[-82.98728464646828, 39.9453482806655], [-82.98741978342603, 39.9453546316537]]}, "properties": {"ticket_id": "DEMO-20260713-0052", "priority_level": "MODERATE", "GLOBALID": "DEMO-SEG-007320", "kind": "service", "material": "MDPE", "vintage_year": 1999, "diameter_in": 0.5, "coated": false, "s1_score": 0.266, "overall_pct": 0.862, "seg_level": "MODERATE", "like_pct": 0.518, "cons_pct": 0.862, "svc_down": 1, "fac_summary": "", "biz_50m": 15, "near_trans_seg": 0}}, {"type": "Feature", "geometry": {"type": "LineString", "coordinates": [[-82.98728373884079, 39.94535972185881], [-82.9874201162974, 39.94536613114502]]}, "properties": {"ticket_id": "DEMO-20260713-0052", "priority_level": "MODERATE", "GLOBALID": "DEMO-SEG-005365", "kind": "service", "material": "MDPE", "vintage_year": 1998, "diameter_in": 1.25, "coated": false, "s1_score": 0.243, "overall_pct": 0.777, "seg_level": "LOW", "like_pct": 0.409, "cons_pct": 0.777, "svc_down": 1, "fac_summary": "", "biz_50m": 12, "near_trans_seg": 0}}, {"type": "Feature", "geometry": {"type": "LineString", "coordinates": [[-82.98728302535062, 39.94536871583171], [-82.9872786, 39.9454245], [-82.98726080360815, 39.945607933561064]]}, "properties": {"ticket_id": "DEMO-20260713-0052", "priority_level": "MODERATE", "GLOBALID": "DEMO-SEG-001288", "kind": "main", "material": "MDPE", "vintage_year": 1985, "diameter_in": 4.0, "coated": false, "s1_score": 0.267, "overall_pct": 0.635, "seg_level": "LOW", "like_pct": 0.525, "cons_pct": 0.635, "svc_down": 0, "fac_summary": "", "biz_50m": 10, "near_trans_seg": 0}}, {"type": "Feature", "geometry": {"type": "LineString", "coordinates": [[-82.98727201280913, 39.94549239654347], [-82.98742402417216, 39.9455011334653]]}, "properties": {"ticket_id": "DEMO-20260713-0052", "priority_level": "MODERATE", "GLOBALID": "DEMO-SEG-005864", "kind": "service", "material": "MDPE", "vintage_year": 1985, "diameter_in": 1.0, "coated": false, "s1_score": 0.309, "overall_pct": 0.73, "seg_level": "LOW", "like_pct": 0.695, "cons_pct": 0.73, "svc_down": 1, "fac_summary": "", "biz_50m": 11, "near_trans_seg": 0}}, {"type": "Feature", "geometry": {"type": "LineString", "coordinates": [[-82.9872723488121, 39.945488933242764], [-82.98742392319362, 39.94549764504935]]}, "properties": {"ticket_id": "DEMO-20260713-0052", "priority_level": "MODERATE", "GLOBALID": "DEMO-SEG-006683", "kind": "service", "material": "MDPE", "vintage_year": 1991, "diameter_in": 1.0, "coated": false, "s1_score": 0.294, "overall_pct": 0.777, "seg_level": "LOW", "like_pct": 0.643, "cons_pct": 0.777, "svc_down": 1, "fac_summary": "", "biz_50m": 12, "near_trans_seg": 0}}, {"type": "Feature", "geometry": {"type": "LineString", "coordinates": [[-82.98727247384613, 39.94548764447299], [-82.9874238856173, 39.94549634693365]]}, "properties": {"ticket_id": "DEMO-20260713-0052", "priority_level": "MODERATE", "GLOBALID": "DEMO-SEG-007065", "kind": "service", "material": "MDPE", "vintage_year": 1990, "diameter_in": 1.0, "coated": false, "s1_score": 0.292, "overall_pct": 0.816, "seg_level": "MODERATE", "like_pct": 0.636, "cons_pct": 0.816, "svc_down": 1, "fac_summary": "", "biz_50m": 13, "near_trans_seg": 0}}, {"type": "Feature", "geometry": {"type": "LineString", "coordinates": [[-82.9872711428425, 39.94550136359425], [-82.98741316075547, 39.945509526143766]]}, "properties": {"ticket_id": "DEMO-20260713-0052", "priority_level": "MODERATE", "GLOBALID": "DEMO-SEG-004151", "kind": "service", "material": "MDPE", "vintage_year": 1989, "diameter_in": 1.0, "coated": false, "s1_score": 0.293, "overall_pct": 0.672, "seg_level": "LOW", "like_pct": 0.641, "cons_pct": 0.672, "svc_down": 1, "fac_summary": "", "biz_50m": 10, "near_trans_seg": 0}}, {"type": "Feature", "geometry": {"type": "LineString", "coordinates": [[-82.98603261876848, 39.94529462483188], [-82.98656899812217, 39.94531859681043]]}, "properties": {"ticket_id": "DEMO-20260713-0052", "priority_level": "MODERATE", "GLOBALID": "DEMO-SEG-007377", "kind": "service", "material": "MDPE", "vintage_year": 1988, "diameter_in": 0.75, "coated": false, "s1_score": 0.287, "overall_pct": 0.873, "seg_level": "MODERATE", "like_pct": 0.617, "cons_pct": 0.873, "svc_down": 1, "fac_summary": "", "biz_50m": 16, "near_trans_seg": 0}}, {"type": "Feature", "geometry": {"type": "LineString", "coordinates": [[-82.98603191649227, 39.94530393356171], [-82.98641100736806, 39.94532087622889]]}, "properties": {"ticket_id": "DEMO-20260713-0052", "priority_level": "MODERATE", "GLOBALID": "DEMO-SEG-006782", "kind": "service", "material": "MDPE", "vintage_year": 1987, "diameter_in": 1.25, "coated": false, "s1_score": 0.274, "overall_pct": 0.816, "seg_level": "MODERATE", "like_pct": 0.559, "cons_pct": 0.816, "svc_down": 1, "fac_summary": "", "biz_50m": 13, "near_trans_seg": 0}}, {"type": "Feature", "geometry": {"type": "LineString", "coordinates": [[-82.98603098530346, 39.9453162765444], [-82.98627187374002, 39.94532704268886]]}, "properties": {"ticket_id": "DEMO-20260713-0052", "priority_level": "MODERATE", "GLOBALID": "DEMO-SEG-005815", "kind": "service", "material": "MDPE", "vintage_year": 1989, "diameter_in": 1.25, "coated": false, "s1_score": 0.285, "overall_pct": 0.777, "seg_level": "LOW", "like_pct": 0.606, "cons_pct": 0.777, "svc_down": 1, "fac_summary": "", "biz_50m": 12, "near_trans_seg": 0}}, {"type": "Feature", "geometry": {"type": "LineString", "coordinates": [[-82.98602265044629, 39.94542651457741], [-82.98564455000077, 39.9454095499996]]}, "properties": {"ticket_id": "DEMO-20260713-0052", "priority_level": "MODERATE", "GLOBALID": "DEMO-SEG-006777", "kind": "service", "material": "MDPE", "vintage_year": 1998, "diameter_in": 1.0, "coated": false, "s1_score": 0.24, "overall_pct": 0.777, "seg_level": "LOW", "like_pct": 0.392, "cons_pct": 0.777, "svc_down": 1, "fac_summary": "", "biz_50m": 12, "near_trans_seg": 0}}, {"type": "Feature", "geometry": {"type": "LineString", "coordinates": [[-82.98602257095266, 39.94542756423517], [-82.98619945000081, 39.94543550000147]]}, "properties": {"ticket_id": "DEMO-20260713-0052", "priority_level": "MODERATE", "GLOBALID": "DEMO-SEG-004710", "kind": "service", "material": "MDPE", "vintage_year": 1997, "diameter_in": 0.75, "coated": false, "s1_score": 0.279, "overall_pct": 0.73, "seg_level": "LOW", "like_pct": 0.579, "cons_pct": 0.73, "svc_down": 1, "fac_summary": "", "biz_50m": 11, "near_trans_seg": 0}}, {"type": "Feature", "geometry": {"type": "LineString", "coordinates": [[-82.9860216875824, 39.945439228520044], [-82.98586591198625, 39.94543223934567]]}, "properties": {"ticket_id": "DEMO-20260713-0052", "priority_level": "MODERATE", "GLOBALID": "DEMO-SEG-004346", "kind": "service", "material": "MDPE", "vintage_year": 1998, "diameter_in": 1.0, "coated": false, "s1_score": 0.244, "overall_pct": 0.592, "seg_level": "LOW", "like_pct": 0.412, "cons_pct": 0.592, "svc_down": 1, "fac_summary": "", "biz_50m": 9, "near_trans_seg": 0}}, {"type": "Feature", "geometry": {"type": "LineString", "coordinates": [[-82.98602969838419, 39.94533333475763], [-82.9860274, 39.945363799999996], [-82.9860181, 39.94548660000001], [-82.98601234640046, 39.94556266725564]]}, "properties": {"ticket_id": "DEMO-20260713-0052", "priority_level": "MODERATE", "GLOBALID": "DEMO-SEG-000721", "kind": "main", "material": "MDPE", "vintage_year": 1994, "diameter_in": 6.0, "coated": false, "s1_score": 0.239, "overall_pct": 0.635, "seg_level": "LOW", "like_pct": 0.385, "cons_pct": 0.635, "svc_down": 0, "fac_summary": "", "biz_50m": 10, "near_trans_seg": 0}}, {"type": "Feature", "geometry": {"type": "LineString", "coordinates": [[-82.98602131878555, 39.945444098222914], [-82.98640866066859, 39.94546147615161]]}, "properties": {"ticket_id": "DEMO-20260713-0052", "priority_level": "MODERATE", "GLOBALID": "DEMO-SEG-006823", "kind": "service", "material": "MDPE", "vintage_year": 1997, "diameter_in": 1.0, "coated": false, "s1_score": 0.266, "overall_pct": 0.777, "seg_level": "LOW", "like_pct": 0.522, "cons_pct": 0.777, "svc_down": 1, "fac_summary": "", "biz_50m": 12, "near_trans_seg": 0}}, {"type": "Feature", "geometry": {"type": "LineString", "coordinates": [[-82.98601372828078, 39.94554439768732], [-82.98577500000053, 39.94553370000148]]}, "properties": {"ticket_id": "DEMO-20260713-0052", "priority_level": "MODERATE", "GLOBALID": "DEMO-SEG-005785", "kind": "service", "material": "MDPE", "vintage_year": 1995, "diameter_in": 1.25, "coated": false, "s1_score": 0.267, "overall_pct": 0.592, "seg_level": "LOW", "like_pct": 0.527, "cons_pct": 0.592, "svc_down": 1, "fac_summary": "", "biz_50m": 9, "near_trans_seg": 0}}, {"type": "Feature", "geometry": {"type": "LineString", "coordinates": [[-82.98601373961758, 39.945544247805856], [-82.98586985000006, 39.94553780000778]]}, "properties": {"ticket_id": "DEMO-20260713-0052", "priority_level": "MODERATE", "GLOBALID": "DEMO-SEG-004178", "kind": "service", "material": "MDPE", "vintage_year": 1996, "diameter_in": 1.25, "coated": false, "s1_score": 0.259, "overall_pct": 0.503, "seg_level": "LOW", "like_pct": 0.483, "cons_pct": 0.503, "svc_down": 1, "fac_summary": "", "biz_50m": 8, "near_trans_seg": 0}}, {"type": "Feature", "geometry": {"type": "LineString", "coordinates": [[-82.9847226788117, 39.945194727071495], [-82.98472223920824, 39.94520052185328]]}, "properties": {"ticket_id": "DEMO-20260713-0052", "priority_level": "MODERATE", "GLOBALID": "DEMO-SEG-005138", "kind": "service", "material": "MDPE", "vintage_year": 2000, "diameter_in": 0.5, "coated": false, "s1_score": 0.263, "overall_pct": 0.777, "seg_level": "LOW", "like_pct": 0.505, "cons_pct": 0.777, "svc_down": 1, "fac_summary": "", "biz_50m": 12, "near_trans_seg": 0}}, {"type": "Feature", "geometry": {"type": "LineString", "coordinates": [[-82.98496127967996, 39.945190640666496], [-82.9849610219274, 39.94519403847545]]}, "properties": {"ticket_id": "DEMO-20260713-0052", "priority_level": "MODERATE", "GLOBALID": "DEMO-SEG-004761", "kind": "service", "material": "MDPE", "vintage_year": 1987, "diameter_in": 1.0, "coated": false, "s1_score": 0.276, "overall_pct": 0.777, "seg_level": "LOW", "like_pct": 0.569, "cons_pct": 0.777, "svc_down": 1, "fac_summary": "", "biz_50m": 12, "near_trans_seg": 0}}, {"type": "Feature", "geometry": {"type": "LineString", "coordinates": [[-82.98556526251487, 39.94518029433928], [-82.98556168985894, 39.94522663848656]]}, "properties": {"ticket_id": "DEMO-20260713-0052", "priority_level": "MODERATE", "GLOBALID": "DEMO-SEG-004886", "kind": "service", "material": "MDPE", "vintage_year": 1995, "diameter_in": 1.0, "coated": false, "s1_score": 0.283, "overall_pct": 0.597, "seg_level": "LOW", "like_pct": 0.597, "cons_pct": 0.592, "svc_down": 1, "fac_summary": "", "biz_50m": 9, "near_trans_seg": 0}}, {"type": "Feature", "geometry": {"type": "LineString", "coordinates": [[-82.98567656099905, 39.94517838743393], [-82.98567310865457, 39.94522317185963]]}, "properties": {"ticket_id": "DEMO-20260713-0052", "priority_level": "MODERATE", "GLOBALID": "DEMO-SEG-004699", "kind": "service", "material": "MDPE", "vintage_year": 1994, "diameter_in": 1.25, "coated": false, "s1_score": 0.273, "overall_pct": 0.592, "seg_level": "LOW", "like_pct": 0.554, "cons_pct": 0.592, "svc_down": 1, "fac_summary": "", "biz_50m": 9, "near_trans_seg": 0}}, {"type": "Feature", "geometry": {"type": "LineString", "coordinates": [[-82.98576877072965, 39.94517680750005], [-82.98576527614581, 39.94522214065515]]}, "properties": {"ticket_id": "DEMO-20260713-0052", "priority_level": "MODERATE", "GLOBALID": "DEMO-SEG-004580", "kind": "service", "material": "MDPE", "vintage_year": 1997, "diameter_in": 1.0, "coated": false, "s1_score": 0.273, "overall_pct": 0.592, "seg_level": "LOW", "like_pct": 0.553, "cons_pct": 0.592, "svc_down": 1, "fac_summary": "", "biz_50m": 9, "near_trans_seg": 0}}, {"type": "Feature", "geometry": {"type": "LineString", "coordinates": [[-82.98513282654994, 39.94518770236011], [-82.98511750000132, 39.94538975000043]]}, "properties": {"ticket_id": "DEMO-20260713-0052", "priority_level": "MODERATE", "GLOBALID": "DEMO-SEG-006955", "kind": "service", "material": "MDPE", "vintage_year": 1987, "diameter_in": 0.75, "coated": false, "s1_score": 0.313, "overall_pct": 0.845, "seg_level": "MODERATE", "like_pct": 0.71, "cons_pct": 0.845, "svc_down": 1, "fac_summary": "", "biz_50m": 14, "near_trans_seg": 0}}, {"type": "Feature", "geometry": {"type": "LineString", "coordinates": [[-82.98528935646996, 39.94518502104685], [-82.98527242393067, 39.94540465640067]]}, "properties": {"ticket_id": "DEMO-20260713-0052", "priority_level": "MODERATE", "GLOBALID": "DEMO-SEG-006999", "kind": "service", "material": "MDPE", "vintage_year": 1993, "diameter_in": 0.5, "coated": false, "s1_score": 0.279, "overall_pct": 0.816, "seg_level": "MODERATE", "like_pct": 0.578, "cons_pct": 0.816, "svc_down": 1, "fac_summary": "", "biz_50m": 13, "near_trans_seg": 0}}, {"type": "Feature", "geometry": {"type": "LineString", "coordinates": [[-82.98525194742895, 39.94583454229588], [-82.98527407605553, 39.94552699384659]]}, "properties": {"ticket_id": "DEMO-20260713-0052", "priority_level": "MODERATE", "GLOBALID": "DEMO-SEG-006876", "kind": "service", "material": "MDPE", "vintage_year": 1991, "diameter_in": 0.5, "coated": false, "s1_score": 0.275, "overall_pct": 0.592, "seg_level": "LOW", "like_pct": 0.567, "cons_pct": 0.592, "svc_down": 1, "fac_summary": "", "biz_50m": 9, "near_trans_seg": 0}}, {"type": "Feature", "geometry": {"type": "LineString", "coordinates": [[-82.98525589462088, 39.945834710547985], [-82.98526544798084, 39.94570193601731]]}, "properties": {"ticket_id": "DEMO-20260713-0052", "priority_level": "MODERATE", "GLOBALID": "DEMO-SEG-004626", "kind": "service", "material": "MDPE", "vintage_year": 1993, "diameter_in": 1.25, "coated": false, "s1_score": 0.254, "overall_pct": 0.503, "seg_level": "LOW", "like_pct": 0.461, "cons_pct": 0.503, "svc_down": 1, "fac_summary": "", "biz_50m": 8, "near_trans_seg": 0}}, {"type": "Feature", "geometry": {"type": "LineString", "coordinates": [[-82.98543684857174, 39.94584242370437], [-82.98544700897293, 39.9457012071957]]}, "properties": {"ticket_id": "DEMO-20260713-0052", "priority_level": "MODERATE", "GLOBALID": "DEMO-SEG-004808", "kind": "service", "material": "MDPE", "vintage_year": 1991, "diameter_in": 1.0, "coated": false, "s1_score": 0.299, "overall_pct": 0.661, "seg_level": "LOW", "like_pct": 0.661, "cons_pct": 0.503, "svc_down": 1, "fac_summary": "", "biz_50m": 8, "near_trans_seg": 0}}, {"type": "Feature", "geometry": {"type": "LineString", "coordinates": [[-82.98559433555488, 39.945849136350176], [-82.98560535264929, 39.94569600799661]]}, "properties": {"ticket_id": "DEMO-20260713-0052", "priority_level": "MODERATE", "GLOBALID": "DEMO-SEG-005055", "kind": "service", "material": "MDPE", "vintage_year": 1991, "diameter_in": 1.25, "coated": false, "s1_score": 0.276, "overall_pct": 0.568, "seg_level": "LOW", "like_pct": 0.568, "cons_pct": 0.436, "svc_down": 1, "fac_summary": "", "biz_50m": 7, "near_trans_seg": 0}}, {"type": "Feature", "geometry": {"type": "LineString", "coordinates": [[-82.98571064462956, 39.94585409371103], [-82.98572023791375, 39.94572075200443]]}, "properties": {"ticket_id": "DEMO-20260713-0052", "priority_level": "MODERATE", "GLOBALID": "DEMO-SEG-004642", "kind": "service", "material": "MDPE", "vintage_year": 1988, "diameter_in": 1.25, "coated": false, "s1_score": 0.294, "overall_pct": 0.644, "seg_level": "LOW", "like_pct": 0.644, "cons_pct": 0.503, "svc_down": 1, "fac_summary": "", "biz_50m": 8, "near_trans_seg": 0}}, {"type": "Feature", "geometry": {"type": "LineString", "coordinates": [[-82.98461078749372, 39.94535800292606], [-82.98469138681583, 39.945361231379394]]}, "properties": {"ticket_id": "DEMO-20260713-0052", "priority_level": "MODERATE", "GLOBALID": "DEMO-SEG-006554", "kind": "service", "material": "MDPE", "vintage_year": 1996, "diameter_in": 1.25, "coated": false, "s1_score": 0.267, "overall_pct": 0.73, "seg_level": "LOW", "like_pct": 0.527, "cons_pct": 0.73, "svc_down": 1, "fac_summary": "", "biz_50m": 11, "near_trans_seg": 0}}, {"type": "Feature", "geometry": {"type": "LineString", "coordinates": [[-82.9846145394168, 39.94548780138418], [-82.98466555000057, 39.94549025000254]]}, "properties": {"ticket_id": "DEMO-20260713-0052", "priority_level": "MODERATE", "GLOBALID": "DEMO-SEG-006448", "kind": "service", "material": "MDPE", "vintage_year": 1994, "diameter_in": 1.0, "coated": false, "s1_score": 0.282, "overall_pct": 0.594, "seg_level": "LOW", "like_pct": 0.594, "cons_pct": 0.592, "svc_down": 1, "fac_summary": "", "biz_50m": 9, "near_trans_seg": 0}}, {"type": "Feature", "geometry": {"type": "LineString", "coordinates": [[-82.98488870592631, 39.94581771477781], [-82.9849133136769, 39.94551058059448]]}, "properties": {"ticket_id": "DEMO-20260713-0052", "priority_level": "MODERATE", "GLOBALID": "DEMO-SEG-006874", "kind": "service", "material": "MDPE", "vintage_year": 1995, "diameter_in": 1.0, "coated": false, "s1_score": 0.286, "overall_pct": 0.73, "seg_level": "LOW", "like_pct": 0.609, "cons_pct": 0.73, "svc_down": 1, "fac_summary": "", "biz_50m": 11, "near_trans_seg": 0}}, {"type": "Feature", "geometry": {"type": "LineString", "coordinates": [[-82.98463911737109, 39.94580586772924], [-82.98464980526592, 39.94567247632696]]}, "properties": {"ticket_id": "DEMO-20260713-0052", "priority_level": "MODERATE", "GLOBALID": "DEMO-SEG-004645", "kind": "service", "material": "MDPE", "vintage_year": 1997, "diameter_in": 0.75, "coated": false, "s1_score": 0.264, "overall_pct": 0.51, "seg_level": "LOW", "like_pct": 0.51, "cons_pct": 0.392, "svc_down": 1, "fac_summary": "", "biz_50m": 6, "near_trans_seg": 0}}, {"type": "Feature", "geometry": {"type": "LineString", "coordinates": [[-82.98503075817493, 39.945824457231936], [-82.98504375589052, 39.945662226240536]]}, "properties": {"ticket_id": "DEMO-20260713-0052", "priority_level": "MODERATE", "GLOBALID": "DEMO-SEG-005288", "kind": "service", "material": "MDPE", "vintage_year": 1995, "diameter_in": 0.75, "coated": false, "s1_score": 0.255, "overall_pct": 0.503, "seg_level": "LOW", "like_pct": 0.462, "cons_pct": 0.503, "svc_down": 1, "fac_summary": "", "biz_50m": 8, "near_trans_seg": 0}}, {"type": "Feature", "geometry": {"type": "LineString", "coordinates": [[-82.98490976158774, 39.9458187141876], [-82.98492098992241, 39.945678570848195]]}, "properties": {"ticket_id": "DEMO-20260713-0052", "priority_level": "MODERATE", "GLOBALID": "DEMO-SEG-004787", "kind": "service", "material": "MDPE", "vintage_year": 1991, "diameter_in": 1.25, "coated": false, "s1_score": 0.308, "overall_pct": 0.693, "seg_level": "LOW", "like_pct": 0.693, "cons_pct": 0.503, "svc_down": 1, "fac_summary": "", "biz_50m": 8, "near_trans_seg": 0}}, {"type": "Feature", "geometry": {"type": "LineString", "coordinates": [[-82.98462371233207, 39.94580513649104], [-82.98487909912228, 39.945817258788274]]}, "properties": {"ticket_id": "DEMO-20260713-0052", "priority_level": "MODERATE", "GLOBALID": "DEMO-SEG-000711", "kind": "main", "material": "MDPE", "vintage_year": 1996, "diameter_in": 3.0, "coated": false, "s1_score": 0.265, "overall_pct": 0.641, "seg_level": "LOW", "like_pct": 0.515, "cons_pct": 0.641, "svc_down": 1, "fac_summary": "", "biz_50m": 8, "near_trans_seg": 0}}, {"type": "Feature", "geometry": {"type": "LineString", "coordinates": [[-82.98487909912228, 39.945817258788274], [-82.98515674880227, 39.94583043718037]]}, "properties": {"ticket_id": "DEMO-20260713-0052", "priority_level": "MODERATE", "GLOBALID": "DEMO-SEG-000712", "kind": "main", "material": "MDPE", "vintage_year": 1990, "diameter_in": 6.0, "coated": false, "s1_score": 0.271, "overall_pct": 0.834, "seg_level": "MODERATE", "like_pct": 0.543, "cons_pct": 0.834, "svc_down": 4, "fac_summary": "", "biz_50m": 9, "near_trans_seg": 0}}, {"type": "Feature", "geometry": {"type": "LineString", "coordinates": [[-82.98492654147064, 39.94581951064422], [-82.98491370895547, 39.94597967608222]]}, "properties": {"ticket_id": "DEMO-20260713-0052", "priority_level": "MODERATE", "GLOBALID": "DEMO-SEG-005226", "kind": "service", "material": "MDPE", "vintage_year": 1991, "diameter_in": 0.75, "coated": false, "s1_score": 0.295, "overall_pct": 0.646, "seg_level": "LOW", "like_pct": 0.646, "cons_pct": 0.503, "svc_down": 1, "fac_summary": "", "biz_50m": 8, "near_trans_seg": 0}}, {"type": "Feature", "geometry": {"type": "LineString", "coordinates": [[-82.98475882235903, 39.94581154975145], [-82.98474035000984, 39.94604209997308]]}, "properties": {"ticket_id": "DEMO-20260713-0052", "priority_level": "MODERATE", "GLOBALID": "DEMO-SEG-006327", "kind": "service", "material": "MDPE", "vintage_year": 1996, "diameter_in": 0.75, "coated": false, "s1_score": 0.279, "overall_pct": 0.578, "seg_level": "LOW", "like_pct": 0.578, "cons_pct": 0.436, "svc_down": 1, "fac_summary": "", "biz_50m": 7, "near_trans_seg": 0}}, {"type": "Feature", "geometry": {"type": "LineString", "coordinates": [[-82.98507073795757, 39.94582635482489], [-82.98503805000095, 39.94623435000096]]}, "properties": {"ticket_id": "DEMO-20260713-0052", "priority_level": "MODERATE", "GLOBALID": "DEMO-SEG-007364", "kind": "service", "material": "MDPE", "vintage_year": 1991, "diameter_in": 0.75, "coated": false, "s1_score": 0.307, "overall_pct": 0.691, "seg_level": "LOW", "like_pct": 0.691, "cons_pct": 0.672, "svc_down": 1, "fac_summary": "", "biz_50m": 10, "near_trans_seg": 0}}, {"type": "Feature", "geometry": {"type": "LineString", "coordinates": [[-82.985712248341, 39.94585416206409], [-82.98599, 39.94586600000001]]}, "properties": {"ticket_id": "DEMO-20260713-0052", "priority_level": "MODERATE", "GLOBALID": "DEMO-SEG-000715", "kind": "main", "material": "MDPE", "vintage_year": 1995, "diameter_in": 6.0, "coated": false, "s1_score": 0.242, "overall_pct": 0.976, "seg_level": "HIGH", "like_pct": 0.4, "cons_pct": 0.976, "svc_down": 20, "fac_summary": "", "biz_50m": 9, "near_trans_seg": 0}}, {"type": "Feature", "geometry": {"type": "LineString", "coordinates": [[-82.98628314251343, 39.945804778158596], [-82.98627043914402, 39.94597448525063]]}, "properties": {"ticket_id": "DEMO-20260713-0052", "priority_level": "MODERATE", "GLOBALID": "DEMO-SEG-005475", "kind": "service", "material": "MDPE", "vintage_year": 1985, "diameter_in": 0.5, "coated": false, "s1_score": 0.316, "overall_pct": 0.73, "seg_level": "LOW", "like_pct": 0.716, "cons_pct": 0.73, "svc_down": 1, "fac_summary": "", "biz_50m": 11, "near_trans_seg": 0}}, {"type": "Feature", "geometry": {"type": "LineString", "coordinates": [[-82.98640458355844, 39.94581016344708], [-82.98639200147694, 39.945978254210374]]}, "properties": {"ticket_id": "DEMO-20260713-0052", "priority_level": "MODERATE", "GLOBALID": "DEMO-SEG-005433", "kind": "service", "material": "MDPE", "vintage_year": 1992, "diameter_in": 1.0, "coated": false, "s1_score": 0.306, "overall_pct": 0.777, "seg_level": "LOW", "like_pct": 0.688, "cons_pct": 0.777, "svc_down": 1, "fac_summary": "", "biz_50m": 12, "near_trans_seg": 0}}, {"type": "Feature", "geometry": {"type": "LineString", "coordinates": [[-82.9865206146878, 39.945815308713556], [-82.98650692164578, 39.94599824550365]]}, "properties": {"ticket_id": "DEMO-20260713-0052", "priority_level": "MODERATE", "GLOBALID": "DEMO-SEG-005773", "kind": "service", "material": "MDPE", "vintage_year": 1990, "diameter_in": 0.75, "coated": false, "s1_score": 0.339, "overall_pct": 0.777, "seg_level": "LOW", "like_pct": 0.742, "cons_pct": 0.777, "svc_down": 1, "fac_summary": "", "biz_50m": 12, "near_trans_seg": 0}}, {"type": "Feature", "geometry": {"type": "LineString", "coordinates": [[-82.98598237763032, 39.94596827655335], [-82.98615887326929, 39.94597606891728]]}, "properties": {"ticket_id": "DEMO-20260713-0052", "priority_level": "MODERATE", "GLOBALID": "DEMO-SEG-004702", "kind": "service", "material": "MDPE", "vintage_year": 1988, "diameter_in": 0.75, "coated": false, "s1_score": 0.297, "overall_pct": 0.672, "seg_level": "LOW", "like_pct": 0.656, "cons_pct": 0.672, "svc_down": 1, "fac_summary": "", "biz_50m": 10, "near_trans_seg": 0}}, {"type": "Feature", "geometry": {"type": "LineString", "coordinates": [[-82.98599, 39.94586600000001], [-82.98597373450201, 39.94608424932295]]}, "properties": {"ticket_id": "DEMO-20260713-0052", "priority_level": "MODERATE", "GLOBALID": "DEMO-SEG-000701", "kind": "main", "material": "MDPE", "vintage_year": 1987, "diameter_in": 4.0, "coated": false, "s1_score": 0.288, "overall_pct": 0.979, "seg_level": "HIGH", "like_pct": 0.62, "cons_pct": 0.979, "svc_down": 21, "fac_summary": "", "biz_50m": 10, "near_trans_seg": 0}}, {"type": "Feature", "geometry": {"type": "LineString", "coordinates": [[-82.98597962031667, 39.94600527398743], [-82.98584205000057, 39.9459992000083]]}, "properties": {"ticket_id": "DEMO-20260713-0052", "priority_level": "MODERATE", "GLOBALID": "DEMO-SEG-004112", "kind": "service", "material": "MDPE", "vintage_year": 1989, "diameter_in": 0.5, "coated": false, "s1_score": 0.288, "overall_pct": 0.618, "seg_level": "LOW", "like_pct": 0.618, "cons_pct": 0.503, "svc_down": 1, "fac_summary": "", "biz_50m": 8, "near_trans_seg": 0}}, {"type": "Feature", "geometry": {"type": "LineString", "coordinates": [[-82.98596900441675, 39.94614771708905], [-82.98612702605075, 39.946154693819544]]}, "properties": {"ticket_id": "DEMO-20260713-0052", "priority_level": "MODERATE", "GLOBALID": "DEMO-SEG-004385", "kind": "service", "material": "MDPE", "vintage_year": 1988, "diameter_in": 0.75, "coated": false, "s1_score": 0.321, "overall_pct": 0.725, "seg_level": "LOW", "like_pct": 0.725, "cons_pct": 0.592, "svc_down": 1, "fac_summary": "", "biz_50m": 9, "near_trans_seg": 0}}, {"type": "Feature", "geometry": {"type": "LineString", "coordinates": [[-82.98596869571695, 39.94615185918609], [-82.98634728996751, 39.94616857393876]]}, "properties": {"ticket_id": "DEMO-20260713-0052", "priority_level": "MODERATE", "GLOBALID": "DEMO-SEG-006780", "kind": "service", "material": "MDPE", "vintage_year": 1988, "diameter_in": 0.75, "coated": false, "s1_score": 0.327, "overall_pct": 0.734, "seg_level": "LOW", "like_pct": 0.734, "cons_pct": 0.73, "svc_down": 1, "fac_summary": "", "biz_50m": 11, "near_trans_seg": 0}}, {"type": "Feature", "geometry": {"type": "LineString", "coordinates": [[-82.98596699830834, 39.94617463480603], [-82.98620248621873, 39.94618503162784]]}, "properties": {"ticket_id": "DEMO-20260713-0052", "priority_level": "MODERATE", "GLOBALID": "DEMO-SEG-005744", "kind": "service", "material": "MDPE", "vintage_year": 1989, "diameter_in": 0.75, "coated": false, "s1_score": 0.308, "overall_pct": 0.693, "seg_level": "LOW", "like_pct": 0.693, "cons_pct": 0.672, "svc_down": 1, "fac_summary": "", "biz_50m": 10, "near_trans_seg": 0}}, {"type": "Feature", "geometry": {"type": "LineString", "coordinates": [[-82.98515674880227, 39.94583043718037], [-82.98516650000002, 39.9458309], [-82.98543449675037, 39.94584232345989]]}, "properties": {"ticket_id": "DEMO-20260713-0052", "priority_level": "MODERATE", "GLOBALID": "DEMO-SEG-000713", "kind": "main", "material": "MDPE", "vintage_year": 1990, "diameter_in": 3.0, "coated": false, "s1_score": 0.282, "overall_pct": 0.881, "seg_level": "MODERATE", "like_pct": 0.595, "cons_pct": 0.881, "svc_down": 10, "fac_summary": "", "biz_50m": 8, "near_trans_seg": 0}}, {"type": "Feature", "geometry": {"type": "LineString", "coordinates": [[-82.98543449675037, 39.94584232345989], [-82.985712248341, 39.94585416206409]]}, "properties": {"ticket_id": "DEMO-20260713-0052", "priority_level": "MODERATE", "GLOBALID": "DEMO-SEG-000714", "kind": "main", "material": "MDPE", "vintage_year": 1987, "diameter_in": 4.0, "coated": false, "s1_score": 0.233, "overall_pct": 0.963, "seg_level": "HIGH", "like_pct": 0.358, "cons_pct": 0.963, "svc_down": 15, "fac_summary": "", "biz_50m": 9, "near_trans_seg": 0}}, {"type": "Feature", "geometry": {"type": "LineString", "coordinates": [[-82.98524081306645, 39.945834067684345], [-82.9852300139599, 39.94598415494963]]}, "properties": {"ticket_id": "DEMO-20260713-0052", "priority_level": "MODERATE", "GLOBALID": "DEMO-SEG-004991", "kind": "service", "material": "MDPE", "vintage_year": 1994, "diameter_in": 1.0, "coated": false, "s1_score": 0.247, "overall_pct": 0.503, "seg_level": "LOW", "like_pct": 0.428, "cons_pct": 0.503, "svc_down": 1, "fac_summary": "", "biz_50m": 8, "near_trans_seg": 0}}, {"type": "Feature", "geometry": {"type": "LineString", "coordinates": [[-82.9850807296205, 39.94582682906514], [-82.98506562548366, 39.94601535234962]]}, "properties": {"ticket_id": "DEMO-20260713-0052", "priority_level": "MODERATE", "GLOBALID": "DEMO-SEG-005868", "kind": "service", "material": "MDPE", "vintage_year": 1988, "diameter_in": 0.75, "coated": false, "s1_score": 0.306, "overall_pct": 0.686, "seg_level": "LOW", "like_pct": 0.686, "cons_pct": 0.503, "svc_down": 1, "fac_summary": "", "biz_50m": 8, "near_trans_seg": 0}}, {"type": "Feature", "geometry": {"type": "LineString", "coordinates": [[-82.98541289382075, 39.94584140265024], [-82.9854018200353, 39.945995312801465]]}, "properties": {"ticket_id": "DEMO-20260713-0052", "priority_level": "MODERATE", "GLOBALID": "DEMO-SEG-005078", "kind": "service", "material": "MDPE", "vintage_year": 1989, "diameter_in": 1.0, "coated": false, "s1_score": 0.288, "overall_pct": 0.621, "seg_level": "LOW", "like_pct": 0.621, "cons_pct": 0.592, "svc_down": 1, "fac_summary": "", "biz_50m": 9, "near_trans_seg": 0}}, {"type": "Feature", "geometry": {"type": "LineString", "coordinates": [[-82.98559901058536, 39.94584933561301], [-82.98558747290932, 39.94600969923942]]}, "properties": {"ticket_id": "DEMO-20260713-0052", "priority_level": "MODERATE", "GLOBALID": "DEMO-SEG-005232", "kind": "service", "material": "MDPE", "vintage_year": 1991, "diameter_in": 1.25, "coated": false, "s1_score": 0.284, "overall_pct": 0.603, "seg_level": "LOW", "like_pct": 0.603, "cons_pct": 0.503, "svc_down": 1, "fac_summary": "", "biz_50m": 8, "near_trans_seg": 0}}, {"type": "Feature", "geometry": {"type": "LineString", "coordinates": [[-82.98570803000634, 39.945853982271046], [-82.98569708553529, 39.94600610424309]]}, "properties": {"ticket_id": "DEMO-20260713-0052", "priority_level": "MODERATE", "GLOBALID": "DEMO-SEG-005034", "kind": "service", "material": "MDPE", "vintage_year": 1993, "diameter_in": 1.25, "coated": false, "s1_score": 0.251, "overall_pct": 0.592, "seg_level": "LOW", "like_pct": 0.446, "cons_pct": 0.592, "svc_down": 1, "fac_summary": "", "biz_50m": 9, "near_trans_seg": 0}}, {"type": "Feature", "geometry": {"type": "LineString", "coordinates": [[-82.98524328836699, 39.945834173196204], [-82.98521375000084, 39.9462447000032]]}, "properties": {"ticket_id": "DEMO-20260713-0052", "priority_level": "MODERATE", "GLOBALID": "DEMO-SEG-007372", "kind": "service", "material": "MDPE", "vintage_year": 1989, "diameter_in": 1.0, "coated": false, "s1_score": 0.288, "overall_pct": 0.672, "seg_level": "LOW", "like_pct": 0.621, "cons_pct": 0.672, "svc_down": 1, "fac_summary": "", "biz_50m": 10, "near_trans_seg": 0}}, {"type": "Feature", "geometry": {"type": "LineString", "coordinates": [[-82.98595889882364, 39.946283274901816], [-82.98559661329824, 39.94626726858119]]}, "properties": {"ticket_id": "DEMO-20260713-0052", "priority_level": "MODERATE", "GLOBALID": "DEMO-SEG-006703", "kind": "service", "material": "MDPE", "vintage_year": 1987, "diameter_in": 0.75, "coated": false, "s1_score": 0.279, "overall_pct": 0.672, "seg_level": "LOW", "like_pct": 0.58, "cons_pct": 0.672, "svc_down": 1, "fac_summary": "", "biz_50m": 10, "near_trans_seg": 0}}, {"type": "Feature", "geometry": {"type": "LineString", "coordinates": [[-82.9859480215686, 39.94642938367559], [-82.98558290000092, 39.94641330000035]]}, "properties": {"ticket_id": "DEMO-20260713-0052", "priority_level": "MODERATE", "GLOBALID": "DEMO-SEG-006718", "kind": "service", "material": "MDPE", "vintage_year": 1986, "diameter_in": 1.0, "coated": false, "s1_score": 0.303, "overall_pct": 0.676, "seg_level": "LOW", "like_pct": 0.676, "cons_pct": 0.672, "svc_down": 1, "fac_summary": "", "biz_50m": 10, "near_trans_seg": 0}}, {"type": "Feature", "geometry": {"type": "LineString", "coordinates": [[-82.98499798979168, 39.94678416311581], [-82.9850313499994, 39.946342100008785]]}, "properties": {"ticket_id": "DEMO-20260713-0052", "priority_level": "MODERATE", "GLOBALID": "DEMO-SEG-007464", "kind": "service", "material": "Steel", "vintage_year": 1977, "diameter_in": 1.0, "coated": true, "s1_score": 0.549, "overall_pct": 0.868, "seg_level": "MODERATE", "like_pct": 0.868, "cons_pct": 0.672, "svc_down": 1, "fac_summary": "", "biz_50m": 10, "near_trans_seg": 0}}, {"type": "Feature", "geometry": {"type": "LineString", "coordinates": [[-82.98485789817134, 39.94677790011347], [-82.98488850000076, 39.94637240000132]]}, "properties": {"ticket_id": "DEMO-20260713-0052", "priority_level": "MODERATE", "GLOBALID": "DEMO-SEG-007355", "kind": "service", "material": "Steel", "vintage_year": 1989, "diameter_in": 0.5, "coated": true, "s1_score": 0.485, "overall_pct": 0.807, "seg_level": "MODERATE", "like_pct": 0.807, "cons_pct": 0.503, "svc_down": 1, "fac_summary": "", "biz_50m": 8, "near_trans_seg": 0}}, {"type": "Feature", "geometry": {"type": "LineString", "coordinates": [[-82.98486998712015, 39.94677844057448], [-82.98488354037333, 39.9465988485245]]}, "properties": {"ticket_id": "DEMO-20260713-0052", "priority_level": "MODERATE", "GLOBALID": "DEMO-SEG-005703", "kind": "service", "material": "Steel", "vintage_year": 1978, "diameter_in": 1.25, "coated": true, "s1_score": 0.535, "overall_pct": 0.861, "seg_level": "MODERATE", "like_pct": 0.861, "cons_pct": 0.392, "svc_down": 1, "fac_summary": "", "biz_50m": 6, "near_trans_seg": 0}}, {"type": "Feature", "geometry": {"type": "LineString", "coordinates": [[-82.98597373450201, 39.94608424932295], [-82.9859632, 39.946225600000005], [-82.98595746520108, 39.94630249847371]]}, "properties": {"ticket_id": "DEMO-20260713-0052", "priority_level": "MODERATE", "GLOBALID": "DEMO-SEG-000702", "kind": "main", "material": "MDPE", "vintage_year": 1987, "diameter_in": 4.0, "coated": false, "s1_score": 0.28, "overall_pct": 0.635, "seg_level": "LOW", "like_pct": 0.588, "cons_pct": 0.635, "svc_down": 0, "fac_summary": "", "biz_50m": 10, "near_trans_seg": 0}}, {"type": "Feature", "geometry": {"type": "LineString", "coordinates": [[-82.98596013655512, 39.94626667804437], [-82.98569452607222, 39.94625494308301]]}, "properties": {"ticket_id": "DEMO-20260713-0052", "priority_level": "MODERATE", "GLOBALID": "DEMO-SEG-006112", "kind": "service", "material": "MDPE", "vintage_year": 1991, "diameter_in": 1.0, "coated": false, "s1_score": 0.313, "overall_pct": 0.709, "seg_level": "LOW", "like_pct": 0.709, "cons_pct": 0.672, "svc_down": 1, "fac_summary": "", "biz_50m": 10, "near_trans_seg": 0}}, {"type": "Feature", "geometry": {"type": "LineString", "coordinates": [[-82.98595950791096, 39.946275107593664], [-82.98582293971486, 39.946269073938645]]}, "properties": {"ticket_id": "DEMO-20260713-0052", "priority_level": "MODERATE", "GLOBALID": "DEMO-SEG-004093", "kind": "service", "material": "MDPE", "vintage_year": 1992, "diameter_in": 1.0, "coated": false, "s1_score": 0.289, "overall_pct": 0.622, "seg_level": "LOW", "like_pct": 0.622, "cons_pct": 0.592, "svc_down": 1, "fac_summary": "", "biz_50m": 9, "near_trans_seg": 0}}, {"type": "Feature", "geometry": {"type": "LineString", "coordinates": [[-82.98595711649833, 39.9463071742587], [-82.98617732356915, 39.94631690277886]]}, "properties": {"ticket_id": "DEMO-20260713-0052", "priority_level": "MODERATE", "GLOBALID": "DEMO-SEG-005470", "kind": "service", "material": "MDPE", "vintage_year": 1985, "diameter_in": 0.5, "coated": false, "s1_score": 0.334, "overall_pct": 0.739, "seg_level": "LOW", "like_pct": 0.739, "cons_pct": 0.73, "svc_down": 1, "fac_summary": "", "biz_50m": 11, "near_trans_seg": 0}}, {"type": "Feature", "geometry": {"type": "LineString", "coordinates": [[-82.98595771193087, 39.94629919005263], [-82.98647471252718, 39.94632202993684]]}, "properties": {"ticket_id": "DEMO-20260713-0052", "priority_level": "MODERATE", "GLOBALID": "DEMO-SEG-007336", "kind": "service", "material": "MDPE", "vintage_year": 1991, "diameter_in": 1.0, "coated": false, "s1_score": 0.273, "overall_pct": 0.845, "seg_level": "MODERATE", "like_pct": 0.553, "cons_pct": 0.845, "svc_down": 1, "fac_summary": "", "biz_50m": 14, "near_trans_seg": 0}}, {"type": "Feature", "geometry": {"type": "LineString", "coordinates": [[-82.98595093499775, 39.94639020091708], [-82.98615687213419, 39.94639927197867]]}, "properties": {"ticket_id": "DEMO-20260713-0052", "priority_level": "MODERATE", "GLOBALID": "DEMO-SEG-005186", "kind": "service", "material": "MDPE", "vintage_year": 1985, "diameter_in": 1.0, "coated": false, "s1_score": 0.292, "overall_pct": 0.73, "seg_level": "LOW", "like_pct": 0.638, "cons_pct": 0.73, "svc_down": 1, "fac_summary": "", "biz_50m": 11, "near_trans_seg": 0}}, {"type": "Feature", "geometry": {"type": "LineString", "coordinates": [[-82.98595746520108, 39.94630249847371], [-82.9859544, 39.946343600000006], [-82.98594122809882, 39.946520749040374]]}, "properties": {"ticket_id": "DEMO-20260713-0052", "priority_level": "MODERATE", "GLOBALID": "DEMO-SEG-000703", "kind": "main", "material": "MDPE", "vintage_year": 1985, "diameter_in": 2.0, "coated": false, "s1_score": 0.289, "overall_pct": 0.635, "seg_level": "LOW", "like_pct": 0.624, "cons_pct": 0.635, "svc_down": 0, "fac_summary": "", "biz_50m": 10, "near_trans_seg": 0}}, {"type": "Feature", "geometry": {"type": "LineString", "coordinates": [[-82.98594332204861, 39.94649258753173], [-82.98615019999828, 39.946501700025436]]}, "properties": {"ticket_id": "DEMO-20260713-0052", "priority_level": "MODERATE", "GLOBALID": "DEMO-SEG-005200", "kind": "service", "material": "MDPE", "vintage_year": 1985, "diameter_in": 0.5, "coated": false, "s1_score": 0.325, "overall_pct": 0.731, "seg_level": "LOW", "like_pct": 0.731, "cons_pct": 0.672, "svc_down": 1, "fac_summary": "", "biz_50m": 10, "near_trans_seg": 0}}, {"type": "Feature", "geometry": {"type": "LineString", "coordinates": [[-82.98594122809882, 39.946520749040374], [-82.985925, 39.946739]]}, "properties": {"ticket_id": "DEMO-20260713-0052", "priority_level": "MODERATE", "GLOBALID": "DEMO-SEG-000704", "kind": "main", "material": "Steel", "vintage_year": 1945, "diameter_in": 3.0, "coated": false, "s1_score": 0.774, "overall_pct": 0.952, "seg_level": "HIGH", "like_pct": 0.952, "cons_pct": 0.635, "svc_down": 0, "fac_summary": "", "biz_50m": 10, "near_trans_seg": 0}}, {"type": "Feature", "geometry": {"type": "LineString", "coordinates": [[-82.98728983816599, 39.94528283612234], [-82.9870438573872, 39.94527127542841]]}, "properties": {"ticket_id": "DEMO-20260713-0052", "priority_level": "MODERATE", "GLOBALID": "DEMO-SEG-005885", "kind": "service", "material": "MDPE", "vintage_year": 1995, "diameter_in": 0.75, "coated": false, "s1_score": 0.302, "overall_pct": 0.816, "seg_level": "MODERATE", "like_pct": 0.673, "cons_pct": 0.816, "svc_down": 1, "fac_summary": "", "biz_50m": 13, "near_trans_seg": 0}}, {"type": "Feature", "geometry": {"type": "LineString", "coordinates": [[-82.9872831107258, 39.945367639626284], [-82.98673119999992, 39.94534170000711]]}, "properties": {"ticket_id": "DEMO-20260713-0052", "priority_level": "MODERATE", "GLOBALID": "DEMO-SEG-007414", "kind": "service", "material": "MDPE", "vintage_year": 1997, "diameter_in": 1.0, "coated": false, "s1_score": 0.252, "overall_pct": 0.873, "seg_level": "MODERATE", "like_pct": 0.451, "cons_pct": 0.873, "svc_down": 1, "fac_summary": "", "biz_50m": 16, "near_trans_seg": 0}}, {"type": "Feature", "geometry": {"type": "LineString", "coordinates": [[-82.98728364515804, 39.94536090278615], [-82.98706650278781, 39.94535069748366]]}, "properties": {"ticket_id": "DEMO-20260713-0052", "priority_level": "MODERATE", "GLOBALID": "DEMO-SEG-005402", "kind": "service", "material": "MDPE", "vintage_year": 1998, "diameter_in": 1.0, "coated": false, "s1_score": 0.258, "overall_pct": 0.777, "seg_level": "LOW", "like_pct": 0.478, "cons_pct": 0.777, "svc_down": 1, "fac_summary": "", "biz_50m": 12, "near_trans_seg": 0}}, {"type": "Feature", "geometry": {"type": "LineString", "coordinates": [[-82.98727168738431, 39.94549575081135], [-82.98710030000059, 39.94548590000172]]}, "properties": {"ticket_id": "DEMO-20260713-0052", "priority_level": "MODERATE", "GLOBALID": "DEMO-SEG-004615", "kind": "service", "material": "MDPE", "vintage_year": 1987, "diameter_in": 0.75, "coated": false, "s1_score": 0.287, "overall_pct": 0.672, "seg_level": "LOW", "like_pct": 0.614, "cons_pct": 0.672, "svc_down": 1, "fac_summary": "", "biz_50m": 10, "near_trans_seg": 0}}, {"type": "Feature", "geometry": {"type": "LineString", "coordinates": [[-82.98727108298515, 39.94550198056479], [-82.98699740000066, 39.94548625000284]]}, "properties": {"ticket_id": "DEMO-20260713-0052", "priority_level": "MODERATE", "GLOBALID": "DEMO-SEG-006172", "kind": "service", "material": "MDPE", "vintage_year": 1985, "diameter_in": 1.0, "coated": false, "s1_score": 0.334, "overall_pct": 0.777, "seg_level": "LOW", "like_pct": 0.739, "cons_pct": 0.777, "svc_down": 1, "fac_summary": "", "biz_50m": 12, "near_trans_seg": 0}}, {"type": "Feature", "geometry": {"type": "LineString", "coordinates": [[-82.98661220991623, 39.945819370315455], [-82.98663932613937, 39.94545709346141]]}, "properties": {"ticket_id": "DEMO-20260713-0052", "priority_level": "MODERATE", "GLOBALID": "DEMO-SEG-007142", "kind": "service", "material": "MDPE", "vintage_year": 1995, "diameter_in": 1.0, "coated": false, "s1_score": 0.266, "overall_pct": 0.873, "seg_level": "MODERATE", "like_pct": 0.518, "cons_pct": 0.873, "svc_down": 1, "fac_summary": "", "biz_50m": 16, "near_trans_seg": 0}}, {"type": "Feature", "geometry": {"type": "LineString", "coordinates": [[-82.98724965825895, 39.94572281213053], [-82.98710206586968, 39.94571432901017]]}, "properties": {"ticket_id": "DEMO-20260713-0052", "priority_level": "MODERATE", "GLOBALID": "DEMO-SEG-004224", "kind": "service", "material": "MDPE", "vintage_year": 1988, "diameter_in": 1.25, "coated": false, "s1_score": 0.303, "overall_pct": 0.678, "seg_level": "LOW", "like_pct": 0.678, "cons_pct": 0.592, "svc_down": 1, "fac_summary": "", "biz_50m": 9, "near_trans_seg": 0}}, {"type": "Feature", "geometry": {"type": "LineString", "coordinates": [[-82.98664147307703, 39.945820667914695], [-82.98665344306114, 39.94566074654311]]}, "properties": {"ticket_id": "DEMO-20260713-0052", "priority_level": "MODERATE", "GLOBALID": "DEMO-SEG-005222", "kind": "service", "material": "MDPE", "vintage_year": 1995, "diameter_in": 1.0, "coated": false, "s1_score": 0.257, "overall_pct": 0.816, "seg_level": "MODERATE", "like_pct": 0.474, "cons_pct": 0.816, "svc_down": 1, "fac_summary": "", "biz_50m": 13, "near_trans_seg": 0}}, {"type": "Feature", "geometry": {"type": "LineString", "coordinates": [[-82.98675484035432, 39.945825694823284], [-82.98676736063685, 39.9456584176441]]}, "properties": {"ticket_id": "DEMO-20260713-0052", "priority_level": "MODERATE", "GLOBALID": "DEMO-SEG-005405", "kind": "service", "material": "MDPE", "vintage_year": 1992, "diameter_in": 1.0, "coated": false, "s1_score": 0.276, "overall_pct": 0.73, "seg_level": "LOW", "like_pct": 0.569, "cons_pct": 0.73, "svc_down": 1, "fac_summary": "", "biz_50m": 11, "near_trans_seg": 0}}, {"type": "Feature", "geometry": {"type": "LineString", "coordinates": [[-82.98686606632464, 39.94583062667374], [-82.98687819666894, 39.94566855575619]]}, "properties": {"ticket_id": "DEMO-20260713-0052", "priority_level": "MODERATE", "GLOBALID": "DEMO-SEG-005279", "kind": "service", "material": "MDPE", "vintage_year": 1994, "diameter_in": 0.75, "coated": false, "s1_score": 0.263, "overall_pct": 0.73, "seg_level": "LOW", "like_pct": 0.503, "cons_pct": 0.73, "svc_down": 1, "fac_summary": "", "biz_50m": 11, "near_trans_seg": 0}}, {"type": "Feature", "geometry": {"type": "LineString", "coordinates": [[-82.98600943615992, 39.94560114295035], [-82.98616559484347, 39.94560814032699]]}, "properties": {"ticket_id": "DEMO-20260713-0052", "priority_level": "MODERATE", "GLOBALID": "DEMO-SEG-004352", "kind": "service", "material": "MDPE", "vintage_year": 1992, "diameter_in": 0.75, "coated": false, "s1_score": 0.278, "overall_pct": 0.592, "seg_level": "LOW", "like_pct": 0.574, "cons_pct": 0.592, "svc_down": 1, "fac_summary": "", "biz_50m": 9, "near_trans_seg": 0}}, {"type": "Feature", "geometry": {"type": "LineString", "coordinates": [[-82.98650672548712, 39.94581469281916], [-82.98653337614286, 39.94545864336355]]}, "properties": {"ticket_id": "DEMO-20260713-0052", "priority_level": "MODERATE", "GLOBALID": "DEMO-SEG-007099", "kind": "service", "material": "MDPE", "vintage_year": 1997, "diameter_in": 0.5, "coated": false, "s1_score": 0.242, "overall_pct": 0.862, "seg_level": "MODERATE", "like_pct": 0.4, "cons_pct": 0.862, "svc_down": 1, "fac_summary": "", "biz_50m": 15, "near_trans_seg": 0}}, {"type": "Feature", "geometry": {"type": "LineString", "coordinates": [[-82.98601234640046, 39.94556266725564], [-82.985995, 39.94579199999999]]}, "properties": {"ticket_id": "DEMO-20260713-0052", "priority_level": "MODERATE", "GLOBALID": "DEMO-SEG-000722", "kind": "main", "material": "MDPE", "vintage_year": 1992, "diameter_in": 3.0, "coated": false, "s1_score": 0.278, "overall_pct": 0.635, "seg_level": "LOW", "like_pct": 0.574, "cons_pct": 0.635, "svc_down": 0, "fac_summary": "", "biz_50m": 10, "near_trans_seg": 0}}, {"type": "Feature", "geometry": {"type": "LineString", "coordinates": [[-82.98627029872658, 39.94580420859492], [-82.98628225541668, 39.94564447639571]]}, "properties": {"ticket_id": "DEMO-20260713-0052", "priority_level": "MODERATE", "GLOBALID": "DEMO-SEG-005215", "kind": "service", "material": "MDPE", "vintage_year": 1986, "diameter_in": 1.25, "coated": false, "s1_score": 0.305, "overall_pct": 0.73, "seg_level": "LOW", "like_pct": 0.684, "cons_pct": 0.73, "svc_down": 1, "fac_summary": "", "biz_50m": 11, "near_trans_seg": 0}}, {"type": "Feature", "geometry": {"type": "LineString", "coordinates": [[-82.98650512892274, 39.945814622021956], [-82.98651797970598, 39.94564293754176]]}, "properties": {"ticket_id": "DEMO-20260713-0052", "priority_level": "MODERATE", "GLOBALID": "DEMO-SEG-005521", "kind": "service", "material": "MDPE", "vintage_year": 1995, "diameter_in": 0.75, "coated": false, "s1_score": 0.248, "overall_pct": 0.816, "seg_level": "MODERATE", "like_pct": 0.429, "cons_pct": 0.816, "svc_down": 1, "fac_summary": "", "biz_50m": 13, "near_trans_seg": 0}}, {"type": "Feature", "geometry": {"type": "LineString", "coordinates": [[-82.98638380185238, 39.94580924189393], [-82.98639525000526, 39.94565629998787]]}, "properties": {"ticket_id": "DEMO-20260713-0052", "priority_level": "MODERATE", "GLOBALID": "DEMO-SEG-005051", "kind": "service", "material": "MDPE", "vintage_year": 1990, "diameter_in": 1.25, "coated": false, "s1_score": 0.269, "overall_pct": 0.777, "seg_level": "LOW", "like_pct": 0.533, "cons_pct": 0.777, "svc_down": 1, "fac_summary": "", "biz_50m": 12, "near_trans_seg": 0}}, {"type": "Feature", "geometry": {"type": "LineString", "coordinates": [[-82.9858381489359, 39.94585952810322], [-82.98584650414945, 39.94574339195743]]}, "properties": {"ticket_id": "DEMO-20260713-0052", "priority_level": "MODERATE", "GLOBALID": "DEMO-SEG-004269", "kind": "service", "material": "MDPE", "vintage_year": 1997, "diameter_in": 1.0, "coated": false, "s1_score": 0.251, "overall_pct": 0.592, "seg_level": "LOW", "like_pct": 0.447, "cons_pct": 0.592, "svc_down": 1, "fac_summary": "", "biz_50m": 9, "near_trans_seg": 0}}, {"type": "Feature", "geometry": {"type": "LineString", "coordinates": [[-82.98630564986448, 39.945805776254055], [-82.985995, 39.94579199999999]]}, "properties": {"ticket_id": "DEMO-20260713-0052", "priority_level": "MODERATE", "GLOBALID": "DEMO-SEG-000719", "kind": "main", "material": "MDPE", "vintage_year": 1985, "diameter_in": 6.0, "coated": false, "s1_score": 0.293, "overall_pct": 0.707, "seg_level": "LOW", "like_pct": 0.64, "cons_pct": 0.707, "svc_down": 0, "fac_summary": "", "biz_50m": 11, "near_trans_seg": 0}}, {"type": "Feature", "geometry": {"type": "LineString", "coordinates": [[-82.9866162998193, 39.94581955167209], [-82.98630564986448, 39.945805776254055]]}, "properties": {"ticket_id": "DEMO-20260713-0052", "priority_level": "MODERATE", "GLOBALID": "DEMO-SEG-000718", "kind": "main", "material": "MDPE", "vintage_year": 1992, "diameter_in": 2.0, "coated": false, "s1_score": 0.271, "overall_pct": 0.753, "seg_level": "LOW", "like_pct": 0.546, "cons_pct": 0.753, "svc_down": 0, "fac_summary": "", "biz_50m": 12, "near_trans_seg": 0}}, {"type": "Feature", "geometry": {"type": "LineString", "coordinates": [[-82.985995, 39.94579199999999], [-82.98599, 39.94586600000001]]}, "properties": {"ticket_id": "DEMO-20260713-0052", "priority_level": "MODERATE", "GLOBALID": "DEMO-SEG-000709", "kind": "main", "material": "MDPE", "vintage_year": 1993, "diameter_in": 6.0, "coated": false, "s1_score": 0.24, "overall_pct": 0.465, "seg_level": "LOW", "like_pct": 0.389, "cons_pct": 0.465, "svc_down": 0, "fac_summary": "", "biz_50m": 8, "near_trans_seg": 0}}, {"type": "Feature", "geometry": {"type": "LineString", "coordinates": [[-82.98724999032667, 39.94571938940995], [-82.98736889498849, 39.94572622351656]]}, "properties": {"ticket_id": "DEMO-20260713-0052", "priority_level": "MODERATE", "GLOBALID": "DEMO-SEG-003906", "kind": "service", "material": "MDPE", "vintage_year": 1985, "diameter_in": 0.5, "coated": false, "s1_score": 0.306, "overall_pct": 0.688, "seg_level": "LOW", "like_pct": 0.688, "cons_pct": 0.503, "svc_down": 1, "fac_summary": "", "biz_50m": 8, "near_trans_seg": 0}}, {"type": "Feature", "geometry": {"type": "LineString", "coordinates": [[-82.98726080360815, 39.945607933561064], [-82.9872376, 39.9458471]]}, "properties": {"ticket_id": "DEMO-20260713-0052", "priority_level": "MODERATE", "GLOBALID": "DEMO-SEG-001289", "kind": "main", "material": "MDPE", "vintage_year": 1985, "diameter_in": 4.0, "coated": false, "s1_score": 0.275, "overall_pct": 0.561, "seg_level": "LOW", "like_pct": 0.561, "cons_pct": 0.547, "svc_down": 0, "fac_summary": "", "biz_50m": 9, "near_trans_seg": 0}}, {"type": "Feature", "geometry": {"type": "LineString", "coordinates": [[-82.9872376, 39.9458471], [-82.98743429711182, 39.94585602039023]]}, "properties": {"ticket_id": "DEMO-20260713-0052", "priority_level": "MODERATE", "GLOBALID": "DEMO-SEG-001272", "kind": "main", "material": "Steel", "vintage_year": 1961, "diameter_in": 4.0, "coated": false, "s1_score": 0.702, "overall_pct": 0.926, "seg_level": "MODERATE", "like_pct": 0.926, "cons_pct": 0.635, "svc_down": 0, "fac_summary": "", "biz_50m": 10, "near_trans_seg": 0}}, {"type": "Feature", "geometry": {"type": "LineString", "coordinates": [[-82.98696499022508, 39.94583501294988], [-82.98697478596654, 39.945704131676514]]}, "properties": {"ticket_id": "DEMO-20260713-0052", "priority_level": "MODERATE", "GLOBALID": "DEMO-SEG-004586", "kind": "service", "material": "MDPE", "vintage_year": 1988, "diameter_in": 0.75, "coated": false, "s1_score": 0.284, "overall_pct": 0.672, "seg_level": "LOW", "like_pct": 0.603, "cons_pct": 0.672, "svc_down": 1, "fac_summary": "", "biz_50m": 10, "near_trans_seg": 0}}, {"type": "Feature", "geometry": {"type": "LineString", "coordinates": [[-82.98692694986448, 39.94583332625407], [-82.9866162998193, 39.94581955167209]]}, "properties": {"ticket_id": "DEMO-20260713-0052", "priority_level": "MODERATE", "GLOBALID": "DEMO-SEG-000717", "kind": "main", "material": "MDPE", "vintage_year": 1991, "diameter_in": 2.0, "coated": false, "s1_score": 0.274, "overall_pct": 0.707, "seg_level": "LOW", "like_pct": 0.559, "cons_pct": 0.707, "svc_down": 0, "fac_summary": "", "biz_50m": 11, "near_trans_seg": 0}}, {"type": "Feature", "geometry": {"type": "LineString", "coordinates": [[-82.9872376, 39.9458471], [-82.98692694986448, 39.94583332625407]]}, "properties": {"ticket_id": "DEMO-20260713-0052", "priority_level": "MODERATE", "GLOBALID": "DEMO-SEG-000716", "kind": "main", "material": "MDPE", "vintage_year": 1986, "diameter_in": 4.0, "coated": false, "s1_score": 0.296, "overall_pct": 0.707, "seg_level": "LOW", "like_pct": 0.651, "cons_pct": 0.707, "svc_down": 0, "fac_summary": "", "biz_50m": 11, "near_trans_seg": 0}}, {"type": "Feature", "geometry": {"type": "LineString", "coordinates": [[-82.98673252831269, 39.94582470547614], [-82.9867212170023, 39.945975829019005]]}, "properties": {"ticket_id": "DEMO-20260713-0052", "priority_level": "MODERATE", "GLOBALID": "DEMO-SEG-005011", "kind": "service", "material": "MDPE", "vintage_year": 1990, "diameter_in": 0.75, "coated": false, "s1_score": 0.303, "overall_pct": 0.73, "seg_level": "LOW", "like_pct": 0.679, "cons_pct": 0.73, "svc_down": 1, "fac_summary": "", "biz_50m": 11, "near_trans_seg": 0}}, {"type": "Feature", "geometry": {"type": "LineString", "coordinates": [[-82.98663672380162, 39.945820457320856], [-82.9866238354323, 39.94599264773416]]}, "properties": {"ticket_id": "DEMO-20260713-0052", "priority_level": "MODERATE", "GLOBALID": "DEMO-SEG-005535", "kind": "service", "material": "MDPE", "vintage_year": 1996, "diameter_in": 0.5, "coated": false, "s1_score": 0.267, "overall_pct": 0.816, "seg_level": "MODERATE", "like_pct": 0.527, "cons_pct": 0.816, "svc_down": 1, "fac_summary": "", "biz_50m": 13, "near_trans_seg": 0}}, {"type": "Feature", "geometry": {"type": "LineString", "coordinates": [[-82.98683101016861, 39.94582907226674], [-82.98681826517793, 39.94599935357621]]}, "properties": {"ticket_id": "DEMO-20260713-0052", "priority_level": "MODERATE", "GLOBALID": "DEMO-SEG-005490", "kind": "service", "material": "MDPE", "vintage_year": 1992, "diameter_in": 1.0, "coated": false, "s1_score": 0.285, "overall_pct": 0.73, "seg_level": "LOW", "like_pct": 0.606, "cons_pct": 0.73, "svc_down": 1, "fac_summary": "", "biz_50m": 11, "near_trans_seg": 0}}, {"type": "Feature", "geometry": {"type": "LineString", "coordinates": [[-82.98695869865627, 39.94583473398487], [-82.98694552145571, 39.94601079427089]]}, "properties": {"ticket_id": "DEMO-20260713-0052", "priority_level": "MODERATE", "GLOBALID": "DEMO-SEG-005625", "kind": "service", "material": "MDPE", "vintage_year": 1991, "diameter_in": 0.5, "coated": false, "s1_score": 0.278, "overall_pct": 0.672, "seg_level": "LOW", "like_pct": 0.574, "cons_pct": 0.672, "svc_down": 1, "fac_summary": "", "biz_50m": 10, "near_trans_seg": 0}}, {"type": "Feature", "geometry": {"type": "LineString", "coordinates": [[-82.98722348090509, 39.94608524986263], [-82.9872376, 39.9458471]]}, "properties": {"ticket_id": "DEMO-20260713-0052", "priority_level": "MODERATE", "GLOBALID": "DEMO-SEG-001293", "kind": "main", "material": "Steel", "vintage_year": 1980, "diameter_in": 4.0, "coated": true, "s1_score": 0.504, "overall_pct": 0.831, "seg_level": "MODERATE", "like_pct": 0.831, "cons_pct": 0.635, "svc_down": 0, "fac_summary": "", "biz_50m": 10, "near_trans_seg": 0}}, {"type": "Feature", "geometry": {"type": "LineString", "coordinates": [[-82.98659513160202, 39.9458186130183], [-82.98656758962309, 39.94618657395095]]}, "properties": {"ticket_id": "DEMO-20260713-0052", "priority_level": "MODERATE", "GLOBALID": "DEMO-SEG-007182", "kind": "service", "material": "MDPE", "vintage_year": 1995, "diameter_in": 0.75, "coated": false, "s1_score": 0.261, "overall_pct": 0.862, "seg_level": "MODERATE", "like_pct": 0.494, "cons_pct": 0.862, "svc_down": 1, "fac_summary": "", "biz_50m": 15, "near_trans_seg": 0}}, {"type": "Feature", "geometry": {"type": "LineString", "coordinates": [[-82.98672585800077, 39.94582440970434], [-82.986698326099, 39.946192245383166]]}, "properties": {"ticket_id": "DEMO-20260713-0052", "priority_level": "MODERATE", "GLOBALID": "DEMO-SEG-007181", "kind": "service", "material": "MDPE", "vintage_year": 1992, "diameter_in": 0.75, "coated": false, "s1_score": 0.272, "overall_pct": 0.845, "seg_level": "MODERATE", "like_pct": 0.548, "cons_pct": 0.845, "svc_down": 1, "fac_summary": "", "biz_50m": 14, "near_trans_seg": 0}}, {"type": "Feature", "geometry": {"type": "LineString", "coordinates": [[-82.98722711780542, 39.94602390557295], [-82.98743937275712, 39.94603136028956]]}, "properties": {"ticket_id": "DEMO-20260713-0052", "priority_level": "MODERATE", "GLOBALID": "DEMO-SEG-005368", "kind": "service", "material": "MDPE", "vintage_year": 1986, "diameter_in": 1.25, "coated": false, "s1_score": 0.319, "overall_pct": 0.72, "seg_level": "LOW", "like_pct": 0.72, "cons_pct": 0.592, "svc_down": 1, "fac_summary": "", "biz_50m": 9, "near_trans_seg": 0}}, {"type": "Feature", "geometry": {"type": "LineString", "coordinates": [[-82.98721613301593, 39.946209187886836], [-82.98742859999766, 39.94621665003579]]}, "properties": {"ticket_id": "DEMO-20260713-0052", "priority_level": "MODERATE", "GLOBALID": "DEMO-SEG-005311", "kind": "service", "material": "MDPE", "vintage_year": 1990, "diameter_in": 0.75, "coated": false, "s1_score": 0.315, "overall_pct": 0.713, "seg_level": "LOW", "like_pct": 0.713, "cons_pct": 0.592, "svc_down": 1, "fac_summary": "", "biz_50m": 9, "near_trans_seg": 0}}, {"type": "Feature", "geometry": {"type": "LineString", "coordinates": [[-82.98720625213724, 39.94633002083392], [-82.98722213040318, 39.94633107846723]]}, "properties": {"ticket_id": "DEMO-20260713-0052", "priority_level": "MODERATE", "GLOBALID": "DEMO-SEG-005143", "kind": "service", "material": "MDPE", "vintage_year": 1991, "diameter_in": 1.0, "coated": false, "s1_score": 0.278, "overall_pct": 0.73, "seg_level": "LOW", "like_pct": 0.576, "cons_pct": 0.73, "svc_down": 1, "fac_summary": "", "biz_50m": 11, "near_trans_seg": 0}}, {"type": "Feature", "geometry": {"type": "LineString", "coordinates": [[-82.9872276914175, 39.94601423034225], [-82.98708020000535, 39.94600904998882]]}, "properties": {"ticket_id": "DEMO-20260713-0052", "priority_level": "MODERATE", "GLOBALID": "DEMO-SEG-004219", "kind": "service", "material": "MDPE", "vintage_year": 1985, "diameter_in": 1.25, "coated": false, "s1_score": 0.34, "overall_pct": 0.742, "seg_level": "LOW", "like_pct": 0.742, "cons_pct": 0.503, "svc_down": 1, "fac_summary": "", "biz_50m": 8, "near_trans_seg": 0}}, {"type": "Feature", "geometry": {"type": "LineString", "coordinates": [[-82.98721714661608, 39.94619209134816], [-82.98681100821685, 39.946177826084835]]}, "properties": {"ticket_id": "DEMO-20260713-0052", "priority_level": "MODERATE", "GLOBALID": "DEMO-SEG-006892", "kind": "service", "material": "MDPE", "vintage_year": 1988, "diameter_in": 0.75, "coated": false, "s1_score": 0.305, "overall_pct": 0.685, "seg_level": "LOW", "like_pct": 0.685, "cons_pct": 0.672, "svc_down": 1, "fac_summary": "", "biz_50m": 10, "near_trans_seg": 0}}, {"type": "Feature", "geometry": {"type": "LineString", "coordinates": [[-82.98720701003906, 39.94632328014543], [-82.987212, 39.94627889999999], [-82.98722348090509, 39.94608524986263]]}, "properties": {"ticket_id": "DEMO-20260713-0052", "priority_level": "MODERATE", "GLOBALID": "DEMO-SEG-001292", "kind": "main", "material": "MDPE", "vintage_year": 1985, "diameter_in": 4.0, "coated": false, "s1_score": 0.3, "overall_pct": 0.803, "seg_level": "MODERATE", "like_pct": 0.667, "cons_pct": 0.803, "svc_down": 2, "fac_summary": "", "biz_50m": 10, "near_trans_seg": 0}}, {"type": "Feature", "geometry": {"type": "LineString", "coordinates": [[-82.987215224544, 39.94622451120817], [-82.98705428080764, 39.94621885837048]]}, "properties": {"ticket_id": "DEMO-20260713-0052", "priority_level": "MODERATE", "GLOBALID": "DEMO-SEG-004434", "kind": "service", "material": "MDPE", "vintage_year": 1989, "diameter_in": 1.25, "coated": false, "s1_score": 0.299, "overall_pct": 0.662, "seg_level": "LOW", "like_pct": 0.662, "cons_pct": 0.592, "svc_down": 1, "fac_summary": "", "biz_50m": 9, "near_trans_seg": 0}}, {"type": "Feature", "geometry": {"type": "LineString", "coordinates": [[-82.98682754565142, 39.94633784382018], [-82.98665575000098, 39.946326400000835]]}, "properties": {"ticket_id": "DEMO-20260713-0052", "priority_level": "MODERATE", "GLOBALID": "DEMO-SEG-007401", "kind": "service", "material": "MDPE", "vintage_year": 1985, "diameter_in": 0.5, "coated": false, "s1_score": 0.313, "overall_pct": 0.845, "seg_level": "MODERATE", "like_pct": 0.708, "cons_pct": 0.845, "svc_down": 1, "fac_summary": "", "biz_50m": 14, "near_trans_seg": 0}}, {"type": "Feature", "geometry": {"type": "LineString", "coordinates": [[-82.9872061023186, 39.94633135330295], [-82.98720701003906, 39.94632328014543]]}, "properties": {"ticket_id": "DEMO-20260713-0052", "priority_level": "MODERATE", "GLOBALID": "DEMO-SEG-001291", "kind": "main", "material": "MDPE", "vintage_year": 1985, "diameter_in": 4.0, "coated": false, "s1_score": 0.265, "overall_pct": 0.877, "seg_level": "MODERATE", "like_pct": 0.516, "cons_pct": 0.877, "svc_down": 5, "fac_summary": "", "biz_50m": 10, "near_trans_seg": 0}}, {"type": "Feature", "geometry": {"type": "LineString", "coordinates": [[-82.98593271158124, 39.94663528742203], [-82.98577057046643, 39.94662814523011]]}, "properties": {"ticket_id": "DEMO-20260713-0052", "priority_level": "MODERATE", "GLOBALID": "DEMO-SEG-004452", "kind": "service", "material": "MDPE", "vintage_year": 1985, "diameter_in": 0.75, "coated": false, "s1_score": 0.337, "overall_pct": 0.741, "seg_level": "LOW", "like_pct": 0.741, "cons_pct": 0.503, "svc_down": 1, "fac_summary": "", "biz_50m": 8, "near_trans_seg": 0}}, {"type": "Feature", "geometry": {"type": "LineString", "coordinates": [[-82.98614365939015, 39.94674883929712], [-82.98615560827135, 39.946591528099226]]}, "properties": {"ticket_id": "DEMO-20260713-0052", "priority_level": "MODERATE", "GLOBALID": "DEMO-SEG-005160", "kind": "service", "material": "MDPE", "vintage_year": 1997, "diameter_in": 0.75, "coated": false, "s1_score": 0.256, "overall_pct": 0.672, "seg_level": "LOW", "like_pct": 0.47, "cons_pct": 0.672, "svc_down": 1, "fac_summary": "", "biz_50m": 10, "near_trans_seg": 0}}, {"type": "Feature", "geometry": {"type": "LineString", "coordinates": [[-82.98612363647808, 39.946747938317785], [-82.9861302669524, 39.946660646206645]]}, "properties": {"ticket_id": "DEMO-20260713-0052", "priority_level": "MODERATE", "GLOBALID": "DEMO-SEG-003837", "kind": "service", "material": "MDPE", "vintage_year": 1997, "diameter_in": 1.0, "coated": false, "s1_score": 0.226, "overall_pct": 0.592, "seg_level": "LOW", "like_pct": 0.327, "cons_pct": 0.592, "svc_down": 1, "fac_summary": "", "biz_50m": 9, "near_trans_seg": 0}}, {"type": "Feature", "geometry": {"type": "LineString", "coordinates": [[-82.9862322312856, 39.94675282476187], [-82.985925, 39.946739]]}, "properties": {"ticket_id": "DEMO-20260713-0052", "priority_level": "MODERATE", "GLOBALID": "DEMO-SEG-000708", "kind": "main", "material": "MDPE", "vintage_year": 1995, "diameter_in": 4.0, "coated": false, "s1_score": 0.25, "overall_pct": 0.707, "seg_level": "LOW", "like_pct": 0.44, "cons_pct": 0.707, "svc_down": 0, "fac_summary": "", "biz_50m": 11, "near_trans_seg": 0}}, {"type": "Feature", "geometry": {"type": "LineString", "coordinates": [[-82.98627762857313, 39.94675486747468], [-82.9862322312856, 39.94675282476187]]}, "properties": {"ticket_id": "DEMO-20260713-0052", "priority_level": "MODERATE", "GLOBALID": "DEMO-SEG-000707", "kind": "main", "material": "MDPE", "vintage_year": 1986, "diameter_in": 4.0, "coated": false, "s1_score": 0.262, "overall_pct": 0.707, "seg_level": "LOW", "like_pct": 0.5, "cons_pct": 0.707, "svc_down": 0, "fac_summary": "", "biz_50m": 11, "near_trans_seg": 0}}, {"type": "Feature", "geometry": {"type": "LineString", "coordinates": [[-82.985925, 39.946739], [-82.985918, 39.946828]]}, "properties": {"ticket_id": "DEMO-20260713-0052", "priority_level": "MODERATE", "GLOBALID": "DEMO-SEG-000694", "kind": "main", "material": "MDPE", "vintage_year": 1987, "diameter_in": 6.0, "coated": false, "s1_score": 0.27, "overall_pct": 0.547, "seg_level": "LOW", "like_pct": 0.541, "cons_pct": 0.547, "svc_down": 0, "fac_summary": "", "biz_50m": 9, "near_trans_seg": 0}}, {"type": "Feature", "geometry": {"type": "LineString", "coordinates": [[-82.98613971398348, 39.94674866176428], [-82.98613232659643, 39.94684591895857]]}, "properties": {"ticket_id": "DEMO-20260713-0052", "priority_level": "MODERATE", "GLOBALID": "DEMO-SEG-003981", "kind": "service", "material": "MDPE", "vintage_year": 1998, "diameter_in": 1.0, "coated": false, "s1_score": 0.258, "overall_pct": 0.592, "seg_level": "LOW", "like_pct": 0.478, "cons_pct": 0.592, "svc_down": 1, "fac_summary": "", "biz_50m": 9, "near_trans_seg": 0}}, {"type": "Feature", "geometry": {"type": "LineString", "coordinates": [[-82.9859121212969, 39.94692958272211], [-82.98613139999797, 39.94693710003454]]}, "properties": {"ticket_id": "DEMO-20260713-0052", "priority_level": "MODERATE", "GLOBALID": "DEMO-SEG-005444", "kind": "service", "material": "MDPE", "vintage_year": 1992, "diameter_in": 0.75, "coated": false, "s1_score": 0.27, "overall_pct": 0.73, "seg_level": "LOW", "like_pct": 0.54, "cons_pct": 0.73, "svc_down": 1, "fac_summary": "", "biz_50m": 11, "near_trans_seg": 0}}, {"type": "Feature", "geometry": {"type": "LineString", "coordinates": [[-82.985918, 39.946828], [-82.9859100796984, 39.9469648610582]]}, "properties": {"ticket_id": "DEMO-20260713-0052", "priority_level": "MODERATE", "GLOBALID": "DEMO-SEG-000682", "kind": "main", "material": "MDPE", "vintage_year": 1992, "diameter_in": 4.0, "coated": false, "s1_score": 0.25, "overall_pct": 0.997, "seg_level": "HIGH", "like_pct": 0.437, "cons_pct": 0.997, "svc_down": 97, "fac_summary": "", "biz_50m": 10, "near_trans_seg": 0}}, {"type": "Feature", "geometry": {"type": "LineString", "coordinates": [[-82.98594774482824, 39.94643310555978], [-82.98548565000115, 39.94641274999942]]}, "properties": {"ticket_id": "DEMO-20260713-0052", "priority_level": "MODERATE", "GLOBALID": "DEMO-SEG-007096", "kind": "service", "material": "MDPE", "vintage_year": 1990, "diameter_in": 0.75, "coated": false, "s1_score": 0.307, "overall_pct": 0.73, "seg_level": "LOW", "like_pct": 0.69, "cons_pct": 0.73, "svc_down": 1, "fac_summary": "", "biz_50m": 11, "near_trans_seg": 0}}, {"type": "Feature", "geometry": {"type": "LineString", "coordinates": [[-82.98521963379137, 39.94679448219555], [-82.98523250455185, 39.94663562645481]]}, "properties": {"ticket_id": "DEMO-20260713-0052", "priority_level": "MODERATE", "GLOBALID": "DEMO-SEG-005193", "kind": "service", "material": "Steel", "vintage_year": 1973, "diameter_in": 1.25, "coated": true, "s1_score": 0.649, "overall_pct": 0.891, "seg_level": "MODERATE", "like_pct": 0.891, "cons_pct": 0.503, "svc_down": 1, "fac_summary": "", "biz_50m": 8, "near_trans_seg": 0}}, {"type": "Feature", "geometry": {"type": "LineString", "coordinates": [[-82.98547114869847, 39.946806554041856], [-82.98548497345082, 39.94663591602141]]}, "properties": {"ticket_id": "DEMO-20260713-0052", "priority_level": "MODERATE", "GLOBALID": "DEMO-SEG-005503", "kind": "service", "material": "MDPE", "vintage_year": 1997, "diameter_in": 0.75, "coated": false, "s1_score": 0.273, "overall_pct": 0.551, "seg_level": "LOW", "like_pct": 0.551, "cons_pct": 0.436, "svc_down": 1, "fac_summary": "", "biz_50m": 7, "near_trans_seg": 0}}, {"type": "Feature", "geometry": {"type": "LineString", "coordinates": [[-82.98563764297167, 39.946814544888255], [-82.98565193839322, 39.94663809212362]]}, "properties": {"ticket_id": "DEMO-20260713-0052", "priority_level": "MODERATE", "GLOBALID": "DEMO-SEG-005635", "kind": "service", "material": "MDPE", "vintage_year": 1997, "diameter_in": 1.25, "coated": false, "s1_score": 0.267, "overall_pct": 0.524, "seg_level": "LOW", "like_pct": 0.524, "cons_pct": 0.503, "svc_down": 1, "fac_summary": "", "biz_50m": 8, "near_trans_seg": 0}}, {"type": "Feature", "geometry": {"type": "LineString", "coordinates": [[-82.98555550414906, 39.94681060268849], [-82.98556779932309, 39.94665884187844]]}, "properties": {"ticket_id": "DEMO-20260713-0052", "priority_level": "MODERATE", "GLOBALID": "DEMO-SEG-005023", "kind": "service", "material": "MDPE", "vintage_year": 1997, "diameter_in": 0.75, "coated": false, "s1_score": 0.247, "overall_pct": 0.436, "seg_level": "LOW", "like_pct": 0.426, "cons_pct": 0.436, "svc_down": 1, "fac_summary": "", "biz_50m": 7, "near_trans_seg": 0}}, {"type": "Feature", "geometry": {"type": "LineString", "coordinates": [[-82.98508610533413, 39.94678810236345], [-82.985095, 39.946788500000004], [-82.98536340499832, 39.94680138278412]]}, "properties": {"ticket_id": "DEMO-20260713-0052", "priority_level": "MODERATE", "GLOBALID": "DEMO-SEG-000698", "kind": "main", "material": "Steel", "vintage_year": 1972, "diameter_in": 4.0, "coated": true, "s1_score": 0.658, "overall_pct": 0.995, "seg_level": "HIGH", "like_pct": 0.896, "cons_pct": 0.995, "svc_down": 89, "fac_summary": "", "biz_50m": 8, "near_trans_seg": 0}}, {"type": "Feature", "geometry": {"type": "LineString", "coordinates": [[-82.98536340499832, 39.94680138278412], [-82.98564070245905, 39.94681469172525]]}, "properties": {"ticket_id": "DEMO-20260713-0052", "priority_level": "MODERATE", "GLOBALID": "DEMO-SEG-000699", "kind": "main", "material": "MDPE", "vintage_year": 1994, "diameter_in": 4.0, "coated": false, "s1_score": 0.283, "overall_pct": 0.996, "seg_level": "HIGH", "like_pct": 0.597, "cons_pct": 0.996, "svc_down": 92, "fac_summary": "", "biz_50m": 8, "near_trans_seg": 0}}, {"type": "Feature", "geometry": {"type": "LineString", "coordinates": [[-82.98564070245905, 39.94681469172525], [-82.985918, 39.946828]]}, "properties": {"ticket_id": "DEMO-20260713-0052", "priority_level": "MODERATE", "GLOBALID": "DEMO-SEG-000700", "kind": "main", "material": "Steel", "vintage_year": 1994, "diameter_in": 6.0, "coated": true, "s1_score": 0.424, "overall_pct": 0.996, "seg_level": "HIGH", "like_pct": 0.748, "cons_pct": 0.996, "svc_down": 97, "fac_summary": "", "biz_50m": 9, "near_trans_seg": 0}}, {"type": "Feature", "geometry": {"type": "LineString", "coordinates": [[-82.98536028446455, 39.94680123300972], [-82.98534673218998, 39.94696850389429]]}, "properties": {"ticket_id": "DEMO-20260713-0052", "priority_level": "MODERATE", "GLOBALID": "DEMO-SEG-005407", "kind": "service", "material": "MDPE", "vintage_year": 2006, "diameter_in": 0.75, "coated": false, "s1_score": 0.241, "overall_pct": 0.592, "seg_level": "LOW", "like_pct": 0.394, "cons_pct": 0.592, "svc_down": 1, "fac_summary": "", "biz_50m": 9, "near_trans_seg": 0}}, {"type": "Feature", "geometry": {"type": "LineString", "coordinates": [[-82.98521371401351, 39.94679419806003], [-82.98519889932422, 39.94697704561862]]}, "properties": {"ticket_id": "DEMO-20260713-0052", "priority_level": "MODERATE", "GLOBALID": "DEMO-SEG-005876", "kind": "service", "material": "MDPE", "vintage_year": 1999, "diameter_in": 1.25, "coated": false, "s1_score": 0.258, "overall_pct": 0.503, "seg_level": "LOW", "like_pct": 0.477, "cons_pct": 0.503, "svc_down": 1, "fac_summary": "", "biz_50m": 8, "near_trans_seg": 0}}, {"type": "Feature", "geometry": {"type": "LineString", "coordinates": [[-82.98501233027723, 39.94678480421871], [-82.9850259736346, 39.946604013232324]]}, "properties": {"ticket_id": "DEMO-20260713-0052", "priority_level": "MODERATE", "GLOBALID": "DEMO-SEG-005737", "kind": "service", "material": "Steel", "vintage_year": 1974, "diameter_in": 0.75, "coated": true, "s1_score": 0.669, "overall_pct": 0.905, "seg_level": "MODERATE", "like_pct": 0.905, "cons_pct": 0.503, "svc_down": 1, "fac_summary": "", "biz_50m": 8, "near_trans_seg": 0}}, {"type": "Feature", "geometry": {"type": "LineString", "coordinates": [[-82.98465156536301, 39.94676867539007], [-82.98480873681655, 39.94677570224216]]}, "properties": {"ticket_id": "DEMO-20260713-0052", "priority_level": "MODERATE", "GLOBALID": "DEMO-SEG-000696", "kind": "main", "material": "Steel", "vintage_year": 1976, "diameter_in": 8.0, "coated": true, "s1_score": 0.509, "overall_pct": 0.993, "seg_level": "HIGH", "like_pct": 0.837, "cons_pct": 0.993, "svc_down": 82, "fac_summary": "", "biz_50m": 5, "near_trans_seg": 0}}, {"type": "Feature", "geometry": {"type": "LineString", "coordinates": [[-82.98480873681655, 39.94677570224216], [-82.98508610533413, 39.94678810236345]]}, "properties": {"ticket_id": "DEMO-20260713-0052", "priority_level": "MODERATE", "GLOBALID": "DEMO-SEG-000697", "kind": "main", "material": "Steel", "vintage_year": 1977, "diameter_in": 4.0, "coated": true, "s1_score": 0.523, "overall_pct": 0.994, "seg_level": "HIGH", "like_pct": 0.853, "cons_pct": 0.994, "svc_down": 83, "fac_summary": "", "biz_50m": 7, "near_trans_seg": 0}}, {"type": "Feature", "geometry": {"type": "LineString", "coordinates": [[-82.98500111646013, 39.94678430289618], [-82.98498841697443, 39.946952585449466]]}, "properties": {"ticket_id": "DEMO-20260713-0052", "priority_level": "MODERATE", "GLOBALID": "DEMO-SEG-005437", "kind": "service", "material": "MDPE", "vintage_year": 2015, "diameter_in": 1.25, "coated": false, "s1_score": 0.14, "overall_pct": 0.436, "seg_level": "LOW", "like_pct": 0.033, "cons_pct": 0.436, "svc_down": 1, "fac_summary": "", "biz_50m": 7, "near_trans_seg": 0}}, {"type": "Feature", "geometry": {"type": "LineString", "coordinates": [[-82.98484825039203, 39.94677746878899], [-82.98483271548639, 39.94698331769536]]}, "properties": {"ticket_id": "DEMO-20260713-0052", "priority_level": "MODERATE", "GLOBALID": "DEMO-SEG-006231", "kind": "service", "material": "Steel", "vintage_year": 1978, "diameter_in": 1.0, "coated": true, "s1_score": 0.539, "overall_pct": 0.864, "seg_level": "MODERATE", "like_pct": 0.864, "cons_pct": 0.436, "svc_down": 1, "fac_summary": "", "biz_50m": 7, "near_trans_seg": 0}}, {"type": "Feature", "geometry": {"type": "LineString", "coordinates": [[-82.98550184989399, 39.94680802755538], [-82.98548855843686, 39.94697208345398]]}, "properties": {"ticket_id": "DEMO-20260713-0052", "priority_level": "MODERATE", "GLOBALID": "DEMO-SEG-005449", "kind": "service", "material": "MDPE", "vintage_year": 1996, "diameter_in": 1.0, "coated": false, "s1_score": 0.252, "overall_pct": 0.503, "seg_level": "LOW", "like_pct": 0.452, "cons_pct": 0.503, "svc_down": 1, "fac_summary": "", "biz_50m": 8, "near_trans_seg": 0}}, {"type": "Feature", "geometry": {"type": "LineString", "coordinates": [[-82.98563632876963, 39.94681448181445], [-82.98562374818157, 39.946969767263816]]}, "properties": {"ticket_id": "DEMO-20260713-0052", "priority_level": "MODERATE", "GLOBALID": "DEMO-SEG-005406", "kind": "service", "material": "MDPE", "vintage_year": 1998, "diameter_in": 1.0, "coated": false, "s1_score": 0.245, "overall_pct": 0.592, "seg_level": "LOW", "like_pct": 0.416, "cons_pct": 0.592, "svc_down": 1, "fac_summary": "", "biz_50m": 9, "near_trans_seg": 0}}, {"type": "Feature", "geometry": {"type": "LineString", "coordinates": [[-82.98983757647066, 39.94668550350716], [-82.98984988352026, 39.94652815964781]]}, "properties": {"ticket_id": "DEMO-20260713-0053", "priority_level": "MODERATE", "GLOBALID": "DEMO-SEG-001265", "kind": "main", "material": "MDPE", "vintage_year": 1991, "diameter_in": 6.0, "coated": false, "s1_score": 0.233, "overall_pct": 0.707, "seg_level": "LOW", "like_pct": 0.358, "cons_pct": 0.707, "svc_down": 0, "fac_summary": "", "biz_50m": 11, "near_trans_seg": 0}}, {"type": "Feature", "geometry": {"type": "LineString", "coordinates": [[-82.99065593555751, 39.94672361743729], [-82.99067450069836, 39.94651399810396]]}, "properties": {"ticket_id": "DEMO-20260713-0053", "priority_level": "MODERATE", "GLOBALID": "DEMO-SEG-001255", "kind": "main", "material": "MDPE", "vintage_year": 1998, "diameter_in": 4.0, "coated": false, "s1_score": 0.218, "overall_pct": 0.797, "seg_level": "LOW", "like_pct": 0.292, "cons_pct": 0.797, "svc_down": 2, "fac_summary": "", "biz_50m": 9, "near_trans_seg": 0}}, {"type": "Feature", "geometry": {"type": "LineString", "coordinates": [[-82.99066527762477, 39.946618136114495], [-82.99043618613192, 39.94660611612082]]}, "properties": {"ticket_id": "DEMO-20260713-0053", "priority_level": "MODERATE", "GLOBALID": "DEMO-SEG-005632", "kind": "service", "material": "MDPE", "vintage_year": 2002, "diameter_in": 1.0, "coated": false, "s1_score": 0.25, "overall_pct": 0.592, "seg_level": "LOW", "like_pct": 0.441, "cons_pct": 0.592, "svc_down": 1, "fac_summary": "", "biz_50m": 9, "near_trans_seg": 0}}, {"type": "Feature", "geometry": {"type": "LineString", "coordinates": [[-82.9906564064354, 39.94671830075876], [-82.9904503127542, 39.946707487444606]]}, "properties": {"ticket_id": "DEMO-20260713-0053", "priority_level": "MODERATE", "GLOBALID": "DEMO-SEG-005191", "kind": "service", "material": "MDPE", "vintage_year": 2000, "diameter_in": 0.75, "coated": false, "s1_score": 0.253, "overall_pct": 0.672, "seg_level": "LOW", "like_pct": 0.454, "cons_pct": 0.672, "svc_down": 1, "fac_summary": "", "biz_50m": 10, "near_trans_seg": 0}}, {"type": "Feature", "geometry": {"type": "LineString", "coordinates": [[-82.98984618920497, 39.94657539099384], [-82.98963371168351, 39.94656554530375]]}, "properties": {"ticket_id": "DEMO-20260713-0053", "priority_level": "MODERATE", "GLOBALID": "DEMO-SEG-005317", "kind": "service", "material": "MDPE", "vintage_year": 1993, "diameter_in": 0.5, "coated": false, "s1_score": 0.291, "overall_pct": 0.672, "seg_level": "LOW", "like_pct": 0.63, "cons_pct": 0.672, "svc_down": 1, "fac_summary": "", "biz_50m": 10, "near_trans_seg": 0}}, {"type": "Feature", "geometry": {"type": "LineString", "coordinates": [[-82.98984326247034, 39.94661280888536], [-82.9899907737296, 39.94661964396403]]}, "properties": {"ticket_id": "DEMO-20260713-0053", "priority_level": "MODERATE", "GLOBALID": "DEMO-SEG-004222", "kind": "service", "material": "MDPE", "vintage_year": 1992, "diameter_in": 1.0, "coated": false, "s1_score": 0.294, "overall_pct": 0.672, "seg_level": "LOW", "like_pct": 0.645, "cons_pct": 0.672, "svc_down": 1, "fac_summary": "", "biz_50m": 10, "near_trans_seg": 0}}, {"type": "Feature", "geometry": {"type": "LineString", "coordinates": [[-82.98983982487056, 39.946656758077765], [-82.98960549999987, 39.94664590001941]]}, "properties": {"ticket_id": "DEMO-20260713-0053", "priority_level": "MODERATE", "GLOBALID": "DEMO-SEG-005730", "kind": "service", "material": "MDPE", "vintage_year": 1994, "diameter_in": 1.25, "coated": false, "s1_score": 0.289, "overall_pct": 0.672, "seg_level": "LOW", "like_pct": 0.626, "cons_pct": 0.672, "svc_down": 1, "fac_summary": "", "biz_50m": 10, "near_trans_seg": 0}}, {"type": "Feature", "geometry": {"type": "LineString", "coordinates": [[-82.98983755071215, 39.94668583282558], [-82.98998254079649, 39.94669255108089]]}, "properties": {"ticket_id": "DEMO-20260713-0053", "priority_level": "MODERATE", "GLOBALID": "DEMO-SEG-004190", "kind": "service", "material": "MDPE", "vintage_year": 1995, "diameter_in": 1.0, "coated": false, "s1_score": 0.263, "overall_pct": 0.73, "seg_level": "LOW", "like_pct": 0.501, "cons_pct": 0.73, "svc_down": 1, "fac_summary": "", "biz_50m": 11, "near_trans_seg": 0}}, {"type": "Feature", "geometry": {"type": "LineString", "coordinates": [[-82.989819, 39.946923], [-82.98983757647066, 39.94668550350716]]}, "properties": {"ticket_id": "DEMO-20260713-0053", "priority_level": "MODERATE", "GLOBALID": "DEMO-SEG-001264", "kind": "main", "material": "Steel", "vintage_year": 1994, "diameter_in": 4.0, "coated": true, "s1_score": 0.429, "overall_pct": 0.753, "seg_level": "LOW", "like_pct": 0.75, "cons_pct": 0.753, "svc_down": 0, "fac_summary": "", "biz_50m": 12, "near_trans_seg": 0}}, {"type": "Feature", "geometry": {"type": "LineString", "coordinates": [[-82.98958901489823, 39.94691226552949], [-82.98960154207356, 39.94675327180346]]}, "properties": {"ticket_id": "DEMO-20260713-0053", "priority_level": "MODERATE", "GLOBALID": "DEMO-SEG-005195", "kind": "service", "material": "MDPE", "vintage_year": 2001, "diameter_in": 0.5, "coated": false, "s1_score": 0.243, "overall_pct": 0.777, "seg_level": "LOW", "like_pct": 0.408, "cons_pct": 0.777, "svc_down": 1, "fac_summary": "", "biz_50m": 12, "near_trans_seg": 0}}, {"type": "Feature", "geometry": {"type": "LineString", "coordinates": [[-82.98996888683864, 39.94692980433932], [-82.98997434094919, 39.94685862988411]]}, "properties": {"ticket_id": "DEMO-20260713-0053", "priority_level": "MODERATE", "GLOBALID": "DEMO-SEG-003593", "kind": "service", "material": "MDPE", "vintage_year": 1990, "diameter_in": 1.0, "coated": false, "s1_score": 0.27, "overall_pct": 0.672, "seg_level": "LOW", "like_pct": 0.537, "cons_pct": 0.672, "svc_down": 1, "fac_summary": "", "biz_50m": 10, "near_trans_seg": 0}}, {"type": "Feature", "geometry": {"type": "LineString", "coordinates": [[-82.98958002131126, 39.946911845747756], [-82.989819, 39.946923]]}, "properties": {"ticket_id": "DEMO-20260713-0053", "priority_level": "MODERATE", "GLOBALID": "DEMO-SEG-002203", "kind": "main", "material": "Steel", "vintage_year": 2000, "diameter_in": 2.0, "coated": true, "s1_score": 0.407, "overall_pct": 0.832, "seg_level": "MODERATE", "like_pct": 0.746, "cons_pct": 0.832, "svc_down": 0, "fac_summary": "", "biz_50m": 14, "near_trans_seg": 0}}, {"type": "Feature", "geometry": {"type": "LineString", "coordinates": [[-82.99009099908879, 39.94693534494259], [-82.9900525, 39.946933599999994], [-82.989819, 39.946923]]}, "properties": {"ticket_id": "DEMO-20260713-0053", "priority_level": "MODERATE", "GLOBALID": "DEMO-SEG-002206", "kind": "main", "material": "MDPE", "vintage_year": 1985, "diameter_in": 4.0, "coated": false, "s1_score": 0.303, "overall_pct": 0.753, "seg_level": "LOW", "like_pct": 0.679, "cons_pct": 0.753, "svc_down": 0, "fac_summary": "", "biz_50m": 12, "near_trans_seg": 0}}, {"type": "Feature", "geometry": {"type": "LineString", "coordinates": [[-82.989819, 39.946923], [-82.98980320006655, 39.947116333339366]]}, "properties": {"ticket_id": "DEMO-20260713-0053", "priority_level": "MODERATE", "GLOBALID": "DEMO-SEG-001715", "kind": "main", "material": "Steel", "vintage_year": 1970, "diameter_in": 3.0, "coated": false, "s1_score": 0.688, "overall_pct": 0.916, "seg_level": "MODERATE", "like_pct": 0.916, "cons_pct": 0.753, "svc_down": 0, "fac_summary": "", "biz_50m": 12, "near_trans_seg": 0}}, {"type": "Feature", "geometry": {"type": "LineString", "coordinates": [[-82.98980919227323, 39.947043010764446], [-82.98996231252934, 39.9470504236969]]}, "properties": {"ticket_id": "DEMO-20260713-0053", "priority_level": "MODERATE", "GLOBALID": "DEMO-SEG-004300", "kind": "service", "material": "MDPE", "vintage_year": 1985, "diameter_in": 1.0, "coated": false, "s1_score": 0.31, "overall_pct": 0.816, "seg_level": "MODERATE", "like_pct": 0.697, "cons_pct": 0.816, "svc_down": 1, "fac_summary": "", "biz_50m": 13, "near_trans_seg": 0}}, {"type": "Feature", "geometry": {"type": "LineString", "coordinates": [[-82.98980376505766, 39.94710941993073], [-82.98958544066298, 39.94709884995553]]}, "properties": {"ticket_id": "DEMO-20260713-0053", "priority_level": "MODERATE", "GLOBALID": "DEMO-SEG-005591", "kind": "service", "material": "MDPE", "vintage_year": 1985, "diameter_in": 0.75, "coated": false, "s1_score": 0.329, "overall_pct": 0.816, "seg_level": "MODERATE", "like_pct": 0.736, "cons_pct": 0.816, "svc_down": 1, "fac_summary": "", "biz_50m": 13, "near_trans_seg": 0}}, {"type": "Feature", "geometry": {"type": "LineString", "coordinates": [[-82.98979673896821, 39.94719539329149], [-82.98958794554697, 39.947185284764835]]}, "properties": {"ticket_id": "DEMO-20260713-0053", "priority_level": "MODERATE", "GLOBALID": "DEMO-SEG-005657", "kind": "service", "material": "MDPE", "vintage_year": 1995, "diameter_in": 1.0, "coated": false, "s1_score": 0.269, "overall_pct": 0.777, "seg_level": "LOW", "like_pct": 0.535, "cons_pct": 0.777, "svc_down": 1, "fac_summary": "", "biz_50m": 12, "near_trans_seg": 0}}, {"type": "Feature", "geometry": {"type": "LineString", "coordinates": [[-82.98979702966494, 39.94719183624134], [-82.98995120000076, 39.94719930000171]]}, "properties": {"ticket_id": "DEMO-20260713-0053", "priority_level": "MODERATE", "GLOBALID": "DEMO-SEG-004314", "kind": "service", "material": "MDPE", "vintage_year": 1994, "diameter_in": 0.75, "coated": false, "s1_score": 0.263, "overall_pct": 0.777, "seg_level": "LOW", "like_pct": 0.502, "cons_pct": 0.777, "svc_down": 1, "fac_summary": "", "biz_50m": 12, "near_trans_seg": 0}}, {"type": "Feature", "geometry": {"type": "LineString", "coordinates": [[-82.98979671486588, 39.947195688214826], [-82.9901255238696, 39.947211606406455]]}, "properties": {"ticket_id": "DEMO-20260713-0053", "priority_level": "MODERATE", "GLOBALID": "DEMO-SEG-006535", "kind": "service", "material": "MDPE", "vintage_year": 1995, "diameter_in": 0.5, "coated": false, "s1_score": 0.265, "overall_pct": 0.777, "seg_level": "LOW", "like_pct": 0.513, "cons_pct": 0.777, "svc_down": 1, "fac_summary": "", "biz_50m": 12, "near_trans_seg": 0}}, {"type": "Feature", "geometry": {"type": "LineString", "coordinates": [[-82.98980320006655, 39.947116333339366], [-82.98978740006655, 39.94730966667271]]}, "properties": {"ticket_id": "DEMO-20260713-0053", "priority_level": "MODERATE", "GLOBALID": "DEMO-SEG-001716", "kind": "main", "material": "MDPE", "vintage_year": 1992, "diameter_in": 6.0, "coated": false, "s1_score": 0.229, "overall_pct": 0.707, "seg_level": "LOW", "like_pct": 0.339, "cons_pct": 0.707, "svc_down": 0, "fac_summary": "", "biz_50m": 11, "near_trans_seg": 0}}, {"type": "Feature", "geometry": {"type": "LineString", "coordinates": [[-82.98979039104229, 39.94727306829821], [-82.9895902086629, 39.94726337667981]]}, "properties": {"ticket_id": "DEMO-20260713-0053", "priority_level": "MODERATE", "GLOBALID": "DEMO-SEG-005520", "kind": "service", "material": "MDPE", "vintage_year": 1996, "diameter_in": 1.25, "coated": false, "s1_score": 0.267, "overall_pct": 0.777, "seg_level": "LOW", "like_pct": 0.523, "cons_pct": 0.777, "svc_down": 1, "fac_summary": "", "biz_50m": 12, "near_trans_seg": 0}}, {"type": "Feature", "geometry": {"type": "LineString", "coordinates": [[-82.98979127661056, 39.9472622322437], [-82.98993830000057, 39.94726935000387]]}, "properties": {"ticket_id": "DEMO-20260713-0053", "priority_level": "MODERATE", "GLOBALID": "DEMO-SEG-004212", "kind": "service", "material": "MDPE", "vintage_year": 1995, "diameter_in": 1.0, "coated": false, "s1_score": 0.28, "overall_pct": 0.777, "seg_level": "LOW", "like_pct": 0.586, "cons_pct": 0.777, "svc_down": 1, "fac_summary": "", "biz_50m": 12, "near_trans_seg": 0}}, {"type": "Feature", "geometry": {"type": "LineString", "coordinates": [[-82.98978500956844, 39.9473389174219], [-82.98993242375614, 39.94734605409717]]}, "properties": {"ticket_id": "DEMO-20260713-0053", "priority_level": "MODERATE", "GLOBALID": "DEMO-SEG-004220", "kind": "service", "material": "MDPE", "vintage_year": 1991, "diameter_in": 1.25, "coated": false, "s1_score": 0.292, "overall_pct": 0.777, "seg_level": "LOW", "like_pct": 0.638, "cons_pct": 0.777, "svc_down": 1, "fac_summary": "", "biz_50m": 12, "near_trans_seg": 0}}, {"type": "Feature", "geometry": {"type": "LineString", "coordinates": [[-82.98978740006655, 39.94730966667271], [-82.9897716, 39.94750299999999]]}, "properties": {"ticket_id": "DEMO-20260713-0053", "priority_level": "MODERATE", "GLOBALID": "DEMO-SEG-001717", "kind": "main", "material": "MDPE", "vintage_year": 1990, "diameter_in": 2.0, "coated": false, "s1_score": 0.274, "overall_pct": 0.707, "seg_level": "LOW", "like_pct": 0.557, "cons_pct": 0.707, "svc_down": 0, "fac_summary": "", "biz_50m": 11, "near_trans_seg": 0}}, {"type": "Feature", "geometry": {"type": "LineString", "coordinates": [[-82.98991539550106, 39.94751050243529], [-82.98992105000113, 39.947446300005495]]}, "properties": {"ticket_id": "DEMO-20260713-0053", "priority_level": "MODERATE", "GLOBALID": "DEMO-SEG-003532", "kind": "service", "material": "MDPE", "vintage_year": 1994, "diameter_in": 0.75, "coated": false, "s1_score": 0.258, "overall_pct": 0.672, "seg_level": "LOW", "like_pct": 0.478, "cons_pct": 0.672, "svc_down": 1, "fac_summary": "", "biz_50m": 10, "near_trans_seg": 0}}, {"type": "Feature", "geometry": {"type": "LineString", "coordinates": [[-82.98959690855773, 39.947494563933745], [-82.9897716, 39.94750299999999]]}, "properties": {"ticket_id": "DEMO-20260713-0053", "priority_level": "MODERATE", "GLOBALID": "DEMO-SEG-001720", "kind": "main", "material": "MDPE", "vintage_year": 1996, "diameter_in": 4.0, "coated": false, "s1_score": 0.246, "overall_pct": 0.753, "seg_level": "LOW", "like_pct": 0.419, "cons_pct": 0.753, "svc_down": 0, "fac_summary": "", "biz_50m": 12, "near_trans_seg": 0}}, {"type": "Feature", "geometry": {"type": "LineString", "coordinates": [[-82.99036529481697, 39.94753409670282], [-82.9903778863816, 39.94739206342161]]}, "properties": {"ticket_id": "DEMO-20260713-0053", "priority_level": "MODERATE", "GLOBALID": "DEMO-SEG-004830", "kind": "service", "material": "MDPE", "vintage_year": 1993, "diameter_in": 1.0, "coated": false, "s1_score": 0.301, "overall_pct": 0.777, "seg_level": "LOW", "like_pct": 0.669, "cons_pct": 0.777, "svc_down": 1, "fac_summary": "", "biz_50m": 12, "near_trans_seg": 0}}, {"type": "Feature", "geometry": {"type": "LineString", "coordinates": [[-82.99008174781625, 39.94751920535739], [-82.99008830000051, 39.947445300002244]]}, "properties": {"ticket_id": "DEMO-20260713-0053", "priority_level": "MODERATE", "GLOBALID": "DEMO-SEG-003639", "kind": "service", "material": "MDPE", "vintage_year": 1985, "diameter_in": 0.75, "coated": false, "s1_score": 0.288, "overall_pct": 0.73, "seg_level": "LOW", "like_pct": 0.618, "cons_pct": 0.73, "svc_down": 1, "fac_summary": "", "biz_50m": 11, "near_trans_seg": 0}}, {"type": "Feature", "geometry": {"type": "LineString", "coordinates": [[-82.99037546750027, 39.94753463093962], [-82.99038304999466, 39.94744910005374]]}, "properties": {"ticket_id": "DEMO-20260713-0053", "priority_level": "MODERATE", "GLOBALID": "DEMO-SEG-003817", "kind": "service", "material": "MDPE", "vintage_year": 1987, "diameter_in": 1.0, "coated": false, "s1_score": 0.316, "overall_pct": 0.73, "seg_level": "LOW", "like_pct": 0.715, "cons_pct": 0.73, "svc_down": 1, "fac_summary": "", "biz_50m": 11, "near_trans_seg": 0}}, {"type": "Feature", "geometry": {"type": "LineString", "coordinates": [[-82.99031763187878, 39.947531593585666], [-82.99004461958184, 39.947517255401635]]}, "properties": {"ticket_id": "DEMO-20260713-0053", "priority_level": "MODERATE", "GLOBALID": "DEMO-SEG-001722", "kind": "main", "material": "Steel", "vintage_year": 1979, "diameter_in": 4.0, "coated": true, "s1_score": 0.522, "overall_pct": 0.852, "seg_level": "MODERATE", "like_pct": 0.852, "cons_pct": 0.835, "svc_down": 1, "fac_summary": "", "biz_50m": 11, "near_trans_seg": 0}}, {"type": "Feature", "geometry": {"type": "LineString", "coordinates": [[-82.9905906, 39.94754639999999], [-82.9905215, 39.947542299999995], [-82.99031763187878, 39.947531593585666]]}, "properties": {"ticket_id": "DEMO-20260713-0053", "priority_level": "MODERATE", "GLOBALID": "DEMO-SEG-001721", "kind": "main", "material": "MDPE", "vintage_year": 1989, "diameter_in": 3.0, "coated": false, "s1_score": 0.295, "overall_pct": 0.953, "seg_level": "HIGH", "like_pct": 0.646, "cons_pct": 0.953, "svc_down": 7, "fac_summary": "", "biz_50m": 13, "near_trans_seg": 0}}, {"type": "Feature", "geometry": {"type": "LineString", "coordinates": [[-82.99013026457607, 39.94752175341448], [-82.99012227586638, 39.94761186261021]]}, "properties": {"ticket_id": "DEMO-20260713-0053", "priority_level": "MODERATE", "GLOBALID": "DEMO-SEG-003886", "kind": "service", "material": "MDPE", "vintage_year": 1985, "diameter_in": 0.75, "coated": false, "s1_score": 0.324, "overall_pct": 0.73, "seg_level": "LOW", "like_pct": 0.73, "cons_pct": 0.592, "svc_down": 1, "fac_summary": "", "biz_50m": 9, "near_trans_seg": 0}}, {"type": "Feature", "geometry": {"type": "LineString", "coordinates": [[-82.99024130772824, 39.94752758522475], [-82.99023386157356, 39.947611576176314]]}, "properties": {"ticket_id": "DEMO-20260713-0053", "priority_level": "MODERATE", "GLOBALID": "DEMO-SEG-003790", "kind": "service", "material": "MDPE", "vintage_year": 1985, "diameter_in": 0.75, "coated": false, "s1_score": 0.299, "overall_pct": 0.663, "seg_level": "LOW", "like_pct": 0.663, "cons_pct": 0.592, "svc_down": 1, "fac_summary": "", "biz_50m": 9, "near_trans_seg": 0}}, {"type": "Feature", "geometry": {"type": "LineString", "coordinates": [[-82.9904082756965, 39.947536353915034], [-82.99039946871345, 39.94763569741934]]}, "properties": {"ticket_id": "DEMO-20260713-0053", "priority_level": "MODERATE", "GLOBALID": "DEMO-SEG-004008", "kind": "service", "material": "MDPE", "vintage_year": 1991, "diameter_in": 1.0, "coated": false, "s1_score": 0.276, "overall_pct": 0.73, "seg_level": "LOW", "like_pct": 0.57, "cons_pct": 0.73, "svc_down": 1, "fac_summary": "", "biz_50m": 11, "near_trans_seg": 0}}, {"type": "Feature", "geometry": {"type": "LineString", "coordinates": [[-82.99013135657432, 39.94752181076502], [-82.99011683268101, 39.94768563390364]]}, "properties": {"ticket_id": "DEMO-20260713-0053", "priority_level": "MODERATE", "GLOBALID": "DEMO-SEG-005326", "kind": "service", "material": "MDPE", "vintage_year": 1985, "diameter_in": 0.5, "coated": false, "s1_score": 0.325, "overall_pct": 0.731, "seg_level": "LOW", "like_pct": 0.731, "cons_pct": 0.592, "svc_down": 1, "fac_summary": "", "biz_50m": 9, "near_trans_seg": 0}}, {"type": "Feature", "geometry": {"type": "LineString", "coordinates": [[-82.9905906, 39.94754639999999], [-82.990588, 39.947596], [-82.9906224471222, 39.94775742697163]]}, "properties": {"ticket_id": "DEMO-20260713-0053", "priority_level": "MODERATE", "GLOBALID": "DEMO-SEG-000186", "kind": "main", "material": "MDPE", "vintage_year": 1991, "diameter_in": 2.0, "coated": false, "s1_score": 0.265, "overall_pct": 0.973, "seg_level": "HIGH", "like_pct": 0.511, "cons_pct": 0.973, "svc_down": 10, "fac_summary": "", "biz_50m": 12, "near_trans_seg": 0}}, {"type": "Feature", "geometry": {"type": "LineString", "coordinates": [[-82.99171048200714, 39.94653550208479], [-82.99170278325107, 39.94649633069239]]}, "properties": {"ticket_id": "DEMO-20260713-0053", "priority_level": "MODERATE", "GLOBALID": "DEMO-SEG-001245", "kind": "main", "material": "Steel", "vintage_year": 1980, "diameter_in": 6.0, "coated": true, "s1_score": 0.486, "overall_pct": 0.809, "seg_level": "MODERATE", "like_pct": 0.809, "cons_pct": 0.635, "svc_down": 0, "fac_summary": "", "biz_50m": 10, "near_trans_seg": 0}}, {"type": "Feature", "geometry": {"type": "LineString", "coordinates": [[-82.99170564477386, 39.94651089017133], [-82.99185284084257, 39.94649375171823]]}, "properties": {"ticket_id": "DEMO-20260713-0053", "priority_level": "MODERATE", "GLOBALID": "DEMO-SEG-007072", "kind": "service", "material": "MDPE", "vintage_year": 1995, "diameter_in": 1.0, "coated": false, "s1_score": 0.267, "overall_pct": 0.816, "seg_level": "MODERATE", "like_pct": 0.524, "cons_pct": 0.816, "svc_down": 1, "fac_summary": "", "biz_50m": 13, "near_trans_seg": 0}}, {"type": "Feature", "geometry": {"type": "LineString", "coordinates": [[-82.99170681508203, 39.946516844718204], [-82.99191421150633, 39.94649269691148]]}, "properties": {"ticket_id": "DEMO-20260713-0053", "priority_level": "MODERATE", "GLOBALID": "DEMO-SEG-005780", "kind": "service", "material": "Steel", "vintage_year": 1979, "diameter_in": 0.5, "coated": true, "s1_score": 0.54, "overall_pct": 0.864, "seg_level": "MODERATE", "like_pct": 0.864, "cons_pct": 0.777, "svc_down": 1, "fac_summary": "", "biz_50m": 12, "near_trans_seg": 0}}, {"type": "Feature", "geometry": {"type": "LineString", "coordinates": [[-82.99171038328261, 39.94653499977317], [-82.99152165591198, 39.94655697354971]]}, "properties": {"ticket_id": "DEMO-20260713-0053", "priority_level": "MODERATE", "GLOBALID": "DEMO-SEG-004921", "kind": "service", "material": "MDPE", "vintage_year": 2013, "diameter_in": 0.5, "coated": false, "s1_score": 0.193, "overall_pct": 0.73, "seg_level": "LOW", "like_pct": 0.183, "cons_pct": 0.73, "svc_down": 1, "fac_summary": "", "biz_50m": 11, "near_trans_seg": 0}}, {"type": "Feature", "geometry": {"type": "LineString", "coordinates": [[-82.99171099848678, 39.94653812993964], [-82.99125109180447, 39.94659167692111]]}, "properties": {"ticket_id": "DEMO-20260713-0053", "priority_level": "MODERATE", "GLOBALID": "DEMO-SEG-007108", "kind": "service", "material": "Steel", "vintage_year": 1981, "diameter_in": 1.25, "coated": true, "s1_score": 0.517, "overall_pct": 0.847, "seg_level": "MODERATE", "like_pct": 0.847, "cons_pct": 0.816, "svc_down": 1, "fac_summary": "", "biz_50m": 13, "near_trans_seg": 0}}, {"type": "Feature", "geometry": {"type": "LineString", "coordinates": [[-82.99066546672168, 39.94661600101784], [-82.9908617916202, 39.94662630144636]]}, "properties": {"ticket_id": "DEMO-20260713-0053", "priority_level": "MODERATE", "GLOBALID": "DEMO-SEG-005013", "kind": "service", "material": "MDPE", "vintage_year": 2001, "diameter_in": 0.75, "coated": false, "s1_score": 0.229, "overall_pct": 0.503, "seg_level": "LOW", "like_pct": 0.341, "cons_pct": 0.503, "svc_down": 1, "fac_summary": "", "biz_50m": 8, "near_trans_seg": 0}}, {"type": "Feature", "geometry": {"type": "LineString", "coordinates": [[-82.99066531113748, 39.946617757721924], [-82.99110355000039, 39.946640750002565]]}, "properties": {"ticket_id": "DEMO-20260713-0053", "priority_level": "MODERATE", "GLOBALID": "DEMO-SEG-007014", "kind": "service", "material": "MDPE", "vintage_year": 1999, "diameter_in": 0.75, "coated": false, "s1_score": 0.252, "overall_pct": 0.73, "seg_level": "LOW", "like_pct": 0.451, "cons_pct": 0.73, "svc_down": 1, "fac_summary": "", "biz_50m": 11, "near_trans_seg": 0}}, {"type": "Feature", "geometry": {"type": "LineString", "coordinates": [[-82.99065772557178, 39.94670340639766], [-82.99087470612068, 39.94671479052394]]}, "properties": {"ticket_id": "DEMO-20260713-0053", "priority_level": "MODERATE", "GLOBALID": "DEMO-SEG-005401", "kind": "service", "material": "MDPE", "vintage_year": 1999, "diameter_in": 1.25, "coated": false, "s1_score": 0.257, "overall_pct": 0.672, "seg_level": "LOW", "like_pct": 0.472, "cons_pct": 0.672, "svc_down": 1, "fac_summary": "", "biz_50m": 10, "near_trans_seg": 0}}, {"type": "Feature", "geometry": {"type": "LineString", "coordinates": [[-82.99064894364021, 39.94680256304258], [-82.99081783406992, 39.94681142409652]]}, "properties": {"ticket_id": "DEMO-20260713-0053", "priority_level": "MODERATE", "GLOBALID": "DEMO-SEG-004565", "kind": "service", "material": "MDPE", "vintage_year": 1997, "diameter_in": 1.25, "coated": false, "s1_score": 0.266, "overall_pct": 0.672, "seg_level": "LOW", "like_pct": 0.522, "cons_pct": 0.672, "svc_down": 1, "fac_summary": "", "biz_50m": 10, "near_trans_seg": 0}}, {"type": "Feature", "geometry": {"type": "LineString", "coordinates": [[-82.9917229014745, 39.94659869242488], [-82.99216065845623, 39.94654772255947]]}, "properties": {"ticket_id": "DEMO-20260713-0053", "priority_level": "MODERATE", "GLOBALID": "DEMO-SEG-007026", "kind": "service", "material": "MDPE", "vintage_year": 1995, "diameter_in": 0.5, "coated": false, "s1_score": 0.263, "overall_pct": 0.845, "seg_level": "MODERATE", "like_pct": 0.502, "cons_pct": 0.845, "svc_down": 1, "fac_summary": "", "biz_50m": 14, "near_trans_seg": 0}}, {"type": "Feature", "geometry": {"type": "LineString", "coordinates": [[-82.99172180039335, 39.946593090121326], [-82.99189950000823, 39.94657240002439]]}, "properties": {"ticket_id": "DEMO-20260713-0053", "priority_level": "MODERATE", "GLOBALID": "DEMO-SEG-004750", "kind": "service", "material": "Steel", "vintage_year": 1991, "diameter_in": 0.5, "coated": true, "s1_score": 0.491, "overall_pct": 0.816, "seg_level": "MODERATE", "like_pct": 0.816, "cons_pct": 0.777, "svc_down": 1, "fac_summary": "", "biz_50m": 12, "near_trans_seg": 0}}, {"type": "Feature", "geometry": {"type": "LineString", "coordinates": [[-82.9917242838068, 39.946605725733505], [-82.99153648712709, 39.946627591154396]]}, "properties": {"ticket_id": "DEMO-20260713-0053", "priority_level": "MODERATE", "GLOBALID": "DEMO-SEG-004909", "kind": "service", "material": "MDPE", "vintage_year": 2015, "diameter_in": 0.75, "coated": false, "s1_score": 0.157, "overall_pct": 0.777, "seg_level": "LOW", "like_pct": 0.068, "cons_pct": 0.777, "svc_down": 1, "fac_summary": "", "biz_50m": 12, "near_trans_seg": 0}}, {"type": "Feature", "geometry": {"type": "LineString", "coordinates": [[-82.99172409433719, 39.94660476171196], [-82.99141265777389, 39.946641022518236]]}, "properties": {"ticket_id": "DEMO-20260713-0053", "priority_level": "MODERATE", "GLOBALID": "DEMO-SEG-006423", "kind": "service", "material": "MDPE", "vintage_year": 2012, "diameter_in": 0.75, "coated": false, "s1_score": 0.216, "overall_pct": 0.816, "seg_level": "MODERATE", "like_pct": 0.282, "cons_pct": 0.816, "svc_down": 1, "fac_summary": "", "biz_50m": 13, "near_trans_seg": 0}}, {"type": "Feature", "geometry": {"type": "LineString", "coordinates": [[-82.99174974087752, 39.946735251055095], [-82.99171048200714, 39.94653550208479]]}, "properties": {"ticket_id": "DEMO-20260713-0053", "priority_level": "MODERATE", "GLOBALID": "DEMO-SEG-001244", "kind": "main", "material": "Steel", "vintage_year": 1980, "diameter_in": 4.0, "coated": true, "s1_score": 0.51, "overall_pct": 0.839, "seg_level": "MODERATE", "like_pct": 0.839, "cons_pct": 0.753, "svc_down": 0, "fac_summary": "", "biz_50m": 12, "near_trans_seg": 0}}, {"type": "Feature", "geometry": {"type": "LineString", "coordinates": [[-82.9917432132445, 39.94670203857587], [-82.99191071638091, 39.94668253568599]]}, "properties": {"ticket_id": "DEMO-20260713-0053", "priority_level": "MODERATE", "GLOBALID": "DEMO-SEG-004571", "kind": "service", "material": "MDPE", "vintage_year": 2008, "diameter_in": 0.75, "coated": false, "s1_score": 0.217, "overall_pct": 0.816, "seg_level": "MODERATE", "like_pct": 0.285, "cons_pct": 0.816, "svc_down": 1, "fac_summary": "", "biz_50m": 13, "near_trans_seg": 0}}, {"type": "Feature", "geometry": {"type": "LineString", "coordinates": [[-82.99174258958212, 39.94669886539101], [-82.99156758678104, 39.946719241219675]]}, "properties": {"ticket_id": "DEMO-20260713-0053", "priority_level": "MODERATE", "GLOBALID": "DEMO-SEG-004708", "kind": "service", "material": "MDPE", "vintage_year": 2011, "diameter_in": 0.5, "coated": false, "s1_score": 0.175, "overall_pct": 0.777, "seg_level": "LOW", "like_pct": 0.12, "cons_pct": 0.777, "svc_down": 1, "fac_summary": "", "biz_50m": 12, "near_trans_seg": 0}}, {"type": "Feature", "geometry": {"type": "LineString", "coordinates": [[-82.991789, 39.946934999999996], [-82.99174974087752, 39.946735251055095]]}, "properties": {"ticket_id": "DEMO-20260713-0053", "priority_level": "MODERATE", "GLOBALID": "DEMO-SEG-001243", "kind": "main", "material": "MDPE", "vintage_year": 2009, "diameter_in": 4.0, "coated": false, "s1_score": 0.191, "overall_pct": 0.8, "seg_level": "MODERATE", "like_pct": 0.177, "cons_pct": 0.8, "svc_down": 0, "fac_summary": "", "biz_50m": 13, "near_trans_seg": 0}}, {"type": "Feature", "geometry": {"type": "LineString", "coordinates": [[-82.991320816656, 39.946986914663775], [-82.9912956274479, 39.94673920769494]]}, "properties": {"ticket_id": "DEMO-20260713-0053", "priority_level": "MODERATE", "GLOBALID": "DEMO-SEG-006491", "kind": "service", "material": "MDPE", "vintage_year": 1993, "diameter_in": 0.5, "coated": false, "s1_score": 0.27, "overall_pct": 0.777, "seg_level": "LOW", "like_pct": 0.54, "cons_pct": 0.777, "svc_down": 1, "fac_summary": "", "biz_50m": 12, "near_trans_seg": 0}}, {"type": "Feature", "geometry": {"type": "LineString", "coordinates": [[-82.9915937260305, 39.94695698135536], [-82.99156655001087, 39.9468140000262]]}, "properties": {"ticket_id": "DEMO-20260713-0053", "priority_level": "MODERATE", "GLOBALID": "DEMO-SEG-004883", "kind": "service", "material": "MDPE", "vintage_year": 1985, "diameter_in": 0.5, "coated": false, "s1_score": 0.339, "overall_pct": 0.777, "seg_level": "LOW", "like_pct": 0.742, "cons_pct": 0.777, "svc_down": 1, "fac_summary": "", "biz_50m": 12, "near_trans_seg": 0}}, {"type": "Feature", "geometry": {"type": "LineString", "coordinates": [[-82.990649172345, 39.94679998074335], [-82.99045265903486, 39.946789670105744]]}, "properties": {"ticket_id": "DEMO-20260713-0053", "priority_level": "MODERATE", "GLOBALID": "DEMO-SEG-005015", "kind": "service", "material": "MDPE", "vintage_year": 1994, "diameter_in": 1.0, "coated": false, "s1_score": 0.28, "overall_pct": 0.672, "seg_level": "LOW", "like_pct": 0.585, "cons_pct": 0.672, "svc_down": 1, "fac_summary": "", "biz_50m": 10, "near_trans_seg": 0}}, {"type": "Feature", "geometry": {"type": "LineString", "coordinates": [[-82.99018378295247, 39.94693955024923], [-82.9902025999999, 39.946693600004814]]}, "properties": {"ticket_id": "DEMO-20260713-0053", "priority_level": "MODERATE", "GLOBALID": "DEMO-SEG-006475", "kind": "service", "material": "MDPE", "vintage_year": 1999, "diameter_in": 0.75, "coated": false, "s1_score": 0.224, "overall_pct": 0.672, "seg_level": "LOW", "like_pct": 0.319, "cons_pct": 0.672, "svc_down": 1, "fac_summary": "", "biz_50m": 10, "near_trans_seg": 0}}, {"type": "Feature", "geometry": {"type": "LineString", "coordinates": [[-82.990635, 39.94695999999998], [-82.99065593555751, 39.94672361743729]]}, "properties": {"ticket_id": "DEMO-20260713-0053", "priority_level": "MODERATE", "GLOBALID": "DEMO-SEG-001254", "kind": "main", "material": "Steel", "vintage_year": 1993, "diameter_in": 6.0, "coated": true, "s1_score": 0.438, "overall_pct": 0.913, "seg_level": "MODERATE", "like_pct": 0.756, "cons_pct": 0.913, "svc_down": 8, "fac_summary": "", "biz_50m": 11, "near_trans_seg": 0}}, {"type": "Feature", "geometry": {"type": "LineString", "coordinates": [[-82.99013943646851, 39.9469375403125], [-82.9901517000004, 39.946777250002114]]}, "properties": {"ticket_id": "DEMO-20260713-0053", "priority_level": "MODERATE", "GLOBALID": "DEMO-SEG-005231", "kind": "service", "material": "MDPE", "vintage_year": 1996, "diameter_in": 1.0, "coated": false, "s1_score": 0.261, "overall_pct": 0.73, "seg_level": "LOW", "like_pct": 0.491, "cons_pct": 0.73, "svc_down": 1, "fac_summary": "", "biz_50m": 11, "near_trans_seg": 0}}, {"type": "Feature", "geometry": {"type": "LineString", "coordinates": [[-82.99015370323097, 39.94693818693359], [-82.99016072612967, 39.94684639405842]]}, "properties": {"ticket_id": "DEMO-20260713-0053", "priority_level": "MODERATE", "GLOBALID": "DEMO-SEG-003910", "kind": "service", "material": "MDPE", "vintage_year": 1996, "diameter_in": 1.0, "coated": false, "s1_score": 0.276, "overall_pct": 0.592, "seg_level": "LOW", "like_pct": 0.569, "cons_pct": 0.592, "svc_down": 1, "fac_summary": "", "biz_50m": 9, "near_trans_seg": 0}}, {"type": "Feature", "geometry": {"type": "LineString", "coordinates": [[-82.99043815927406, 39.9469510791371], [-82.99044390344153, 39.94687599587131]]}, "properties": {"ticket_id": "DEMO-20260713-0053", "priority_level": "MODERATE", "GLOBALID": "DEMO-SEG-003655", "kind": "service", "material": "MDPE", "vintage_year": 2004, "diameter_in": 0.5, "coated": false, "s1_score": 0.228, "overall_pct": 0.73, "seg_level": "LOW", "like_pct": 0.335, "cons_pct": 0.73, "svc_down": 1, "fac_summary": "", "biz_50m": 11, "near_trans_seg": 0}}, {"type": "Feature", "geometry": {"type": "LineString", "coordinates": [[-82.99036299950872, 39.9469476727918], [-82.99009099908879, 39.94693534494259]]}, "properties": {"ticket_id": "DEMO-20260713-0053", "priority_level": "MODERATE", "GLOBALID": "DEMO-SEG-002205", "kind": "main", "material": "MDPE", "vintage_year": 1994, "diameter_in": 2.0, "coated": false, "s1_score": 0.252, "overall_pct": 0.753, "seg_level": "LOW", "like_pct": 0.452, "cons_pct": 0.753, "svc_down": 0, "fac_summary": "", "biz_50m": 12, "near_trans_seg": 0}}, {"type": "Feature", "geometry": {"type": "LineString", "coordinates": [[-82.990635, 39.94695999999998], [-82.99036299950872, 39.9469476727918]]}, "properties": {"ticket_id": "DEMO-20260713-0053", "priority_level": "MODERATE", "GLOBALID": "DEMO-SEG-002204", "kind": "main", "material": "MDPE", "vintage_year": 2003, "diameter_in": 4.0, "coated": false, "s1_score": 0.211, "overall_pct": 0.8, "seg_level": "MODERATE", "like_pct": 0.26, "cons_pct": 0.8, "svc_down": 0, "fac_summary": "", "biz_50m": 13, "near_trans_seg": 0}}, {"type": "Feature", "geometry": {"type": "LineString", "coordinates": [[-82.99012057049745, 39.94693668523594], [-82.99011379270046, 39.9470252737754]]}, "properties": {"ticket_id": "DEMO-20260713-0053", "priority_level": "MODERATE", "GLOBALID": "DEMO-SEG-003863", "kind": "service", "material": "MDPE", "vintage_year": 1997, "diameter_in": 0.75, "coated": false, "s1_score": 0.248, "overall_pct": 0.73, "seg_level": "LOW", "like_pct": 0.429, "cons_pct": 0.73, "svc_down": 1, "fac_summary": "", "biz_50m": 11, "near_trans_seg": 0}}, {"type": "Feature", "geometry": {"type": "LineString", "coordinates": [[-82.99033224143402, 39.946946278778796], [-82.990324451604, 39.94704809909542]]}, "properties": {"ticket_id": "DEMO-20260713-0053", "priority_level": "MODERATE", "GLOBALID": "DEMO-SEG-004041", "kind": "service", "material": "MDPE", "vintage_year": 1995, "diameter_in": 0.75, "coated": false, "s1_score": 0.262, "overall_pct": 0.73, "seg_level": "LOW", "like_pct": 0.499, "cons_pct": 0.73, "svc_down": 1, "fac_summary": "", "biz_50m": 11, "near_trans_seg": 0}}, {"type": "Feature", "geometry": {"type": "LineString", "coordinates": [[-82.99130760761028, 39.94698771039168], [-82.99127349999887, 39.94665230000251]]}, "properties": {"ticket_id": "DEMO-20260713-0053", "priority_level": "MODERATE", "GLOBALID": "DEMO-SEG-007007", "kind": "service", "material": "MDPE", "vintage_year": 1995, "diameter_in": 0.5, "coated": false, "s1_score": 0.3, "overall_pct": 0.816, "seg_level": "MODERATE", "like_pct": 0.668, "cons_pct": 0.816, "svc_down": 1, "fac_summary": "", "biz_50m": 13, "near_trans_seg": 0}}, {"type": "Feature", "geometry": {"type": "LineString", "coordinates": [[-82.99109373502947, 39.94698440101029], [-82.99111558708272, 39.94674102413972]]}, "properties": {"ticket_id": "DEMO-20260713-0053", "priority_level": "MODERATE", "GLOBALID": "DEMO-SEG-006450", "kind": "service", "material": "MDPE", "vintage_year": 1985, "diameter_in": 0.75, "coated": false, "s1_score": 0.316, "overall_pct": 0.816, "seg_level": "MODERATE", "like_pct": 0.716, "cons_pct": 0.816, "svc_down": 1, "fac_summary": "", "biz_50m": 13, "near_trans_seg": 0}}, {"type": "Feature", "geometry": {"type": "LineString", "coordinates": [[-82.99092262790136, 39.946975299703574], [-82.9909377795617, 39.94680655318268]]}, "properties": {"ticket_id": "DEMO-20260713-0053", "priority_level": "MODERATE", "GLOBALID": "DEMO-SEG-005448", "kind": "service", "material": "MDPE", "vintage_year": 1996, "diameter_in": 1.25, "coated": false, "s1_score": 0.275, "overall_pct": 0.777, "seg_level": "LOW", "like_pct": 0.562, "cons_pct": 0.777, "svc_down": 1, "fac_summary": "", "biz_50m": 12, "near_trans_seg": 0}}, {"type": "Feature", "geometry": {"type": "LineString", "coordinates": [[-82.99110993350743, 39.94698526260533], [-82.99112632585972, 39.9468026927056]]}, "properties": {"ticket_id": "DEMO-20260713-0053", "priority_level": "MODERATE", "GLOBALID": "DEMO-SEG-005765", "kind": "service", "material": "MDPE", "vintage_year": 1985, "diameter_in": 0.75, "coated": false, "s1_score": 0.32, "overall_pct": 0.777, "seg_level": "LOW", "like_pct": 0.724, "cons_pct": 0.777, "svc_down": 1, "fac_summary": "", "biz_50m": 12, "near_trans_seg": 0}}, {"type": "Feature", "geometry": {"type": "LineString", "coordinates": [[-82.99082618383916, 39.94697016966439], [-82.99083159999871, 39.94690985002918]]}, "properties": {"ticket_id": "DEMO-20260713-0053", "priority_level": "MODERATE", "GLOBALID": "DEMO-SEG-003506", "kind": "service", "material": "MDPE", "vintage_year": 1996, "diameter_in": 1.25, "coated": false, "s1_score": 0.255, "overall_pct": 0.672, "seg_level": "LOW", "like_pct": 0.462, "cons_pct": 0.672, "svc_down": 1, "fac_summary": "", "biz_50m": 10, "near_trans_seg": 0}}, {"type": "Feature", "geometry": {"type": "LineString", "coordinates": [[-82.99114310102178, 39.946987026774124], [-82.99115060181813, 39.94690348626284]]}, "properties": {"ticket_id": "DEMO-20260713-0053", "priority_level": "MODERATE", "GLOBALID": "DEMO-SEG-003783", "kind": "service", "material": "MDPE", "vintage_year": 1985, "diameter_in": 0.5, "coated": false, "s1_score": 0.297, "overall_pct": 0.777, "seg_level": "LOW", "like_pct": 0.658, "cons_pct": 0.777, "svc_down": 1, "fac_summary": "", "biz_50m": 12, "near_trans_seg": 0}}, {"type": "Feature", "geometry": {"type": "LineString", "coordinates": [[-82.990635, 39.94695999999998], [-82.99092441848573, 39.94697539494732]]}, "properties": {"ticket_id": "DEMO-20260713-0053", "priority_level": "MODERATE", "GLOBALID": "DEMO-SEG-001526", "kind": "main", "material": "MDPE", "vintage_year": 1995, "diameter_in": 6.0, "coated": false, "s1_score": 0.22, "overall_pct": 0.832, "seg_level": "MODERATE", "like_pct": 0.3, "cons_pct": 0.832, "svc_down": 0, "fac_summary": "", "biz_50m": 14, "near_trans_seg": 0}}, {"type": "Feature", "geometry": {"type": "LineString", "coordinates": [[-82.99092441848573, 39.94697539494732], [-82.991199, 39.94699000000001], [-82.99121386815419, 39.946990275338706]]}, "properties": {"ticket_id": "DEMO-20260713-0053", "priority_level": "MODERATE", "GLOBALID": "DEMO-SEG-001527", "kind": "main", "material": "Steel", "vintage_year": 1958, "diameter_in": 4.0, "coated": false, "s1_score": 0.711, "overall_pct": 0.933, "seg_level": "MODERATE", "like_pct": 0.933, "cons_pct": 0.832, "svc_down": 0, "fac_summary": "", "biz_50m": 14, "near_trans_seg": 0}}, {"type": "Feature", "geometry": {"type": "LineString", "coordinates": [[-82.9908380260564, 39.946970799578345], [-82.99082890894154, 39.947072336671305]]}, "properties": {"ticket_id": "DEMO-20260713-0053", "priority_level": "MODERATE", "GLOBALID": "DEMO-SEG-004037", "kind": "service", "material": "MDPE", "vintage_year": 1995, "diameter_in": 1.0, "coated": false, "s1_score": 0.225, "overall_pct": 0.777, "seg_level": "LOW", "like_pct": 0.324, "cons_pct": 0.777, "svc_down": 1, "fac_summary": "", "biz_50m": 12, "near_trans_seg": 0}}, {"type": "Feature", "geometry": {"type": "LineString", "coordinates": [[-82.99118073900145, 39.94698902871381], [-82.9911715740652, 39.94709110408068]]}, "properties": {"ticket_id": "DEMO-20260713-0053", "priority_level": "MODERATE", "GLOBALID": "DEMO-SEG-004043", "kind": "service", "material": "MDPE", "vintage_year": 1985, "diameter_in": 1.25, "coated": false, "s1_score": 0.327, "overall_pct": 0.816, "seg_level": "MODERATE", "like_pct": 0.734, "cons_pct": 0.816, "svc_down": 1, "fac_summary": "", "biz_50m": 13, "near_trans_seg": 0}}, {"type": "Feature", "geometry": {"type": "LineString", "coordinates": [[-82.99159213014869, 39.946957161045376], [-82.99157938970193, 39.94689012974401]]}, "properties": {"ticket_id": "DEMO-20260713-0053", "priority_level": "MODERATE", "GLOBALID": "DEMO-SEG-003561", "kind": "service", "material": "MDPE", "vintage_year": 1985, "diameter_in": 1.25, "coated": false, "s1_score": 0.292, "overall_pct": 0.73, "seg_level": "LOW", "like_pct": 0.635, "cons_pct": 0.73, "svc_down": 1, "fac_summary": "", "biz_50m": 11, "near_trans_seg": 0}}, {"type": "Feature", "geometry": {"type": "LineString", "coordinates": [[-82.991789, 39.946934999999996], [-82.9918723, 39.946925799999995], [-82.99206363117626, 39.94690456443228]]}, "properties": {"ticket_id": "DEMO-20260713-0053", "priority_level": "MODERATE", "GLOBALID": "DEMO-SEG-001340", "kind": "main", "material": "Steel", "vintage_year": 1986, "diameter_in": 6.0, "coated": true, "s1_score": 0.462, "overall_pct": 0.832, "seg_level": "MODERATE", "like_pct": 0.776, "cons_pct": 0.832, "svc_down": 0, "fac_summary": "", "biz_50m": 14, "near_trans_seg": 0}}, {"type": "Feature", "geometry": {"type": "LineString", "coordinates": [[-82.99133012857274, 39.946986353702414], [-82.99132250882771, 39.946911422578864]]}, "properties": {"ticket_id": "DEMO-20260713-0053", "priority_level": "MODERATE", "GLOBALID": "DEMO-SEG-003654", "kind": "service", "material": "MDPE", "vintage_year": 1992, "diameter_in": 1.25, "coated": false, "s1_score": 0.259, "overall_pct": 0.777, "seg_level": "LOW", "like_pct": 0.486, "cons_pct": 0.777, "svc_down": 1, "fac_summary": "", "biz_50m": 12, "near_trans_seg": 0}}, {"type": "Feature", "geometry": {"type": "LineString", "coordinates": [[-82.99150194558585, 39.94696731543643], [-82.9917028, 39.9469447], [-82.991789, 39.946934999999996]]}, "properties": {"ticket_id": "DEMO-20260713-0053", "priority_level": "MODERATE", "GLOBALID": "DEMO-SEG-001529", "kind": "main", "material": "Steel", "vintage_year": 1979, "diameter_in": 2.0, "coated": true, "s1_score": 0.516, "overall_pct": 0.846, "seg_level": "MODERATE", "like_pct": 0.846, "cons_pct": 0.832, "svc_down": 0, "fac_summary": "", "biz_50m": 14, "near_trans_seg": 0}}, {"type": "Feature", "geometry": {"type": "LineString", "coordinates": [[-82.99121386815419, 39.946990275338706], [-82.991253, 39.946991], [-82.991336, 39.946986], [-82.99150194558585, 39.94696731543643]]}, "properties": {"ticket_id": "DEMO-20260713-0053", "priority_level": "MODERATE", "GLOBALID": "DEMO-SEG-001528", "kind": "main", "material": "Steel", "vintage_year": 1993, "diameter_in": 4.0, "coated": true, "s1_score": 0.456, "overall_pct": 0.832, "seg_level": "MODERATE", "like_pct": 0.77, "cons_pct": 0.832, "svc_down": 0, "fac_summary": "", "biz_50m": 14, "near_trans_seg": 0}}, {"type": "Feature", "geometry": {"type": "LineString", "coordinates": [[-82.99160105909803, 39.946956155680404], [-82.99161517467314, 39.947030421720314]]}, "properties": {"ticket_id": "DEMO-20260713-0053", "priority_level": "MODERATE", "GLOBALID": "DEMO-SEG-003653", "kind": "service", "material": "MDPE", "vintage_year": 1985, "diameter_in": 0.5, "coated": false, "s1_score": 0.318, "overall_pct": 0.73, "seg_level": "LOW", "like_pct": 0.718, "cons_pct": 0.73, "svc_down": 1, "fac_summary": "", "biz_50m": 11, "near_trans_seg": 0}}, {"type": "Feature", "geometry": {"type": "LineString", "coordinates": [[-82.99134320560228, 39.9469851886938], [-82.99135898827176, 39.94706822741068]]}, "properties": {"ticket_id": "DEMO-20260713-0053", "priority_level": "MODERATE", "GLOBALID": "DEMO-SEG-003785", "kind": "service", "material": "MDPE", "vintage_year": 1996, "diameter_in": 1.0, "coated": false, "s1_score": 0.242, "overall_pct": 0.816, "seg_level": "MODERATE", "like_pct": 0.401, "cons_pct": 0.816, "svc_down": 1, "fac_summary": "", "biz_50m": 13, "near_trans_seg": 0}}, {"type": "Feature", "geometry": {"type": "LineString", "coordinates": [[-82.9915730330087, 39.946959311306685], [-82.99160231933331, 39.94711339508525]]}, "properties": {"ticket_id": "DEMO-20260713-0053", "priority_level": "MODERATE", "GLOBALID": "DEMO-SEG-005123", "kind": "service", "material": "MDPE", "vintage_year": 1985, "diameter_in": 0.75, "coated": false, "s1_score": 0.313, "overall_pct": 0.816, "seg_level": "MODERATE", "like_pct": 0.709, "cons_pct": 0.816, "svc_down": 1, "fac_summary": "", "biz_50m": 13, "near_trans_seg": 0}}, {"type": "Feature", "geometry": {"type": "LineString", "coordinates": [[-82.991789, 39.946934999999996], [-82.99183199968864, 39.94715966669775]]}, "properties": {"ticket_id": "DEMO-20260713-0053", "priority_level": "MODERATE", "GLOBALID": "DEMO-SEG-001518", "kind": "main", "material": "Steel", "vintage_year": 1970, "diameter_in": 3.0, "coated": false, "s1_score": 0.664, "overall_pct": 0.901, "seg_level": "MODERATE", "like_pct": 0.901, "cons_pct": 0.881, "svc_down": 3, "fac_summary": "", "biz_50m": 13, "near_trans_seg": 0}}, {"type": "Feature", "geometry": {"type": "LineString", "coordinates": [[-82.99134020175497, 39.94698552690846], [-82.99136939999971, 39.9471391500028]]}, "properties": {"ticket_id": "DEMO-20260713-0053", "priority_level": "MODERATE", "GLOBALID": "DEMO-SEG-005111", "kind": "service", "material": "MDPE", "vintage_year": 1998, "diameter_in": 0.75, "coated": false, "s1_score": 0.245, "overall_pct": 0.845, "seg_level": "MODERATE", "like_pct": 0.417, "cons_pct": 0.845, "svc_down": 1, "fac_summary": "", "biz_50m": 14, "near_trans_seg": 0}}, {"type": "Feature", "geometry": {"type": "LineString", "coordinates": [[-82.99045981612085, 39.94695206064645], [-82.99045197190422, 39.9470545943415]]}, "properties": {"ticket_id": "DEMO-20260713-0053", "priority_level": "MODERATE", "GLOBALID": "DEMO-SEG-004051", "kind": "service", "material": "MDPE", "vintage_year": 2006, "diameter_in": 1.0, "coated": false, "s1_score": 0.232, "overall_pct": 0.816, "seg_level": "MODERATE", "like_pct": 0.352, "cons_pct": 0.816, "svc_down": 1, "fac_summary": "", "biz_50m": 13, "near_trans_seg": 0}}, {"type": "Feature", "geometry": {"type": "LineString", "coordinates": [[-82.99014332818811, 39.94693771669944], [-82.99013023645176, 39.94710883156346]]}, "properties": {"ticket_id": "DEMO-20260713-0053", "priority_level": "MODERATE", "GLOBALID": "DEMO-SEG-005511", "kind": "service", "material": "MDPE", "vintage_year": 1996, "diameter_in": 1.0, "coated": false, "s1_score": 0.28, "overall_pct": 0.73, "seg_level": "LOW", "like_pct": 0.584, "cons_pct": 0.73, "svc_down": 1, "fac_summary": "", "biz_50m": 11, "near_trans_seg": 0}}, {"type": "Feature", "geometry": {"type": "LineString", "coordinates": [[-82.99061964899157, 39.94715544523691], [-82.990635, 39.94695999999998]]}, "properties": {"ticket_id": "DEMO-20260713-0053", "priority_level": "MODERATE", "GLOBALID": "DEMO-SEG-002266", "kind": "main", "material": "MDPE", "vintage_year": 1993, "diameter_in": 3.0, "coated": false, "s1_score": 0.275, "overall_pct": 0.8, "seg_level": "MODERATE", "like_pct": 0.562, "cons_pct": 0.8, "svc_down": 0, "fac_summary": "", "biz_50m": 13, "near_trans_seg": 0}}, {"type": "Feature", "geometry": {"type": "LineString", "coordinates": [[-82.9906201760782, 39.9471487345142], [-82.99039050209696, 39.947138047728195]]}, "properties": {"ticket_id": "DEMO-20260713-0053", "priority_level": "MODERATE", "GLOBALID": "DEMO-SEG-005641", "kind": "service", "material": "MDPE", "vintage_year": 1994, "diameter_in": 1.0, "coated": false, "s1_score": 0.27, "overall_pct": 0.816, "seg_level": "MODERATE", "like_pct": 0.541, "cons_pct": 0.816, "svc_down": 1, "fac_summary": "", "biz_50m": 13, "near_trans_seg": 0}}, {"type": "Feature", "geometry": {"type": "LineString", "coordinates": [[-82.99061366226296, 39.94723166655867], [-82.99042627660766, 39.947222947498894]]}, "properties": {"ticket_id": "DEMO-20260713-0053", "priority_level": "MODERATE", "GLOBALID": "DEMO-SEG-004881", "kind": "service", "material": "MDPE", "vintage_year": 1996, "diameter_in": 0.5, "coated": false, "s1_score": 0.246, "overall_pct": 0.777, "seg_level": "LOW", "like_pct": 0.42, "cons_pct": 0.777, "svc_down": 1, "fac_summary": "", "biz_50m": 12, "near_trans_seg": 0}}, {"type": "Feature", "geometry": {"type": "LineString", "coordinates": [[-82.9906042979187, 39.94735089046773], [-82.99061964899157, 39.94715544523691]]}, "properties": {"ticket_id": "DEMO-20260713-0053", "priority_level": "MODERATE", "GLOBALID": "DEMO-SEG-002265", "kind": "main", "material": "MDPE", "vintage_year": 1993, "diameter_in": 2.0, "coated": false, "s1_score": 0.264, "overall_pct": 0.753, "seg_level": "LOW", "like_pct": 0.509, "cons_pct": 0.753, "svc_down": 0, "fac_summary": "", "biz_50m": 12, "near_trans_seg": 0}}, {"type": "Feature", "geometry": {"type": "LineString", "coordinates": [[-82.99060659171533, 39.94732168659305], [-82.99041280466479, 39.94731266967712]]}, "properties": {"ticket_id": "DEMO-20260713-0053", "priority_level": "MODERATE", "GLOBALID": "DEMO-SEG-004968", "kind": "service", "material": "MDPE", "vintage_year": 1993, "diameter_in": 0.5, "coated": false, "s1_score": 0.282, "overall_pct": 0.816, "seg_level": "MODERATE", "like_pct": 0.595, "cons_pct": 0.816, "svc_down": 1, "fac_summary": "", "biz_50m": 13, "near_trans_seg": 0}}, {"type": "Feature", "geometry": {"type": "LineString", "coordinates": [[-82.99010059886822, 39.94752019540032], [-82.99012118704955, 39.94728796989622]]}, "properties": {"ticket_id": "DEMO-20260713-0053", "priority_level": "MODERATE", "GLOBALID": "DEMO-SEG-006347", "kind": "service", "material": "MDPE", "vintage_year": 1985, "diameter_in": 1.0, "coated": false, "s1_score": 0.302, "overall_pct": 0.777, "seg_level": "LOW", "like_pct": 0.672, "cons_pct": 0.777, "svc_down": 1, "fac_summary": "", "biz_50m": 12, "near_trans_seg": 0}}, {"type": "Feature", "geometry": {"type": "LineString", "coordinates": [[-82.99011221585481, 39.947520805514074], [-82.9901252000001, 39.94737435000684]]}, "properties": {"ticket_id": "DEMO-20260713-0053", "priority_level": "MODERATE", "GLOBALID": "DEMO-SEG-004919", "kind": "service", "material": "MDPE", "vintage_year": 1985, "diameter_in": 0.75, "coated": false, "s1_score": 0.32, "overall_pct": 0.73, "seg_level": "LOW", "like_pct": 0.722, "cons_pct": 0.73, "svc_down": 1, "fac_summary": "", "biz_50m": 11, "near_trans_seg": 0}}, {"type": "Feature", "geometry": {"type": "LineString", "coordinates": [[-82.9905906, 39.94754639999999], [-82.990594, 39.947482], [-82.9906042979187, 39.94735089046773]]}, "properties": {"ticket_id": "DEMO-20260713-0053", "priority_level": "MODERATE", "GLOBALID": "DEMO-SEG-002264", "kind": "main", "material": "MDPE", "vintage_year": 1987, "diameter_in": 6.0, "coated": false, "s1_score": 0.265, "overall_pct": 0.753, "seg_level": "LOW", "like_pct": 0.515, "cons_pct": 0.753, "svc_down": 0, "fac_summary": "", "biz_50m": 12, "near_trans_seg": 0}}, {"type": "Feature", "geometry": {"type": "LineString", "coordinates": [[-82.9919838313115, 39.946913421342515], [-82.99199754875282, 39.946986638052756]]}, "properties": {"ticket_id": "DEMO-20260713-0053", "priority_level": "MODERATE", "GLOBALID": "DEMO-SEG-003638", "kind": "service", "material": "MDPE", "vintage_year": 1998, "diameter_in": 0.75, "coated": false, "s1_score": 0.249, "overall_pct": 0.73, "seg_level": "LOW", "like_pct": 0.435, "cons_pct": 0.73, "svc_down": 1, "fac_summary": "", "biz_50m": 11, "near_trans_seg": 0}}, {"type": "Feature", "geometry": {"type": "LineString", "coordinates": [[-82.99223048364426, 39.94688604545312], [-82.99226359999932, 39.947062800002776]]}, "properties": {"ticket_id": "DEMO-20260713-0053", "priority_level": "MODERATE", "GLOBALID": "DEMO-SEG-005681", "kind": "service", "material": "MDPE", "vintage_year": 2010, "diameter_in": 0.75, "coated": false, "s1_score": 0.199, "overall_pct": 0.73, "seg_level": "LOW", "like_pct": 0.205, "cons_pct": 0.73, "svc_down": 1, "fac_summary": "", "biz_50m": 11, "near_trans_seg": 0}}, {"type": "Feature", "geometry": {"type": "LineString", "coordinates": [[-82.99223234581498, 39.946885838769134], [-82.99229574999883, 39.94722425000208]]}, "properties": {"ticket_id": "DEMO-20260713-0053", "priority_level": "MODERATE", "GLOBALID": "DEMO-SEG-007033", "kind": "service", "material": "Steel", "vintage_year": 1994, "diameter_in": 0.75, "coated": true, "s1_score": 0.457, "overall_pct": 0.816, "seg_level": "MODERATE", "like_pct": 0.771, "cons_pct": 0.816, "svc_down": 1, "fac_summary": "", "biz_50m": 13, "near_trans_seg": 0}}, {"type": "Feature", "geometry": {"type": "LineString", "coordinates": [[-82.99186800333767, 39.9473477788994], [-82.99209216384014, 39.94732236305221]]}, "properties": {"ticket_id": "DEMO-20260713-0053", "priority_level": "MODERATE", "GLOBALID": "DEMO-SEG-005580", "kind": "service", "material": "MDPE", "vintage_year": 1993, "diameter_in": 0.75, "coated": false, "s1_score": 0.276, "overall_pct": 0.73, "seg_level": "LOW", "like_pct": 0.57, "cons_pct": 0.73, "svc_down": 1, "fac_summary": "", "biz_50m": 11, "near_trans_seg": 0}}, {"type": "Feature", "geometry": {"type": "LineString", "coordinates": [[-82.99188937992741, 39.94745946695524], [-82.99205975001038, 39.94744015002664]]}, "properties": {"ticket_id": "DEMO-20260713-0053", "priority_level": "MODERATE", "GLOBALID": "DEMO-SEG-004622", "kind": "service", "material": "MDPE", "vintage_year": 1989, "diameter_in": 1.25, "coated": false, "s1_score": 0.303, "overall_pct": 0.676, "seg_level": "LOW", "like_pct": 0.676, "cons_pct": 0.672, "svc_down": 1, "fac_summary": "", "biz_50m": 10, "near_trans_seg": 0}}, {"type": "Feature", "geometry": {"type": "LineString", "coordinates": [[-82.99228719648822, 39.947626026063304], [-82.99231154999919, 39.947310600002766]]}, "properties": {"ticket_id": "DEMO-20260713-0053", "priority_level": "MODERATE", "GLOBALID": "DEMO-SEG-006905", "kind": "service", "material": "MDPE", "vintage_year": 1986, "diameter_in": 0.75, "coated": false, "s1_score": 0.284, "overall_pct": 0.777, "seg_level": "LOW", "like_pct": 0.602, "cons_pct": 0.777, "svc_down": 1, "fac_summary": "", "biz_50m": 12, "near_trans_seg": 0}}, {"type": "Feature", "geometry": {"type": "LineString", "coordinates": [[-82.99230689354306, 39.94762692695619], [-82.99232460926795, 39.947397472691186]]}, "properties": {"ticket_id": "DEMO-20260713-0053", "priority_level": "MODERATE", "GLOBALID": "DEMO-SEG-006317", "kind": "service", "material": "MDPE", "vintage_year": 1987, "diameter_in": 0.5, "coated": false, "s1_score": 0.314, "overall_pct": 0.711, "seg_level": "LOW", "like_pct": 0.711, "cons_pct": 0.672, "svc_down": 1, "fac_summary": "", "biz_50m": 10, "near_trans_seg": 0}}, {"type": "Feature", "geometry": {"type": "LineString", "coordinates": [[-82.9912059203686, 39.94699012815637], [-82.99120042584785, 39.947165893989585]]}, "properties": {"ticket_id": "DEMO-20260713-0053", "priority_level": "MODERATE", "GLOBALID": "DEMO-SEG-005615", "kind": "service", "material": "MDPE", "vintage_year": 1985, "diameter_in": 0.5, "coated": false, "s1_score": 0.318, "overall_pct": 0.845, "seg_level": "MODERATE", "like_pct": 0.72, "cons_pct": 0.845, "svc_down": 1, "fac_summary": "", "biz_50m": 14, "near_trans_seg": 0}}, {"type": "Feature", "geometry": {"type": "LineString", "coordinates": [[-82.99098275565912, 39.946978497969816], [-82.99096103783737, 39.94722037414667]]}, "properties": {"ticket_id": "DEMO-20260713-0053", "priority_level": "MODERATE", "GLOBALID": "DEMO-SEG-006425", "kind": "service", "material": "MDPE", "vintage_year": 1985, "diameter_in": 1.0, "coated": false, "s1_score": 0.306, "overall_pct": 0.845, "seg_level": "MODERATE", "like_pct": 0.687, "cons_pct": 0.845, "svc_down": 1, "fac_summary": "", "biz_50m": 14, "near_trans_seg": 0}}, {"type": "Feature", "geometry": {"type": "LineString", "coordinates": [[-82.99117538035864, 39.94698874369183], [-82.99115113689022, 39.947258756925784]]}, "properties": {"ticket_id": "DEMO-20260713-0053", "priority_level": "MODERATE", "GLOBALID": "DEMO-SEG-006662", "kind": "service", "material": "MDPE", "vintage_year": 1985, "diameter_in": 1.0, "coated": false, "s1_score": 0.315, "overall_pct": 0.862, "seg_level": "MODERATE", "like_pct": 0.712, "cons_pct": 0.862, "svc_down": 1, "fac_summary": "", "biz_50m": 15, "near_trans_seg": 0}}, {"type": "Feature", "geometry": {"type": "LineString", "coordinates": [[-82.99062095118595, 39.94713886605278], [-82.99079843537935, 39.94714712412119]]}, "properties": {"ticket_id": "DEMO-20260713-0053", "priority_level": "MODERATE", "GLOBALID": "DEMO-SEG-004722", "kind": "service", "material": "MDPE", "vintage_year": 1994, "diameter_in": 0.5, "coated": false, "s1_score": 0.277, "overall_pct": 0.777, "seg_level": "LOW", "like_pct": 0.572, "cons_pct": 0.777, "svc_down": 1, "fac_summary": "", "biz_50m": 12, "near_trans_seg": 0}}, {"type": "Feature", "geometry": {"type": "LineString", "coordinates": [[-82.99061337000566, 39.9472353874919], [-82.99082094335405, 39.947245045528206]]}, "properties": {"ticket_id": "DEMO-20260713-0053", "priority_level": "MODERATE", "GLOBALID": "DEMO-SEG-005217", "kind": "service", "material": "MDPE", "vintage_year": 1994, "diameter_in": 0.75, "coated": false, "s1_score": 0.285, "overall_pct": 0.816, "seg_level": "MODERATE", "like_pct": 0.608, "cons_pct": 0.816, "svc_down": 1, "fac_summary": "", "biz_50m": 13, "near_trans_seg": 0}}, {"type": "Feature", "geometry": {"type": "LineString", "coordinates": [[-82.99060757304724, 39.94730919258792], [-82.990858866868, 39.94732088480915]]}, "properties": {"ticket_id": "DEMO-20260713-0053", "priority_level": "MODERATE", "GLOBALID": "DEMO-SEG-005932", "kind": "service", "material": "MDPE", "vintage_year": 1993, "diameter_in": 0.75, "coated": false, "s1_score": 0.283, "overall_pct": 0.777, "seg_level": "LOW", "like_pct": 0.598, "cons_pct": 0.777, "svc_down": 1, "fac_summary": "", "biz_50m": 12, "near_trans_seg": 0}}, {"type": "Feature", "geometry": {"type": "LineString", "coordinates": [[-82.99116574345125, 39.947571420583415], [-82.99118366217574, 39.9473479114889]]}, "properties": {"ticket_id": "DEMO-20260713-0053", "priority_level": "MODERATE", "GLOBALID": "DEMO-SEG-006273", "kind": "service", "material": "MDPE", "vintage_year": 1990, "diameter_in": 1.25, "coated": false, "s1_score": 0.297, "overall_pct": 0.845, "seg_level": "MODERATE", "like_pct": 0.657, "cons_pct": 0.845, "svc_down": 1, "fac_summary": "", "biz_50m": 14, "near_trans_seg": 0}}, {"type": "Feature", "geometry": {"type": "LineString", "coordinates": [[-82.99080424913006, 39.9475543781305], [-82.99081457629836, 39.947399427062]]}, "properties": {"ticket_id": "DEMO-20260713-0053", "priority_level": "MODERATE", "GLOBALID": "DEMO-SEG-005105", "kind": "service", "material": "MDPE", "vintage_year": 1999, "diameter_in": 0.75, "coated": false, "s1_score": 0.262, "overall_pct": 0.73, "seg_level": "LOW", "like_pct": 0.495, "cons_pct": 0.73, "svc_down": 1, "fac_summary": "", "biz_50m": 11, "near_trans_seg": 0}}, {"type": "Feature", "geometry": {"type": "LineString", "coordinates": [[-82.99106689382906, 39.94756672597041], [-82.99107535000098, 39.94746124999885]]}, "properties": {"ticket_id": "DEMO-20260713-0053", "priority_level": "MODERATE", "GLOBALID": "DEMO-SEG-004100", "kind": "service", "material": "MDPE", "vintage_year": 1997, "diameter_in": 1.0, "coated": false, "s1_score": 0.264, "overall_pct": 0.73, "seg_level": "LOW", "like_pct": 0.51, "cons_pct": 0.73, "svc_down": 1, "fac_summary": "", "biz_50m": 11, "near_trans_seg": 0}}, {"type": "Feature", "geometry": {"type": "LineString", "coordinates": [[-82.99079167540644, 39.94755388169825], [-82.99079474999824, 39.94750775003529]]}, "properties": {"ticket_id": "DEMO-20260713-0053", "priority_level": "MODERATE", "GLOBALID": "DEMO-SEG-003466", "kind": "service", "material": "MDPE", "vintage_year": 2001, "diameter_in": 0.5, "coated": false, "s1_score": 0.222, "overall_pct": 0.672, "seg_level": "LOW", "like_pct": 0.307, "cons_pct": 0.672, "svc_down": 1, "fac_summary": "", "biz_50m": 10, "near_trans_seg": 0}}, {"type": "Feature", "geometry": {"type": "LineString", "coordinates": [[-82.99223571049883, 39.94688546531976], [-82.99218682739698, 39.9466245558885]]}, "properties": {"ticket_id": "DEMO-20260713-0053", "priority_level": "MODERATE", "GLOBALID": "DEMO-SEG-006606", "kind": "service", "material": "Steel", "vintage_year": 1984, "diameter_in": 1.0, "coated": true, "s1_score": 0.505, "overall_pct": 0.833, "seg_level": "MODERATE", "like_pct": 0.833, "cons_pct": 0.777, "svc_down": 1, "fac_summary": "", "biz_50m": 12, "near_trans_seg": 0}}, {"type": "Feature", "geometry": {"type": "LineString", "coordinates": [[-82.99221267378677, 39.94688802218363], [-82.99218268006986, 39.94672793323069]]}, "properties": {"ticket_id": "DEMO-20260713-0053", "priority_level": "MODERATE", "GLOBALID": "DEMO-SEG-005260", "kind": "service", "material": "MDPE", "vintage_year": 2016, "diameter_in": 1.0, "coated": false, "s1_score": 0.195, "overall_pct": 0.73, "seg_level": "LOW", "like_pct": 0.19, "cons_pct": 0.73, "svc_down": 1, "fac_summary": "", "biz_50m": 11, "near_trans_seg": 0}}, {"type": "Feature", "geometry": {"type": "LineString", "coordinates": [[-82.99200164369331, 39.94691144436833], [-82.99197287237585, 39.946757877378765]]}, "properties": {"ticket_id": "DEMO-20260713-0053", "priority_level": "MODERATE", "GLOBALID": "DEMO-SEG-005106", "kind": "service", "material": "Steel", "vintage_year": 1980, "diameter_in": 1.0, "coated": true, "s1_score": 0.516, "overall_pct": 0.846, "seg_level": "MODERATE", "like_pct": 0.846, "cons_pct": 0.816, "svc_down": 1, "fac_summary": "", "biz_50m": 13, "near_trans_seg": 0}}, {"type": "Feature", "geometry": {"type": "LineString", "coordinates": [[-82.99223872493913, 39.94688513074418], [-82.99222361187596, 39.9468044663027]]}, "properties": {"ticket_id": "DEMO-20260713-0053", "priority_level": "MODERATE", "GLOBALID": "DEMO-SEG-003746", "kind": "service", "material": "MDPE", "vintage_year": 2001, "diameter_in": 0.75, "coated": false, "s1_score": 0.232, "overall_pct": 0.672, "seg_level": "LOW", "like_pct": 0.352, "cons_pct": 0.672, "svc_down": 1, "fac_summary": "", "biz_50m": 10, "near_trans_seg": 0}}, {"type": "Feature", "geometry": {"type": "LineString", "coordinates": [[-82.99233825260778, 39.94687407756346], [-82.99234849308363, 39.94687293293182]]}, "properties": {"ticket_id": "DEMO-20260713-0053", "priority_level": "MODERATE", "GLOBALID": "DEMO-SEG-001342", "kind": "main", "material": "Steel", "vintage_year": 1992, "diameter_in": 4.0, "coated": true, "s1_score": 0.476, "overall_pct": 0.878, "seg_level": "MODERATE", "like_pct": 0.794, "cons_pct": 0.878, "svc_down": 6, "fac_summary": "", "biz_50m": 12, "near_trans_seg": 0}}, {"type": "Feature", "geometry": {"type": "LineString", "coordinates": [[-82.9919904604239, 39.946912685585886], [-82.99197925001475, 39.94685285003532]]}, "properties": {"ticket_id": "DEMO-20260713-0053", "priority_level": "MODERATE", "GLOBALID": "DEMO-SEG-003505", "kind": "service", "material": "Steel", "vintage_year": 1991, "diameter_in": 1.0, "coated": true, "s1_score": 0.493, "overall_pct": 0.818, "seg_level": "MODERATE", "like_pct": 0.818, "cons_pct": 0.777, "svc_down": 1, "fac_summary": "", "biz_50m": 12, "near_trans_seg": 0}}, {"type": "Feature", "geometry": {"type": "LineString", "coordinates": [[-82.99206363117626, 39.94690456443228], [-82.99233, 39.94687499999999], [-82.99233825260778, 39.94687407756346]]}, "properties": {"ticket_id": "DEMO-20260713-0053", "priority_level": "MODERATE", "GLOBALID": "DEMO-SEG-001341", "kind": "main", "material": "Steel", "vintage_year": 1981, "diameter_in": 8.0, "coated": true, "s1_score": 0.46, "overall_pct": 0.775, "seg_level": "LOW", "like_pct": 0.775, "cons_pct": 0.753, "svc_down": 0, "fac_summary": "", "biz_50m": 12, "near_trans_seg": 0}}, {"type": "Feature", "geometry": {"type": "LineString", "coordinates": [[-82.99223917495048, 39.94688508079699], [-82.99225619999848, 39.946975950003846]]}, "properties": {"ticket_id": "DEMO-20260713-0053", "priority_level": "MODERATE", "GLOBALID": "DEMO-SEG-003907", "kind": "service", "material": "MDPE", "vintage_year": 2006, "diameter_in": 1.0, "coated": false, "s1_score": 0.221, "overall_pct": 0.672, "seg_level": "LOW", "like_pct": 0.305, "cons_pct": 0.672, "svc_down": 1, "fac_summary": "", "biz_50m": 10, "near_trans_seg": 0}}, {"type": "Feature", "geometry": {"type": "LineString", "coordinates": [[-82.99134242955665, 39.94698527607175], [-82.99138345000046, 39.94720110000416]]}, "properties": {"ticket_id": "DEMO-20260713-0053", "priority_level": "MODERATE", "GLOBALID": "DEMO-SEG-006236", "kind": "service", "material": "MDPE", "vintage_year": 1993, "diameter_in": 0.75, "coated": false, "s1_score": 0.292, "overall_pct": 0.845, "seg_level": "MODERATE", "like_pct": 0.637, "cons_pct": 0.845, "svc_down": 1, "fac_summary": "", "biz_50m": 14, "near_trans_seg": 0}}, {"type": "Feature", "geometry": {"type": "LineString", "coordinates": [[-82.99182475395547, 39.94712180898286], [-82.99202692615155, 39.94709888625919]]}, "properties": {"ticket_id": "DEMO-20260713-0053", "priority_level": "MODERATE", "GLOBALID": "DEMO-SEG-005150", "kind": "service", "material": "MDPE", "vintage_year": 2014, "diameter_in": 1.0, "coated": false, "s1_score": 0.199, "overall_pct": 0.816, "seg_level": "MODERATE", "like_pct": 0.207, "cons_pct": 0.816, "svc_down": 1, "fac_summary": "", "biz_50m": 13, "near_trans_seg": 0}}, {"type": "Feature", "geometry": {"type": "LineString", "coordinates": [[-82.99133619610278, 39.94698597792005], [-82.99139051769019, 39.947271783962485]]}, "properties": {"ticket_id": "DEMO-20260713-0053", "priority_level": "MODERATE", "GLOBALID": "DEMO-SEG-006767", "kind": "service", "material": "MDPE", "vintage_year": 1995, "diameter_in": 0.75, "coated": false, "s1_score": 0.256, "overall_pct": 0.862, "seg_level": "MODERATE", "like_pct": 0.468, "cons_pct": 0.862, "svc_down": 1, "fac_summary": "", "biz_50m": 15, "near_trans_seg": 0}}, {"type": "Feature", "geometry": {"type": "LineString", "coordinates": [[-82.99183135716979, 39.94715630964873], [-82.99161315001794, 39.9471810500422]]}, "properties": {"ticket_id": "DEMO-20260713-0053", "priority_level": "MODERATE", "GLOBALID": "DEMO-SEG-005469", "kind": "service", "material": "Steel", "vintage_year": 1979, "diameter_in": 1.0, "coated": true, "s1_score": 0.517, "overall_pct": 0.847, "seg_level": "MODERATE", "like_pct": 0.847, "cons_pct": 0.777, "svc_down": 1, "fac_summary": "", "biz_50m": 12, "near_trans_seg": 0}}, {"type": "Feature", "geometry": {"type": "LineString", "coordinates": [[-82.99184480625088, 39.947226578676954], [-82.99165371264134, 39.947248244957095]]}, "properties": {"ticket_id": "DEMO-20260713-0053", "priority_level": "MODERATE", "GLOBALID": "DEMO-SEG-004955", "kind": "service", "material": "MDPE", "vintage_year": 1993, "diameter_in": 0.75, "coated": false, "s1_score": 0.259, "overall_pct": 0.777, "seg_level": "LOW", "like_pct": 0.484, "cons_pct": 0.777, "svc_down": 1, "fac_summary": "", "biz_50m": 12, "near_trans_seg": 0}}, {"type": "Feature", "geometry": {"type": "LineString", "coordinates": [[-82.99183199968864, 39.94715966669775], [-82.99187499968863, 39.94738433336441]]}, "properties": {"ticket_id": "DEMO-20260713-0053", "priority_level": "MODERATE", "GLOBALID": "DEMO-SEG-001519", "kind": "main", "material": "MDPE", "vintage_year": 1991, "diameter_in": 4.0, "coated": false, "s1_score": 0.283, "overall_pct": 0.707, "seg_level": "LOW", "like_pct": 0.598, "cons_pct": 0.707, "svc_down": 0, "fac_summary": "", "biz_50m": 11, "near_trans_seg": 0}}, {"type": "Feature", "geometry": {"type": "LineString", "coordinates": [[-82.99185686844908, 39.94728960135364], [-82.99204915001987, 39.947267800046774]]}, "properties": {"ticket_id": "DEMO-20260713-0053", "priority_level": "MODERATE", "GLOBALID": "DEMO-SEG-004972", "kind": "service", "material": "MDPE", "vintage_year": 1992, "diameter_in": 0.75, "coated": false, "s1_score": 0.289, "overall_pct": 0.73, "seg_level": "LOW", "like_pct": 0.622, "cons_pct": 0.73, "svc_down": 1, "fac_summary": "", "biz_50m": 11, "near_trans_seg": 0}}, {"type": "Feature", "geometry": {"type": "LineString", "coordinates": [[-82.99186296435172, 39.94732145122854], [-82.991707015581, 39.94733913280115]]}, "properties": {"ticket_id": "DEMO-20260713-0053", "priority_level": "MODERATE", "GLOBALID": "DEMO-SEG-004370", "kind": "service", "material": "MDPE", "vintage_year": 1991, "diameter_in": 1.25, "coated": false, "s1_score": 0.3, "overall_pct": 0.73, "seg_level": "LOW", "like_pct": 0.666, "cons_pct": 0.73, "svc_down": 1, "fac_summary": "", "biz_50m": 11, "near_trans_seg": 0}}, {"type": "Feature", "geometry": {"type": "LineString", "coordinates": [[-82.99187499968863, 39.94738433336441], [-82.991918, 39.94760900000001]]}, "properties": {"ticket_id": "DEMO-20260713-0053", "priority_level": "MODERATE", "GLOBALID": "DEMO-SEG-001520", "kind": "main", "material": "MDPE", "vintage_year": 1985, "diameter_in": 3.0, "coated": false, "s1_score": 0.295, "overall_pct": 0.753, "seg_level": "LOW", "like_pct": 0.648, "cons_pct": 0.753, "svc_down": 0, "fac_summary": "", "biz_50m": 12, "near_trans_seg": 0}}, {"type": "Feature", "geometry": {"type": "LineString", "coordinates": [[-82.99140536793813, 39.94758220779201], [-82.9914126499995, 39.94746660000072]]}, "properties": {"ticket_id": "DEMO-20260713-0053", "priority_level": "MODERATE", "GLOBALID": "DEMO-SEG-004255", "kind": "service", "material": "MDPE", "vintage_year": 1985, "diameter_in": 0.75, "coated": false, "s1_score": 0.323, "overall_pct": 0.777, "seg_level": "LOW", "like_pct": 0.729, "cons_pct": 0.777, "svc_down": 1, "fac_summary": "", "biz_50m": 12, "near_trans_seg": 0}}, {"type": "Feature", "geometry": {"type": "LineString", "coordinates": [[-82.99124682069008, 39.947575198678706], [-82.99125268239328, 39.94749967414363]]}, "properties": {"ticket_id": "DEMO-20260713-0053", "priority_level": "MODERATE", "GLOBALID": "DEMO-SEG-003663", "kind": "service", "material": "MDPE", "vintage_year": 1993, "diameter_in": 0.75, "coated": false, "s1_score": 0.262, "overall_pct": 0.816, "seg_level": "MODERATE", "like_pct": 0.499, "cons_pct": 0.816, "svc_down": 1, "fac_summary": "", "biz_50m": 13, "near_trans_seg": 0}}, {"type": "Feature", "geometry": {"type": "LineString", "coordinates": [[-82.9905906, 39.94754639999999], [-82.9906655, 39.9475489], [-82.99082, 39.947555], [-82.99085625883664, 39.947556722109724]]}, "properties": {"ticket_id": "DEMO-20260713-0053", "priority_level": "MODERATE", "GLOBALID": "DEMO-SEG-001521", "kind": "main", "material": "MDPE", "vintage_year": 1997, "diameter_in": 4.0, "coated": false, "s1_score": 0.227, "overall_pct": 0.8, "seg_level": "MODERATE", "like_pct": 0.328, "cons_pct": 0.8, "svc_down": 0, "fac_summary": "", "biz_50m": 13, "near_trans_seg": 0}}, {"type": "Feature", "geometry": {"type": "LineString", "coordinates": [[-82.99085625883664, 39.947556722109724], [-82.99112175522198, 39.94756933148414]]}, "properties": {"ticket_id": "DEMO-20260713-0053", "priority_level": "MODERATE", "GLOBALID": "DEMO-SEG-001522", "kind": "main", "material": "MDPE", "vintage_year": 1993, "diameter_in": 6.0, "coated": false, "s1_score": 0.243, "overall_pct": 0.869, "seg_level": "MODERATE", "like_pct": 0.406, "cons_pct": 0.869, "svc_down": 3, "fac_summary": "", "biz_50m": 12, "near_trans_seg": 0}}, {"type": "Feature", "geometry": {"type": "LineString", "coordinates": [[-82.99112175522198, 39.94756933148414], [-82.991199, 39.947573], [-82.991373, 39.94758100000001], [-82.99138728275136, 39.94758153295422]]}, "properties": {"ticket_id": "DEMO-20260713-0053", "priority_level": "MODERATE", "GLOBALID": "DEMO-SEG-001523", "kind": "main", "material": "MDPE", "vintage_year": 1990, "diameter_in": 4.0, "coated": false, "s1_score": 0.292, "overall_pct": 0.941, "seg_level": "MODERATE", "like_pct": 0.639, "cons_pct": 0.941, "svc_down": 4, "fac_summary": "", "biz_50m": 13, "near_trans_seg": 0}}, {"type": "Feature", "geometry": {"type": "LineString", "coordinates": [[-82.99082154624901, 39.94755507343917], [-82.99081417226927, 39.9476470466473]]}, "properties": {"ticket_id": "DEMO-20260713-0053", "priority_level": "MODERATE", "GLOBALID": "DEMO-SEG-003914", "kind": "service", "material": "MDPE", "vintage_year": 1999, "diameter_in": 1.25, "coated": false, "s1_score": 0.267, "overall_pct": 0.672, "seg_level": "LOW", "like_pct": 0.526, "cons_pct": 0.672, "svc_down": 1, "fac_summary": "", "biz_50m": 10, "near_trans_seg": 0}}, {"type": "Feature", "geometry": {"type": "LineString", "coordinates": [[-82.99112330500184, 39.94756940508693], [-82.99111846470366, 39.94762977986161]]}, "properties": {"ticket_id": "DEMO-20260713-0053", "priority_level": "MODERATE", "GLOBALID": "DEMO-SEG-003508", "kind": "service", "material": "MDPE", "vintage_year": 1992, "diameter_in": 1.0, "coated": false, "s1_score": 0.274, "overall_pct": 0.672, "seg_level": "LOW", "like_pct": 0.559, "cons_pct": 0.672, "svc_down": 1, "fac_summary": "", "biz_50m": 10, "near_trans_seg": 0}}, {"type": "Feature", "geometry": {"type": "LineString", "coordinates": [[-82.99114679798959, 39.947570520823184], [-82.991136086495, 39.947704129600815]]}, "properties": {"ticket_id": "DEMO-20260713-0053", "priority_level": "MODERATE", "GLOBALID": "DEMO-SEG-004652", "kind": "service", "material": "MDPE", "vintage_year": 1995, "diameter_in": 0.75, "coated": false, "s1_score": 0.262, "overall_pct": 0.73, "seg_level": "LOW", "like_pct": 0.499, "cons_pct": 0.73, "svc_down": 1, "fac_summary": "", "biz_50m": 11, "near_trans_seg": 0}}, {"type": "Feature", "geometry": {"type": "LineString", "coordinates": [[-82.99117685424294, 39.94757194825706], [-82.99115984999924, 39.947784050003534]]}, "properties": {"ticket_id": "DEMO-20260713-0053", "priority_level": "MODERATE", "GLOBALID": "DEMO-SEG-006182", "kind": "service", "material": "MDPE", "vintage_year": 1990, "diameter_in": 0.75, "coated": false, "s1_score": 0.308, "overall_pct": 0.816, "seg_level": "MODERATE", "like_pct": 0.691, "cons_pct": 0.816, "svc_down": 1, "fac_summary": "", "biz_50m": 13, "near_trans_seg": 0}}, {"type": "Feature", "geometry": {"type": "LineString", "coordinates": [[-82.99119505397678, 39.94757281259637], [-82.9911715870213, 39.94786552742977]]}, "properties": {"ticket_id": "DEMO-20260713-0053", "priority_level": "MODERATE", "GLOBALID": "DEMO-SEG-006786", "kind": "service", "material": "MDPE", "vintage_year": 1989, "diameter_in": 0.5, "coated": false, "s1_score": 0.295, "overall_pct": 0.845, "seg_level": "MODERATE", "like_pct": 0.648, "cons_pct": 0.845, "svc_down": 1, "fac_summary": "", "biz_50m": 14, "near_trans_seg": 0}}, {"type": "Feature", "geometry": {"type": "LineString", "coordinates": [[-82.99062467826211, 39.94776788256629], [-82.99080871127693, 39.94774461868789]]}, "properties": {"ticket_id": "DEMO-20260713-0053", "priority_level": "MODERATE", "GLOBALID": "DEMO-SEG-004861", "kind": "service", "material": "MDPE", "vintage_year": 1997, "diameter_in": 1.0, "coated": false, "s1_score": 0.268, "overall_pct": 0.73, "seg_level": "LOW", "like_pct": 0.529, "cons_pct": 0.73, "svc_down": 1, "fac_summary": "", "biz_50m": 11, "near_trans_seg": 0}}, {"type": "Feature", "geometry": {"type": "LineString", "coordinates": [[-82.99206301125348, 39.94761577216629], [-82.99207147169041, 39.94750619768729]]}, "properties": {"ticket_id": "DEMO-20260713-0053", "priority_level": "MODERATE", "GLOBALID": "DEMO-SEG-004158", "kind": "service", "material": "MDPE", "vintage_year": 2001, "diameter_in": 1.0, "coated": false, "s1_score": 0.241, "overall_pct": 0.672, "seg_level": "LOW", "like_pct": 0.394, "cons_pct": 0.672, "svc_down": 1, "fac_summary": "", "biz_50m": 10, "near_trans_seg": 0}}, {"type": "Feature", "geometry": {"type": "LineString", "coordinates": [[-82.99231319342431, 39.94762721509592], [-82.99232128842993, 39.94752236850889]]}, "properties": {"ticket_id": "DEMO-20260713-0053", "priority_level": "MODERATE", "GLOBALID": "DEMO-SEG-004085", "kind": "service", "material": "MDPE", "vintage_year": 1989, "diameter_in": 0.75, "coated": false, "s1_score": 0.291, "overall_pct": 0.633, "seg_level": "LOW", "like_pct": 0.633, "cons_pct": 0.592, "svc_down": 1, "fac_summary": "", "biz_50m": 9, "near_trans_seg": 0}}, {"type": "Feature", "geometry": {"type": "LineString", "coordinates": [[-82.991918, 39.94760900000001], [-82.9919871, 39.9476123], [-82.99221152763118, 39.94762256513201]]}, "properties": {"ticket_id": "DEMO-20260713-0053", "priority_level": "MODERATE", "GLOBALID": "DEMO-SEG-001325", "kind": "main", "material": "MDPE", "vintage_year": 2001, "diameter_in": 6.0, "coated": false, "s1_score": 0.228, "overall_pct": 0.753, "seg_level": "LOW", "like_pct": 0.337, "cons_pct": 0.753, "svc_down": 0, "fac_summary": "", "biz_50m": 12, "near_trans_seg": 0}}, {"type": "Feature", "geometry": {"type": "LineString", "coordinates": [[-82.99221152763118, 39.94762256513201], [-82.99237045879177, 39.94762983424495]]}, "properties": {"ticket_id": "DEMO-20260713-0053", "priority_level": "MODERATE", "GLOBALID": "DEMO-SEG-001326", "kind": "main", "material": "MDPE", "vintage_year": 1988, "diameter_in": 6.0, "coated": false, "s1_score": 0.249, "overall_pct": 0.753, "seg_level": "LOW", "like_pct": 0.436, "cons_pct": 0.753, "svc_down": 0, "fac_summary": "", "biz_50m": 12, "near_trans_seg": 0}}, {"type": "Feature", "geometry": {"type": "LineString", "coordinates": [[-82.99218692606244, 39.94762143989825], [-82.99217846920038, 39.947730970386026]]}, "properties": {"ticket_id": "DEMO-20260713-0053", "priority_level": "MODERATE", "GLOBALID": "DEMO-SEG-004156", "kind": "service", "material": "MDPE", "vintage_year": 2001, "diameter_in": 0.75, "coated": false, "s1_score": 0.249, "overall_pct": 0.672, "seg_level": "LOW", "like_pct": 0.436, "cons_pct": 0.672, "svc_down": 1, "fac_summary": "", "biz_50m": 10, "near_trans_seg": 0}}, {"type": "Feature", "geometry": {"type": "LineString", "coordinates": [[-82.99196941255843, 39.94785999510832], [-82.99218482554714, 39.94783385632891]]}, "properties": {"ticket_id": "DEMO-20260713-0053", "priority_level": "MODERATE", "GLOBALID": "DEMO-SEG-005420", "kind": "service", "material": "MDPE", "vintage_year": 1986, "diameter_in": 0.75, "coated": false, "s1_score": 0.296, "overall_pct": 0.672, "seg_level": "LOW", "like_pct": 0.652, "cons_pct": 0.672, "svc_down": 1, "fac_summary": "", "biz_50m": 10, "near_trans_seg": 0}}, {"type": "Feature", "geometry": {"type": "LineString", "coordinates": [[-82.99197993840426, 39.94791138182856], [-82.99213869161035, 39.9478921183338]]}, "properties": {"ticket_id": "DEMO-20260713-0053", "priority_level": "MODERATE", "GLOBALID": "DEMO-SEG-004429", "kind": "service", "material": "MDPE", "vintage_year": 1985, "diameter_in": 0.75, "coated": false, "s1_score": 0.302, "overall_pct": 0.674, "seg_level": "LOW", "like_pct": 0.674, "cons_pct": 0.672, "svc_down": 1, "fac_summary": "", "biz_50m": 10, "near_trans_seg": 0}}, {"type": "Feature", "geometry": {"type": "LineString", "coordinates": [[-82.99199301371301, 39.94797521479541], [-82.99215162014156, 39.947955969107134]]}, "properties": {"ticket_id": "DEMO-20260713-0053", "priority_level": "MODERATE", "GLOBALID": "DEMO-SEG-004425", "kind": "service", "material": "MDPE", "vintage_year": 1991, "diameter_in": 0.5, "coated": false, "s1_score": 0.311, "overall_pct": 0.703, "seg_level": "LOW", "like_pct": 0.703, "cons_pct": 0.592, "svc_down": 1, "fac_summary": "", "biz_50m": 9, "near_trans_seg": 0}}, {"type": "Feature", "geometry": {"type": "LineString", "coordinates": [[-82.9914433651034, 39.947583625623956], [-82.99144685000041, 39.9475283000049]]}, "properties": {"ticket_id": "DEMO-20260713-0053", "priority_level": "MODERATE", "GLOBALID": "DEMO-SEG-003487", "kind": "service", "material": "MDPE", "vintage_year": 1988, "diameter_in": 1.0, "coated": false, "s1_score": 0.303, "overall_pct": 0.679, "seg_level": "LOW", "like_pct": 0.679, "cons_pct": 0.672, "svc_down": 1, "fac_summary": "", "biz_50m": 10, "near_trans_seg": 0}}, {"type": "Feature", "geometry": {"type": "LineString", "coordinates": [[-82.99169575949085, 39.94759446077219], [-82.9917015008433, 39.94754064493201]]}, "properties": {"ticket_id": "DEMO-20260713-0053", "priority_level": "MODERATE", "GLOBALID": "DEMO-SEG-003483", "kind": "service", "material": "MDPE", "vintage_year": 1988, "diameter_in": 1.25, "coated": false, "s1_score": 0.303, "overall_pct": 0.73, "seg_level": "LOW", "like_pct": 0.68, "cons_pct": 0.73, "svc_down": 1, "fac_summary": "", "biz_50m": 11, "near_trans_seg": 0}}, {"type": "Feature", "geometry": {"type": "LineString", "coordinates": [[-82.99138728275136, 39.94758153295422], [-82.991641, 39.94759100000001], [-82.99165294597637, 39.94759175498193]]}, "properties": {"ticket_id": "DEMO-20260713-0053", "priority_level": "MODERATE", "GLOBALID": "DEMO-SEG-001524", "kind": "main", "material": "MDPE", "vintage_year": 1985, "diameter_in": 3.0, "coated": false, "s1_score": 0.325, "overall_pct": 0.976, "seg_level": "HIGH", "like_pct": 0.73, "cons_pct": 0.976, "svc_down": 12, "fac_summary": "", "biz_50m": 13, "near_trans_seg": 0}}, {"type": "Feature", "geometry": {"type": "LineString", "coordinates": [[-82.99165294597637, 39.94759175498193], [-82.9918467, 39.947604], [-82.991918, 39.94760900000001]]}, "properties": {"ticket_id": "DEMO-20260713-0053", "priority_level": "MODERATE", "GLOBALID": "DEMO-SEG-001525", "kind": "main", "material": "MDPE", "vintage_year": 1985, "diameter_in": 3.0, "coated": false, "s1_score": 0.316, "overall_pct": 0.981, "seg_level": "HIGH", "like_pct": 0.715, "cons_pct": 0.981, "svc_down": 17, "fac_summary": "", "biz_50m": 13, "near_trans_seg": 0}}, {"type": "Feature", "geometry": {"type": "LineString", "coordinates": [[-82.99132728219121, 39.94757889805731], [-82.99132047586433, 39.947666594675745]]}, "properties": {"ticket_id": "DEMO-20260713-0053", "priority_level": "MODERATE", "GLOBALID": "DEMO-SEG-003846", "kind": "service", "material": "MDPE", "vintage_year": 1993, "diameter_in": 1.0, "coated": false, "s1_score": 0.261, "overall_pct": 0.777, "seg_level": "LOW", "like_pct": 0.492, "cons_pct": 0.777, "svc_down": 1, "fac_summary": "", "biz_50m": 12, "near_trans_seg": 0}}, {"type": "Feature", "geometry": {"type": "LineString", "coordinates": [[-82.99172642549041, 39.94759639883639], [-82.99171707403072, 39.94768405378078]]}, "properties": {"ticket_id": "DEMO-20260713-0053", "priority_level": "MODERATE", "GLOBALID": "DEMO-SEG-003850", "kind": "service", "material": "MDPE", "vintage_year": 1985, "diameter_in": 1.0, "coated": false, "s1_score": 0.344, "overall_pct": 0.743, "seg_level": "LOW", "like_pct": 0.743, "cons_pct": 0.672, "svc_down": 1, "fac_summary": "", "biz_50m": 10, "near_trans_seg": 0}}, {"type": "Feature", "geometry": {"type": "LineString", "coordinates": [[-82.99139694919863, 39.9475818936522], [-82.99138716215128, 39.94773726912079]]}, "properties": {"ticket_id": "DEMO-20260713-0053", "priority_level": "MODERATE", "GLOBALID": "DEMO-SEG-005118", "kind": "service", "material": "MDPE", "vintage_year": 1989, "diameter_in": 1.0, "coated": false, "s1_score": 0.321, "overall_pct": 0.777, "seg_level": "LOW", "like_pct": 0.725, "cons_pct": 0.777, "svc_down": 1, "fac_summary": "", "biz_50m": 12, "near_trans_seg": 0}}, {"type": "Feature", "geometry": {"type": "LineString", "coordinates": [[-82.99136637555661, 39.94758069543273], [-82.99134861949713, 39.94780947601954]]}, "properties": {"ticket_id": "DEMO-20260713-0053", "priority_level": "MODERATE", "GLOBALID": "DEMO-SEG-006311", "kind": "service", "material": "MDPE", "vintage_year": 1994, "diameter_in": 0.5, "coated": false, "s1_score": 0.275, "overall_pct": 0.845, "seg_level": "MODERATE", "like_pct": 0.562, "cons_pct": 0.845, "svc_down": 1, "fac_summary": "", "biz_50m": 14, "near_trans_seg": 0}}, {"type": "Feature", "geometry": {"type": "LineString", "coordinates": [[-82.991918, 39.94760900000001], [-82.99196085368597, 39.94781821100266]]}, "properties": {"ticket_id": "DEMO-20260713-0053", "priority_level": "MODERATE", "GLOBALID": "DEMO-SEG-000172", "kind": "main", "material": "MDPE", "vintage_year": 1987, "diameter_in": 3.0, "coated": false, "s1_score": 0.293, "overall_pct": 0.984, "seg_level": "HIGH", "like_pct": 0.641, "cons_pct": 0.984, "svc_down": 19, "fac_summary": "", "biz_50m": 11, "near_trans_seg": 0}}, {"type": "Feature", "geometry": {"type": "LineString", "coordinates": [[-82.99143919376422, 39.94758346997459], [-82.9914197108547, 39.94789277584798]]}, "properties": {"ticket_id": "DEMO-20260713-0053", "priority_level": "MODERATE", "GLOBALID": "DEMO-SEG-006885", "kind": "service", "material": "MDPE", "vintage_year": 1991, "diameter_in": 0.5, "coated": false, "s1_score": 0.29, "overall_pct": 0.845, "seg_level": "MODERATE", "like_pct": 0.627, "cons_pct": 0.845, "svc_down": 1, "fac_summary": "", "biz_50m": 14, "near_trans_seg": 0}}, {"type": "Feature", "geometry": {"type": "LineString", "coordinates": [[-82.99194503113777, 39.9477409657446], [-82.99174581966838, 39.947765138207224]]}, "properties": {"ticket_id": "DEMO-20260713-0053", "priority_level": "MODERATE", "GLOBALID": "DEMO-SEG-005109", "kind": "service", "material": "MDPE", "vintage_year": 1986, "diameter_in": 0.75, "coated": false, "s1_score": 0.301, "overall_pct": 0.672, "seg_level": "LOW", "like_pct": 0.67, "cons_pct": 0.672, "svc_down": 1, "fac_summary": "", "biz_50m": 10, "near_trans_seg": 0}}, {"type": "Feature", "geometry": {"type": "LineString", "coordinates": [[-82.99143375774227, 39.947583267134625], [-82.99140895194407, 39.94797707705361]]}, "properties": {"ticket_id": "DEMO-20260713-0053", "priority_level": "MODERATE", "GLOBALID": "DEMO-SEG-007322", "kind": "service", "material": "MDPE", "vintage_year": 1985, "diameter_in": 1.0, "coated": false, "s1_score": 0.313, "overall_pct": 0.862, "seg_level": "MODERATE", "like_pct": 0.71, "cons_pct": 0.862, "svc_down": 1, "fac_summary": "", "biz_50m": 15, "near_trans_seg": 0}}, {"type": "Feature", "geometry": {"type": "LineString", "coordinates": [[-82.99195563587226, 39.94779273779685], [-82.99170499999536, 39.94782315008094]]}, "properties": {"ticket_id": "DEMO-20260713-0053", "priority_level": "MODERATE", "GLOBALID": "DEMO-SEG-005952", "kind": "service", "material": "MDPE", "vintage_year": 1988, "diameter_in": 0.75, "coated": false, "s1_score": 0.28, "overall_pct": 0.73, "seg_level": "LOW", "like_pct": 0.587, "cons_pct": 0.73, "svc_down": 1, "fac_summary": "", "biz_50m": 11, "near_trans_seg": 0}}, {"type": "Feature", "geometry": {"type": "LineString", "coordinates": [[-82.99196926221258, 39.94785926112583], [-82.99178618076452, 39.94788147638189]]}, "properties": {"ticket_id": "DEMO-20260713-0053", "priority_level": "MODERATE", "GLOBALID": "DEMO-SEG-004838", "kind": "service", "material": "MDPE", "vintage_year": 1985, "diameter_in": 0.5, "coated": false, "s1_score": 0.309, "overall_pct": 0.696, "seg_level": "LOW", "like_pct": 0.696, "cons_pct": 0.672, "svc_down": 1, "fac_summary": "", "biz_50m": 10, "near_trans_seg": 0}}, {"type": "Feature", "geometry": {"type": "LineString", "coordinates": [[-82.99197939422908, 39.947908725191155], [-82.99174862938241, 39.94793672634553]]}, "properties": {"ticket_id": "DEMO-20260713-0053", "priority_level": "MODERATE", "GLOBALID": "DEMO-SEG-005701", "kind": "service", "material": "MDPE", "vintage_year": 1992, "diameter_in": 0.5, "coated": false, "s1_score": 0.312, "overall_pct": 0.704, "seg_level": "LOW", "like_pct": 0.704, "cons_pct": 0.672, "svc_down": 1, "fac_summary": "", "biz_50m": 10, "near_trans_seg": 0}}, {"type": "Feature", "geometry": {"type": "LineString", "coordinates": [[-82.99196085368597, 39.94781821100266], [-82.992003707659, 39.94802742197595]]}, "properties": {"ticket_id": "DEMO-20260713-0053", "priority_level": "MODERATE", "GLOBALID": "DEMO-SEG-000173", "kind": "main", "material": "MDPE", "vintage_year": 1987, "diameter_in": 6.0, "coated": false, "s1_score": 0.267, "overall_pct": 0.635, "seg_level": "LOW", "like_pct": 0.525, "cons_pct": 0.635, "svc_down": 0, "fac_summary": "", "biz_50m": 10, "near_trans_seg": 0}}, {"type": "Feature", "geometry": {"type": "LineString", "coordinates": [[-82.99199565977855, 39.94798813273149], [-82.9917658777186, 39.94801601464205]]}, "properties": {"ticket_id": "DEMO-20260713-0053", "priority_level": "MODERATE", "GLOBALID": "DEMO-SEG-005690", "kind": "service", "material": "MDPE", "vintage_year": 1991, "diameter_in": 0.5, "coated": false, "s1_score": 0.32, "overall_pct": 0.723, "seg_level": "LOW", "like_pct": 0.723, "cons_pct": 0.672, "svc_down": 1, "fac_summary": "", "biz_50m": 10, "near_trans_seg": 0}}, {"type": "Feature", "geometry": {"type": "LineString", "coordinates": [[-82.9920138032203, 39.94807670779787], [-82.99177506483905, 39.94810567647315]]}, "properties": {"ticket_id": "DEMO-20260713-0053", "priority_level": "MODERATE", "GLOBALID": "DEMO-SEG-005824", "kind": "service", "material": "MDPE", "vintage_year": 1992, "diameter_in": 1.0, "coated": false, "s1_score": 0.246, "overall_pct": 0.73, "seg_level": "LOW", "like_pct": 0.421, "cons_pct": 0.73, "svc_down": 1, "fac_summary": "", "biz_50m": 11, "near_trans_seg": 0}}, {"type": "Feature", "geometry": {"type": "LineString", "coordinates": [[-82.99201277674467, 39.94807169661952], [-82.99143914999992, 39.94814130000604]]}, "properties": {"ticket_id": "DEMO-20260713-0053", "priority_level": "MODERATE", "GLOBALID": "DEMO-SEG-007472", "kind": "service", "material": "MDPE", "vintage_year": 1993, "diameter_in": 0.75, "coated": false, "s1_score": 0.268, "overall_pct": 0.845, "seg_level": "MODERATE", "like_pct": 0.529, "cons_pct": 0.845, "svc_down": 1, "fac_summary": "", "biz_50m": 14, "near_trans_seg": 0}}, {"type": "Feature", "geometry": {"type": "LineString", "coordinates": [[-82.99202650018344, 39.94813869336825], [-82.99184054341573, 39.94816125753593]]}, "properties": {"ticket_id": "DEMO-20260713-0053", "priority_level": "MODERATE", "GLOBALID": "DEMO-SEG-004892", "kind": "service", "material": "MDPE", "vintage_year": 1993, "diameter_in": 1.0, "coated": false, "s1_score": 0.275, "overall_pct": 0.592, "seg_level": "LOW", "like_pct": 0.567, "cons_pct": 0.592, "svc_down": 1, "fac_summary": "", "biz_50m": 9, "near_trans_seg": 0}}, {"type": "Feature", "geometry": {"type": "LineString", "coordinates": [[-82.99061679192741, 39.94773092551361], [-82.99043464999855, 39.94775395003255]]}, "properties": {"ticket_id": "DEMO-20260713-0053", "priority_level": "MODERATE", "GLOBALID": "DEMO-SEG-004822", "kind": "service", "material": "MDPE", "vintage_year": 1996, "diameter_in": 0.5, "coated": false, "s1_score": 0.268, "overall_pct": 0.73, "seg_level": "LOW", "like_pct": 0.531, "cons_pct": 0.73, "svc_down": 1, "fac_summary": "", "biz_50m": 11, "near_trans_seg": 0}}, {"type": "Feature", "geometry": {"type": "LineString", "coordinates": [[-82.99063907000568, 39.94783532524286], [-82.99042569539368, 39.947862297856666]]}, "properties": {"ticket_id": "DEMO-20260713-0053", "priority_level": "MODERATE", "GLOBALID": "DEMO-SEG-005382", "kind": "service", "material": "MDPE", "vintage_year": 1995, "diameter_in": 1.25, "coated": false, "s1_score": 0.241, "overall_pct": 0.672, "seg_level": "LOW", "like_pct": 0.395, "cons_pct": 0.672, "svc_down": 1, "fac_summary": "", "biz_50m": 10, "near_trans_seg": 0}}, {"type": "Feature", "geometry": {"type": "LineString", "coordinates": [[-82.9906224471222, 39.94775742697163], [-82.99066734728972, 39.94796783799194]]}, "properties": {"ticket_id": "DEMO-20260713-0053", "priority_level": "MODERATE", "GLOBALID": "DEMO-SEG-000187", "kind": "main", "material": "MDPE", "vintage_year": 1994, "diameter_in": 3.0, "coated": false, "s1_score": 0.268, "overall_pct": 0.707, "seg_level": "LOW", "like_pct": 0.531, "cons_pct": 0.707, "svc_down": 0, "fac_summary": "", "biz_50m": 11, "near_trans_seg": 0}}, {"type": "Feature", "geometry": {"type": "LineString", "coordinates": [[-82.99066290609257, 39.94794702573246], [-82.99047193855606, 39.94797116590314]]}, "properties": {"ticket_id": "DEMO-20260713-0053", "priority_level": "MODERATE", "GLOBALID": "DEMO-SEG-004964", "kind": "service", "material": "MDPE", "vintage_year": 1994, "diameter_in": 1.0, "coated": false, "s1_score": 0.299, "overall_pct": 0.777, "seg_level": "LOW", "like_pct": 0.661, "cons_pct": 0.777, "svc_down": 1, "fac_summary": "", "biz_50m": 12, "near_trans_seg": 0}}, {"type": "Feature", "geometry": {"type": "LineString", "coordinates": [[-82.99068217036877, 39.9480373015403], [-82.99050775000106, 39.948059350005764]]}, "properties": {"ticket_id": "DEMO-20260713-0053", "priority_level": "MODERATE", "GLOBALID": "DEMO-SEG-004701", "kind": "service", "material": "MDPE", "vintage_year": 1989, "diameter_in": 1.0, "coated": false, "s1_score": 0.31, "overall_pct": 0.73, "seg_level": "LOW", "like_pct": 0.699, "cons_pct": 0.73, "svc_down": 1, "fac_summary": "", "biz_50m": 11, "near_trans_seg": 0}}, {"type": "Feature", "geometry": {"type": "LineString", "coordinates": [[-82.99066734728972, 39.94796783799194], [-82.99071224775857, 39.9481782489809]]}, "properties": {"ticket_id": "DEMO-20260713-0053", "priority_level": "MODERATE", "GLOBALID": "DEMO-SEG-000188", "kind": "main", "material": "MDPE", "vintage_year": 1985, "diameter_in": 2.0, "coated": false, "s1_score": 0.286, "overall_pct": 0.753, "seg_level": "LOW", "like_pct": 0.612, "cons_pct": 0.753, "svc_down": 0, "fac_summary": "", "biz_50m": 12, "near_trans_seg": 0}}, {"type": "Feature", "geometry": {"type": "LineString", "coordinates": [[-82.99069688389551, 39.948106251551756], [-82.99049817642775, 39.948131370131286]]}, "properties": {"ticket_id": "DEMO-20260713-0053", "priority_level": "MODERATE", "GLOBALID": "DEMO-SEG-005100", "kind": "service", "material": "MDPE", "vintage_year": 1989, "diameter_in": 0.75, "coated": false, "s1_score": 0.287, "overall_pct": 0.672, "seg_level": "LOW", "like_pct": 0.615, "cons_pct": 0.672, "svc_down": 1, "fac_summary": "", "biz_50m": 10, "near_trans_seg": 0}}, {"type": "Feature", "geometry": {"type": "LineString", "coordinates": [[-82.99070831722365, 39.94815982990488], [-82.99050452869947, 39.94818559077959]]}, "properties": {"ticket_id": "DEMO-20260713-0053", "priority_level": "MODERATE", "GLOBALID": "DEMO-SEG-005190", "kind": "service", "material": "MDPE", "vintage_year": 1986, "diameter_in": 1.0, "coated": false, "s1_score": 0.297, "overall_pct": 0.73, "seg_level": "LOW", "like_pct": 0.657, "cons_pct": 0.73, "svc_down": 1, "fac_summary": "", "biz_50m": 11, "near_trans_seg": 0}}, {"type": "Feature", "geometry": {"type": "LineString", "coordinates": [[-82.99071878828812, 39.948208898858695], [-82.99047658281853, 39.948239515975914]]}, "properties": {"ticket_id": "DEMO-20260713-0053", "priority_level": "MODERATE", "GLOBALID": "DEMO-SEG-005869", "kind": "service", "material": "MDPE", "vintage_year": 1993, "diameter_in": 0.75, "coated": false, "s1_score": 0.286, "overall_pct": 0.73, "seg_level": "LOW", "like_pct": 0.613, "cons_pct": 0.73, "svc_down": 1, "fac_summary": "", "biz_50m": 11, "near_trans_seg": 0}}, {"type": "Feature", "geometry": {"type": "LineString", "coordinates": [[-82.99073181101475, 39.94826992516869], [-82.99051228736738, 39.948297675111725]]}, "properties": {"ticket_id": "DEMO-20260713-0053", "priority_level": "MODERATE", "GLOBALID": "DEMO-SEG-005508", "kind": "service", "material": "MDPE", "vintage_year": 1991, "diameter_in": 1.0, "coated": false, "s1_score": 0.304, "overall_pct": 0.73, "seg_level": "LOW", "like_pct": 0.682, "cons_pct": 0.73, "svc_down": 1, "fac_summary": "", "biz_50m": 11, "near_trans_seg": 0}}, {"type": "Feature", "geometry": {"type": "LineString", "coordinates": [[-82.99064428912999, 39.94785978309837], [-82.9908980296261, 39.94782770730758]]}, "properties": {"ticket_id": "DEMO-20260713-0053", "priority_level": "MODERATE", "GLOBALID": "DEMO-SEG-005994", "kind": "service", "material": "MDPE", "vintage_year": 1994, "diameter_in": 1.0, "coated": false, "s1_score": 0.258, "overall_pct": 0.777, "seg_level": "LOW", "like_pct": 0.48, "cons_pct": 0.777, "svc_down": 1, "fac_summary": "", "biz_50m": 12, "near_trans_seg": 0}}, {"type": "Feature", "geometry": {"type": "LineString", "coordinates": [[-82.99066088288879, 39.94793754462606], [-82.99084637226287, 39.94791409663349]]}, "properties": {"ticket_id": "DEMO-20260713-0053", "priority_level": "MODERATE", "GLOBALID": "DEMO-SEG-004889", "kind": "service", "material": "MDPE", "vintage_year": 1998, "diameter_in": 0.75, "coated": false, "s1_score": 0.239, "overall_pct": 0.672, "seg_level": "LOW", "like_pct": 0.388, "cons_pct": 0.672, "svc_down": 1, "fac_summary": "", "biz_50m": 10, "near_trans_seg": 0}}, {"type": "Feature", "geometry": {"type": "LineString", "coordinates": [[-82.99068653333994, 39.9480577471585], [-82.99118633235405, 39.94799456607359]]}, "properties": {"ticket_id": "DEMO-20260713-0053", "priority_level": "MODERATE", "GLOBALID": "DEMO-SEG-007300", "kind": "service", "material": "MDPE", "vintage_year": 1989, "diameter_in": 0.75, "coated": false, "s1_score": 0.302, "overall_pct": 0.845, "seg_level": "MODERATE", "like_pct": 0.676, "cons_pct": 0.845, "svc_down": 1, "fac_summary": "", "biz_50m": 14, "near_trans_seg": 0}}, {"type": "Feature", "geometry": {"type": "LineString", "coordinates": [[-82.99068309252159, 39.94804162290496], [-82.99088460000398, 39.94801615001614]]}, "properties": {"ticket_id": "DEMO-20260713-0053", "priority_level": "MODERATE", "GLOBALID": "DEMO-SEG-005148", "kind": "service", "material": "MDPE", "vintage_year": 1991, "diameter_in": 0.75, "coated": false, "s1_score": 0.293, "overall_pct": 0.777, "seg_level": "LOW", "like_pct": 0.642, "cons_pct": 0.777, "svc_down": 1, "fac_summary": "", "biz_50m": 12, "near_trans_seg": 0}}, {"type": "Feature", "geometry": {"type": "LineString", "coordinates": [[-82.99071127997762, 39.948173713815294], [-82.99120547248847, 39.94811124145502]]}, "properties": {"ticket_id": "DEMO-20260713-0053", "priority_level": "MODERATE", "GLOBALID": "DEMO-SEG-007285", "kind": "service", "material": "MDPE", "vintage_year": 1988, "diameter_in": 1.0, "coated": false, "s1_score": 0.291, "overall_pct": 0.845, "seg_level": "MODERATE", "like_pct": 0.634, "cons_pct": 0.845, "svc_down": 1, "fac_summary": "", "biz_50m": 14, "near_trans_seg": 0}}, {"type": "Feature", "geometry": {"type": "LineString", "coordinates": [[-82.99070937736319, 39.94816479787881], [-82.99090021690105, 39.948140673542106]]}, "properties": {"ticket_id": "DEMO-20260713-0053", "priority_level": "MODERATE", "GLOBALID": "DEMO-SEG-004959", "kind": "service", "material": "MDPE", "vintage_year": 1991, "diameter_in": 1.25, "coated": false, "s1_score": 0.28, "overall_pct": 0.73, "seg_level": "LOW", "like_pct": 0.585, "cons_pct": 0.73, "svc_down": 1, "fac_summary": "", "biz_50m": 11, "near_trans_seg": 0}}, {"type": "Feature", "geometry": {"type": "LineString", "coordinates": [[-82.99073310174369, 39.94827597369745], [-82.99124502760914, 39.94821125954867]]}, "properties": {"ticket_id": "DEMO-20260713-0053", "priority_level": "MODERATE", "GLOBALID": "DEMO-SEG-007341", "kind": "service", "material": "MDPE", "vintage_year": 1993, "diameter_in": 1.0, "coated": false, "s1_score": 0.286, "overall_pct": 0.845, "seg_level": "MODERATE", "like_pct": 0.613, "cons_pct": 0.845, "svc_down": 1, "fac_summary": "", "biz_50m": 14, "near_trans_seg": 0}}, {"type": "Feature", "geometry": {"type": "LineString", "coordinates": [[-82.99073338266925, 39.94827729015222], [-82.99095503134987, 39.94824927114082]]}, "properties": {"ticket_id": "DEMO-20260713-0053", "priority_level": "MODERATE", "GLOBALID": "DEMO-SEG-005541", "kind": "service", "material": "MDPE", "vintage_year": 1991, "diameter_in": 1.0, "coated": false, "s1_score": 0.286, "overall_pct": 0.777, "seg_level": "LOW", "like_pct": 0.612, "cons_pct": 0.777, "svc_down": 1, "fac_summary": "", "biz_50m": 12, "near_trans_seg": 0}}, {"type": "Feature", "geometry": {"type": "LineString", "coordinates": [[-82.99071224775857, 39.9481782489809], [-82.99075714852874, 39.9483886599385]]}, "properties": {"ticket_id": "DEMO-20260713-0053", "priority_level": "MODERATE", "GLOBALID": "DEMO-SEG-000189", "kind": "main", "material": "MDPE", "vintage_year": 1991, "diameter_in": 3.0, "coated": false, "s1_score": 0.284, "overall_pct": 0.707, "seg_level": "LOW", "like_pct": 0.603, "cons_pct": 0.707, "svc_down": 0, "fac_summary": "", "biz_50m": 11, "near_trans_seg": 0}}, {"type": "Feature", "geometry": {"type": "LineString", "coordinates": [[-82.99075064089351, 39.94835816438712], [-82.99126212738051, 39.94829350576589]]}, "properties": {"ticket_id": "DEMO-20260713-0053", "priority_level": "MODERATE", "GLOBALID": "DEMO-SEG-007340", "kind": "service", "material": "MDPE", "vintage_year": 1990, "diameter_in": 0.5, "coated": false, "s1_score": 0.301, "overall_pct": 0.845, "seg_level": "MODERATE", "like_pct": 0.67, "cons_pct": 0.845, "svc_down": 1, "fac_summary": "", "biz_50m": 14, "near_trans_seg": 0}}, {"type": "Feature", "geometry": {"type": "LineString", "coordinates": [[-82.99202744959769, 39.948143328328435], [-82.99144662441932, 39.94821380516426]]}, "properties": {"ticket_id": "DEMO-20260713-0053", "priority_level": "MODERATE", "GLOBALID": "DEMO-SEG-007480", "kind": "service", "material": "MDPE", "vintage_year": 1993, "diameter_in": 0.75, "coated": false, "s1_score": 0.286, "overall_pct": 0.845, "seg_level": "MODERATE", "like_pct": 0.611, "cons_pct": 0.845, "svc_down": 1, "fac_summary": "", "biz_50m": 14, "near_trans_seg": 0}}, {"type": "Feature", "geometry": {"type": "LineString", "coordinates": [[-82.99204319593755, 39.948220200528866], [-82.99183139999973, 39.948245900027594]]}, "properties": {"ticket_id": "DEMO-20260713-0053", "priority_level": "MODERATE", "GLOBALID": "DEMO-SEG-005350", "kind": "service", "material": "MDPE", "vintage_year": 1999, "diameter_in": 0.75, "coated": false, "s1_score": 0.238, "overall_pct": 0.672, "seg_level": "LOW", "like_pct": 0.384, "cons_pct": 0.672, "svc_down": 1, "fac_summary": "", "biz_50m": 10, "near_trans_seg": 0}}, {"type": "Feature", "geometry": {"type": "LineString", "coordinates": [[-82.99205953775021, 39.94829997956907], [-82.99184179999712, 39.94832640005367]]}, "properties": {"ticket_id": "DEMO-20260713-0053", "priority_level": "MODERATE", "GLOBALID": "DEMO-SEG-005462", "kind": "service", "material": "MDPE", "vintage_year": 1985, "diameter_in": 0.75, "coated": false, "s1_score": 0.305, "overall_pct": 0.685, "seg_level": "LOW", "like_pct": 0.685, "cons_pct": 0.672, "svc_down": 1, "fac_summary": "", "biz_50m": 10, "near_trans_seg": 0}}, {"type": "Feature", "geometry": {"type": "LineString", "coordinates": [[-82.9920574412957, 39.94828974490648], [-82.9914545759469, 39.94836289605254]]}, "properties": {"ticket_id": "DEMO-20260713-0053", "priority_level": "MODERATE", "GLOBALID": "DEMO-SEG-007506", "kind": "service", "material": "MDPE", "vintage_year": 1987, "diameter_in": 1.0, "coated": false, "s1_score": 0.293, "overall_pct": 0.845, "seg_level": "MODERATE", "like_pct": 0.639, "cons_pct": 0.845, "svc_down": 1, "fac_summary": "", "biz_50m": 14, "near_trans_seg": 0}}, {"type": "Feature", "geometry": {"type": "LineString", "coordinates": [[-82.9920727623762, 39.94835992355934], [-82.99188032454295, 39.94838552384688]]}, "properties": {"ticket_id": "DEMO-20260713-0053", "priority_level": "MODERATE", "GLOBALID": "DEMO-SEG-004990", "kind": "service", "material": "MDPE", "vintage_year": 1985, "diameter_in": 1.0, "coated": false, "s1_score": 0.33, "overall_pct": 0.737, "seg_level": "LOW", "like_pct": 0.737, "cons_pct": 0.592, "svc_down": 1, "fac_summary": "", "biz_50m": 9, "near_trans_seg": 0}}, {"type": "Feature", "geometry": {"type": "LineString", "coordinates": [[-82.9920806783099, 39.94839517220688], [-82.99177809498802, 39.94843542516316]]}, "properties": {"ticket_id": "DEMO-20260713-0053", "priority_level": "MODERATE", "GLOBALID": "DEMO-SEG-006372", "kind": "service", "material": "MDPE", "vintage_year": 1987, "diameter_in": 1.25, "coated": false, "s1_score": 0.313, "overall_pct": 0.73, "seg_level": "LOW", "like_pct": 0.71, "cons_pct": 0.73, "svc_down": 1, "fac_summary": "", "biz_50m": 11, "near_trans_seg": 0}}, {"type": "Feature", "geometry": {"type": "LineString", "coordinates": [[-82.99208403330363, 39.94841011155568], [-82.99152692328711, 39.94848422380605]]}, "properties": {"ticket_id": "DEMO-20260713-0053", "priority_level": "MODERATE", "GLOBALID": "DEMO-SEG-007447", "kind": "service", "material": "MDPE", "vintage_year": 1985, "diameter_in": 0.75, "coated": false, "s1_score": 0.327, "overall_pct": 0.816, "seg_level": "MODERATE", "like_pct": 0.733, "cons_pct": 0.816, "svc_down": 1, "fac_summary": "", "biz_50m": 13, "near_trans_seg": 0}}, {"type": "Feature", "geometry": {"type": "LineString", "coordinates": [[-82.99209515292772, 39.948459625737414], [-82.99182134999717, 39.94849605005299]]}, "properties": {"ticket_id": "DEMO-20260713-0053", "priority_level": "MODERATE", "GLOBALID": "DEMO-SEG-006199", "kind": "service", "material": "MDPE", "vintage_year": 2000, "diameter_in": 0.75, "coated": false, "s1_score": 0.268, "overall_pct": 0.672, "seg_level": "LOW", "like_pct": 0.532, "cons_pct": 0.672, "svc_down": 1, "fac_summary": "", "biz_50m": 10, "near_trans_seg": 0}}, {"type": "Feature", "geometry": {"type": "LineString", "coordinates": [[-82.99211325485918, 39.94854023101879], [-82.9916713165129, 39.948599022256445]]}, "properties": {"ticket_id": "DEMO-20260713-0053", "priority_level": "MODERATE", "GLOBALID": "DEMO-SEG-007051", "kind": "service", "material": "MDPE", "vintage_year": 2000, "diameter_in": 0.5, "coated": false, "s1_score": 0.248, "overall_pct": 0.777, "seg_level": "LOW", "like_pct": 0.43, "cons_pct": 0.777, "svc_down": 1, "fac_summary": "", "biz_50m": 12, "near_trans_seg": 0}}, {"type": "Feature", "geometry": {"type": "LineString", "coordinates": [[-82.99212015029013, 39.94857467290692], [-82.9917981999995, 39.94861015000362]]}, "properties": {"ticket_id": "DEMO-20260713-0053", "priority_level": "MODERATE", "GLOBALID": "DEMO-SEG-006511", "kind": "service", "material": "MDPE", "vintage_year": 1999, "diameter_in": 1.0, "coated": false, "s1_score": 0.243, "overall_pct": 0.73, "seg_level": "LOW", "like_pct": 0.406, "cons_pct": 0.73, "svc_down": 1, "fac_summary": "", "biz_50m": 11, "near_trans_seg": 0}}, {"type": "Feature", "geometry": {"type": "LineString", "coordinates": [[-82.99074617949587, 39.94833725773051], [-82.99054625546309, 39.94836253011304]]}, "properties": {"ticket_id": "DEMO-20260713-0053", "priority_level": "MODERATE", "GLOBALID": "DEMO-SEG-005128", "kind": "service", "material": "MDPE", "vintage_year": 1993, "diameter_in": 1.25, "coated": false, "s1_score": 0.289, "overall_pct": 0.73, "seg_level": "LOW", "like_pct": 0.626, "cons_pct": 0.73, "svc_down": 1, "fac_summary": "", "biz_50m": 11, "near_trans_seg": 0}}, {"type": "Feature", "geometry": {"type": "LineString", "coordinates": [[-82.99074582124675, 39.94833557893054], [-82.99036702862274, 39.9483834617718]]}, "properties": {"ticket_id": "DEMO-20260713-0053", "priority_level": "MODERATE", "GLOBALID": "DEMO-SEG-006804", "kind": "service", "material": "MDPE", "vintage_year": 1993, "diameter_in": 1.25, "coated": false, "s1_score": 0.294, "overall_pct": 0.777, "seg_level": "LOW", "like_pct": 0.643, "cons_pct": 0.777, "svc_down": 1, "fac_summary": "", "biz_50m": 12, "near_trans_seg": 0}}, {"type": "Feature", "geometry": {"type": "LineString", "coordinates": [[-82.98992510250966, 39.9483900860132], [-82.99026702308699, 39.948351671668746]]}, "properties": {"ticket_id": "DEMO-20260713-0053", "priority_level": "MODERATE", "GLOBALID": "DEMO-SEG-006619", "kind": "service", "material": "MDPE", "vintage_year": 1985, "diameter_in": 0.75, "coated": false, "s1_score": 0.321, "overall_pct": 0.725, "seg_level": "LOW", "like_pct": 0.725, "cons_pct": 0.672, "svc_down": 1, "fac_summary": "", "biz_50m": 10, "near_trans_seg": 0}}, {"type": "Feature", "geometry": {"type": "LineString", "coordinates": [[-82.99078034425813, 39.948497512628414], [-82.99051779999714, 39.94853044999817]]}, "properties": {"ticket_id": "DEMO-20260713-0053", "priority_level": "MODERATE", "GLOBALID": "DEMO-SEG-006110", "kind": "service", "material": "MDPE", "vintage_year": 1990, "diameter_in": 1.0, "coated": false, "s1_score": 0.292, "overall_pct": 0.672, "seg_level": "LOW", "like_pct": 0.639, "cons_pct": 0.672, "svc_down": 1, "fac_summary": "", "biz_50m": 10, "near_trans_seg": 0}}, {"type": "Feature", "geometry": {"type": "LineString", "coordinates": [[-82.9907803921031, 39.94849773854176], [-82.99040884999886, 39.94854435000276]]}, "properties": {"ticket_id": "DEMO-20260713-0053", "priority_level": "MODERATE", "GLOBALID": "DEMO-SEG-006773", "kind": "service", "material": "MDPE", "vintage_year": 1988, "diameter_in": 1.25, "coated": false, "s1_score": 0.284, "overall_pct": 0.672, "seg_level": "LOW", "like_pct": 0.601, "cons_pct": 0.672, "svc_down": 1, "fac_summary": "", "biz_50m": 10, "near_trans_seg": 0}}, {"type": "Feature", "geometry": {"type": "LineString", "coordinates": [[-82.99079850071043, 39.94858324324174], [-82.99062279632162, 39.94860528623016]]}, "properties": {"ticket_id": "DEMO-20260713-0053", "priority_level": "MODERATE", "GLOBALID": "DEMO-SEG-004724", "kind": "service", "material": "MDPE", "vintage_year": 1994, "diameter_in": 1.0, "coated": false, "s1_score": 0.27, "overall_pct": 0.672, "seg_level": "LOW", "like_pct": 0.537, "cons_pct": 0.672, "svc_down": 1, "fac_summary": "", "biz_50m": 10, "near_trans_seg": 0}}, {"type": "Feature", "geometry": {"type": "LineString", "coordinates": [[-82.99075400832973, 39.948373944596845], [-82.99094128048789, 39.948350271205925]]}, "properties": {"ticket_id": "DEMO-20260713-0053", "priority_level": "MODERATE", "GLOBALID": "DEMO-SEG-004907", "kind": "service", "material": "MDPE", "vintage_year": 1992, "diameter_in": 1.0, "coated": false, "s1_score": 0.303, "overall_pct": 0.676, "seg_level": "LOW", "like_pct": 0.676, "cons_pct": 0.672, "svc_down": 1, "fac_summary": "", "biz_50m": 10, "near_trans_seg": 0}}, {"type": "Feature", "geometry": {"type": "LineString", "coordinates": [[-82.99076453838869, 39.94842328966285], [-82.99123830001233, 39.94836340002934]]}, "properties": {"ticket_id": "DEMO-20260713-0053", "priority_level": "MODERATE", "GLOBALID": "DEMO-SEG-007189", "kind": "service", "material": "MDPE", "vintage_year": 1987, "diameter_in": 1.0, "coated": false, "s1_score": 0.34, "overall_pct": 0.816, "seg_level": "MODERATE", "like_pct": 0.743, "cons_pct": 0.816, "svc_down": 1, "fac_summary": "", "biz_50m": 13, "near_trans_seg": 0}}, {"type": "Feature", "geometry": {"type": "LineString", "coordinates": [[-82.99076899205679, 39.94844416003935], [-82.99092804256117, 39.94842405421141]]}, "properties": {"ticket_id": "DEMO-20260713-0053", "priority_level": "MODERATE", "GLOBALID": "DEMO-SEG-004436", "kind": "service", "material": "MDPE", "vintage_year": 1991, "diameter_in": 0.5, "coated": false, "s1_score": 0.267, "overall_pct": 0.672, "seg_level": "LOW", "like_pct": 0.525, "cons_pct": 0.672, "svc_down": 1, "fac_summary": "", "biz_50m": 10, "near_trans_seg": 0}}, {"type": "Feature", "geometry": {"type": "LineString", "coordinates": [[-82.99075714852874, 39.9483886599385], [-82.990776, 39.94847699999999], [-82.99080185788138, 39.948599095008525]]}, "properties": {"ticket_id": "DEMO-20260713-0053", "priority_level": "MODERATE", "GLOBALID": "DEMO-SEG-000190", "kind": "main", "material": "MDPE", "vintage_year": 1989, "diameter_in": 4.0, "coated": false, "s1_score": 0.299, "overall_pct": 0.662, "seg_level": "LOW", "like_pct": 0.662, "cons_pct": 0.635, "svc_down": 0, "fac_summary": "", "biz_50m": 10, "near_trans_seg": 0}}, {"type": "Feature", "geometry": {"type": "LineString", "coordinates": [[-82.99080199782566, 39.94859975579209], [-82.99096465000383, 39.94857935001833]]}, "properties": {"ticket_id": "DEMO-20260713-0053", "priority_level": "MODERATE", "GLOBALID": "DEMO-SEG-004498", "kind": "service", "material": "MDPE", "vintage_year": 1998, "diameter_in": 0.75, "coated": false, "s1_score": 0.279, "overall_pct": 0.672, "seg_level": "LOW", "like_pct": 0.578, "cons_pct": 0.672, "svc_down": 1, "fac_summary": "", "biz_50m": 10, "near_trans_seg": 0}}, {"type": "Feature", "geometry": {"type": "LineString", "coordinates": [[-82.99081010821025, 39.94863805107434], [-82.99121882870163, 39.948586773968955]]}, "properties": {"ticket_id": "DEMO-20260713-0053", "priority_level": "MODERATE", "GLOBALID": "DEMO-SEG-006920", "kind": "service", "material": "MDPE", "vintage_year": 1996, "diameter_in": 0.75, "coated": false, "s1_score": 0.279, "overall_pct": 0.777, "seg_level": "LOW", "like_pct": 0.58, "cons_pct": 0.777, "svc_down": 1, "fac_summary": "", "biz_50m": 12, "near_trans_seg": 0}}, {"type": "Feature", "geometry": {"type": "LineString", "coordinates": [[-82.99080185788138, 39.948599095008525], [-82.99081122955174, 39.9486433457749]]}, "properties": {"ticket_id": "DEMO-20260713-0053", "priority_level": "MODERATE", "GLOBALID": "DEMO-SEG-000191", "kind": "main", "material": "MDPE", "vintage_year": 1994, "diameter_in": 3.0, "coated": false, "s1_score": 0.273, "overall_pct": 0.553, "seg_level": "LOW", "like_pct": 0.553, "cons_pct": 0.547, "svc_down": 0, "fac_summary": "", "biz_50m": 9, "near_trans_seg": 0}}, {"type": "Feature", "geometry": {"type": "LineString", "coordinates": [[-82.99004461958184, 39.947517255401635], [-82.9900131, 39.947515599999996], [-82.9897716, 39.94750299999999]]}, "properties": {"ticket_id": "DEMO-20260713-0053", "priority_level": "MODERATE", "GLOBALID": "DEMO-SEG-001723", "kind": "main", "material": "MDPE", "vintage_year": 1993, "diameter_in": 6.0, "coated": false, "s1_score": 0.251, "overall_pct": 0.753, "seg_level": "LOW", "like_pct": 0.444, "cons_pct": 0.753, "svc_down": 0, "fac_summary": "", "biz_50m": 12, "near_trans_seg": 0}}, {"type": "Feature", "geometry": {"type": "LineString", "coordinates": [[-82.9897716, 39.94750299999999], [-82.9897708, 39.947527700000016], [-82.989766, 39.947595], [-82.98979015564382, 39.94771511761149]]}, "properties": {"ticket_id": "DEMO-20260713-0053", "priority_level": "MODERATE", "GLOBALID": "DEMO-SEG-000198", "kind": "main", "material": "MDPE", "vintage_year": 1990, "diameter_in": 3.0, "coated": false, "s1_score": 0.294, "overall_pct": 0.645, "seg_level": "LOW", "like_pct": 0.645, "cons_pct": 0.635, "svc_down": 0, "fac_summary": "", "biz_50m": 10, "near_trans_seg": 0}}, {"type": "Feature", "geometry": {"type": "LineString", "coordinates": [[-82.98978321738731, 39.9476806161244], [-82.98960640169166, 39.94770167992334]]}, "properties": {"ticket_id": "DEMO-20260713-0053", "priority_level": "MODERATE", "GLOBALID": "DEMO-SEG-004740", "kind": "service", "material": "MDPE", "vintage_year": 1994, "diameter_in": 1.0, "coated": false, "s1_score": 0.26, "overall_pct": 0.672, "seg_level": "LOW", "like_pct": 0.486, "cons_pct": 0.672, "svc_down": 1, "fac_summary": "", "biz_50m": 10, "near_trans_seg": 0}}, {"type": "Feature", "geometry": {"type": "LineString", "coordinates": [[-82.98979852722478, 39.947756746460435], [-82.9899875745334, 39.947734225210105]]}, "properties": {"ticket_id": "DEMO-20260713-0053", "priority_level": "MODERATE", "GLOBALID": "DEMO-SEG-004928", "kind": "service", "material": "MDPE", "vintage_year": 1989, "diameter_in": 0.5, "coated": false, "s1_score": 0.312, "overall_pct": 0.705, "seg_level": "LOW", "like_pct": 0.705, "cons_pct": 0.592, "svc_down": 1, "fac_summary": "", "biz_50m": 9, "near_trans_seg": 0}}, {"type": "Feature", "geometry": {"type": "LineString", "coordinates": [[-82.98980340215698, 39.94778098771169], [-82.98960589123459, 39.947804516892454]]}, "properties": {"ticket_id": "DEMO-20260713-0053", "priority_level": "MODERATE", "GLOBALID": "DEMO-SEG-005769", "kind": "service", "material": "MDPE", "vintage_year": 1988, "diameter_in": 1.0, "coated": false, "s1_score": 0.286, "overall_pct": 0.61, "seg_level": "LOW", "like_pct": 0.61, "cons_pct": 0.592, "svc_down": 1, "fac_summary": "", "biz_50m": 9, "near_trans_seg": 0}}, {"type": "Feature", "geometry": {"type": "LineString", "coordinates": [[-82.98979015564382, 39.94771511761149], [-82.98983261665694, 39.947926260310496]]}, "properties": {"ticket_id": "DEMO-20260713-0053", "priority_level": "MODERATE", "GLOBALID": "DEMO-SEG-000199", "kind": "main", "material": "MDPE", "vintage_year": 1988, "diameter_in": 4.0, "coated": false, "s1_score": 0.244, "overall_pct": 0.547, "seg_level": "LOW", "like_pct": 0.41, "cons_pct": 0.547, "svc_down": 0, "fac_summary": "", "biz_50m": 9, "near_trans_seg": 0}}, {"type": "Feature", "geometry": {"type": "LineString", "coordinates": [[-82.98981680685219, 39.947847644249286], [-82.9900219170239, 39.94782320940423]]}, "properties": {"ticket_id": "DEMO-20260713-0053", "priority_level": "MODERATE", "GLOBALID": "DEMO-SEG-005205", "kind": "service", "material": "MDPE", "vintage_year": 1992, "diameter_in": 1.0, "coated": false, "s1_score": 0.282, "overall_pct": 0.595, "seg_level": "LOW", "like_pct": 0.595, "cons_pct": 0.503, "svc_down": 1, "fac_summary": "", "biz_50m": 8, "near_trans_seg": 0}}, {"type": "Feature", "geometry": {"type": "LineString", "coordinates": [[-82.98982399289623, 39.94788337769978], [-82.9896089192412, 39.94790899909417]]}, "properties": {"ticket_id": "DEMO-20260713-0053", "priority_level": "MODERATE", "GLOBALID": "DEMO-SEG-005552", "kind": "service", "material": "MDPE", "vintage_year": 1991, "diameter_in": 0.75, "coated": false, "s1_score": 0.258, "overall_pct": 0.592, "seg_level": "LOW", "like_pct": 0.48, "cons_pct": 0.592, "svc_down": 1, "fac_summary": "", "biz_50m": 9, "near_trans_seg": 0}}, {"type": "Feature", "geometry": {"type": "LineString", "coordinates": [[-82.98984195318359, 39.947972687161396], [-82.99001857594136, 39.947951646045794]]}, "properties": {"ticket_id": "DEMO-20260713-0053", "priority_level": "MODERATE", "GLOBALID": "DEMO-SEG-004738", "kind": "service", "material": "MDPE", "vintage_year": 1989, "diameter_in": 1.0, "coated": false, "s1_score": 0.307, "overall_pct": 0.689, "seg_level": "LOW", "like_pct": 0.689, "cons_pct": 0.672, "svc_down": 1, "fac_summary": "", "biz_50m": 10, "near_trans_seg": 0}}, {"type": "Feature", "geometry": {"type": "LineString", "coordinates": [[-82.98984918451804, 39.94800864567651], [-82.98962193599476, 39.94803571744285]]}, "properties": {"ticket_id": "DEMO-20260713-0053", "priority_level": "MODERATE", "GLOBALID": "DEMO-SEG-005636", "kind": "service", "material": "MDPE", "vintage_year": 1985, "diameter_in": 1.25, "coated": false, "s1_score": 0.302, "overall_pct": 0.673, "seg_level": "LOW", "like_pct": 0.673, "cons_pct": 0.503, "svc_down": 1, "fac_summary": "", "biz_50m": 8, "near_trans_seg": 0}}, {"type": "Feature", "geometry": {"type": "LineString", "coordinates": [[-82.98983261665694, 39.947926260310496], [-82.98987507795759, 39.94813740298027]]}, "properties": {"ticket_id": "DEMO-20260713-0053", "priority_level": "MODERATE", "GLOBALID": "DEMO-SEG-000200", "kind": "main", "material": "MDPE", "vintage_year": 1985, "diameter_in": 4.0, "coated": false, "s1_score": 0.307, "overall_pct": 0.689, "seg_level": "LOW", "like_pct": 0.689, "cons_pct": 0.465, "svc_down": 0, "fac_summary": "", "biz_50m": 8, "near_trans_seg": 0}}, {"type": "Feature", "geometry": {"type": "LineString", "coordinates": [[-82.98986368948557, 39.94808077291313], [-82.99006982624095, 39.94805621575121]]}, "properties": {"ticket_id": "DEMO-20260713-0053", "priority_level": "MODERATE", "GLOBALID": "DEMO-SEG-005228", "kind": "service", "material": "MDPE", "vintage_year": 1985, "diameter_in": 1.0, "coated": false, "s1_score": 0.304, "overall_pct": 0.681, "seg_level": "LOW", "like_pct": 0.681, "cons_pct": 0.672, "svc_down": 1, "fac_summary": "", "biz_50m": 10, "near_trans_seg": 0}}, {"type": "Feature", "geometry": {"type": "LineString", "coordinates": [[-82.98987120803882, 39.94811815951851], [-82.98970334891541, 39.94813815636919]]}, "properties": {"ticket_id": "DEMO-20260713-0053", "priority_level": "MODERATE", "GLOBALID": "DEMO-SEG-004578", "kind": "service", "material": "MDPE", "vintage_year": 1985, "diameter_in": 1.0, "coated": false, "s1_score": 0.299, "overall_pct": 0.661, "seg_level": "LOW", "like_pct": 0.661, "cons_pct": 0.436, "svc_down": 1, "fac_summary": "", "biz_50m": 7, "near_trans_seg": 0}}, {"type": "Feature", "geometry": {"type": "LineString", "coordinates": [[-82.98988172671476, 39.94817046439631], [-82.99007710379453, 39.9481471890419]]}, "properties": {"ticket_id": "DEMO-20260713-0053", "priority_level": "MODERATE", "GLOBALID": "DEMO-SEG-005027", "kind": "service", "material": "MDPE", "vintage_year": 1988, "diameter_in": 0.75, "coated": false, "s1_score": 0.321, "overall_pct": 0.726, "seg_level": "LOW", "like_pct": 0.726, "cons_pct": 0.592, "svc_down": 1, "fac_summary": "", "biz_50m": 9, "near_trans_seg": 0}}, {"type": "Feature", "geometry": {"type": "LineString", "coordinates": [[-82.9898839659903, 39.948181599344636], [-82.98967829999715, 39.948206100051245]]}, "properties": {"ticket_id": "DEMO-20260713-0053", "priority_level": "MODERATE", "GLOBALID": "DEMO-SEG-005221", "kind": "service", "material": "MDPE", "vintage_year": 1990, "diameter_in": 0.75, "coated": false, "s1_score": 0.266, "overall_pct": 0.519, "seg_level": "LOW", "like_pct": 0.519, "cons_pct": 0.503, "svc_down": 1, "fac_summary": "", "biz_50m": 8, "near_trans_seg": 0}}, {"type": "Feature", "geometry": {"type": "LineString", "coordinates": [[-82.98987507795759, 39.94813740298027], [-82.98991200000002, 39.94832100000001], [-82.98991723093586, 39.94834858133817]]}, "properties": {"ticket_id": "DEMO-20260713-0053", "priority_level": "MODERATE", "GLOBALID": "DEMO-SEG-000201", "kind": "main", "material": "MDPE", "vintage_year": 1990, "diameter_in": 4.0, "coated": false, "s1_score": 0.267, "overall_pct": 0.524, "seg_level": "LOW", "like_pct": 0.524, "cons_pct": 0.465, "svc_down": 0, "fac_summary": "", "biz_50m": 8, "near_trans_seg": 0}}, {"type": "Feature", "geometry": {"type": "LineString", "coordinates": [[-82.98990954614226, 39.94830879808271], [-82.99013905377507, 39.94828145669344]]}, "properties": {"ticket_id": "DEMO-20260713-0053", "priority_level": "MODERATE", "GLOBALID": "DEMO-SEG-005684", "kind": "service", "material": "MDPE", "vintage_year": 1993, "diameter_in": 1.0, "coated": false, "s1_score": 0.3, "overall_pct": 0.667, "seg_level": "LOW", "like_pct": 0.667, "cons_pct": 0.592, "svc_down": 1, "fac_summary": "", "biz_50m": 9, "near_trans_seg": 0}}, {"type": "Feature", "geometry": {"type": "LineString", "coordinates": [[-82.98990503194565, 39.94828635102581], [-82.98963682330572, 39.948318302287184]]}, "properties": {"ticket_id": "DEMO-20260713-0053", "priority_level": "MODERATE", "GLOBALID": "DEMO-SEG-006151", "kind": "service", "material": "MDPE", "vintage_year": 1992, "diameter_in": 1.25, "coated": false, "s1_score": 0.292, "overall_pct": 0.636, "seg_level": "LOW", "like_pct": 0.636, "cons_pct": 0.503, "svc_down": 1, "fac_summary": "", "biz_50m": 8, "near_trans_seg": 0}}, {"type": "Feature", "geometry": {"type": "LineString", "coordinates": [[-82.98992189343448, 39.9483731654365], [-82.99007598149628, 39.94835585396829]]}, "properties": {"ticket_id": "DEMO-20260713-0053", "priority_level": "MODERATE", "GLOBALID": "DEMO-SEG-004340", "kind": "service", "material": "MDPE", "vintage_year": 1985, "diameter_in": 0.75, "coated": false, "s1_score": 0.301, "overall_pct": 0.669, "seg_level": "LOW", "like_pct": 0.669, "cons_pct": 0.592, "svc_down": 1, "fac_summary": "", "biz_50m": 9, "near_trans_seg": 0}}, {"type": "Feature", "geometry": {"type": "LineString", "coordinates": [[-82.98991723093586, 39.94834858133817], [-82.989934, 39.948436999999984], [-82.98995698457622, 39.948560035940616]]}, "properties": {"ticket_id": "DEMO-20260713-0053", "priority_level": "MODERATE", "GLOBALID": "DEMO-SEG-000202", "kind": "main", "material": "MDPE", "vintage_year": 1985, "diameter_in": 4.0, "coated": false, "s1_score": 0.324, "overall_pct": 0.73, "seg_level": "LOW", "like_pct": 0.73, "cons_pct": 0.547, "svc_down": 0, "fac_summary": "", "biz_50m": 9, "near_trans_seg": 0}}, {"type": "Feature", "geometry": {"type": "LineString", "coordinates": [[-82.98994364416632, 39.94848862507488], [-82.98973057739022, 39.94851220337621]]}, "properties": {"ticket_id": "DEMO-20260713-0053", "priority_level": "MODERATE", "GLOBALID": "DEMO-SEG-005364", "kind": "service", "material": "MDPE", "vintage_year": 1988, "diameter_in": 0.75, "coated": false, "s1_score": 0.302, "overall_pct": 0.674, "seg_level": "LOW", "like_pct": 0.674, "cons_pct": 0.672, "svc_down": 1, "fac_summary": "", "biz_50m": 10, "near_trans_seg": 0}}, {"type": "Feature", "geometry": {"type": "LineString", "coordinates": [[-82.98995438871538, 39.94854614037844], [-82.99011872269911, 39.948527954642685]]}, "properties": {"ticket_id": "DEMO-20260713-0053", "priority_level": "MODERATE", "GLOBALID": "DEMO-SEG-004521", "kind": "service", "material": "MDPE", "vintage_year": 1985, "diameter_in": 1.25, "coated": false, "s1_score": 0.33, "overall_pct": 0.737, "seg_level": "LOW", "like_pct": 0.737, "cons_pct": 0.592, "svc_down": 1, "fac_summary": "", "biz_50m": 9, "near_trans_seg": 0}}, {"type": "Feature", "geometry": {"type": "LineString", "coordinates": [[-82.98996076385144, 39.948580266271605], [-82.98974632262632, 39.94860399667776]]}, "properties": {"ticket_id": "DEMO-20260713-0053", "priority_level": "MODERATE", "GLOBALID": "DEMO-SEG-005387", "kind": "service", "material": "MDPE", "vintage_year": 1998, "diameter_in": 1.0, "coated": false, "s1_score": 0.246, "overall_pct": 0.592, "seg_level": "LOW", "like_pct": 0.423, "cons_pct": 0.592, "svc_down": 1, "fac_summary": "", "biz_50m": 9, "near_trans_seg": 0}}, {"type": "Feature", "geometry": {"type": "LineString", "coordinates": [[-82.98995698457622, 39.948560035940616], [-82.9899752301826, 39.94865770392323]]}, "properties": {"ticket_id": "DEMO-20260713-0053", "priority_level": "MODERATE", "GLOBALID": "DEMO-SEG-000203", "kind": "main", "material": "MDPE", "vintage_year": 1996, "diameter_in": 3.0, "coated": false, "s1_score": 0.252, "overall_pct": 0.635, "seg_level": "LOW", "like_pct": 0.451, "cons_pct": 0.635, "svc_down": 0, "fac_summary": "", "biz_50m": 10, "near_trans_seg": 0}}, {"type": "Feature", "geometry": {"type": "LineString", "coordinates": [[-82.99201726537277, 39.94809360976494], [-82.99224479999533, 39.94806600008136]]}, "properties": {"ticket_id": "DEMO-20260713-0053", "priority_level": "MODERATE", "GLOBALID": "DEMO-SEG-005644", "kind": "service", "material": "MDPE", "vintage_year": 1998, "diameter_in": 1.0, "coated": false, "s1_score": 0.259, "overall_pct": 0.672, "seg_level": "LOW", "like_pct": 0.481, "cons_pct": 0.672, "svc_down": 1, "fac_summary": "", "biz_50m": 10, "near_trans_seg": 0}}, {"type": "Feature", "geometry": {"type": "LineString", "coordinates": [[-82.992003707659, 39.94802742197595], [-82.9920465619191, 39.948236632919844]]}, "properties": {"ticket_id": "DEMO-20260713-0053", "priority_level": "MODERATE", "GLOBALID": "DEMO-SEG-000174", "kind": "main", "material": "MDPE", "vintage_year": 1994, "diameter_in": 4.0, "coated": false, "s1_score": 0.26, "overall_pct": 0.547, "seg_level": "LOW", "like_pct": 0.49, "cons_pct": 0.547, "svc_down": 0, "fac_summary": "", "biz_50m": 9, "near_trans_seg": 0}}, {"type": "Feature", "geometry": {"type": "LineString", "coordinates": [[-82.99203360063102, 39.94817335713733], [-82.99224248744257, 39.948148010242]]}, "properties": {"ticket_id": "DEMO-20260713-0053", "priority_level": "MODERATE", "GLOBALID": "DEMO-SEG-005292", "kind": "service", "material": "MDPE", "vintage_year": 1994, "diameter_in": 0.5, "coated": false, "s1_score": 0.261, "overall_pct": 0.672, "seg_level": "LOW", "like_pct": 0.491, "cons_pct": 0.672, "svc_down": 1, "fac_summary": "", "biz_50m": 10, "near_trans_seg": 0}}, {"type": "Feature", "geometry": {"type": "LineString", "coordinates": [[-82.99205132140764, 39.948259868259974], [-82.9923875592699, 39.94821906803644]]}, "properties": {"ticket_id": "DEMO-20260713-0053", "priority_level": "MODERATE", "GLOBALID": "DEMO-SEG-007517", "kind": "service", "material": "MDPE", "vintage_year": 1988, "diameter_in": 1.25, "coated": false, "s1_score": 0.303, "overall_pct": 0.862, "seg_level": "MODERATE", "like_pct": 0.677, "cons_pct": 0.862, "svc_down": 1, "fac_summary": "", "biz_50m": 15, "near_trans_seg": 0}}, {"type": "Feature", "geometry": {"type": "LineString", "coordinates": [[-82.99205349894315, 39.94827049876144], [-82.99226122550125, 39.94824529264763]]}, "properties": {"ticket_id": "DEMO-20260713-0053", "priority_level": "MODERATE", "GLOBALID": "DEMO-SEG-005265", "kind": "service", "material": "MDPE", "vintage_year": 1990, "diameter_in": 0.75, "coated": false, "s1_score": 0.303, "overall_pct": 0.677, "seg_level": "LOW", "like_pct": 0.677, "cons_pct": 0.672, "svc_down": 1, "fac_summary": "", "biz_50m": 10, "near_trans_seg": 0}}, {"type": "Feature", "geometry": {"type": "LineString", "coordinates": [[-82.9920465619191, 39.948236632919844], [-82.992062, 39.94831200000001], [-82.99209198451447, 39.94844551723]]}, "properties": {"ticket_id": "DEMO-20260713-0053", "priority_level": "MODERATE", "GLOBALID": "DEMO-SEG-000175", "kind": "main", "material": "MDPE", "vintage_year": 1985, "diameter_in": 4.0, "coated": false, "s1_score": 0.294, "overall_pct": 0.644, "seg_level": "LOW", "like_pct": 0.644, "cons_pct": 0.547, "svc_down": 0, "fac_summary": "", "biz_50m": 9, "near_trans_seg": 0}}, {"type": "Feature", "geometry": {"type": "LineString", "coordinates": [[-82.99207828459924, 39.94838451332154], [-82.99239115287645, 39.94834289127268]]}, "properties": {"ticket_id": "DEMO-20260713-0053", "priority_level": "MODERATE", "GLOBALID": "DEMO-SEG-007531", "kind": "service", "material": "MDPE", "vintage_year": 1985, "diameter_in": 0.75, "coated": false, "s1_score": 0.336, "overall_pct": 0.845, "seg_level": "MODERATE", "like_pct": 0.739, "cons_pct": 0.845, "svc_down": 1, "fac_summary": "", "biz_50m": 14, "near_trans_seg": 0}}, {"type": "Feature", "geometry": {"type": "LineString", "coordinates": [[-82.99208045055069, 39.94839415802459], [-82.99238343042818, 39.94835385147935]]}, "properties": {"ticket_id": "DEMO-20260713-0053", "priority_level": "MODERATE", "GLOBALID": "DEMO-SEG-006376", "kind": "service", "material": "MDPE", "vintage_year": 1988, "diameter_in": 0.5, "coated": false, "s1_score": 0.285, "overall_pct": 0.777, "seg_level": "LOW", "like_pct": 0.607, "cons_pct": 0.777, "svc_down": 1, "fac_summary": "", "biz_50m": 12, "near_trans_seg": 0}}, {"type": "Feature", "geometry": {"type": "LineString", "coordinates": [[-82.99209342093437, 39.948451913410615], [-82.99239315966855, 39.94841203804418]]}, "properties": {"ticket_id": "DEMO-20260713-0053", "priority_level": "MODERATE", "GLOBALID": "DEMO-SEG-007500", "kind": "service", "material": "MDPE", "vintage_year": 1995, "diameter_in": 0.5, "coated": false, "s1_score": 0.296, "overall_pct": 0.816, "seg_level": "MODERATE", "like_pct": 0.654, "cons_pct": 0.816, "svc_down": 1, "fac_summary": "", "biz_50m": 13, "near_trans_seg": 0}}, {"type": "Feature", "geometry": {"type": "LineString", "coordinates": [[-82.99211995079904, 39.94857360051469], [-82.9923969626591, 39.948543074636135]]}, "properties": {"ticket_id": "DEMO-20260713-0053", "priority_level": "MODERATE", "GLOBALID": "DEMO-SEG-007545", "kind": "service", "material": "MDPE", "vintage_year": 1996, "diameter_in": 0.75, "coated": false, "s1_score": 0.282, "overall_pct": 0.845, "seg_level": "MODERATE", "like_pct": 0.592, "cons_pct": 0.845, "svc_down": 1, "fac_summary": "", "biz_50m": 14, "near_trans_seg": 0}}, {"type": "Feature", "geometry": {"type": "LineString", "coordinates": [[-82.99209198451447, 39.94844551723], [-82.9921161, 39.948552899999996], [-82.99212871356701, 39.94862070596066]]}, "properties": {"ticket_id": "DEMO-20260713-0053", "priority_level": "MODERATE", "GLOBALID": "DEMO-SEG-000176", "kind": "main", "material": "MDPE", "vintage_year": 1996, "diameter_in": 4.0, "coated": false, "s1_score": 0.266, "overall_pct": 0.547, "seg_level": "LOW", "like_pct": 0.519, "cons_pct": 0.547, "svc_down": 0, "fac_summary": "", "biz_50m": 9, "near_trans_seg": 0}}, {"type": "Feature", "geometry": {"type": "LineString", "coordinates": [[-82.99212552234802, 39.94860355113922], [-82.9919682146855, 39.94862088566935]]}, "properties": {"ticket_id": "DEMO-20260713-0053", "priority_level": "MODERATE", "GLOBALID": "DEMO-SEG-004397", "kind": "service", "material": "MDPE", "vintage_year": 2000, "diameter_in": 0.5, "coated": false, "s1_score": 0.241, "overall_pct": 0.503, "seg_level": "LOW", "like_pct": 0.396, "cons_pct": 0.503, "svc_down": 1, "fac_summary": "", "biz_50m": 8, "near_trans_seg": 0}}, {"type": "Feature", "geometry": {"type": "LineString", "coordinates": [[-83.01367900021049, 39.96062050045128], [-83.01400400000001, 39.96058]]}, "properties": {"ticket_id": "DEMO-20260713-0046", "priority_level": "MODERATE", "GLOBALID": "DEMO-SEG-002280", "kind": "main", "material": "Steel", "vintage_year": 1961, "diameter_in": 8.0, "coated": false, "s1_score": 0.691, "overall_pct": 0.941, "seg_level": "MODERATE", "like_pct": 0.918, "cons_pct": 0.941, "svc_down": 2, "fac_summary": "", "biz_50m": 0, "near_trans_seg": 1}}, {"type": "Feature", "geometry": {"type": "LineString", "coordinates": [[-83.01341779849164, 39.96065304989549], [-83.01367900021049, 39.96062050045128]]}, "properties": {"ticket_id": "DEMO-20260713-0046", "priority_level": "MODERATE", "GLOBALID": "DEMO-SEG-002279", "kind": "main", "material": "Steel", "vintage_year": 2000, "diameter_in": 2.0, "coated": true, "s1_score": 0.436, "overall_pct": 0.941, "seg_level": "MODERATE", "like_pct": 0.754, "cons_pct": 0.941, "svc_down": 2, "fac_summary": "", "biz_50m": 0, "near_trans_seg": 1}}, {"type": "Feature", "geometry": {"type": "LineString", "coordinates": [[-83.01404957164915, 39.96078954174938], [-83.0140279, 39.960689900000006], [-83.01400400000001, 39.96058]]}, "properties": {"ticket_id": "DEMO-20260713-0046", "priority_level": "MODERATE", "GLOBALID": "DEMO-SEG-002285", "kind": "main", "material": "Steel", "vintage_year": 1949, "diameter_in": 8.0, "coated": false, "s1_score": 0.711, "overall_pct": 0.941, "seg_level": "MODERATE", "like_pct": 0.932, "cons_pct": 0.941, "svc_down": 2, "fac_summary": "", "biz_50m": 0, "near_trans_seg": 1}}, {"type": "Feature", "geometry": {"type": "LineString", "coordinates": [[-83.014095146222, 39.96099908312949], [-83.01404957164915, 39.96078954174938]]}, "properties": {"ticket_id": "DEMO-20260713-0046", "priority_level": "MODERATE", "GLOBALID": "DEMO-SEG-002284", "kind": "main", "material": "Steel", "vintage_year": 1997, "diameter_in": 6.0, "coated": true, "s1_score": 0.427, "overall_pct": 0.941, "seg_level": "MODERATE", "like_pct": 0.749, "cons_pct": 0.941, "svc_down": 2, "fac_summary": "", "biz_50m": 0, "near_trans_seg": 1}}, {"type": "Feature", "geometry": {"type": "LineString", "coordinates": [[-83.0141228973738, 39.96113277766719], [-83.0141087, 39.9610614], [-83.014095146222, 39.96099908312949]]}, "properties": {"ticket_id": "DEMO-20260713-0046", "priority_level": "MODERATE", "GLOBALID": "DEMO-SEG-002283", "kind": "main", "material": "Steel", "vintage_year": 2000, "diameter_in": 6.0, "coated": true, "s1_score": 0.415, "overall_pct": 0.919, "seg_level": "MODERATE", "like_pct": 0.747, "cons_pct": 0.919, "svc_down": 1, "fac_summary": "", "biz_50m": 0, "near_trans_seg": 1}}, {"type": "Feature", "geometry": {"type": "LineString", "coordinates": [[-82.98897814801722, 39.95474726633131], [-82.98901479300746, 39.95493403635545]]}, "properties": {"ticket_id": "DEMO-20260713-0048", "priority_level": "MODERATE", "GLOBALID": "DEMO-SEG-006768", "kind": "service", "material": "MDPE", "vintage_year": 2004, "diameter_in": 1.0, "coated": false, "s1_score": 0.243, "overall_pct": 0.407, "seg_level": "LOW", "like_pct": 0.407, "cons_pct": 0.092, "svc_down": 1, "fac_summary": "", "biz_50m": 0, "near_trans_seg": 0}}, {"type": "Feature", "geometry": {"type": "LineString", "coordinates": [[-82.98941884062926, 39.954739701775644], [-82.98942676902854, 39.9547804934199]]}, "properties": {"ticket_id": "DEMO-20260713-0048", "priority_level": "MODERATE", "GLOBALID": "DEMO-SEG-000857", "kind": "main", "material": "MDPE", "vintage_year": 2002, "diameter_in": 4.0, "coated": false, "s1_score": 0.23, "overall_pct": 0.343, "seg_level": "LOW", "like_pct": 0.343, "cons_pct": 0.135, "svc_down": 0, "fac_summary": "", "biz_50m": 1, "near_trans_seg": 0}}, {"type": "Feature", "geometry": {"type": "LineString", "coordinates": [[-82.98942676902854, 39.9547804934199], [-82.9894692, 39.954998800000006], [-82.9894700828326, 39.955003421665864]]}, "properties": {"ticket_id": "DEMO-20260713-0048", "priority_level": "MODERATE", "GLOBALID": "DEMO-SEG-000858", "kind": "main", "material": "MDPE", "vintage_year": 1998, "diameter_in": 4.0, "coated": false, "s1_score": 0.252, "overall_pct": 0.451, "seg_level": "LOW", "like_pct": 0.451, "cons_pct": 0.135, "svc_down": 0, "fac_summary": "", "biz_50m": 1, "near_trans_seg": 0}}, {"type": "Feature", "geometry": {"type": "LineString", "coordinates": [[-82.9894700828326, 39.955003421665864], [-82.9895126, 39.955225999999996], [-82.98951268495243, 39.95522643113448]]}, "properties": {"ticket_id": "DEMO-20260713-0048", "priority_level": "MODERATE", "GLOBALID": "DEMO-SEG-000859", "kind": "main", "material": "MDPE", "vintage_year": 2005, "diameter_in": 3.0, "coated": false, "s1_score": 0.195, "overall_pct": 0.19, "seg_level": "LOW", "like_pct": 0.19, "cons_pct": 0.135, "svc_down": 0, "fac_summary": "", "biz_50m": 1, "near_trans_seg": 0}}, {"type": "Feature", "geometry": {"type": "LineString", "coordinates": [[-82.98951268495243, 39.95522643113448], [-82.9895366, 39.9553478], [-82.98955399205907, 39.95544957386234]]}, "properties": {"ticket_id": "DEMO-20260713-0048", "priority_level": "MODERATE", "GLOBALID": "DEMO-SEG-000860", "kind": "main", "material": "MDPE", "vintage_year": 2009, "diameter_in": 4.0, "coated": false, "s1_score": 0.195, "overall_pct": 0.19, "seg_level": "LOW", "like_pct": 0.19, "cons_pct": 0.135, "svc_down": 0, "fac_summary": "", "biz_50m": 1, "near_trans_seg": 0}}, {"type": "Feature", "geometry": {"type": "LineString", "coordinates": [[-82.989838319935, 39.95473249979187], [-82.98984247969626, 39.95475609600503]]}, "properties": {"ticket_id": "DEMO-20260713-0048", "priority_level": "MODERATE", "GLOBALID": "DEMO-SEG-006453", "kind": "service", "material": "MDPE", "vintage_year": 2019, "diameter_in": 1.0, "coated": false, "s1_score": 0.169, "overall_pct": 0.916, "seg_level": "MODERATE", "like_pct": 0.103, "cons_pct": 0.916, "svc_down": 1, "fac_summary": "", "biz_50m": 0, "near_trans_seg": 1}}, {"type": "Feature", "geometry": {"type": "LineString", "coordinates": [[-82.98953667704674, 39.95534825085854], [-82.99006282366297, 39.955294998456615]]}, "properties": {"ticket_id": "DEMO-20260713-0048", "priority_level": "MODERATE", "GLOBALID": "DEMO-SEG-007363", "kind": "service", "material": "MDPE", "vintage_year": 2016, "diameter_in": 1.0, "coated": false, "s1_score": 0.167, "overall_pct": 0.2, "seg_level": "LOW", "like_pct": 0.095, "cons_pct": 0.2, "svc_down": 1, "fac_summary": "", "biz_50m": 1, "near_trans_seg": 0}}, {"type": "Feature", "geometry": {"type": "LineString", "coordinates": [[-82.98959675175468, 39.955672548528966], [-82.9895976, 39.9556767], [-82.9896197, 39.9557849], [-82.98963846380535, 39.955883633375805]]}, "properties": {"ticket_id": "DEMO-20260713-0048", "priority_level": "MODERATE", "GLOBALID": "DEMO-SEG-000862", "kind": "main", "material": "Steel", "vintage_year": 1958, "diameter_in": 6.0, "coated": false, "s1_score": 0.715, "overall_pct": 0.935, "seg_level": "MODERATE", "like_pct": 0.935, "cons_pct": 0.135, "svc_down": 0, "fac_summary": "", "biz_50m": 1, "near_trans_seg": 0}}, {"type": "Feature", "geometry": {"type": "LineString", "coordinates": [[-82.9899402268176, 39.955867488741085], [-82.99023974673723, 39.955839534252156]]}, "properties": {"ticket_id": "DEMO-20260713-0048", "priority_level": "MODERATE", "GLOBALID": "DEMO-SEG-000847", "kind": "main", "material": "MDPE", "vintage_year": 2012, "diameter_in": 4.0, "coated": false, "s1_score": 0.152, "overall_pct": 0.059, "seg_level": "LOW", "like_pct": 0.059, "cons_pct": 0.042, "svc_down": 0, "fac_summary": "", "biz_50m": 0, "near_trans_seg": 0}}, {"type": "Feature", "geometry": {"type": "LineString", "coordinates": [[-82.98979654417418, 39.95588091917484], [-82.9898051, 39.9558801], [-82.9899402268176, 39.955867488741085]]}, "properties": {"ticket_id": "DEMO-20260713-0048", "priority_level": "MODERATE", "GLOBALID": "DEMO-SEG-000846", "kind": "main", "material": "MDPE", "vintage_year": 2016, "diameter_in": 3.0, "coated": false, "s1_score": 0.189, "overall_pct": 0.17, "seg_level": "LOW", "like_pct": 0.17, "cons_pct": 0.135, "svc_down": 0, "fac_summary": "", "biz_50m": 1, "near_trans_seg": 0}}, {"type": "Feature", "geometry": {"type": "LineString", "coordinates": [[-82.99023974673723, 39.955839534252156], [-82.99027281608625, 39.95583644780857]]}, "properties": {"ticket_id": "DEMO-20260713-0048", "priority_level": "MODERATE", "GLOBALID": "DEMO-SEG-000848", "kind": "main", "material": "Steel", "vintage_year": 1953, "diameter_in": 3.0, "coated": false, "s1_score": 0.74, "overall_pct": 0.945, "seg_level": "MODERATE", "like_pct": 0.945, "cons_pct": 0.042, "svc_down": 0, "fac_summary": "", "biz_50m": 0, "near_trans_seg": 0}}, {"type": "Feature", "geometry": {"type": "LineString", "coordinates": [[-82.98955399205907, 39.95544957386234], [-82.9895683, 39.955533300000006], [-82.98959675175468, 39.955672548528966]]}, "properties": {"ticket_id": "DEMO-20260713-0048", "priority_level": "MODERATE", "GLOBALID": "DEMO-SEG-000861", "kind": "main", "material": "Steel", "vintage_year": 1951, "diameter_in": 3.0, "coated": false, "s1_score": 0.753, "overall_pct": 0.949, "seg_level": "MODERATE", "like_pct": 0.949, "cons_pct": 0.135, "svc_down": 0, "fac_summary": "", "biz_50m": 1, "near_trans_seg": 0}}, {"type": "Feature", "geometry": {"type": "LineString", "coordinates": [[-82.98958414888135, 39.95561086764609], [-82.98930046365356, 39.95564519621356]]}, "properties": {"ticket_id": "DEMO-20260713-0048", "priority_level": "MODERATE", "GLOBALID": "DEMO-SEG-006256", "kind": "service", "material": "MDPE", "vintage_year": 1998, "diameter_in": 1.0, "coated": false, "s1_score": 0.235, "overall_pct": 0.37, "seg_level": "LOW", "like_pct": 0.37, "cons_pct": 0.2, "svc_down": 1, "fac_summary": "", "biz_50m": 1, "near_trans_seg": 0}}, {"type": "Feature", "geometry": {"type": "LineString", "coordinates": [[-82.99749293461694, 39.96002190572147], [-82.99744830494048, 39.9597956165618]]}, "properties": {"ticket_id": "DEMO-20260713-0017", "priority_level": "MODERATE", "GLOBALID": "DEMO-SEG-002964", "kind": "main", "material": "Steel", "vintage_year": 1985, "diameter_in": 2.0, "coated": true, "s1_score": 0.524, "overall_pct": 0.854, "seg_level": "MODERATE", "like_pct": 0.854, "cons_pct": 0.135, "svc_down": 0, "fac_summary": "", "biz_50m": 1, "near_trans_seg": 0}}, {"type": "Feature", "geometry": {"type": "LineString", "coordinates": [[-82.99753749736168, 39.96024820263347], [-82.9975337, 39.9602286], [-82.99749293461694, 39.96002190572147]]}, "properties": {"ticket_id": "DEMO-20260713-0017", "priority_level": "MODERATE", "GLOBALID": "DEMO-SEG-002963", "kind": "main", "material": "Steel", "vintage_year": 1998, "diameter_in": 3.0, "coated": true, "s1_score": 0.406, "overall_pct": 0.746, "seg_level": "LOW", "like_pct": 0.746, "cons_pct": 0.135, "svc_down": 0, "fac_summary": "", "biz_50m": 1, "near_trans_seg": 0}}, {"type": "Feature", "geometry": {"type": "LineString", "coordinates": [[-82.9975852, 39.960474100000006], [-82.9975596, 39.96036230000001], [-82.99753749736168, 39.96024820263347]]}, "properties": {"ticket_id": "DEMO-20260713-0017", "priority_level": "MODERATE", "GLOBALID": "DEMO-SEG-002962", "kind": "main", "material": "Steel", "vintage_year": 1987, "diameter_in": 4.0, "coated": true, "s1_score": 0.487, "overall_pct": 0.81, "seg_level": "MODERATE", "like_pct": 0.81, "cons_pct": 0.042, "svc_down": 0, "fac_summary": "", "biz_50m": 0, "near_trans_seg": 0}}, {"type": "Feature", "geometry": {"type": "LineString", "coordinates": [[-82.99744830494048, 39.9597956165618], [-82.997447, 39.959789], [-82.99744533290263, 39.95978016915929]]}, "properties": {"ticket_id": "DEMO-20260713-0017", "priority_level": "MODERATE", "GLOBALID": "DEMO-SEG-002965", "kind": "main", "material": "Steel", "vintage_year": 1987, "diameter_in": 3.0, "coated": true, "s1_score": 0.488, "overall_pct": 0.812, "seg_level": "MODERATE", "like_pct": 0.812, "cons_pct": 0.135, "svc_down": 0, "fac_summary": "", "biz_50m": 1, "near_trans_seg": 0}}, {"type": "Feature", "geometry": {"type": "LineString", "coordinates": [[-82.99750431978644, 39.96007963252218], [-82.9970445430432, 39.96013332946089]]}, "properties": {"ticket_id": "DEMO-20260713-0017", "priority_level": "MODERATE", "GLOBALID": "DEMO-SEG-007107", "kind": "service", "material": "Steel", "vintage_year": 1986, "diameter_in": 1.0, "coated": true, "s1_score": 0.519, "overall_pct": 0.849, "seg_level": "MODERATE", "like_pct": 0.849, "cons_pct": 0.2, "svc_down": 1, "fac_summary": "", "biz_50m": 1, "near_trans_seg": 0}}, {"type": "Feature", "geometry": {"type": "LineString", "coordinates": [[-82.9975852, 39.960474100000006], [-82.9974493, 39.96048729999999], [-82.99729557498077, 39.9605045625167]]}, "properties": {"ticket_id": "DEMO-20260713-0017", "priority_level": "MODERATE", "GLOBALID": "DEMO-SEG-002774", "kind": "main", "material": "Steel", "vintage_year": 1987, "diameter_in": 6.0, "coated": true, "s1_score": 0.495, "overall_pct": 0.821, "seg_level": "MODERATE", "like_pct": 0.821, "cons_pct": 0.042, "svc_down": 0, "fac_summary": "", "biz_50m": 0, "near_trans_seg": 0}}, {"type": "Feature", "geometry": {"type": "LineString", "coordinates": [[-82.99729557498077, 39.9605045625167], [-82.9970063069858, 39.96053704522746]]}, "properties": {"ticket_id": "DEMO-20260713-0017", "priority_level": "MODERATE", "GLOBALID": "DEMO-SEG-002775", "kind": "main", "material": "Steel", "vintage_year": 1990, "diameter_in": 8.0, "coated": true, "s1_score": 0.455, "overall_pct": 0.769, "seg_level": "LOW", "like_pct": 0.769, "cons_pct": 0.042, "svc_down": 0, "fac_summary": "", "biz_50m": 0, "near_trans_seg": 0}}, {"type": "Feature", "geometry": {"type": "LineString", "coordinates": [[-82.9970063069858, 39.96053704522746], [-82.99671703868749, 39.96056952722247]]}, "properties": {"ticket_id": "DEMO-20260713-0017", "priority_level": "MODERATE", "GLOBALID": "DEMO-SEG-002776", "kind": "main", "material": "Steel", "vintage_year": 1991, "diameter_in": 6.0, "coated": true, "s1_score": 0.456, "overall_pct": 0.77, "seg_level": "LOW", "like_pct": 0.77, "cons_pct": 0.135, "svc_down": 0, "fac_summary": "", "biz_50m": 1, "near_trans_seg": 0}}, {"type": "Feature", "geometry": {"type": "LineString", "coordinates": [[-82.9975922622263, 39.9604709290897], [-82.9975852, 39.960474100000006]]}, "properties": {"ticket_id": "DEMO-20260713-0017", "priority_level": "MODERATE", "GLOBALID": "DEMO-SEG-003145", "kind": "main", "material": "Steel", "vintage_year": 1989, "diameter_in": 4.0, "coated": true, "s1_score": 0.459, "overall_pct": 0.774, "seg_level": "LOW", "like_pct": 0.774, "cons_pct": 0.042, "svc_down": 0, "fac_summary": "", "biz_50m": 0, "near_trans_seg": 0}}, {"type": "Feature", "geometry": {"type": "LineString", "coordinates": [[-82.9975852, 39.960474100000006], [-82.9975923971805, 39.96047556501169]]}, "properties": {"ticket_id": "DEMO-20260713-0017", "priority_level": "MODERATE", "GLOBALID": "DEMO-SEG-003146", "kind": "main", "material": "Steel", "vintage_year": 1989, "diameter_in": 6.0, "coated": true, "s1_score": 0.48, "overall_pct": 0.801, "seg_level": "MODERATE", "like_pct": 0.801, "cons_pct": 0.042, "svc_down": 0, "fac_summary": "", "biz_50m": 0, "near_trans_seg": 0}}, {"type": "Feature", "geometry": {"type": "LineString", "coordinates": [[-82.9975939148146, 39.96052769842569], [-82.9975852, 39.960474100000006]]}, "properties": {"ticket_id": "DEMO-20260713-0017", "priority_level": "MODERATE", "GLOBALID": "DEMO-SEG-001399", "kind": "main", "material": "Steel", "vintage_year": 1983, "diameter_in": 3.0, "coated": true, "s1_score": 0.499, "overall_pct": 0.827, "seg_level": "MODERATE", "like_pct": 0.827, "cons_pct": 0.251, "svc_down": 3, "fac_summary": "", "biz_50m": 0, "near_trans_seg": 0}}, {"type": "Feature", "geometry": {"type": "LineString", "coordinates": [[-82.99760784080487, 39.96100607444464], [-82.99738307640862, 39.96103211920038]]}, "properties": {"ticket_id": "DEMO-20260713-0017", "priority_level": "MODERATE", "GLOBALID": "DEMO-SEG-006352", "kind": "service", "material": "Steel", "vintage_year": 1992, "diameter_in": 1.0, "coated": true, "s1_score": 0.442, "overall_pct": 0.758, "seg_level": "LOW", "like_pct": 0.758, "cons_pct": 0.092, "svc_down": 1, "fac_summary": "", "biz_50m": 0, "near_trans_seg": 0}}, {"type": "Feature", "geometry": {"type": "LineString", "coordinates": [[-82.99671703868749, 39.96056952722247], [-82.9967155, 39.9605697], [-82.99667403126254, 39.960574341820276]]}, "properties": {"ticket_id": "DEMO-20260713-0017", "priority_level": "MODERATE", "GLOBALID": "DEMO-SEG-002777", "kind": "main", "material": "Steel", "vintage_year": 1998, "diameter_in": 3.0, "coated": true, "s1_score": 0.444, "overall_pct": 0.759, "seg_level": "LOW", "like_pct": 0.759, "cons_pct": 0.135, "svc_down": 0, "fac_summary": "", "biz_50m": 1, "near_trans_seg": 0}}, {"type": "Feature", "geometry": {"type": "LineString", "coordinates": [[-82.98774659336506, 39.94536998997776], [-82.98779538409141, 39.945372282801834]]}, "properties": {"ticket_id": "DEMO-20260713-0059", "priority_level": "MODERATE", "GLOBALID": "DEMO-SEG-007320", "kind": "service", "material": "MDPE", "vintage_year": 1999, "diameter_in": 0.5, "coated": false, "s1_score": 0.266, "overall_pct": 0.862, "seg_level": "MODERATE", "like_pct": 0.518, "cons_pct": 0.862, "svc_down": 1, "fac_summary": "", "biz_50m": 15, "near_trans_seg": 0}}, {"type": "Feature", "geometry": {"type": "LineString", "coordinates": [[-82.98742402417216, 39.9455011334653], [-82.98751642614569, 39.94550644421172]]}, "properties": {"ticket_id": "DEMO-20260713-0059", "priority_level": "MODERATE", "GLOBALID": "DEMO-SEG-005864", "kind": "service", "material": "MDPE", "vintage_year": 1985, "diameter_in": 1.0, "coated": false, "s1_score": 0.309, "overall_pct": 0.73, "seg_level": "LOW", "like_pct": 0.695, "cons_pct": 0.73, "svc_down": 1, "fac_summary": "", "biz_50m": 11, "near_trans_seg": 0}}, {"type": "Feature", "geometry": {"type": "LineString", "coordinates": [[-82.98742392319362, 39.94549764504935], [-82.9876284500006, 39.945509400002116]]}, "properties": {"ticket_id": "DEMO-20260713-0059", "priority_level": "MODERATE", "GLOBALID": "DEMO-SEG-006683", "kind": "service", "material": "MDPE", "vintage_year": 1991, "diameter_in": 1.0, "coated": false, "s1_score": 0.294, "overall_pct": 0.777, "seg_level": "LOW", "like_pct": 0.643, "cons_pct": 0.777, "svc_down": 1, "fac_summary": "", "biz_50m": 12, "near_trans_seg": 0}}, {"type": "Feature", "geometry": {"type": "LineString", "coordinates": [[-82.9874238856173, 39.94549634693365], [-82.98772461410702, 39.94551363084609]]}, "properties": {"ticket_id": "DEMO-20260713-0059", "priority_level": "MODERATE", "GLOBALID": "DEMO-SEG-007065", "kind": "service", "material": "MDPE", "vintage_year": 1990, "diameter_in": 1.0, "coated": false, "s1_score": 0.292, "overall_pct": 0.816, "seg_level": "MODERATE", "like_pct": 0.636, "cons_pct": 0.816, "svc_down": 1, "fac_summary": "", "biz_50m": 13, "near_trans_seg": 0}}, {"type": "Feature", "geometry": {"type": "LineString", "coordinates": [[-82.9882055237295, 39.945396309666464], [-82.98796435000092, 39.94538385000105]]}, "properties": {"ticket_id": "DEMO-20260713-0059", "priority_level": "MODERATE", "GLOBALID": "DEMO-SEG-007353", "kind": "service", "material": "MDPE", "vintage_year": 1992, "diameter_in": 0.5, "coated": false, "s1_score": 0.269, "overall_pct": 0.862, "seg_level": "MODERATE", "like_pct": 0.534, "cons_pct": 0.862, "svc_down": 1, "fac_summary": "", "biz_50m": 15, "near_trans_seg": 0}}, {"type": "Feature", "geometry": {"type": "LineString", "coordinates": [[-82.98820965189877, 39.94553886576827], [-82.98808002376461, 39.94553215958454]]}, "properties": {"ticket_id": "DEMO-20260713-0059", "priority_level": "MODERATE", "GLOBALID": "DEMO-SEG-006868", "kind": "service", "material": "MDPE", "vintage_year": 1990, "diameter_in": 1.25, "coated": false, "s1_score": 0.25, "overall_pct": 0.777, "seg_level": "LOW", "like_pct": 0.442, "cons_pct": 0.777, "svc_down": 1, "fac_summary": "", "biz_50m": 12, "near_trans_seg": 0}}, {"type": "Feature", "geometry": {"type": "LineString", "coordinates": [[-82.988090662859, 39.9458883143454], [-82.98810383867273, 39.94573104865377]]}, "properties": {"ticket_id": "DEMO-20260713-0059", "priority_level": "MODERATE", "GLOBALID": "DEMO-SEG-005161", "kind": "service", "material": "MDPE", "vintage_year": 1991, "diameter_in": 1.25, "coated": false, "s1_score": 0.275, "overall_pct": 0.73, "seg_level": "LOW", "like_pct": 0.564, "cons_pct": 0.73, "svc_down": 1, "fac_summary": "", "biz_50m": 11, "near_trans_seg": 0}}, {"type": "Feature", "geometry": {"type": "LineString", "coordinates": [[-82.9881896942125, 39.94589322956109], [-82.98820063726794, 39.94576261171795]]}, "properties": {"ticket_id": "DEMO-20260713-0059", "priority_level": "MODERATE", "GLOBALID": "DEMO-SEG-004582", "kind": "service", "material": "MDPE", "vintage_year": 1992, "diameter_in": 1.0, "coated": false, "s1_score": 0.262, "overall_pct": 0.672, "seg_level": "LOW", "like_pct": 0.496, "cons_pct": 0.672, "svc_down": 1, "fac_summary": "", "biz_50m": 10, "near_trans_seg": 0}}, {"type": "Feature", "geometry": {"type": "LineString", "coordinates": [[-82.98814467239688, 39.94589099500731], [-82.98821995726404, 39.94589473158778]]}, "properties": {"ticket_id": "DEMO-20260713-0059", "priority_level": "MODERATE", "GLOBALID": "DEMO-SEG-001275", "kind": "main", "material": "MDPE", "vintage_year": 1988, "diameter_in": 4.0, "coated": false, "s1_score": 0.269, "overall_pct": 0.635, "seg_level": "LOW", "like_pct": 0.534, "cons_pct": 0.635, "svc_down": 0, "fac_summary": "", "biz_50m": 10, "near_trans_seg": 0}}, {"type": "Feature", "geometry": {"type": "LineString", "coordinates": [[-82.98813147958883, 39.94589034020943], [-82.98811903230153, 39.94603891080872]]}, "properties": {"ticket_id": "DEMO-20260713-0059", "priority_level": "MODERATE", "GLOBALID": "DEMO-SEG-004961", "kind": "service", "material": "MDPE", "vintage_year": 1991, "diameter_in": 0.75, "coated": false, "s1_score": 0.312, "overall_pct": 0.73, "seg_level": "LOW", "like_pct": 0.704, "cons_pct": 0.73, "svc_down": 1, "fac_summary": "", "biz_50m": 11, "near_trans_seg": 0}}, {"type": "Feature", "geometry": {"type": "LineString", "coordinates": [[-82.98821795743191, 39.945894632331644], [-82.988204451021, 39.94605584701837]]}, "properties": {"ticket_id": "DEMO-20260713-0059", "priority_level": "MODERATE", "GLOBALID": "DEMO-SEG-005254", "kind": "service", "material": "MDPE", "vintage_year": 1992, "diameter_in": 0.75, "coated": false, "s1_score": 0.299, "overall_pct": 0.672, "seg_level": "LOW", "like_pct": 0.664, "cons_pct": 0.672, "svc_down": 1, "fac_summary": "", "biz_50m": 10, "near_trans_seg": 0}}, {"type": "Feature", "geometry": {"type": "LineString", "coordinates": [[-82.98784420324336, 39.945876081894276], [-82.98787346446802, 39.945526768024266]]}, "properties": {"ticket_id": "DEMO-20260713-0059", "priority_level": "MODERATE", "GLOBALID": "DEMO-SEG-007070", "kind": "service", "material": "MDPE", "vintage_year": 1989, "diameter_in": 0.75, "coated": false, "s1_score": 0.306, "overall_pct": 0.845, "seg_level": "MODERATE", "like_pct": 0.686, "cons_pct": 0.845, "svc_down": 1, "fac_summary": "", "biz_50m": 14, "near_trans_seg": 0}}, {"type": "Feature", "geometry": {"type": "LineString", "coordinates": [[-82.98758874754468, 39.945863404404164], [-82.98760422282521, 39.94567867257282]]}, "properties": {"ticket_id": "DEMO-20260713-0059", "priority_level": "MODERATE", "GLOBALID": "DEMO-SEG-005804", "kind": "service", "material": "MDPE", "vintage_year": 2003, "diameter_in": 1.0, "coated": false, "s1_score": 0.211, "overall_pct": 0.672, "seg_level": "LOW", "like_pct": 0.261, "cons_pct": 0.672, "svc_down": 1, "fac_summary": "", "biz_50m": 10, "near_trans_seg": 0}}, {"type": "Feature", "geometry": {"type": "LineString", "coordinates": [[-82.98750283614744, 39.945859140754706], [-82.98751584639813, 39.945703836903014]]}, "properties": {"ticket_id": "DEMO-20260713-0059", "priority_level": "MODERATE", "GLOBALID": "DEMO-SEG-005119", "kind": "service", "material": "MDPE", "vintage_year": 1985, "diameter_in": 0.75, "coated": false, "s1_score": 0.298, "overall_pct": 0.658, "seg_level": "LOW", "like_pct": 0.658, "cons_pct": 0.592, "svc_down": 1, "fac_summary": "", "biz_50m": 9, "near_trans_seg": 0}}, {"type": "Feature", "geometry": {"type": "LineString", "coordinates": [[-82.98774779939343, 39.945871297730996], [-82.98776082663467, 39.94571578442355]]}, "properties": {"ticket_id": "DEMO-20260713-0059", "priority_level": "MODERATE", "GLOBALID": "DEMO-SEG-005125", "kind": "service", "material": "MDPE", "vintage_year": 2002, "diameter_in": 0.75, "coated": false, "s1_score": 0.197, "overall_pct": 0.73, "seg_level": "LOW", "like_pct": 0.198, "cons_pct": 0.73, "svc_down": 1, "fac_summary": "", "biz_50m": 11, "near_trans_seg": 0}}, {"type": "Feature", "geometry": {"type": "LineString", "coordinates": [[-82.98795535477187, 39.94588159847105], [-82.98796879605132, 39.94572116797409]]}, "properties": {"ticket_id": "DEMO-20260713-0059", "priority_level": "MODERATE", "GLOBALID": "DEMO-SEG-005236", "kind": "service", "material": "MDPE", "vintage_year": 1992, "diameter_in": 1.0, "coated": false, "s1_score": 0.286, "overall_pct": 0.73, "seg_level": "LOW", "like_pct": 0.612, "cons_pct": 0.73, "svc_down": 1, "fac_summary": "", "biz_50m": 11, "near_trans_seg": 0}}, {"type": "Feature", "geometry": {"type": "LineString", "coordinates": [[-82.98785074730188, 39.94587640664853], [-82.98786258949195, 39.94573503743079]]}, "properties": {"ticket_id": "DEMO-20260713-0059", "priority_level": "MODERATE", "GLOBALID": "DEMO-SEG-004812", "kind": "service", "material": "MDPE", "vintage_year": 1991, "diameter_in": 0.75, "coated": false, "s1_score": 0.274, "overall_pct": 0.777, "seg_level": "LOW", "like_pct": 0.556, "cons_pct": 0.777, "svc_down": 1, "fac_summary": "", "biz_50m": 12, "near_trans_seg": 0}}, {"type": "Feature", "geometry": {"type": "LineString", "coordinates": [[-82.98743429711182, 39.94585602039023], [-82.9875, 39.945859000000006], [-82.98754001720854, 39.94586098600103]]}, "properties": {"ticket_id": "DEMO-20260713-0059", "priority_level": "MODERATE", "GLOBALID": "DEMO-SEG-001272", "kind": "main", "material": "Steel", "vintage_year": 1961, "diameter_in": 4.0, "coated": false, "s1_score": 0.702, "overall_pct": 0.926, "seg_level": "MODERATE", "like_pct": 0.926, "cons_pct": 0.635, "svc_down": 0, "fac_summary": "", "biz_50m": 10, "near_trans_seg": 0}}, {"type": "Feature", "geometry": {"type": "LineString", "coordinates": [[-82.98754001720854, 39.94586098600103], [-82.98784234485593, 39.94587598967022]]}, "properties": {"ticket_id": "DEMO-20260713-0059", "priority_level": "MODERATE", "GLOBALID": "DEMO-SEG-001273", "kind": "main", "material": "MDPE", "vintage_year": 2002, "diameter_in": 2.0, "coated": false, "s1_score": 0.241, "overall_pct": 0.707, "seg_level": "LOW", "like_pct": 0.398, "cons_pct": 0.707, "svc_down": 0, "fac_summary": "", "biz_50m": 11, "near_trans_seg": 0}}, {"type": "Feature", "geometry": {"type": "LineString", "coordinates": [[-82.98784234485593, 39.94587598967022], [-82.9878889, 39.94587829999999], [-82.98814467239688, 39.94589099500731]]}, "properties": {"ticket_id": "DEMO-20260713-0059", "priority_level": "MODERATE", "GLOBALID": "DEMO-SEG-001274", "kind": "main", "material": "MDPE", "vintage_year": 1990, "diameter_in": 3.0, "coated": false, "s1_score": 0.267, "overall_pct": 0.707, "seg_level": "LOW", "like_pct": 0.528, "cons_pct": 0.707, "svc_down": 0, "fac_summary": "", "biz_50m": 11, "near_trans_seg": 0}}, {"type": "Feature", "geometry": {"type": "LineString", "coordinates": [[-82.98795426955198, 39.94588154460664], [-82.98794174578423, 39.94603102345785]]}, "properties": {"ticket_id": "DEMO-20260713-0059", "priority_level": "MODERATE", "GLOBALID": "DEMO-SEG-004976", "kind": "service", "material": "MDPE", "vintage_year": 1989, "diameter_in": 1.0, "coated": false, "s1_score": 0.285, "overall_pct": 0.777, "seg_level": "LOW", "like_pct": 0.607, "cons_pct": 0.777, "svc_down": 1, "fac_summary": "", "biz_50m": 12, "near_trans_seg": 0}}, {"type": "Feature", "geometry": {"type": "LineString", "coordinates": [[-82.98765007017649, 39.94586644771197], [-82.98763325710732, 39.94606715030952]]}, "properties": {"ticket_id": "DEMO-20260713-0059", "priority_level": "MODERATE", "GLOBALID": "DEMO-SEG-006053", "kind": "service", "material": "MDPE", "vintage_year": 2002, "diameter_in": 0.5, "coated": false, "s1_score": 0.239, "overall_pct": 0.73, "seg_level": "LOW", "like_pct": 0.385, "cons_pct": 0.73, "svc_down": 1, "fac_summary": "", "biz_50m": 11, "near_trans_seg": 0}}, {"type": "Feature", "geometry": {"type": "LineString", "coordinates": [[-82.98804272637952, 39.94588593508701], [-82.98803027659041, 39.94603453324956]]}, "properties": {"ticket_id": "DEMO-20260713-0059", "priority_level": "MODERATE", "GLOBALID": "DEMO-SEG-004963", "kind": "service", "material": "MDPE", "vintage_year": 1989, "diameter_in": 1.25, "coated": false, "s1_score": 0.301, "overall_pct": 0.672, "seg_level": "LOW", "like_pct": 0.671, "cons_pct": 0.672, "svc_down": 1, "fac_summary": "", "biz_50m": 10, "near_trans_seg": 0}}, {"type": "Feature", "geometry": {"type": "LineString", "coordinates": [[-82.98778395064377, 39.94587309179213], [-82.98776787386156, 39.94606500961023]]}, "properties": {"ticket_id": "DEMO-20260713-0059", "priority_level": "MODERATE", "GLOBALID": "DEMO-SEG-005916", "kind": "service", "material": "MDPE", "vintage_year": 2001, "diameter_in": 0.75, "coated": false, "s1_score": 0.227, "overall_pct": 0.777, "seg_level": "LOW", "like_pct": 0.33, "cons_pct": 0.777, "svc_down": 1, "fac_summary": "", "biz_50m": 12, "near_trans_seg": 0}}, {"type": "Feature", "geometry": {"type": "LineString", "coordinates": [[-82.98743937275712, 39.94603136028956], [-82.98744224498111, 39.94603146116376]]}, "properties": {"ticket_id": "DEMO-20260713-0059", "priority_level": "MODERATE", "GLOBALID": "DEMO-SEG-005368", "kind": "service", "material": "MDPE", "vintage_year": 1986, "diameter_in": 1.25, "coated": false, "s1_score": 0.319, "overall_pct": 0.72, "seg_level": "LOW", "like_pct": 0.72, "cons_pct": 0.592, "svc_down": 1, "fac_summary": "", "biz_50m": 9, "near_trans_seg": 0}}, {"type": "Feature", "geometry": {"type": "LineString", "coordinates": [[-82.9879604086904, 39.945881849319825], [-82.98793266740688, 39.94621295824613]]}, "properties": {"ticket_id": "DEMO-20260713-0059", "priority_level": "MODERATE", "GLOBALID": "DEMO-SEG-007089", "kind": "service", "material": "MDPE", "vintage_year": 1994, "diameter_in": 1.25, "coated": false, "s1_score": 0.263, "overall_pct": 0.845, "seg_level": "MODERATE", "like_pct": 0.501, "cons_pct": 0.845, "svc_down": 1, "fac_summary": "", "biz_50m": 14, "near_trans_seg": 0}}, {"type": "Feature", "geometry": {"type": "LineString", "coordinates": [[-82.98778373721228, 39.9458730812003], [-82.98775501070335, 39.94621600551345]]}, "properties": {"ticket_id": "DEMO-20260713-0059", "priority_level": "MODERATE", "GLOBALID": "DEMO-SEG-007246", "kind": "service", "material": "MDPE", "vintage_year": 2002, "diameter_in": 0.75, "coated": false, "s1_score": 0.265, "overall_pct": 0.862, "seg_level": "MODERATE", "like_pct": 0.512, "cons_pct": 0.862, "svc_down": 1, "fac_summary": "", "biz_50m": 15, "near_trans_seg": 0}}, {"type": "Feature", "geometry": {"type": "LineString", "coordinates": [[-83.00975107542223, 39.95792078122198], [-83.0097418288246, 39.95787247607108]]}, "properties": {"ticket_id": "DEMO-20260713-0011", "priority_level": "MODERATE", "GLOBALID": "DEMO-SEG-002420", "kind": "main", "material": "MDPE", "vintage_year": 1990, "diameter_in": 4.0, "coated": false, "s1_score": 0.282, "overall_pct": 0.592, "seg_level": "LOW", "like_pct": 0.592, "cons_pct": 0.042, "svc_down": 0, "fac_summary": "", "biz_50m": 0, "near_trans_seg": 0}}, {"type": "Feature", "geometry": {"type": "LineString", "coordinates": [[-83.01132518719956, 39.957845005220484], [-83.01134759169356, 39.95796184370751]]}, "properties": {"ticket_id": "DEMO-20260713-0011", "priority_level": "MODERATE", "GLOBALID": "DEMO-SEG-002986", "kind": "main", "material": "MDPE", "vintage_year": 2011, "diameter_in": 3.0, "coated": false, "s1_score": 0.2, "overall_pct": 0.213, "seg_level": "LOW", "like_pct": 0.213, "cons_pct": 0.135, "svc_down": 0, "fac_summary": "", "biz_50m": 1, "near_trans_seg": 0}}, {"type": "Feature", "geometry": {"type": "LineString", "coordinates": [[-83.01133412289367, 39.95789160454046], [-83.01150762350404, 39.95787190170051]]}, "properties": {"ticket_id": "DEMO-20260713-0011", "priority_level": "MODERATE", "GLOBALID": "DEMO-SEG-004679", "kind": "service", "material": "MDPE", "vintage_year": 2012, "diameter_in": 0.5, "coated": false, "s1_score": 0.2, "overall_pct": 0.21, "seg_level": "LOW", "like_pct": 0.21, "cons_pct": 0.2, "svc_down": 1, "fac_summary": "", "biz_50m": 1, "near_trans_seg": 0}}, {"type": "Feature", "geometry": {"type": "LineString", "coordinates": [[-83.00979333371937, 39.958141541816175], [-83.00975107542223, 39.95792078122198]]}, "properties": {"ticket_id": "DEMO-20260713-0011", "priority_level": "MODERATE", "GLOBALID": "DEMO-SEG-002419", "kind": "main", "material": "MDPE", "vintage_year": 1996, "diameter_in": 3.0, "coated": false, "s1_score": 0.228, "overall_pct": 0.334, "seg_level": "LOW", "like_pct": 0.334, "cons_pct": 0.042, "svc_down": 0, "fac_summary": "", "biz_50m": 0, "near_trans_seg": 0}}, {"type": "Feature", "geometry": {"type": "LineString", "coordinates": [[-83.01134759169356, 39.95796184370751], [-83.01139, 39.95818299999999]]}, "properties": {"ticket_id": "DEMO-20260713-0011", "priority_level": "MODERATE", "GLOBALID": "DEMO-SEG-002987", "kind": "main", "material": "MDPE", "vintage_year": 2009, "diameter_in": 4.0, "coated": false, "s1_score": 0.214, "overall_pct": 0.274, "seg_level": "LOW", "like_pct": 0.274, "cons_pct": 0.135, "svc_down": 0, "fac_summary": "", "biz_50m": 1, "near_trans_seg": 0}}, {"type": "Feature", "geometry": {"type": "LineString", "coordinates": [[-83.01196959132615, 39.9581161527506], [-83.01215756893448, 39.95809449571801]]}, "properties": {"ticket_id": "DEMO-20260713-0011", "priority_level": "MODERATE", "GLOBALID": "DEMO-SEG-002610", "kind": "main", "material": "MDPE", "vintage_year": 2007, "diameter_in": 6.0, "coated": false, "s1_score": 0.158, "overall_pct": 0.239, "seg_level": "LOW", "like_pct": 0.07, "cons_pct": 0.239, "svc_down": 0, "fac_summary": "", "biz_50m": 2, "near_trans_seg": 0}}, {"type": "Feature", "geometry": {"type": "LineString", "coordinates": [[-83.01167979189844, 39.958149556598265], [-83.0117626, 39.95814], [-83.01196959132615, 39.9581161527506]]}, "properties": {"ticket_id": "DEMO-20260713-0011", "priority_level": "MODERATE", "GLOBALID": "DEMO-SEG-002609", "kind": "main", "material": "MDPE", "vintage_year": 2006, "diameter_in": 2.0, "coated": false, "s1_score": 0.204, "overall_pct": 0.229, "seg_level": "LOW", "like_pct": 0.229, "cons_pct": 0.135, "svc_down": 0, "fac_summary": "", "biz_50m": 1, "near_trans_seg": 0}}, {"type": "Feature", "geometry": {"type": "LineString", "coordinates": [[-83.01139, 39.95818299999999], [-83.01167979189844, 39.958149556598265]]}, "properties": {"ticket_id": "DEMO-20260713-0011", "priority_level": "MODERATE", "GLOBALID": "DEMO-SEG-002608", "kind": "main", "material": "MDPE", "vintage_year": 1998, "diameter_in": 4.0, "coated": false, "s1_score": 0.248, "overall_pct": 0.43, "seg_level": "LOW", "like_pct": 0.43, "cons_pct": 0.135, "svc_down": 0, "fac_summary": "", "biz_50m": 1, "near_trans_seg": 0}}, {"type": "Feature", "geometry": {"type": "LineString", "coordinates": [[-83.0098356083039, 39.95836230056518], [-83.0098305, 39.9583357], [-83.00979333371937, 39.958141541816175]]}, "properties": {"ticket_id": "DEMO-20260713-0011", "priority_level": "MODERATE", "GLOBALID": "DEMO-SEG-002418", "kind": "main", "material": "MDPE", "vintage_year": 1994, "diameter_in": 3.0, "coated": false, "s1_score": 0.257, "overall_pct": 0.471, "seg_level": "LOW", "like_pct": 0.471, "cons_pct": 0.135, "svc_down": 0, "fac_summary": "", "biz_50m": 1, "near_trans_seg": 0}}, {"type": "Feature", "geometry": {"type": "LineString", "coordinates": [[-83.01139, 39.95818299999999], [-83.01143232579389, 39.9584060008441]]}, "properties": {"ticket_id": "DEMO-20260713-0011", "priority_level": "MODERATE", "GLOBALID": "DEMO-SEG-002503", "kind": "main", "material": "MDPE", "vintage_year": 2001, "diameter_in": 3.0, "coated": false, "s1_score": 0.219, "overall_pct": 0.295, "seg_level": "LOW", "like_pct": 0.295, "cons_pct": 0.135, "svc_down": 0, "fac_summary": "", "biz_50m": 1, "near_trans_seg": 0}}, {"type": "Feature", "geometry": {"type": "LineString", "coordinates": [[-83.01182381702654, 39.95813294729189], [-83.01188841139448, 39.958464979550854]]}, "properties": {"ticket_id": "DEMO-20260713-0011", "priority_level": "MODERATE", "GLOBALID": "DEMO-SEG-007002", "kind": "service", "material": "MDPE", "vintage_year": 2008, "diameter_in": 1.0, "coated": false, "s1_score": 0.195, "overall_pct": 0.2, "seg_level": "LOW", "like_pct": 0.191, "cons_pct": 0.2, "svc_down": 1, "fac_summary": "", "biz_50m": 1, "near_trans_seg": 0}}, {"type": "Feature", "geometry": {"type": "LineString", "coordinates": [[-83.01142541252689, 39.95836957720022], [-83.01080399922834, 39.95843942281523]]}, "properties": {"ticket_id": "DEMO-20260713-0011", "priority_level": "MODERATE", "GLOBALID": "DEMO-SEG-007525", "kind": "service", "material": "MDPE", "vintage_year": 2002, "diameter_in": 1.0, "coated": false, "s1_score": 0.241, "overall_pct": 0.397, "seg_level": "LOW", "like_pct": 0.397, "cons_pct": 0.2, "svc_down": 1, "fac_summary": "", "biz_50m": 1, "near_trans_seg": 0}}, {"type": "Feature", "geometry": {"type": "LineString", "coordinates": [[-83.00987661712107, 39.95858319600493], [-83.0098468, 39.95842619999999], [-83.0098387, 39.958378399999994], [-83.0098356083039, 39.95836230056518]]}, "properties": {"ticket_id": "DEMO-20260713-0011", "priority_level": "MODERATE", "GLOBALID": "DEMO-SEG-002417", "kind": "main", "material": "MDPE", "vintage_year": 1988, "diameter_in": 4.0, "coated": false, "s1_score": 0.272, "overall_pct": 0.929, "seg_level": "MODERATE", "like_pct": 0.548, "cons_pct": 0.929, "svc_down": 0, "fac_summary": "", "biz_50m": 1, "near_trans_seg": 1}}, {"type": "Feature", "geometry": {"type": "LineString", "coordinates": [[-83.01143232579389, 39.9584060008441], [-83.01147465189263, 39.95862900165786]]}, "properties": {"ticket_id": "DEMO-20260713-0011", "priority_level": "MODERATE", "GLOBALID": "DEMO-SEG-002504", "kind": "main", "material": "MDPE", "vintage_year": 2004, "diameter_in": 6.0, "coated": false, "s1_score": 0.2, "overall_pct": 0.209, "seg_level": "LOW", "like_pct": 0.209, "cons_pct": 0.042, "svc_down": 0, "fac_summary": "", "biz_50m": 0, "near_trans_seg": 0}}, {"type": "Feature", "geometry": {"type": "LineString", "coordinates": [[-83.00989429520199, 39.95867627597256], [-83.01019245178786, 39.958642741237455]]}, "properties": {"ticket_id": "DEMO-20260713-0011", "priority_level": "MODERATE", "GLOBALID": "DEMO-SEG-006337", "kind": "service", "material": "MDPE", "vintage_year": 1990, "diameter_in": 1.0, "coated": false, "s1_score": 0.289, "overall_pct": 0.947, "seg_level": "MODERATE", "like_pct": 0.625, "cons_pct": 0.947, "svc_down": 1, "fac_summary": "", "biz_50m": 1, "near_trans_seg": 1}}, {"type": "Feature", "geometry": {"type": "LineString", "coordinates": [[-83.0099185517947, 39.958803993153566], [-83.00987661712107, 39.95858319600493]]}, "properties": {"ticket_id": "DEMO-20260713-0011", "priority_level": "MODERATE", "GLOBALID": "DEMO-SEG-002416", "kind": "main", "material": "MDPE", "vintage_year": 1985, "diameter_in": 3.0, "coated": false, "s1_score": 0.296, "overall_pct": 0.929, "seg_level": "MODERATE", "like_pct": 0.652, "cons_pct": 0.929, "svc_down": 0, "fac_summary": "", "biz_50m": 1, "near_trans_seg": 1}}, {"type": "Feature", "geometry": {"type": "LineString", "coordinates": [[-83.00989669468639, 39.95868890989717], [-83.00956176571722, 39.95872657960497]]}, "properties": {"ticket_id": "DEMO-20260713-0011", "priority_level": "MODERATE", "GLOBALID": "DEMO-SEG-006585", "kind": "service", "material": "MDPE", "vintage_year": 1985, "diameter_in": 1.25, "coated": false, "s1_score": 0.293, "overall_pct": 0.947, "seg_level": "MODERATE", "like_pct": 0.641, "cons_pct": 0.947, "svc_down": 1, "fac_summary": "", "biz_50m": 1, "near_trans_seg": 1}}, {"type": "Feature", "geometry": {"type": "LineString", "coordinates": [[-83.01147465189263, 39.95862900165786], [-83.0115013, 39.95876940000001], [-83.011517, 39.95885200000001]]}, "properties": {"ticket_id": "DEMO-20260713-0011", "priority_level": "MODERATE", "GLOBALID": "DEMO-SEG-002505", "kind": "main", "material": "MDPE", "vintage_year": 2000, "diameter_in": 6.0, "coated": false, "s1_score": 0.19, "overall_pct": 0.173, "seg_level": "LOW", "like_pct": 0.173, "cons_pct": 0.042, "svc_down": 0, "fac_summary": "", "biz_50m": 0, "near_trans_seg": 0}}, {"type": "Feature", "geometry": {"type": "LineString", "coordinates": [[-83.01209980936689, 39.95878284402458], [-83.01180840814833, 39.95881743886595]]}, "properties": {"ticket_id": "DEMO-20260713-0011", "priority_level": "MODERATE", "GLOBALID": "DEMO-SEG-002501", "kind": "main", "material": "MDPE", "vintage_year": 2005, "diameter_in": 3.0, "coated": false, "s1_score": 0.21, "overall_pct": 0.257, "seg_level": "LOW", "like_pct": 0.257, "cons_pct": 0.135, "svc_down": 0, "fac_summary": "", "biz_50m": 1, "near_trans_seg": 0}}, {"type": "Feature", "geometry": {"type": "LineString", "coordinates": [[-83.01180840814833, 39.95881743886595], [-83.0116807, 39.958832599999994], [-83.011517, 39.95885200000001]]}, "properties": {"ticket_id": "DEMO-20260713-0011", "priority_level": "MODERATE", "GLOBALID": "DEMO-SEG-002502", "kind": "main", "material": "MDPE", "vintage_year": 2008, "diameter_in": 4.0, "coated": false, "s1_score": 0.199, "overall_pct": 0.204, "seg_level": "LOW", "like_pct": 0.204, "cons_pct": 0.135, "svc_down": 0, "fac_summary": "", "biz_50m": 1, "near_trans_seg": 0}}, {"type": "Feature", "geometry": {"type": "LineString", "coordinates": [[-83.011517, 39.95885200000001], [-83.01149, 39.95885500000001], [-83.0113319, 39.95887249999999], [-83.01120567331361, 39.95888652230748]]}, "properties": {"ticket_id": "DEMO-20260713-0011", "priority_level": "MODERATE", "GLOBALID": "DEMO-SEG-002493", "kind": "main", "material": "MDPE", "vintage_year": 2012, "diameter_in": 6.0, "coated": false, "s1_score": 0.146, "overall_pct": 0.899, "seg_level": "MODERATE", "like_pct": 0.045, "cons_pct": 0.899, "svc_down": 0, "fac_summary": "", "biz_50m": 0, "near_trans_seg": 1}}, {"type": "Feature", "geometry": {"type": "LineString", "coordinates": [[-83.0099604, 39.959024799999995], [-83.0099467, 39.95895219999999], [-83.0099185517947, 39.958803993153566]]}, "properties": {"ticket_id": "DEMO-20260713-0011", "priority_level": "MODERATE", "GLOBALID": "DEMO-SEG-002415", "kind": "main", "material": "MDPE", "vintage_year": 1993, "diameter_in": 4.0, "coated": false, "s1_score": 0.244, "overall_pct": 0.952, "seg_level": "HIGH", "like_pct": 0.409, "cons_pct": 0.952, "svc_down": 0, "fac_summary": "", "biz_50m": 1, "near_trans_seg": 1}}, {"type": "Feature", "geometry": {"type": "LineString", "coordinates": [[-83.01120567331361, 39.95888652230748], [-83.01089435778073, 39.958921105209804]]}, "properties": {"ticket_id": "DEMO-20260713-0011", "priority_level": "MODERATE", "GLOBALID": "DEMO-SEG-002494", "kind": "main", "material": "MDPE", "vintage_year": 1985, "diameter_in": 6.0, "coated": false, "s1_score": 0.273, "overall_pct": 0.899, "seg_level": "MODERATE", "like_pct": 0.551, "cons_pct": 0.899, "svc_down": 0, "fac_summary": "", "biz_50m": 0, "near_trans_seg": 1}}, {"type": "Feature", "geometry": {"type": "LineString", "coordinates": [[-83.01217748161224, 39.958773622729574], [-83.01209980936689, 39.95878284402458]]}, "properties": {"ticket_id": "DEMO-20260713-0011", "priority_level": "MODERATE", "GLOBALID": "DEMO-SEG-002500", "kind": "main", "material": "MDPE", "vintage_year": 2009, "diameter_in": 6.0, "coated": false, "s1_score": 0.194, "overall_pct": 0.188, "seg_level": "LOW", "like_pct": 0.188, "cons_pct": 0.135, "svc_down": 0, "fac_summary": "", "biz_50m": 1, "near_trans_seg": 0}}, {"type": "Feature", "geometry": {"type": "LineString", "coordinates": [[-83.01209704495021, 39.95878317221678], [-83.01215598737656, 39.959077184596474]]}, "properties": {"ticket_id": "DEMO-20260713-0011", "priority_level": "MODERATE", "GLOBALID": "DEMO-SEG-006818", "kind": "service", "material": "MDPE", "vintage_year": 2005, "diameter_in": 1.0, "coated": false, "s1_score": 0.242, "overall_pct": 0.947, "seg_level": "MODERATE", "like_pct": 0.405, "cons_pct": 0.947, "svc_down": 1, "fac_summary": "", "biz_50m": 1, "near_trans_seg": 1}}, {"type": "Feature", "geometry": {"type": "LineString", "coordinates": [[-83.01089435778073, 39.958921105209804], [-83.0108746, 39.95892330000001], [-83.010719, 39.9589406], [-83.0106952, 39.9589432], [-83.0105830402915, 39.958955678333]]}, "properties": {"ticket_id": "DEMO-20260713-0011", "priority_level": "MODERATE", "GLOBALID": "DEMO-SEG-002495", "kind": "main", "material": "MDPE", "vintage_year": 1993, "diameter_in": 4.0, "coated": false, "s1_score": 0.262, "overall_pct": 0.899, "seg_level": "MODERATE", "like_pct": 0.499, "cons_pct": 0.899, "svc_down": 0, "fac_summary": "", "biz_50m": 0, "near_trans_seg": 1}}, {"type": "Feature", "geometry": {"type": "LineString", "coordinates": [[-83.0105830402915, 39.958955678333], [-83.0105406, 39.95896039999999], [-83.0103292, 39.9589839], [-83.01027172603582, 39.95899027007106]]}, "properties": {"ticket_id": "DEMO-20260713-0011", "priority_level": "MODERATE", "GLOBALID": "DEMO-SEG-002496", "kind": "main", "material": "MDPE", "vintage_year": 1990, "diameter_in": 6.0, "coated": false, "s1_score": 0.257, "overall_pct": 0.899, "seg_level": "MODERATE", "like_pct": 0.474, "cons_pct": 0.899, "svc_down": 0, "fac_summary": "", "biz_50m": 0, "near_trans_seg": 1}}, {"type": "Feature", "geometry": {"type": "LineString", "coordinates": [[-83.01027172603582, 39.95899027007106], [-83.0100495, 39.95901489999999], [-83.0099604, 39.959024799999995]]}, "properties": {"ticket_id": "DEMO-20260713-0011", "priority_level": "MODERATE", "GLOBALID": "DEMO-SEG-002497", "kind": "main", "material": "MDPE", "vintage_year": 1989, "diameter_in": 3.0, "coated": false, "s1_score": 0.288, "overall_pct": 0.929, "seg_level": "MODERATE", "like_pct": 0.62, "cons_pct": 0.929, "svc_down": 0, "fac_summary": "", "biz_50m": 1, "near_trans_seg": 1}}, {"type": "Feature", "geometry": {"type": "LineString", "coordinates": [[-83.00962000413051, 39.95906502007233], [-83.0098735, 39.95903510000001], [-83.0099604, 39.959024799999995]]}, "properties": {"ticket_id": "DEMO-20260713-0011", "priority_level": "MODERATE", "GLOBALID": "DEMO-SEG-002492", "kind": "main", "material": "MDPE", "vintage_year": 1987, "diameter_in": 6.0, "coated": false, "s1_score": 0.266, "overall_pct": 0.94, "seg_level": "MODERATE", "like_pct": 0.519, "cons_pct": 0.94, "svc_down": 0, "fac_summary": "", "biz_50m": 1, "near_trans_seg": 1}}, {"type": "Feature", "geometry": {"type": "LineString", "coordinates": [[-83.00937721733675, 39.959093675612316], [-83.00962000413051, 39.95906502007233]]}, "properties": {"ticket_id": "DEMO-20260713-0011", "priority_level": "MODERATE", "GLOBALID": "DEMO-SEG-002491", "kind": "main", "material": "MDPE", "vintage_year": 1985, "diameter_in": 4.0, "coated": false, "s1_score": 0.313, "overall_pct": 0.929, "seg_level": "MODERATE", "like_pct": 0.708, "cons_pct": 0.929, "svc_down": 0, "fac_summary": "", "biz_50m": 1, "near_trans_seg": 1}}, {"type": "Feature", "geometry": {"type": "LineString", "coordinates": [[-83.01000240309673, 39.959246199648796], [-83.009971, 39.95908069999999], [-83.0099604, 39.959024799999995]]}, "properties": {"ticket_id": "DEMO-20260713-0011", "priority_level": "MODERATE", "GLOBALID": "DEMO-SEG-002490", "kind": "main", "material": "MDPE", "vintage_year": 1997, "diameter_in": 4.0, "coated": false, "s1_score": 0.22, "overall_pct": 0.929, "seg_level": "MODERATE", "like_pct": 0.3, "cons_pct": 0.929, "svc_down": 0, "fac_summary": "", "biz_50m": 1, "near_trans_seg": 1}}, {"type": "Feature", "geometry": {"type": "LineString", "coordinates": [[-83.01004441318177, 39.95946759851644], [-83.01000240309673, 39.959246199648796]]}, "properties": {"ticket_id": "DEMO-20260713-0011", "priority_level": "MODERATE", "GLOBALID": "DEMO-SEG-002489", "kind": "main", "material": "MDPE", "vintage_year": 1986, "diameter_in": 4.0, "coated": false, "s1_score": 0.284, "overall_pct": 0.968, "seg_level": "HIGH", "like_pct": 0.601, "cons_pct": 0.968, "svc_down": 7, "fac_summary": "", "biz_50m": 0, "near_trans_seg": 1}}, {"type": "Feature", "geometry": {"type": "LineString", "coordinates": [[-83.0100864, 39.959689000000004], [-83.0100728, 39.959617200000004], [-83.01004441318177, 39.95946759851644]]}, "properties": {"ticket_id": "DEMO-20260713-0011", "priority_level": "MODERATE", "GLOBALID": "DEMO-SEG-002488", "kind": "main", "material": "MDPE", "vintage_year": 1988, "diameter_in": 3.0, "coated": false, "s1_score": 0.297, "overall_pct": 0.968, "seg_level": "HIGH", "like_pct": 0.657, "cons_pct": 0.968, "svc_down": 7, "fac_summary": "", "biz_50m": 0, "near_trans_seg": 1}}, {"type": "Feature", "geometry": {"type": "LineString", "coordinates": [[-83.0094161, 39.959770299999995], [-83.0094016, 39.9596993], [-83.009393844826, 39.95966152714288]]}, "properties": {"ticket_id": "DEMO-20260713-0011", "priority_level": "MODERATE", "GLOBALID": "DEMO-SEG-003275", "kind": "main", "material": "MDPE", "vintage_year": 1992, "diameter_in": 6.0, "coated": false, "s1_score": 0.266, "overall_pct": 0.929, "seg_level": "MODERATE", "like_pct": 0.519, "cons_pct": 0.929, "svc_down": 0, "fac_summary": "", "biz_50m": 1, "near_trans_seg": 1}}, {"type": "Feature", "geometry": {"type": "LineString", "coordinates": [[-83.00975126127878, 39.95972970445053], [-83.0100012, 39.9596994], [-83.0100864, 39.959689000000004]]}, "properties": {"ticket_id": "DEMO-20260713-0011", "priority_level": "MODERATE", "GLOBALID": "DEMO-SEG-003179", "kind": "main", "material": "MDPE", "vintage_year": 1991, "diameter_in": 2.0, "coated": false, "s1_score": 0.303, "overall_pct": 0.929, "seg_level": "MODERATE", "like_pct": 0.677, "cons_pct": 0.929, "svc_down": 0, "fac_summary": "", "biz_50m": 1, "near_trans_seg": 1}}, {"type": "Feature", "geometry": {"type": "LineString", "coordinates": [[-83.01009493603208, 39.9597340538561], [-83.01043391804762, 39.95969602098233]]}, "properties": {"ticket_id": "DEMO-20260713-0011", "priority_level": "MODERATE", "GLOBALID": "DEMO-SEG-006607", "kind": "service", "material": "MDPE", "vintage_year": 1990, "diameter_in": 1.0, "coated": false, "s1_score": 0.291, "overall_pct": 0.947, "seg_level": "MODERATE", "like_pct": 0.631, "cons_pct": 0.947, "svc_down": 1, "fac_summary": "", "biz_50m": 1, "near_trans_seg": 1}}, {"type": "Feature", "geometry": {"type": "LineString", "coordinates": [[-83.0094161, 39.959770299999995], [-83.0094684, 39.95976400000001], [-83.00975126127878, 39.95972970445053]]}, "properties": {"ticket_id": "DEMO-20260713-0011", "priority_level": "MODERATE", "GLOBALID": "DEMO-SEG-003178", "kind": "main", "material": "MDPE", "vintage_year": 1985, "diameter_in": 3.0, "coated": false, "s1_score": 0.307, "overall_pct": 0.899, "seg_level": "MODERATE", "like_pct": 0.69, "cons_pct": 0.899, "svc_down": 0, "fac_summary": "", "biz_50m": 0, "near_trans_seg": 1}}, {"type": "Feature", "geometry": {"type": "LineString", "coordinates": [[-83.0094161, 39.959770299999995], [-83.00939709701699, 39.95977259202874]]}, "properties": {"ticket_id": "DEMO-20260713-0011", "priority_level": "MODERATE", "GLOBALID": "DEMO-SEG-003181", "kind": "main", "material": "MDPE", "vintage_year": 1985, "diameter_in": 3.0, "coated": false, "s1_score": 0.294, "overall_pct": 0.929, "seg_level": "MODERATE", "like_pct": 0.643, "cons_pct": 0.929, "svc_down": 0, "fac_summary": "", "biz_50m": 1, "near_trans_seg": 1}}, {"type": "Feature", "geometry": {"type": "LineString", "coordinates": [[-83.0100864, 39.959689000000004], [-83.0101051, 39.9597877], [-83.01013007436272, 39.959914879088636]]}, "properties": {"ticket_id": "DEMO-20260713-0011", "priority_level": "MODERATE", "GLOBALID": "DEMO-SEG-002305", "kind": "main", "material": "MDPE", "vintage_year": 1989, "diameter_in": 3.0, "coated": false, "s1_score": 0.28, "overall_pct": 0.971, "seg_level": "HIGH", "like_pct": 0.584, "cons_pct": 0.971, "svc_down": 6, "fac_summary": "", "biz_50m": 1, "near_trans_seg": 1}}, {"type": "Feature", "geometry": {"type": "LineString", "coordinates": [[-83.00946254296557, 39.959996532158655], [-83.0094364, 39.95986919999999], [-83.0094161, 39.959770299999995]]}, "properties": {"ticket_id": "DEMO-20260713-0011", "priority_level": "MODERATE", "GLOBALID": "DEMO-SEG-003314", "kind": "main", "material": "MDPE", "vintage_year": 1996, "diameter_in": 6.0, "coated": false, "s1_score": 0.228, "overall_pct": 0.956, "seg_level": "HIGH", "like_pct": 0.335, "cons_pct": 0.956, "svc_down": 2, "fac_summary": "", "biz_50m": 1, "near_trans_seg": 1}}, {"type": "Feature", "geometry": {"type": "LineString", "coordinates": [[-83.01013007436272, 39.959914879088636], [-83.01015218821178, 39.96002749089513]]}, "properties": {"ticket_id": "DEMO-20260713-0011", "priority_level": "MODERATE", "GLOBALID": "DEMO-SEG-002306", "kind": "main", "material": "MDPE", "vintage_year": 1987, "diameter_in": 3.0, "coated": false, "s1_score": 0.295, "overall_pct": 0.968, "seg_level": "HIGH", "like_pct": 0.651, "cons_pct": 0.968, "svc_down": 6, "fac_summary": "", "biz_50m": 1, "near_trans_seg": 1}}, {"type": "Feature", "geometry": {"type": "LineString", "coordinates": [[-83.0094713237133, 39.96003929962705], [-83.00946254296557, 39.959996532158655]]}, "properties": {"ticket_id": "DEMO-20260713-0011", "priority_level": "MODERATE", "GLOBALID": "DEMO-SEG-003313", "kind": "main", "material": "MDPE", "vintage_year": 1992, "diameter_in": 3.0, "coated": false, "s1_score": 0.266, "overall_pct": 0.94, "seg_level": "MODERATE", "like_pct": 0.516, "cons_pct": 0.94, "svc_down": 0, "fac_summary": "", "biz_50m": 1, "near_trans_seg": 1}}, {"type": "Feature", "geometry": {"type": "LineString", "coordinates": [[-83.01225813885299, 39.954967058086275], [-83.01228564003722, 39.95510849250944]]}, "properties": {"ticket_id": "DEMO-20260713-0013", "priority_level": "MODERATE", "GLOBALID": "DEMO-SEG-002627", "kind": "main", "material": "MDPE", "vintage_year": 2003, "diameter_in": 4.0, "coated": false, "s1_score": 0.224, "overall_pct": 0.319, "seg_level": "LOW", "like_pct": 0.319, "cons_pct": 0.042, "svc_down": 0, "fac_summary": "", "biz_50m": 0, "near_trans_seg": 0}}, {"type": "Feature", "geometry": {"type": "LineString", "coordinates": [[-83.0122723381563, 39.955040083033595], [-83.01278478947098, 39.95498106701661]]}, "properties": {"ticket_id": "DEMO-20260713-0013", "priority_level": "MODERATE", "GLOBALID": "DEMO-SEG-007503", "kind": "service", "material": "MDPE", "vintage_year": 2005, "diameter_in": 0.75, "coated": false, "s1_score": 0.207, "overall_pct": 0.244, "seg_level": "LOW", "like_pct": 0.244, "cons_pct": 0.2, "svc_down": 1, "fac_summary": "", "biz_50m": 1, "near_trans_seg": 0}}, {"type": "Feature", "geometry": {"type": "LineString", "coordinates": [[-83.01228564003722, 39.95510849250944], [-83.012313, 39.9552492], [-83.01233004374558, 39.955337002229925]]}, "properties": {"ticket_id": "DEMO-20260713-0013", "priority_level": "MODERATE", "GLOBALID": "DEMO-SEG-002628", "kind": "main", "material": "MDPE", "vintage_year": 2011, "diameter_in": 4.0, "coated": false, "s1_score": 0.2, "overall_pct": 0.214, "seg_level": "LOW", "like_pct": 0.214, "cons_pct": 0.042, "svc_down": 0, "fac_summary": "", "biz_50m": 0, "near_trans_seg": 0}}, {"type": "Feature", "geometry": {"type": "LineString", "coordinates": [[-83.01234426545903, 39.95541026633992], [-83.01202632853331, 39.955446817764894]]}, "properties": {"ticket_id": "DEMO-20260713-0013", "priority_level": "MODERATE", "GLOBALID": "DEMO-SEG-007508", "kind": "service", "material": "MDPE", "vintage_year": 2007, "diameter_in": 0.75, "coated": false, "s1_score": 0.215, "overall_pct": 0.276, "seg_level": "LOW", "like_pct": 0.276, "cons_pct": 0.2, "svc_down": 1, "fac_summary": "", "biz_50m": 1, "near_trans_seg": 0}}, {"type": "Feature", "geometry": {"type": "LineString", "coordinates": [[-83.01233004374558, 39.955337002229925], [-83.01237318912379, 39.955559267993394]]}, "properties": {"ticket_id": "DEMO-20260713-0013", "priority_level": "MODERATE", "GLOBALID": "DEMO-SEG-002629", "kind": "main", "material": "MDPE", "vintage_year": 2004, "diameter_in": 4.0, "coated": false, "s1_score": 0.198, "overall_pct": 0.201, "seg_level": "LOW", "like_pct": 0.201, "cons_pct": 0.042, "svc_down": 0, "fac_summary": "", "biz_50m": 0, "near_trans_seg": 0}}, {"type": "Feature", "geometry": {"type": "LineString", "coordinates": [[-83.00275877102796, 39.95848936775072], [-83.0027028614286, 39.958495692548915]]}, "properties": {"ticket_id": "DEMO-20260713-0034", "priority_level": "LOW", "GLOBALID": "DEMO-SEG-002439", "kind": "main", "material": "Steel", "vintage_year": 1965, "diameter_in": 3.0, "coated": false, "s1_score": 0.701, "overall_pct": 0.924, "seg_level": "MODERATE", "like_pct": 0.924, "cons_pct": 0.042, "svc_down": 0, "fac_summary": "", "biz_50m": 0, "near_trans_seg": 0}}, {"type": "Feature", "geometry": {"type": "LineString", "coordinates": [[-83.0027028614286, 39.958495692548915], [-83.002686, 39.958497599999994], [-83.00252542343078, 39.95851637019418]]}, "properties": {"ticket_id": "DEMO-20260713-0034", "priority_level": "LOW", "GLOBALID": "DEMO-SEG-002440", "kind": "main", "material": "Steel", "vintage_year": 1972, "diameter_in": 8.0, "coated": false, "s1_score": 0.653, "overall_pct": 0.894, "seg_level": "MODERATE", "like_pct": 0.894, "cons_pct": 0.135, "svc_down": 0, "fac_summary": "", "biz_50m": 1, "near_trans_seg": 0}}, {"type": "Feature", "geometry": {"type": "LineString", "coordinates": [[-83.01314757911963, 39.95958436505751], [-83.01294743518363, 39.95960708030777]]}, "properties": {"ticket_id": "DEMO-20260713-0033", "priority_level": "LOW", "GLOBALID": "DEMO-SEG-005121", "kind": "service", "material": "MDPE", "vintage_year": 1985, "diameter_in": 1.25, "coated": false, "s1_score": 0.319, "overall_pct": 0.947, "seg_level": "MODERATE", "like_pct": 0.72, "cons_pct": 0.947, "svc_down": 1, "fac_summary": "", "biz_50m": 1, "near_trans_seg": 1}}, {"type": "Feature", "geometry": {"type": "LineString", "coordinates": [[-83.01314339125156, 39.95956251418641], [-83.01318509564584, 39.95978011282928]]}, "properties": {"ticket_id": "DEMO-20260713-0033", "priority_level": "LOW", "GLOBALID": "DEMO-SEG-002290", "kind": "main", "material": "Steel", "vintage_year": 1948, "diameter_in": 2.0, "coated": false, "s1_score": 0.781, "overall_pct": 0.953, "seg_level": "HIGH", "like_pct": 0.953, "cons_pct": 0.929, "svc_down": 0, "fac_summary": "", "biz_50m": 1, "near_trans_seg": 1}}, {"type": "Feature", "geometry": {"type": "LineString", "coordinates": [[-83.01318509564584, 39.95978011282928], [-83.0132217, 39.95997109999999], [-83.01322731398945, 39.96000033549612]]}, "properties": {"ticket_id": "DEMO-20260713-0033", "priority_level": "LOW", "GLOBALID": "DEMO-SEG-002291", "kind": "main", "material": "MDPE", "vintage_year": 2000, "diameter_in": 6.0, "coated": false, "s1_score": 0.219, "overall_pct": 0.929, "seg_level": "MODERATE", "like_pct": 0.296, "cons_pct": 0.929, "svc_down": 0, "fac_summary": "", "biz_50m": 1, "near_trans_seg": 1}}, {"type": "Feature", "geometry": {"type": "LineString", "coordinates": [[-83.01321616357775, 39.95994221319604], [-83.01361259386707, 39.95989721939487]]}, "properties": {"ticket_id": "DEMO-20260713-0033", "priority_level": "LOW", "GLOBALID": "DEMO-SEG-007291", "kind": "service", "material": "MDPE", "vintage_year": 2000, "diameter_in": 1.25, "coated": false, "s1_score": 0.261, "overall_pct": 0.947, "seg_level": "MODERATE", "like_pct": 0.494, "cons_pct": 0.947, "svc_down": 1, "fac_summary": "", "biz_50m": 1, "near_trans_seg": 1}}, {"type": "Feature", "geometry": {"type": "LineString", "coordinates": [[-83.01322731398945, 39.96000033549612], [-83.0132559, 39.960149200000004], [-83.01326957216781, 39.960220553641236]]}, "properties": {"ticket_id": "DEMO-20260713-0033", "priority_level": "LOW", "GLOBALID": "DEMO-SEG-002292", "kind": "main", "material": "Steel", "vintage_year": 1999, "diameter_in": 6.0, "coated": true, "s1_score": 0.405, "overall_pct": 0.929, "seg_level": "MODERATE", "like_pct": 0.746, "cons_pct": 0.929, "svc_down": 0, "fac_summary": "", "biz_50m": 1, "near_trans_seg": 1}}, {"type": "Feature", "geometry": {"type": "LineString", "coordinates": [[-83.01326829501515, 39.96021388831955], [-83.01288984431908, 39.960256829159775]]}, "properties": {"ticket_id": "DEMO-20260713-0033", "priority_level": "LOW", "GLOBALID": "DEMO-SEG-006794", "kind": "service", "material": "Steel", "vintage_year": 1985, "diameter_in": 1.0, "coated": true, "s1_score": 0.492, "overall_pct": 0.916, "seg_level": "MODERATE", "like_pct": 0.818, "cons_pct": 0.916, "svc_down": 1, "fac_summary": "", "biz_50m": 0, "near_trans_seg": 1}}, {"type": "Feature", "geometry": {"type": "LineString", "coordinates": [[-83.01326957216781, 39.960220553641236], [-83.01329275681839, 39.96034155157122]]}, "properties": {"ticket_id": "DEMO-20260713-0033", "priority_level": "LOW", "GLOBALID": "DEMO-SEG-002293", "kind": "main", "material": "Steel", "vintage_year": 2000, "diameter_in": 8.0, "coated": true, "s1_score": 0.385, "overall_pct": 0.978, "seg_level": "HIGH", "like_pct": 0.745, "cons_pct": 0.978, "svc_down": 0, "fac_summary": "1 daycare center", "biz_50m": 0, "near_trans_seg": 1}}, {"type": "Feature", "geometry": {"type": "LineString", "coordinates": [[-82.99613465801998, 39.96672665922108], [-82.996187, 39.966721000000014], [-82.99619519176072, 39.96672028519052]]}, "properties": {"ticket_id": "DEMO-20260713-0027", "priority_level": "LOW", "GLOBALID": "DEMO-SEG-001010", "kind": "main", "material": "MDPE", "vintage_year": 2000, "diameter_in": 6.0, "coated": false, "s1_score": 0.212, "overall_pct": 0.264, "seg_level": "LOW", "like_pct": 0.264, "cons_pct": 0.042, "svc_down": 0, "fac_summary": "", "biz_50m": 0, "near_trans_seg": 0}}, {"type": "Feature", "geometry": {"type": "LineString", "coordinates": [[-82.99619519176072, 39.96672028519052], [-82.9963016, 39.96671099999998], [-82.9964036, 39.96670979999999], [-82.99647739996088, 39.966716330975444]]}, "properties": {"ticket_id": "DEMO-20260713-0027", "priority_level": "LOW", "GLOBALID": "DEMO-SEG-001011", "kind": "main", "material": "MDPE", "vintage_year": 2011, "diameter_in": 2.0, "coated": false, "s1_score": 0.211, "overall_pct": 0.26, "seg_level": "LOW", "like_pct": 0.26, "cons_pct": 0.092, "svc_down": 1, "fac_summary": "", "biz_50m": 0, "near_trans_seg": 0}}, {"type": "Feature", "geometry": {"type": "LineString", "coordinates": [[-82.99693440647462, 39.96627600977757], [-82.9969391, 39.96630039999999], [-82.99694687721424, 39.96634074305785]]}, "properties": {"ticket_id": "DEMO-20260713-0027", "priority_level": "LOW", "GLOBALID": "DEMO-SEG-000994", "kind": "main", "material": "Steel", "vintage_year": 1986, "diameter_in": 3.0, "coated": true, "s1_score": 0.451, "overall_pct": 0.766, "seg_level": "LOW", "like_pct": 0.766, "cons_pct": 0.135, "svc_down": 0, "fac_summary": "", "biz_50m": 1, "near_trans_seg": 0}}, {"type": "Feature", "geometry": {"type": "LineString", "coordinates": [[-82.99693708437636, 39.966289925677614], [-82.99708146897834, 39.966273475330915]]}, "properties": {"ticket_id": "DEMO-20260713-0027", "priority_level": "LOW", "GLOBALID": "DEMO-SEG-006948", "kind": "service", "material": "MDPE", "vintage_year": 1991, "diameter_in": 1.0, "coated": false, "s1_score": 0.272, "overall_pct": 0.549, "seg_level": "LOW", "like_pct": 0.549, "cons_pct": 0.2, "svc_down": 1, "fac_summary": "", "biz_50m": 1, "near_trans_seg": 0}}, {"type": "Feature", "geometry": {"type": "LineString", "coordinates": [[-82.99694687721424, 39.96634074305785], [-82.9969754, 39.966488700000006], [-82.99699016306903, 39.966565346147235]]}, "properties": {"ticket_id": "DEMO-20260713-0027", "priority_level": "LOW", "GLOBALID": "DEMO-SEG-000995", "kind": "main", "material": "Steel", "vintage_year": 1960, "diameter_in": 3.0, "coated": false, "s1_score": 0.714, "overall_pct": 0.934, "seg_level": "MODERATE", "like_pct": 0.934, "cons_pct": 0.042, "svc_down": 0, "fac_summary": "", "biz_50m": 0, "near_trans_seg": 0}}, {"type": "Feature", "geometry": {"type": "LineString", "coordinates": [[-82.99699016306903, 39.966565346147235], [-82.9970093, 39.966664699999995], [-82.997033, 39.96679]]}, "properties": {"ticket_id": "DEMO-20260713-0027", "priority_level": "LOW", "GLOBALID": "DEMO-SEG-000996", "kind": "main", "material": "MDPE", "vintage_year": 2005, "diameter_in": 3.0, "coated": false, "s1_score": 0.205, "overall_pct": 0.235, "seg_level": "LOW", "like_pct": 0.235, "cons_pct": 0.042, "svc_down": 0, "fac_summary": "", "biz_50m": 0, "near_trans_seg": 0}}, {"type": "Feature", "geometry": {"type": "LineString", "coordinates": [[-82.99732116929191, 39.96675617421331], [-82.99760934172554, 39.966722364963886]]}, "properties": {"ticket_id": "DEMO-20260713-0027", "priority_level": "LOW", "GLOBALID": "DEMO-SEG-001004", "kind": "main", "material": "MDPE", "vintage_year": 1987, "diameter_in": 4.0, "coated": false, "s1_score": 0.307, "overall_pct": 0.691, "seg_level": "LOW", "like_pct": 0.691, "cons_pct": 0.135, "svc_down": 0, "fac_summary": "", "biz_50m": 1, "near_trans_seg": 0}}, {"type": "Feature", "geometry": {"type": "LineString", "coordinates": [[-82.99647739996088, 39.966716330975444], [-82.996494, 39.9667178], [-82.9966068, 39.9667381], [-82.99675149932362, 39.966770865815015]]}, "properties": {"ticket_id": "DEMO-20260713-0027", "priority_level": "LOW", "GLOBALID": "DEMO-SEG-001012", "kind": "main", "material": "Steel", "vintage_year": 1991, "diameter_in": 8.0, "coated": true, "s1_score": 0.441, "overall_pct": 0.757, "seg_level": "LOW", "like_pct": 0.757, "cons_pct": 0.092, "svc_down": 1, "fac_summary": "", "biz_50m": 0, "near_trans_seg": 0}}, {"type": "Feature", "geometry": {"type": "LineString", "coordinates": [[-82.99675149932362, 39.966770865815015], [-82.9967543, 39.96677149999999], [-82.9968973, 39.96678790000001], [-82.9969648, 39.96679149999999], [-82.997033, 39.96679]]}, "properties": {"ticket_id": "DEMO-20260713-0027", "priority_level": "LOW", "GLOBALID": "DEMO-SEG-001013", "kind": "main", "material": "MDPE", "vintage_year": 2010, "diameter_in": 4.0, "coated": false, "s1_score": 0.202, "overall_pct": 0.221, "seg_level": "LOW", "like_pct": 0.221, "cons_pct": 0.092, "svc_down": 1, "fac_summary": "", "biz_50m": 0, "near_trans_seg": 0}}, {"type": "Feature", "geometry": {"type": "LineString", "coordinates": [[-82.99760934172554, 39.966722364963886], [-82.9977028, 39.9667114], [-82.99775290015938, 39.96670551039594]]}, "properties": {"ticket_id": "DEMO-20260713-0027", "priority_level": "LOW", "GLOBALID": "DEMO-SEG-001005", "kind": "main", "material": "MDPE", "vintage_year": 2012, "diameter_in": 6.0, "coated": false, "s1_score": 0.15, "overall_pct": 0.053, "seg_level": "LOW", "like_pct": 0.053, "cons_pct": 0.042, "svc_down": 0, "fac_summary": "", "biz_50m": 0, "near_trans_seg": 0}}, {"type": "Feature", "geometry": {"type": "LineString", "coordinates": [[-82.997033, 39.96679], [-82.9971613, 39.9667749], [-82.9971948, 39.96677100000001], [-82.99732116929191, 39.96675617421331]]}, "properties": {"ticket_id": "DEMO-20260713-0027", "priority_level": "LOW", "GLOBALID": "DEMO-SEG-001003", "kind": "main", "material": "MDPE", "vintage_year": 2002, "diameter_in": 3.0, "coated": false, "s1_score": 0.239, "overall_pct": 0.387, "seg_level": "LOW", "like_pct": 0.387, "cons_pct": 0.042, "svc_down": 0, "fac_summary": "", "biz_50m": 0, "near_trans_seg": 0}}, {"type": "Feature", "geometry": {"type": "LineString", "coordinates": [[-82.9975190363053, 39.96673295994548], [-82.9976062856413, 39.967173247802535]]}, "properties": {"ticket_id": "DEMO-20260713-0027", "priority_level": "LOW", "GLOBALID": "DEMO-SEG-007471", "kind": "service", "material": "MDPE", "vintage_year": 1990, "diameter_in": 0.5, "coated": false, "s1_score": 0.287, "overall_pct": 0.615, "seg_level": "LOW", "like_pct": 0.615, "cons_pct": 0.2, "svc_down": 1, "fac_summary": "", "biz_50m": 1, "near_trans_seg": 0}}, {"type": "Feature", "geometry": {"type": "LineString", "coordinates": [[-82.98604718435418, 39.95729841128532], [-82.98606036588222, 39.95729689274309]]}, "properties": {"ticket_id": "DEMO-20260713-0054", "priority_level": "LOW", "GLOBALID": "DEMO-SEG-005666", "kind": "service", "material": "MDPE", "vintage_year": 2018, "diameter_in": 1.0, "coated": false, "s1_score": 0.17, "overall_pct": 0.2, "seg_level": "LOW", "like_pct": 0.105, "cons_pct": 0.2, "svc_down": 1, "fac_summary": "", "biz_50m": 1, "near_trans_seg": 0}}, {"type": "Feature", "geometry": {"type": "LineString", "coordinates": [[-82.9861900189643, 39.95766666615378], [-82.9861612, 39.9576701], [-82.98605829708886, 39.95768241449878]]}, "properties": {"ticket_id": "DEMO-20260713-0054", "priority_level": "LOW", "GLOBALID": "DEMO-SEG-001819", "kind": "main", "material": "MDPE", "vintage_year": 2022, "diameter_in": 4.0, "coated": false, "s1_score": 0.135, "overall_pct": 0.239, "seg_level": "LOW", "like_pct": 0.025, "cons_pct": 0.239, "svc_down": 0, "fac_summary": "", "biz_50m": 2, "near_trans_seg": 0}}, {"type": "Feature", "geometry": {"type": "LineString", "coordinates": [[-82.98735879002456, 39.95665409488793], [-82.98736317751786, 39.95667860910301]]}, "properties": {"ticket_id": "DEMO-20260713-0054", "priority_level": "LOW", "GLOBALID": "DEMO-SEG-007574", "kind": "service", "material": "MDPE", "vintage_year": 2004, "diameter_in": 0.75, "coated": false, "s1_score": 0.229, "overall_pct": 0.339, "seg_level": "LOW", "like_pct": 0.339, "cons_pct": 0.2, "svc_down": 1, "fac_summary": "", "biz_50m": 1, "near_trans_seg": 0}}, {"type": "Feature", "geometry": {"type": "LineString", "coordinates": [[-82.98750464678638, 39.95751796904061], [-82.98743038340355, 39.957131878877675]]}, "properties": {"ticket_id": "DEMO-20260713-0054", "priority_level": "LOW", "GLOBALID": "DEMO-SEG-007302", "kind": "service", "material": "MDPE", "vintage_year": 2024, "diameter_in": 0.75, "coated": false, "s1_score": 0.146, "overall_pct": 0.2, "seg_level": "LOW", "like_pct": 0.046, "cons_pct": 0.2, "svc_down": 1, "fac_summary": "", "biz_50m": 1, "near_trans_seg": 0}}, {"type": "Feature", "geometry": {"type": "LineString", "coordinates": [[-82.98670532345834, 39.95760987087132], [-82.98663496491798, 39.957243530358504]]}, "properties": {"ticket_id": "DEMO-20260713-0054", "priority_level": "LOW", "GLOBALID": "DEMO-SEG-007201", "kind": "service", "material": "MDPE", "vintage_year": 2022, "diameter_in": 1.0, "coated": false, "s1_score": 0.182, "overall_pct": 0.2, "seg_level": "LOW", "like_pct": 0.141, "cons_pct": 0.2, "svc_down": 1, "fac_summary": "", "biz_50m": 1, "near_trans_seg": 0}}, {"type": "Feature", "geometry": {"type": "LineString", "coordinates": [[-82.98676092655785, 39.957603546551184], [-82.9865811, 39.957623999999996], [-82.9865482, 39.9576271], [-82.98647544354989, 39.95763494191871]]}, "properties": {"ticket_id": "DEMO-20260713-0054", "priority_level": "LOW", "GLOBALID": "DEMO-SEG-001817", "kind": "main", "material": "MDPE", "vintage_year": 2022, "diameter_in": 4.0, "coated": false, "s1_score": 0.133, "overall_pct": 0.222, "seg_level": "LOW", "like_pct": 0.023, "cons_pct": 0.222, "svc_down": 0, "fac_summary": "", "biz_50m": 1, "near_trans_seg": 0}}, {"type": "Feature", "geometry": {"type": "LineString", "coordinates": [[-82.9860687020518, 39.9580419537856], [-82.98626689152833, 39.958019136766126]]}, "properties": {"ticket_id": "DEMO-20260713-0054", "priority_level": "LOW", "GLOBALID": "DEMO-SEG-006304", "kind": "service", "material": "MDPE", "vintage_year": 2019, "diameter_in": 1.25, "coated": false, "s1_score": 0.169, "overall_pct": 0.268, "seg_level": "LOW", "like_pct": 0.101, "cons_pct": 0.268, "svc_down": 1, "fac_summary": "", "biz_50m": 2, "near_trans_seg": 0}}, {"type": "Feature", "geometry": {"type": "LineString", "coordinates": [[-82.98828035686077, 39.957247463020806], [-82.9882537020381, 39.95711128560449]]}, "properties": {"ticket_id": "DEMO-20260713-0054", "priority_level": "LOW", "GLOBALID": "DEMO-SEG-006909", "kind": "service", "material": "Steel", "vintage_year": 1955, "diameter_in": 1.0, "coated": false, "s1_score": 0.727, "overall_pct": 0.94, "seg_level": "MODERATE", "like_pct": 0.94, "cons_pct": 0.2, "svc_down": 1, "fac_summary": "", "biz_50m": 1, "near_trans_seg": 0}}, {"type": "Feature", "geometry": {"type": "LineString", "coordinates": [[-82.9882855832799, 39.95742786142786], [-82.98818698352159, 39.95743929097913]]}, "properties": {"ticket_id": "DEMO-20260713-0054", "priority_level": "LOW", "GLOBALID": "DEMO-SEG-001811", "kind": "main", "material": "Steel", "vintage_year": 1952, "diameter_in": 6.0, "coated": false, "s1_score": 0.723, "overall_pct": 0.938, "seg_level": "MODERATE", "like_pct": 0.938, "cons_pct": 0.345, "svc_down": 5, "fac_summary": "", "biz_50m": 1, "near_trans_seg": 0}}, {"type": "Feature", "geometry": {"type": "LineString", "coordinates": [[-82.98818698352159, 39.95743929097913], [-82.9881593, 39.95744249999999], [-82.98790182222542, 39.95747241513044]]}, "properties": {"ticket_id": "DEMO-20260713-0054", "priority_level": "LOW", "GLOBALID": "DEMO-SEG-001812", "kind": "main", "material": "MDPE", "vintage_year": 2023, "diameter_in": 4.0, "coated": false, "s1_score": 0.124, "overall_pct": 0.343, "seg_level": "LOW", "like_pct": 0.014, "cons_pct": 0.343, "svc_down": 5, "fac_summary": "", "biz_50m": 1, "near_trans_seg": 0}}, {"type": "Feature", "geometry": {"type": "LineString", "coordinates": [[-82.98790182222542, 39.95747241513044], [-82.9877651, 39.95748830000001], [-82.98761659804762, 39.95750521639667]]}, "properties": {"ticket_id": "DEMO-20260713-0054", "priority_level": "LOW", "GLOBALID": "DEMO-SEG-001813", "kind": "main", "material": "MDPE", "vintage_year": 2022, "diameter_in": 3.0, "coated": false, "s1_score": 0.135, "overall_pct": 0.316, "seg_level": "LOW", "like_pct": 0.026, "cons_pct": 0.316, "svc_down": 4, "fac_summary": "", "biz_50m": 1, "near_trans_seg": 0}}, {"type": "Feature", "geometry": {"type": "LineString", "coordinates": [[-82.98779287655027, 39.95748507283619], [-82.98785956081622, 39.9578249788032]]}, "properties": {"ticket_id": "DEMO-20260713-0054", "priority_level": "LOW", "GLOBALID": "DEMO-SEG-007040", "kind": "service", "material": "MDPE", "vintage_year": 2022, "diameter_in": 0.5, "coated": false, "s1_score": 0.14, "overall_pct": 0.2, "seg_level": "LOW", "like_pct": 0.033, "cons_pct": 0.2, "svc_down": 1, "fac_summary": "", "biz_50m": 1, "near_trans_seg": 0}}, {"type": "Feature", "geometry": {"type": "LineString", "coordinates": [[-82.98807935743388, 39.958361428096374], [-82.98806702403711, 39.95829779027004]]}, "properties": {"ticket_id": "DEMO-20260713-0054", "priority_level": "LOW", "GLOBALID": "DEMO-SEG-007569", "kind": "service", "material": "MDPE", "vintage_year": 2023, "diameter_in": 0.75, "coated": false, "s1_score": 0.152, "overall_pct": 0.2, "seg_level": "LOW", "like_pct": 0.058, "cons_pct": 0.2, "svc_down": 1, "fac_summary": "", "biz_50m": 1, "near_trans_seg": 0}}, {"type": "Feature", "geometry": {"type": "LineString", "coordinates": [[-82.98647544354989, 39.95763494191871], [-82.9862745, 39.95765659999999], [-82.9861900189643, 39.95766666615378]]}, "properties": {"ticket_id": "DEMO-20260713-0054", "priority_level": "LOW", "GLOBALID": "DEMO-SEG-001818", "kind": "main", "material": "MDPE", "vintage_year": 2024, "diameter_in": 3.0, "coated": false, "s1_score": 0.139, "overall_pct": 0.239, "seg_level": "LOW", "like_pct": 0.032, "cons_pct": 0.239, "svc_down": 0, "fac_summary": "", "biz_50m": 2, "near_trans_seg": 0}}, {"type": "Feature", "geometry": {"type": "LineString", "coordinates": [[-82.9865811, 39.957623999999996], [-82.98662033668934, 39.9578673886366]]}, "properties": {"ticket_id": "DEMO-20260713-0054", "priority_level": "LOW", "GLOBALID": "DEMO-SEG-006466", "kind": "service", "material": "MDPE", "vintage_year": 2022, "diameter_in": 0.5, "coated": false, "s1_score": 0.16, "overall_pct": 0.2, "seg_level": "LOW", "like_pct": 0.075, "cons_pct": 0.2, "svc_down": 1, "fac_summary": "", "biz_50m": 1, "near_trans_seg": 0}}, {"type": "Feature", "geometry": {"type": "LineString", "coordinates": [[-82.98761659804762, 39.95750521639667], [-82.987428, 39.957526699999995], [-82.98733148316701, 39.957538556742186]]}, "properties": {"ticket_id": "DEMO-20260713-0054", "priority_level": "LOW", "GLOBALID": "DEMO-SEG-001814", "kind": "main", "material": "MDPE", "vintage_year": 2024, "diameter_in": 4.0, "coated": false, "s1_score": 0.102, "overall_pct": 0.299, "seg_level": "LOW", "like_pct": 0.004, "cons_pct": 0.299, "svc_down": 3, "fac_summary": "", "biz_50m": 1, "near_trans_seg": 0}}, {"type": "Feature", "geometry": {"type": "LineString", "coordinates": [[-82.98733148316701, 39.957538556742186], [-82.9872017, 39.9575545], [-82.98704632098344, 39.95757163175846]]}, "properties": {"ticket_id": "DEMO-20260713-0054", "priority_level": "LOW", "GLOBALID": "DEMO-SEG-001815", "kind": "main", "material": "MDPE", "vintage_year": 2024, "diameter_in": 6.0, "coated": false, "s1_score": 0.105, "overall_pct": 0.287, "seg_level": "LOW", "like_pct": 0.004, "cons_pct": 0.287, "svc_down": 2, "fac_summary": "", "biz_50m": 1, "near_trans_seg": 0}}, {"type": "Feature", "geometry": {"type": "LineString", "coordinates": [[-82.98704632098344, 39.95757163175846], [-82.9869804, 39.9575789], [-82.986822, 39.9575966], [-82.98676092655785, 39.957603546551184]]}, "properties": {"ticket_id": "DEMO-20260713-0054", "priority_level": "LOW", "GLOBALID": "DEMO-SEG-001816", "kind": "main", "material": "MDPE", "vintage_year": 2024, "diameter_in": 4.0, "coated": false, "s1_score": 0.153, "overall_pct": 0.285, "seg_level": "LOW", "like_pct": 0.06, "cons_pct": 0.285, "svc_down": 2, "fac_summary": "", "biz_50m": 1, "near_trans_seg": 0}}, {"type": "Feature", "geometry": {"type": "LineString", "coordinates": [[-82.98708989340015, 39.95756682757867], [-82.98714914837474, 39.95788509642338]]}, "properties": {"ticket_id": "DEMO-20260713-0054", "priority_level": "LOW", "GLOBALID": "DEMO-SEG-006934", "kind": "service", "material": "MDPE", "vintage_year": 2024, "diameter_in": 1.0, "coated": false, "s1_score": 0.131, "overall_pct": 0.2, "seg_level": "LOW", "like_pct": 0.021, "cons_pct": 0.2, "svc_down": 1, "fac_summary": "", "biz_50m": 1, "near_trans_seg": 0}}, {"type": "Feature", "geometry": {"type": "LineString", "coordinates": [[-82.98736398444107, 39.958373698729595], [-82.98736247437748, 39.95836590146735]]}, "properties": {"ticket_id": "DEMO-20260713-0054", "priority_level": "LOW", "GLOBALID": "DEMO-SEG-007583", "kind": "service", "material": "MDPE", "vintage_year": 2024, "diameter_in": 1.25, "coated": false, "s1_score": 0.117, "overall_pct": 0.2, "seg_level": "LOW", "like_pct": 0.009, "cons_pct": 0.2, "svc_down": 1, "fac_summary": "", "biz_50m": 1, "near_trans_seg": 0}}, {"type": "Feature", "geometry": {"type": "LineString", "coordinates": [[-82.99904317742691, 39.94610447722935], [-82.99903302007027, 39.94605270454979]]}, "properties": {"ticket_id": "DEMO-20260713-0004", "priority_level": "LOW", "GLOBALID": "DEMO-SEG-006070", "kind": "service", "material": "MDPE", "vintage_year": 1985, "diameter_in": 1.25, "coated": false, "s1_score": 0.321, "overall_pct": 0.725, "seg_level": "LOW", "like_pct": 0.725, "cons_pct": 0.392, "svc_down": 1, "fac_summary": "", "biz_50m": 6, "near_trans_seg": 0}}, {"type": "Feature", "geometry": {"type": "LineString", "coordinates": [[-82.99844500000002, 39.94617399999999], [-82.9984368, 39.9461346], [-82.99842238894188, 39.94606323582046]]}, "properties": {"ticket_id": "DEMO-20260713-0004", "priority_level": "LOW", "GLOBALID": "DEMO-SEG-002679", "kind": "main", "material": "MDPE", "vintage_year": 1985, "diameter_in": 2.0, "coated": false, "s1_score": 0.301, "overall_pct": 0.671, "seg_level": "LOW", "like_pct": 0.671, "cons_pct": 0.349, "svc_down": 0, "fac_summary": "", "biz_50m": 5, "near_trans_seg": 0}}, {"type": "Feature", "geometry": {"type": "LineString", "coordinates": [[-82.999314, 39.946073], [-82.99930866738414, 39.94604794953429]]}, "properties": {"ticket_id": "DEMO-20260713-0004", "priority_level": "LOW", "GLOBALID": "DEMO-SEG-002686", "kind": "main", "material": "MDPE", "vintage_year": 1986, "diameter_in": 2.0, "coated": false, "s1_score": 0.307, "overall_pct": 0.689, "seg_level": "LOW", "like_pct": 0.689, "cons_pct": 0.375, "svc_down": 0, "fac_summary": "", "biz_50m": 6, "near_trans_seg": 0}}, {"type": "Feature", "geometry": {"type": "LineString", "coordinates": [[-82.999314, 39.946073], [-82.999328, 39.94613799999998], [-82.99935831995869, 39.94627532459661]]}, "properties": {"ticket_id": "DEMO-20260713-0004", "priority_level": "LOW", "GLOBALID": "DEMO-SEG-001744", "kind": "main", "material": "MDPE", "vintage_year": 1996, "diameter_in": 2.0, "coated": false, "s1_score": 0.273, "overall_pct": 0.553, "seg_level": "LOW", "like_pct": 0.553, "cons_pct": 0.375, "svc_down": 0, "fac_summary": "", "biz_50m": 6, "near_trans_seg": 0}}, {"type": "Feature", "geometry": {"type": "LineString", "coordinates": [[-82.99935494227627, 39.946260026490215], [-82.99965663425478, 39.94622056495151]]}, "properties": {"ticket_id": "DEMO-20260713-0004", "priority_level": "LOW", "GLOBALID": "DEMO-SEG-006368", "kind": "service", "material": "MDPE", "vintage_year": 1997, "diameter_in": 0.5, "coated": false, "s1_score": 0.254, "overall_pct": 0.458, "seg_level": "LOW", "like_pct": 0.458, "cons_pct": 0.436, "svc_down": 1, "fac_summary": "", "biz_50m": 7, "near_trans_seg": 0}}, {"type": "Feature", "geometry": {"type": "LineString", "coordinates": [[-82.99905356340291, 39.94610327009784], [-82.99904360703945, 39.94605252193287]]}, "properties": {"ticket_id": "DEMO-20260713-0004", "priority_level": "LOW", "GLOBALID": "DEMO-SEG-003876", "kind": "service", "material": "MDPE", "vintage_year": 1985, "diameter_in": 1.0, "coated": false, "s1_score": 0.319, "overall_pct": 0.721, "seg_level": "LOW", "like_pct": 0.721, "cons_pct": 0.392, "svc_down": 1, "fac_summary": "", "biz_50m": 6, "near_trans_seg": 0}}, {"type": "Feature", "geometry": {"type": "LineString", "coordinates": [[-82.99887743830332, 39.9461237404699], [-82.99886407354545, 39.94605561861395]]}, "properties": {"ticket_id": "DEMO-20260713-0004", "priority_level": "LOW", "GLOBALID": "DEMO-SEG-004005", "kind": "service", "material": "MDPE", "vintage_year": 1989, "diameter_in": 1.25, "coated": false, "s1_score": 0.296, "overall_pct": 0.653, "seg_level": "LOW", "like_pct": 0.653, "cons_pct": 0.392, "svc_down": 1, "fac_summary": "", "biz_50m": 6, "near_trans_seg": 0}}, {"type": "Feature", "geometry": {"type": "LineString", "coordinates": [[-82.99880640453024, 39.94613199638503], [-82.9987916651437, 39.94605686747056]]}, "properties": {"ticket_id": "DEMO-20260713-0004", "priority_level": "LOW", "GLOBALID": "DEMO-SEG-003887", "kind": "service", "material": "MDPE", "vintage_year": 1991, "diameter_in": 0.5, "coated": false, "s1_score": 0.296, "overall_pct": 0.654, "seg_level": "LOW", "like_pct": 0.654, "cons_pct": 0.436, "svc_down": 1, "fac_summary": "", "biz_50m": 7, "near_trans_seg": 0}}, {"type": "Feature", "geometry": {"type": "LineString", "coordinates": [[-82.999314, 39.946073], [-82.99902433364697, 39.94610666738408]]}, "properties": {"ticket_id": "DEMO-20260713-0004", "priority_level": "LOW", "GLOBALID": "DEMO-SEG-003103", "kind": "main", "material": "MDPE", "vintage_year": 1985, "diameter_in": 4.0, "coated": false, "s1_score": 0.316, "overall_pct": 0.749, "seg_level": "LOW", "like_pct": 0.714, "cons_pct": 0.749, "svc_down": 4, "fac_summary": "", "biz_50m": 7, "near_trans_seg": 0}}, {"type": "Feature", "geometry": {"type": "LineString", "coordinates": [[-82.99902433364697, 39.94610666738408], [-82.9987346669803, 39.94614033405075]]}, "properties": {"ticket_id": "DEMO-20260713-0004", "priority_level": "LOW", "GLOBALID": "DEMO-SEG-003104", "kind": "main", "material": "MDPE", "vintage_year": 1985, "diameter_in": 2.0, "coated": false, "s1_score": 0.302, "overall_pct": 0.673, "seg_level": "LOW", "like_pct": 0.673, "cons_pct": 0.628, "svc_down": 2, "fac_summary": "", "biz_50m": 7, "near_trans_seg": 0}}, {"type": "Feature", "geometry": {"type": "LineString", "coordinates": [[-82.99857881998165, 39.94615844714145], [-82.9985680500046, 39.94610355001142]]}, "properties": {"ticket_id": "DEMO-20260713-0004", "priority_level": "LOW", "GLOBALID": "DEMO-SEG-003488", "kind": "service", "material": "MDPE", "vintage_year": 1999, "diameter_in": 1.25, "coated": false, "s1_score": 0.259, "overall_pct": 0.483, "seg_level": "LOW", "like_pct": 0.483, "cons_pct": 0.392, "svc_down": 1, "fac_summary": "", "biz_50m": 6, "near_trans_seg": 0}}, {"type": "Feature", "geometry": {"type": "LineString", "coordinates": [[-82.99831350059262, 39.94618922686463], [-82.9982978839446, 39.94610933004441]]}, "properties": {"ticket_id": "DEMO-20260713-0004", "priority_level": "LOW", "GLOBALID": "DEMO-SEG-003734", "kind": "service", "material": "MDPE", "vintage_year": 1994, "diameter_in": 1.0, "coated": false, "s1_score": 0.256, "overall_pct": 0.469, "seg_level": "LOW", "like_pct": 0.469, "cons_pct": 0.392, "svc_down": 1, "fac_summary": "", "biz_50m": 6, "near_trans_seg": 0}}, {"type": "Feature", "geometry": {"type": "LineString", "coordinates": [[-82.9987346669803, 39.94614033405075], [-82.99844500000002, 39.94617399999999]]}, "properties": {"ticket_id": "DEMO-20260713-0004", "priority_level": "LOW", "GLOBALID": "DEMO-SEG-003105", "kind": "main", "material": "MDPE", "vintage_year": 1999, "diameter_in": 3.0, "coated": false, "s1_score": 0.239, "overall_pct": 0.409, "seg_level": "LOW", "like_pct": 0.386, "cons_pct": 0.409, "svc_down": 0, "fac_summary": "", "biz_50m": 7, "near_trans_seg": 0}}, {"type": "Feature", "geometry": {"type": "LineString", "coordinates": [[-82.99907362682222, 39.946100938182774], [-82.99909381808514, 39.94620385381518]]}, "properties": {"ticket_id": "DEMO-20260713-0004", "priority_level": "LOW", "GLOBALID": "DEMO-SEG-004069", "kind": "service", "material": "MDPE", "vintage_year": 1987, "diameter_in": 0.75, "coated": false, "s1_score": 0.284, "overall_pct": 0.6, "seg_level": "LOW", "like_pct": 0.6, "cons_pct": 0.392, "svc_down": 1, "fac_summary": "", "biz_50m": 6, "near_trans_seg": 0}}, {"type": "Feature", "geometry": {"type": "LineString", "coordinates": [[-82.99844500000002, 39.94617399999999], [-82.9981911, 39.9462034], [-82.99814833375255, 39.946208334584256]]}, "properties": {"ticket_id": "DEMO-20260713-0004", "priority_level": "LOW", "GLOBALID": "DEMO-SEG-001999", "kind": "main", "material": "MDPE", "vintage_year": 1992, "diameter_in": 6.0, "coated": false, "s1_score": 0.287, "overall_pct": 0.617, "seg_level": "LOW", "like_pct": 0.617, "cons_pct": 0.537, "svc_down": 2, "fac_summary": "", "biz_50m": 6, "near_trans_seg": 0}}, {"type": "Feature", "geometry": {"type": "LineString", "coordinates": [[-82.99936751618448, 39.94631697585117], [-82.99958580193147, 39.946288423988236]]}, "properties": {"ticket_id": "DEMO-20260713-0004", "priority_level": "LOW", "GLOBALID": "DEMO-SEG-005483", "kind": "service", "material": "MDPE", "vintage_year": 1998, "diameter_in": 0.5, "coated": false, "s1_score": 0.246, "overall_pct": 0.422, "seg_level": "LOW", "like_pct": 0.422, "cons_pct": 0.392, "svc_down": 1, "fac_summary": "", "biz_50m": 6, "near_trans_seg": 0}}, {"type": "Feature", "geometry": {"type": "LineString", "coordinates": [[-83.00007005474956, 39.94631803023587], [-83.00006945001104, 39.94631810002446]]}, "properties": {"ticket_id": "DEMO-20260713-0004", "priority_level": "LOW", "GLOBALID": "DEMO-SEG-004410", "kind": "service", "material": "MDPE", "vintage_year": 1993, "diameter_in": 1.0, "coated": false, "s1_score": 0.271, "overall_pct": 0.544, "seg_level": "LOW", "like_pct": 0.544, "cons_pct": 0.333, "svc_down": 1, "fac_summary": "", "biz_50m": 4, "near_trans_seg": 0}}, {"type": "Feature", "geometry": {"type": "LineString", "coordinates": [[-82.99936978591127, 39.94632725581725], [-82.9990632500426, 39.9463673501019]]}, "properties": {"ticket_id": "DEMO-20260713-0004", "priority_level": "LOW", "GLOBALID": "DEMO-SEG-006395", "kind": "service", "material": "MDPE", "vintage_year": 1994, "diameter_in": 0.5, "coated": false, "s1_score": 0.263, "overall_pct": 0.504, "seg_level": "LOW", "like_pct": 0.504, "cons_pct": 0.436, "svc_down": 1, "fac_summary": "", "biz_50m": 7, "near_trans_seg": 0}}, {"type": "Feature", "geometry": {"type": "LineString", "coordinates": [[-82.99935831995869, 39.94627532459661], [-82.9993777, 39.94636309999999], [-82.9993872, 39.946418], [-82.99939759127476, 39.946478233214606]]}, "properties": {"ticket_id": "DEMO-20260713-0004", "priority_level": "LOW", "GLOBALID": "DEMO-SEG-001745", "kind": "main", "material": "MDPE", "vintage_year": 1994, "diameter_in": 4.0, "coated": false, "s1_score": 0.258, "overall_pct": 0.479, "seg_level": "LOW", "like_pct": 0.479, "cons_pct": 0.375, "svc_down": 0, "fac_summary": "", "biz_50m": 6, "near_trans_seg": 0}}, {"type": "Feature", "geometry": {"type": "LineString", "coordinates": [[-83.00007265036967, 39.94640712860484], [-82.99995244999359, 39.94642100000134]]}, "properties": {"ticket_id": "DEMO-20260713-0004", "priority_level": "LOW", "GLOBALID": "DEMO-SEG-006295", "kind": "service", "material": "MDPE", "vintage_year": 1991, "diameter_in": 1.0, "coated": false, "s1_score": 0.289, "overall_pct": 0.623, "seg_level": "LOW", "like_pct": 0.623, "cons_pct": 0.333, "svc_down": 1, "fac_summary": "", "biz_50m": 4, "near_trans_seg": 0}}, {"type": "Feature", "geometry": {"type": "LineString", "coordinates": [[-82.99938943450184, 39.94643095234097], [-82.99912572415381, 39.94645790348543]]}, "properties": {"ticket_id": "DEMO-20260713-0004", "priority_level": "LOW", "GLOBALID": "DEMO-SEG-006111", "kind": "service", "material": "MDPE", "vintage_year": 1997, "diameter_in": 1.25, "coated": false, "s1_score": 0.26, "overall_pct": 0.488, "seg_level": "LOW", "like_pct": 0.488, "cons_pct": 0.436, "svc_down": 1, "fac_summary": "", "biz_50m": 7, "near_trans_seg": 0}}, {"type": "Feature", "geometry": {"type": "LineString", "coordinates": [[-82.99939641796816, 39.94647143212739], [-82.99971375001117, 39.94643900003114]]}, "properties": {"ticket_id": "DEMO-20260713-0004", "priority_level": "LOW", "GLOBALID": "DEMO-SEG-006476", "kind": "service", "material": "MDPE", "vintage_year": 1994, "diameter_in": 0.75, "coated": false, "s1_score": 0.274, "overall_pct": 0.556, "seg_level": "LOW", "like_pct": 0.556, "cons_pct": 0.392, "svc_down": 1, "fac_summary": "", "biz_50m": 6, "near_trans_seg": 0}}, {"type": "Feature", "geometry": {"type": "LineString", "coordinates": [[-82.99940406357722, 39.94651574997362], [-82.99914686308924, 39.946542035827335]]}, "properties": {"ticket_id": "DEMO-20260713-0004", "priority_level": "LOW", "GLOBALID": "DEMO-SEG-006028", "kind": "service", "material": "MDPE", "vintage_year": 1985, "diameter_in": 1.25, "coated": false, "s1_score": 0.328, "overall_pct": 0.735, "seg_level": "LOW", "like_pct": 0.735, "cons_pct": 0.436, "svc_down": 1, "fac_summary": "", "biz_50m": 7, "near_trans_seg": 0}}, {"type": "Feature", "geometry": {"type": "LineString", "coordinates": [[-82.99939759127476, 39.946478233214606], [-82.99943268063942, 39.94668162847149]]}, "properties": {"ticket_id": "DEMO-20260713-0004", "priority_level": "LOW", "GLOBALID": "DEMO-SEG-001746", "kind": "main", "material": "Steel", "vintage_year": 1972, "diameter_in": 4.0, "coated": true, "s1_score": 0.676, "overall_pct": 0.909, "seg_level": "MODERATE", "like_pct": 0.909, "cons_pct": 0.375, "svc_down": 0, "fac_summary": "", "biz_50m": 6, "near_trans_seg": 0}}, {"type": "Feature", "geometry": {"type": "LineString", "coordinates": [[-82.99941755088115, 39.9465939291016], [-82.9997463752113, 39.946560322434095]]}, "properties": {"ticket_id": "DEMO-20260713-0004", "priority_level": "LOW", "GLOBALID": "DEMO-SEG-006546", "kind": "service", "material": "MDPE", "vintage_year": 1985, "diameter_in": 0.75, "coated": false, "s1_score": 0.315, "overall_pct": 0.713, "seg_level": "LOW", "like_pct": 0.713, "cons_pct": 0.392, "svc_down": 1, "fac_summary": "", "biz_50m": 6, "near_trans_seg": 0}}, {"type": "Feature", "geometry": {"type": "LineString", "coordinates": [[-82.997555, 39.946277], [-82.9975256, 39.946126400000004], [-82.99751633114263, 39.94607885624489]]}, "properties": {"ticket_id": "DEMO-20260713-0004", "priority_level": "LOW", "GLOBALID": "DEMO-SEG-001192", "kind": "main", "material": "MDPE", "vintage_year": 1989, "diameter_in": 3.0, "coated": false, "s1_score": 0.301, "overall_pct": 0.671, "seg_level": "LOW", "like_pct": 0.671, "cons_pct": 0.239, "svc_down": 0, "fac_summary": "", "biz_50m": 2, "near_trans_seg": 0}}, {"type": "Feature", "geometry": {"type": "LineString", "coordinates": [[-82.99906065718092, 39.94610244560829], [-82.99909535346326, 39.946279293829555]]}, "properties": {"ticket_id": "DEMO-20260713-0004", "priority_level": "LOW", "GLOBALID": "DEMO-SEG-005685", "kind": "service", "material": "MDPE", "vintage_year": 1985, "diameter_in": 0.75, "coated": false, "s1_score": 0.317, "overall_pct": 0.716, "seg_level": "LOW", "like_pct": 0.716, "cons_pct": 0.436, "svc_down": 1, "fac_summary": "", "biz_50m": 7, "near_trans_seg": 0}}, {"type": "Feature", "geometry": {"type": "LineString", "coordinates": [[-82.99863409915241, 39.94615202242522], [-82.99865440001021, 39.946255500025885]]}, "properties": {"ticket_id": "DEMO-20260713-0004", "priority_level": "LOW", "GLOBALID": "DEMO-SEG-004079", "kind": "service", "material": "MDPE", "vintage_year": 1999, "diameter_in": 1.25, "coated": false, "s1_score": 0.247, "overall_pct": 0.436, "seg_level": "LOW", "like_pct": 0.425, "cons_pct": 0.436, "svc_down": 1, "fac_summary": "", "biz_50m": 7, "near_trans_seg": 0}}, {"type": "Feature", "geometry": {"type": "LineString", "coordinates": [[-82.99844500000002, 39.94617399999999], [-82.9984544, 39.94622069999999], [-82.99848555622592, 39.94637599361362]]}, "properties": {"ticket_id": "DEMO-20260713-0004", "priority_level": "LOW", "GLOBALID": "DEMO-SEG-001734", "kind": "main", "material": "MDPE", "vintage_year": 1985, "diameter_in": 3.0, "coated": false, "s1_score": 0.291, "overall_pct": 0.748, "seg_level": "LOW", "like_pct": 0.634, "cons_pct": 0.748, "svc_down": 3, "fac_summary": "", "biz_50m": 7, "near_trans_seg": 0}}, {"type": "Feature", "geometry": {"type": "LineString", "coordinates": [[-82.99846702447671, 39.94628362493762], [-82.99838723064308, 39.946293108760415]]}, "properties": {"ticket_id": "DEMO-20260713-0004", "priority_level": "LOW", "GLOBALID": "DEMO-SEG-003516", "kind": "service", "material": "MDPE", "vintage_year": 1991, "diameter_in": 0.75, "coated": false, "s1_score": 0.288, "overall_pct": 0.62, "seg_level": "LOW", "like_pct": 0.62, "cons_pct": 0.392, "svc_down": 1, "fac_summary": "", "biz_50m": 6, "near_trans_seg": 0}}, {"type": "Feature", "geometry": {"type": "LineString", "coordinates": [[-82.99846697365332, 39.94628337161584], [-82.99833319501911, 39.946299271719994]]}, "properties": {"ticket_id": "DEMO-20260713-0004", "priority_level": "LOW", "GLOBALID": "DEMO-SEG-004072", "kind": "service", "material": "MDPE", "vintage_year": 1986, "diameter_in": 1.0, "coated": false, "s1_score": 0.275, "overall_pct": 0.564, "seg_level": "LOW", "like_pct": 0.564, "cons_pct": 0.392, "svc_down": 1, "fac_summary": "", "biz_50m": 6, "near_trans_seg": 0}}, {"type": "Feature", "geometry": {"type": "LineString", "coordinates": [[-82.9984829940295, 39.9463632227532], [-82.99865945001208, 39.94634225003049]]}, "properties": {"ticket_id": "DEMO-20260713-0004", "priority_level": "LOW", "GLOBALID": "DEMO-SEG-004736", "kind": "service", "material": "MDPE", "vintage_year": 1986, "diameter_in": 0.75, "coated": false, "s1_score": 0.324, "overall_pct": 0.73, "seg_level": "LOW", "like_pct": 0.73, "cons_pct": 0.503, "svc_down": 1, "fac_summary": "", "biz_50m": 8, "near_trans_seg": 0}}, {"type": "Feature", "geometry": {"type": "LineString", "coordinates": [[-82.99848555622592, 39.94637599361362], [-82.9985055, 39.94647539999999], [-82.9985265491044, 39.94657793469615]]}, "properties": {"ticket_id": "DEMO-20260713-0004", "priority_level": "LOW", "GLOBALID": "DEMO-SEG-001735", "kind": "main", "material": "MDPE", "vintage_year": 1987, "diameter_in": 6.0, "coated": false, "s1_score": 0.279, "overall_pct": 0.578, "seg_level": "LOW", "like_pct": 0.578, "cons_pct": 0.465, "svc_down": 0, "fac_summary": "", "biz_50m": 8, "near_trans_seg": 0}}, {"type": "Feature", "geometry": {"type": "LineString", "coordinates": [[-82.99851679298898, 39.94653041061098], [-82.99868542852835, 39.94650990201813]]}, "properties": {"ticket_id": "DEMO-20260713-0004", "priority_level": "LOW", "GLOBALID": "DEMO-SEG-004597", "kind": "service", "material": "MDPE", "vintage_year": 1990, "diameter_in": 1.25, "coated": false, "s1_score": 0.282, "overall_pct": 0.593, "seg_level": "LOW", "like_pct": 0.593, "cons_pct": 0.436, "svc_down": 1, "fac_summary": "", "biz_50m": 7, "near_trans_seg": 0}}, {"type": "Feature", "geometry": {"type": "LineString", "coordinates": [[-82.99853494258679, 39.94661932273983], [-82.99870665913298, 39.94659912318825]]}, "properties": {"ticket_id": "DEMO-20260713-0004", "priority_level": "LOW", "GLOBALID": "DEMO-SEG-004649", "kind": "service", "material": "MDPE", "vintage_year": 1985, "diameter_in": 1.25, "coated": false, "s1_score": 0.323, "overall_pct": 0.729, "seg_level": "LOW", "like_pct": 0.729, "cons_pct": 0.436, "svc_down": 1, "fac_summary": "", "biz_50m": 7, "near_trans_seg": 0}}, {"type": "Feature", "geometry": {"type": "LineString", "coordinates": [[-82.99852985365038, 39.94659403181623], [-82.99810407639072, 39.94664581154074]]}, "properties": {"ticket_id": "DEMO-20260713-0004", "priority_level": "LOW", "GLOBALID": "DEMO-SEG-006979", "kind": "service", "material": "MDPE", "vintage_year": 1987, "diameter_in": 0.5, "coated": false, "s1_score": 0.304, "overall_pct": 0.68, "seg_level": "LOW", "like_pct": 0.68, "cons_pct": 0.392, "svc_down": 1, "fac_summary": "", "biz_50m": 6, "near_trans_seg": 0}}, {"type": "Feature", "geometry": {"type": "LineString", "coordinates": [[-82.99792268407829, 39.946234415375244], [-82.99790862358482, 39.94616242833846]]}, "properties": {"ticket_id": "DEMO-20260713-0004", "priority_level": "LOW", "GLOBALID": "DEMO-SEG-003619", "kind": "service", "material": "MDPE", "vintage_year": 1987, "diameter_in": 1.25, "coated": false, "s1_score": 0.291, "overall_pct": 0.631, "seg_level": "LOW", "like_pct": 0.631, "cons_pct": 0.333, "svc_down": 1, "fac_summary": "", "biz_50m": 4, "near_trans_seg": 0}}, {"type": "Feature", "geometry": {"type": "LineString", "coordinates": [[-82.99814833375255, 39.946208334584256], [-82.9980585, 39.94621869999999], [-82.997851660365, 39.94624263352324]]}, "properties": {"ticket_id": "DEMO-20260713-0004", "priority_level": "LOW", "GLOBALID": "DEMO-SEG-002000", "kind": "main", "material": "MDPE", "vintage_year": 1986, "diameter_in": 4.0, "coated": false, "s1_score": 0.288, "overall_pct": 0.621, "seg_level": "LOW", "like_pct": 0.621, "cons_pct": 0.372, "svc_down": 0, "fac_summary": "", "biz_50m": 5, "near_trans_seg": 0}}, {"type": "Feature", "geometry": {"type": "LineString", "coordinates": [[-82.997851660365, 39.94624263352324], [-82.9977275, 39.94625700000001], [-82.9977032, 39.94625979999999], [-82.997555, 39.946277]]}, "properties": {"ticket_id": "DEMO-20260713-0004", "priority_level": "LOW", "GLOBALID": "DEMO-SEG-002001", "kind": "main", "material": "MDPE", "vintage_year": 1997, "diameter_in": 4.0, "coated": false, "s1_score": 0.238, "overall_pct": 0.383, "seg_level": "LOW", "like_pct": 0.383, "cons_pct": 0.32, "svc_down": 0, "fac_summary": "", "biz_50m": 4, "near_trans_seg": 0}}, {"type": "Feature", "geometry": {"type": "LineString", "coordinates": [[-82.99726075771551, 39.946312254617595], [-82.9973789, 39.94629809999999], [-82.9974107, 39.9462943], [-82.997555, 39.946277]]}, "properties": {"ticket_id": "DEMO-20260713-0004", "priority_level": "LOW", "GLOBALID": "DEMO-SEG-001998", "kind": "main", "material": "MDPE", "vintage_year": 1991, "diameter_in": 3.0, "coated": false, "s1_score": 0.276, "overall_pct": 0.568, "seg_level": "LOW", "like_pct": 0.568, "cons_pct": 0.239, "svc_down": 0, "fac_summary": "", "biz_50m": 2, "near_trans_seg": 0}}, {"type": "Feature", "geometry": {"type": "LineString", "coordinates": [[-82.99793023733211, 39.94623354138619], [-82.99795982695407, 39.94638503395001]]}, "properties": {"ticket_id": "DEMO-20260713-0004", "priority_level": "LOW", "GLOBALID": "DEMO-SEG-005052", "kind": "service", "material": "MDPE", "vintage_year": 1986, "diameter_in": 1.25, "coated": false, "s1_score": 0.318, "overall_pct": 0.719, "seg_level": "LOW", "like_pct": 0.719, "cons_pct": 0.333, "svc_down": 1, "fac_summary": "", "biz_50m": 4, "near_trans_seg": 0}}, {"type": "Feature", "geometry": {"type": "LineString", "coordinates": [[-82.997555, 39.946277], [-82.99759321476785, 39.94647928257924]]}, "properties": {"ticket_id": "DEMO-20260713-0004", "priority_level": "LOW", "GLOBALID": "DEMO-SEG-001727", "kind": "main", "material": "MDPE", "vintage_year": 1994, "diameter_in": 4.0, "coated": false, "s1_score": 0.257, "overall_pct": 0.475, "seg_level": "LOW", "like_pct": 0.475, "cons_pct": 0.32, "svc_down": 0, "fac_summary": "", "biz_50m": 4, "near_trans_seg": 0}}, {"type": "Feature", "geometry": {"type": "LineString", "coordinates": [[-82.99760464884386, 39.94653980641655], [-82.99792337335037, 39.94650413526388]]}, "properties": {"ticket_id": "DEMO-20260713-0004", "priority_level": "LOW", "GLOBALID": "DEMO-SEG-006487", "kind": "service", "material": "MDPE", "vintage_year": 1991, "diameter_in": 1.25, "coated": false, "s1_score": 0.303, "overall_pct": 0.68, "seg_level": "LOW", "like_pct": 0.68, "cons_pct": 0.333, "svc_down": 1, "fac_summary": "", "biz_50m": 4, "near_trans_seg": 0}}, {"type": "Feature", "geometry": {"type": "LineString", "coordinates": [[-82.99759321476785, 39.94647928257924], [-82.99763142978523, 39.94668156513368]]}, "properties": {"ticket_id": "DEMO-20260713-0004", "priority_level": "LOW", "GLOBALID": "DEMO-SEG-001728", "kind": "main", "material": "MDPE", "vintage_year": 1985, "diameter_in": 6.0, "coated": false, "s1_score": 0.283, "overall_pct": 0.599, "seg_level": "LOW", "like_pct": 0.599, "cons_pct": 0.293, "svc_down": 0, "fac_summary": "", "biz_50m": 3, "near_trans_seg": 0}}, {"type": "Feature", "geometry": {"type": "LineString", "coordinates": [[-82.99761638415445, 39.946601924649485], [-82.99803875258762, 39.946554653623096]]}, "properties": {"ticket_id": "DEMO-20260713-0004", "priority_level": "LOW", "GLOBALID": "DEMO-SEG-006960", "kind": "service", "material": "MDPE", "vintage_year": 1985, "diameter_in": 1.0, "coated": false, "s1_score": 0.312, "overall_pct": 0.707, "seg_level": "LOW", "like_pct": 0.707, "cons_pct": 0.361, "svc_down": 1, "fac_summary": "", "biz_50m": 5, "near_trans_seg": 0}}, {"type": "Feature", "geometry": {"type": "LineString", "coordinates": [[-82.99763142978523, 39.94668156513368], [-82.99766964505214, 39.9468838476633]]}, "properties": {"ticket_id": "DEMO-20260713-0004", "priority_level": "LOW", "GLOBALID": "DEMO-SEG-001729", "kind": "main", "material": "MDPE", "vintage_year": 1991, "diameter_in": 4.0, "coated": false, "s1_score": 0.256, "overall_pct": 0.466, "seg_level": "LOW", "like_pct": 0.466, "cons_pct": 0.293, "svc_down": 0, "fac_summary": "", "biz_50m": 3, "near_trans_seg": 0}}, {"type": "Feature", "geometry": {"type": "LineString", "coordinates": [[-82.99765519518824, 39.94680736124277], [-82.99740404234325, 39.94683546926454]]}, "properties": {"ticket_id": "DEMO-20260713-0004", "priority_level": "LOW", "GLOBALID": "DEMO-SEG-005955", "kind": "service", "material": "MDPE", "vintage_year": 1995, "diameter_in": 1.25, "coated": false, "s1_score": 0.248, "overall_pct": 0.431, "seg_level": "LOW", "like_pct": 0.431, "cons_pct": 0.361, "svc_down": 1, "fac_summary": "", "biz_50m": 5, "near_trans_seg": 0}}, {"type": "Feature", "geometry": {"type": "LineString", "coordinates": [[-82.99804860020762, 39.947046361481824], [-82.99800008589344, 39.94679362525441]]}, "properties": {"ticket_id": "DEMO-20260713-0004", "priority_level": "LOW", "GLOBALID": "DEMO-SEG-006547", "kind": "service", "material": "MDPE", "vintage_year": 1986, "diameter_in": 1.0, "coated": false, "s1_score": 0.337, "overall_pct": 0.74, "seg_level": "LOW", "like_pct": 0.74, "cons_pct": 0.305, "svc_down": 1, "fac_summary": "", "biz_50m": 3, "near_trans_seg": 0}}, {"type": "Feature", "geometry": {"type": "LineString", "coordinates": [[-82.99766964505214, 39.9468838476633], [-82.9976798, 39.946937600000005], [-82.997709, 39.94708599999999]]}, "properties": {"ticket_id": "DEMO-20260713-0004", "priority_level": "LOW", "GLOBALID": "DEMO-SEG-001730", "kind": "main", "material": "MDPE", "vintage_year": 1985, "diameter_in": 2.0, "coated": false, "s1_score": 0.326, "overall_pct": 0.733, "seg_level": "LOW", "like_pct": 0.733, "cons_pct": 0.293, "svc_down": 0, "fac_summary": "", "biz_50m": 3, "near_trans_seg": 0}}, {"type": "Feature", "geometry": {"type": "LineString", "coordinates": [[-82.99743423868698, 39.94711754158762], [-82.99740248510582, 39.94695369515058]]}, "properties": {"ticket_id": "DEMO-20260713-0004", "priority_level": "LOW", "GLOBALID": "DEMO-SEG-005363", "kind": "service", "material": "MDPE", "vintage_year": 1985, "diameter_in": 1.25, "coated": false, "s1_score": 0.311, "overall_pct": 0.702, "seg_level": "LOW", "like_pct": 0.702, "cons_pct": 0.361, "svc_down": 1, "fac_summary": "", "biz_50m": 5, "near_trans_seg": 0}}, {"type": "Feature", "geometry": {"type": "LineString", "coordinates": [[-82.99800825686033, 39.94705094912942], [-82.9978759, 39.94706600000001], [-82.9978626, 39.9470676], [-82.997709, 39.94708599999999]]}, "properties": {"ticket_id": "DEMO-20260713-0004", "priority_level": "LOW", "GLOBALID": "DEMO-SEG-001733", "kind": "main", "material": "MDPE", "vintage_year": 1990, "diameter_in": 6.0, "coated": false, "s1_score": 0.257, "overall_pct": 0.473, "seg_level": "LOW", "like_pct": 0.473, "cons_pct": 0.32, "svc_down": 0, "fac_summary": "", "biz_50m": 4, "near_trans_seg": 0}}, {"type": "Feature", "geometry": {"type": "LineString", "coordinates": [[-82.99741299638758, 39.94711998036268], [-82.9975278, 39.9471068], [-82.9975664, 39.947102399999984], [-82.997709, 39.94708599999999]]}, "properties": {"ticket_id": "DEMO-20260713-0004", "priority_level": "LOW", "GLOBALID": "DEMO-SEG-001726", "kind": "main", "material": "MDPE", "vintage_year": 1985, "diameter_in": 6.0, "coated": false, "s1_score": 0.275, "overall_pct": 0.564, "seg_level": "LOW", "like_pct": 0.564, "cons_pct": 0.32, "svc_down": 0, "fac_summary": "", "biz_50m": 4, "near_trans_seg": 0}}, {"type": "Feature", "geometry": {"type": "LineString", "coordinates": [[-82.99728468434115, 39.947134711460436], [-82.99741299638758, 39.94711998036268]]}, "properties": {"ticket_id": "DEMO-20260713-0004", "priority_level": "LOW", "GLOBALID": "DEMO-SEG-001725", "kind": "main", "material": "MDPE", "vintage_year": 1989, "diameter_in": 6.0, "coated": false, "s1_score": 0.257, "overall_pct": 0.472, "seg_level": "LOW", "like_pct": 0.472, "cons_pct": 0.409, "svc_down": 0, "fac_summary": "", "biz_50m": 7, "near_trans_seg": 0}}, {"type": "Feature", "geometry": {"type": "LineString", "coordinates": [[-82.997709, 39.94708599999999], [-82.9977302, 39.9471955], [-82.99774762117009, 39.94728598614988]]}, "properties": {"ticket_id": "DEMO-20260713-0004", "priority_level": "LOW", "GLOBALID": "DEMO-SEG-001641", "kind": "main", "material": "MDPE", "vintage_year": 1986, "diameter_in": 4.0, "coated": false, "s1_score": 0.279, "overall_pct": 0.582, "seg_level": "LOW", "like_pct": 0.582, "cons_pct": 0.293, "svc_down": 0, "fac_summary": "", "biz_50m": 3, "near_trans_seg": 0}}, {"type": "Feature", "geometry": {"type": "LineString", "coordinates": [[-82.99734979310256, 39.94712723654919], [-82.99737670474826, 39.94726609909788]]}, "properties": {"ticket_id": "DEMO-20260713-0004", "priority_level": "LOW", "GLOBALID": "DEMO-SEG-004786", "kind": "service", "material": "MDPE", "vintage_year": 1992, "diameter_in": 0.75, "coated": false, "s1_score": 0.31, "overall_pct": 0.699, "seg_level": "LOW", "like_pct": 0.699, "cons_pct": 0.392, "svc_down": 1, "fac_summary": "", "biz_50m": 6, "near_trans_seg": 0}}, {"type": "Feature", "geometry": {"type": "LineString", "coordinates": [[-82.99775376206962, 39.94731788212678], [-82.9974917984105, 39.94734775961081]]}, "properties": {"ticket_id": "DEMO-20260713-0004", "priority_level": "LOW", "GLOBALID": "DEMO-SEG-006093", "kind": "service", "material": "MDPE", "vintage_year": 1998, "diameter_in": 0.5, "coated": false, "s1_score": 0.242, "overall_pct": 0.402, "seg_level": "LOW", "like_pct": 0.402, "cons_pct": 0.361, "svc_down": 1, "fac_summary": "", "biz_50m": 5, "near_trans_seg": 0}}, {"type": "Feature", "geometry": {"type": "LineString", "coordinates": [[-82.99774762117009, 39.94728598614988], [-82.997757, 39.947334700000006], [-82.99778608873468, 39.947485989856474]]}, "properties": {"ticket_id": "DEMO-20260713-0004", "priority_level": "LOW", "GLOBALID": "DEMO-SEG-001642", "kind": "main", "material": "MDPE", "vintage_year": 1996, "diameter_in": 3.0, "coated": false, "s1_score": 0.254, "overall_pct": 0.459, "seg_level": "LOW", "like_pct": 0.459, "cons_pct": 0.32, "svc_down": 0, "fac_summary": "", "biz_50m": 4, "near_trans_seg": 0}}, {"type": "Feature", "geometry": {"type": "LineString", "coordinates": [[-82.9977693154431, 39.94739875243501], [-82.99747920867522, 39.94743179531223]]}, "properties": {"ticket_id": "DEMO-20260713-0004", "priority_level": "LOW", "GLOBALID": "DEMO-SEG-006285", "kind": "service", "material": "MDPE", "vintage_year": 1996, "diameter_in": 0.5, "coated": false, "s1_score": 0.274, "overall_pct": 0.557, "seg_level": "LOW", "like_pct": 0.557, "cons_pct": 0.361, "svc_down": 1, "fac_summary": "", "biz_50m": 5, "near_trans_seg": 0}}, {"type": "Feature", "geometry": {"type": "LineString", "coordinates": [[-82.99778658296782, 39.94748856034541], [-82.99747398425733, 39.9475241650122]]}, "properties": {"ticket_id": "DEMO-20260713-0004", "priority_level": "LOW", "GLOBALID": "DEMO-SEG-006436", "kind": "service", "material": "MDPE", "vintage_year": 2002, "diameter_in": 0.75, "coated": false, "s1_score": 0.253, "overall_pct": 0.457, "seg_level": "LOW", "like_pct": 0.457, "cons_pct": 0.361, "svc_down": 1, "fac_summary": "", "biz_50m": 5, "near_trans_seg": 0}}, {"type": "Feature", "geometry": {"type": "LineString", "coordinates": [[-82.99780151613268, 39.947566227102115], [-82.9974391500562, 39.94760750014988]]}, "properties": {"ticket_id": "DEMO-20260713-0004", "priority_level": "LOW", "GLOBALID": "DEMO-SEG-006724", "kind": "service", "material": "MDPE", "vintage_year": 2003, "diameter_in": 0.5, "coated": false, "s1_score": 0.215, "overall_pct": 0.361, "seg_level": "LOW", "like_pct": 0.277, "cons_pct": 0.361, "svc_down": 1, "fac_summary": "", "biz_50m": 5, "near_trans_seg": 0}}, {"type": "Feature", "geometry": {"type": "LineString", "coordinates": [[-82.99778608873468, 39.947485989856474], [-82.99782454424343, 39.947685994940635]]}, "properties": {"ticket_id": "DEMO-20260713-0004", "priority_level": "LOW", "GLOBALID": "DEMO-SEG-001643", "kind": "main", "material": "MDPE", "vintage_year": 2000, "diameter_in": 3.0, "coated": false, "s1_score": 0.222, "overall_pct": 0.371, "seg_level": "LOW", "like_pct": 0.309, "cons_pct": 0.371, "svc_down": 2, "fac_summary": "", "biz_50m": 4, "near_trans_seg": 0}}, {"type": "Feature", "geometry": {"type": "LineString", "coordinates": [[-82.99781967490986, 39.94766066986485], [-82.99755783069477, 39.947690493724544]]}, "properties": {"ticket_id": "DEMO-20260713-0004", "priority_level": "LOW", "GLOBALID": "DEMO-SEG-006092", "kind": "service", "material": "MDPE", "vintage_year": 2000, "diameter_in": 0.75, "coated": false, "s1_score": 0.245, "overall_pct": 0.415, "seg_level": "LOW", "like_pct": 0.415, "cons_pct": 0.361, "svc_down": 1, "fac_summary": "", "biz_50m": 5, "near_trans_seg": 0}}, {"type": "Feature", "geometry": {"type": "LineString", "coordinates": [[-82.99782454424343, 39.947685994940635], [-82.997863, 39.947886]]}, "properties": {"ticket_id": "DEMO-20260713-0004", "priority_level": "LOW", "GLOBALID": "DEMO-SEG-001644", "kind": "main", "material": "MDPE", "vintage_year": 1994, "diameter_in": 4.0, "coated": false, "s1_score": 0.262, "overall_pct": 0.495, "seg_level": "LOW", "like_pct": 0.495, "cons_pct": 0.459, "svc_down": 5, "fac_summary": "", "biz_50m": 4, "near_trans_seg": 0}}, {"type": "Feature", "geometry": {"type": "LineString", "coordinates": [[-82.99741554709583, 39.94793795856213], [-82.99736482230514, 39.947678946953246]]}, "properties": {"ticket_id": "DEMO-20260713-0004", "priority_level": "LOW", "GLOBALID": "DEMO-SEG-006592", "kind": "service", "material": "MDPE", "vintage_year": 1999, "diameter_in": 1.0, "coated": false, "s1_score": 0.251, "overall_pct": 0.503, "seg_level": "LOW", "like_pct": 0.446, "cons_pct": 0.503, "svc_down": 1, "fac_summary": "", "biz_50m": 8, "near_trans_seg": 0}}, {"type": "Feature", "geometry": {"type": "LineString", "coordinates": [[-82.99759779346559, 39.947916815492896], [-82.99756670437688, 39.94775807037208]]}, "properties": {"ticket_id": "DEMO-20260713-0004", "priority_level": "LOW", "GLOBALID": "DEMO-SEG-005227", "kind": "service", "material": "MDPE", "vintage_year": 1989, "diameter_in": 0.75, "coated": false, "s1_score": 0.292, "overall_pct": 0.638, "seg_level": "LOW", "like_pct": 0.638, "cons_pct": 0.392, "svc_down": 1, "fac_summary": "", "biz_50m": 6, "near_trans_seg": 0}}, {"type": "Feature", "geometry": {"type": "LineString", "coordinates": [[-82.99760823572096, 39.947915604039544], [-82.9975967130974, 39.94785676809633]]}, "properties": {"ticket_id": "DEMO-20260713-0004", "priority_level": "LOW", "GLOBALID": "DEMO-SEG-003500", "kind": "service", "material": "MDPE", "vintage_year": 1987, "diameter_in": 0.75, "coated": false, "s1_score": 0.29, "overall_pct": 0.627, "seg_level": "LOW", "like_pct": 0.627, "cons_pct": 0.361, "svc_down": 1, "fac_summary": "", "biz_50m": 5, "near_trans_seg": 0}}, {"type": "Feature", "geometry": {"type": "LineString", "coordinates": [[-82.99756620927998, 39.947920479711385], [-82.9977005, 39.9479049], [-82.9977274, 39.9479018], [-82.997863, 39.947886]]}, "properties": {"ticket_id": "DEMO-20260713-0004", "priority_level": "LOW", "GLOBALID": "DEMO-SEG-001640", "kind": "main", "material": "MDPE", "vintage_year": 1985, "diameter_in": 3.0, "coated": false, "s1_score": 0.321, "overall_pct": 0.727, "seg_level": "LOW", "like_pct": 0.727, "cons_pct": 0.349, "svc_down": 0, "fac_summary": "", "biz_50m": 5, "near_trans_seg": 0}}, {"type": "Feature", "geometry": {"type": "LineString", "coordinates": [[-82.99730841466943, 39.94795038724828], [-82.99756620927998, 39.947920479711385]]}, "properties": {"ticket_id": "DEMO-20260713-0004", "priority_level": "LOW", "GLOBALID": "DEMO-SEG-001639", "kind": "main", "material": "MDPE", "vintage_year": 1995, "diameter_in": 3.0, "coated": false, "s1_score": 0.253, "overall_pct": 0.454, "seg_level": "LOW", "like_pct": 0.454, "cons_pct": 0.375, "svc_down": 0, "fac_summary": "", "biz_50m": 6, "near_trans_seg": 0}}, {"type": "Feature", "geometry": {"type": "LineString", "coordinates": [[-82.997863, 39.947886], [-82.99790526625364, 39.94809530184825]]}, "properties": {"ticket_id": "DEMO-20260713-0004", "priority_level": "LOW", "GLOBALID": "DEMO-SEG-000096", "kind": "main", "material": "MDPE", "vintage_year": 1990, "diameter_in": 6.0, "coated": false, "s1_score": 0.256, "overall_pct": 0.468, "seg_level": "LOW", "like_pct": 0.468, "cons_pct": 0.239, "svc_down": 0, "fac_summary": "", "biz_50m": 2, "near_trans_seg": 0}}, {"type": "Feature", "geometry": {"type": "LineString", "coordinates": [[-82.998607, 39.94698199999999], [-82.99830767376922, 39.94701670798229]]}, "properties": {"ticket_id": "DEMO-20260713-0004", "priority_level": "LOW", "GLOBALID": "DEMO-SEG-001731", "kind": "main", "material": "Steel", "vintage_year": 1992, "diameter_in": 6.0, "coated": true, "s1_score": 0.44, "overall_pct": 0.756, "seg_level": "LOW", "like_pct": 0.756, "cons_pct": 0.293, "svc_down": 0, "fac_summary": "", "biz_50m": 3, "near_trans_seg": 0}}, {"type": "Feature", "geometry": {"type": "LineString", "coordinates": [[-82.99830767376922, 39.94701670798229], [-82.9982215, 39.947026699999995], [-82.99800825686033, 39.94705094912942]]}, "properties": {"ticket_id": "DEMO-20260713-0004", "priority_level": "LOW", "GLOBALID": "DEMO-SEG-001732", "kind": "main", "material": "MDPE", "vintage_year": 1985, "diameter_in": 6.0, "coated": false, "s1_score": 0.284, "overall_pct": 0.605, "seg_level": "LOW", "like_pct": 0.605, "cons_pct": 0.239, "svc_down": 0, "fac_summary": "", "biz_50m": 2, "near_trans_seg": 0}}, {"type": "Feature", "geometry": {"type": "LineString", "coordinates": [[-82.99749681487482, 39.94792853042612], [-82.99752488679309, 39.94807186982497]]}, "properties": {"ticket_id": "DEMO-20260713-0004", "priority_level": "LOW", "GLOBALID": "DEMO-SEG-004893", "kind": "service", "material": "MDPE", "vintage_year": 2000, "diameter_in": 0.75, "coated": false, "s1_score": 0.269, "overall_pct": 0.536, "seg_level": "LOW", "like_pct": 0.536, "cons_pct": 0.361, "svc_down": 1, "fac_summary": "", "biz_50m": 5, "near_trans_seg": 0}}, {"type": "Feature", "geometry": {"type": "LineString", "coordinates": [[-82.99749720080034, 39.94792848565353], [-82.9975481437682, 39.94818860753497]]}, "properties": {"ticket_id": "DEMO-20260713-0004", "priority_level": "LOW", "GLOBALID": "DEMO-SEG-006603", "kind": "service", "material": "MDPE", "vintage_year": 2000, "diameter_in": 0.75, "coated": false, "s1_score": 0.245, "overall_pct": 0.417, "seg_level": "LOW", "like_pct": 0.417, "cons_pct": 0.361, "svc_down": 1, "fac_summary": "", "biz_50m": 5, "near_trans_seg": 0}}, {"type": "Feature", "geometry": {"type": "LineString", "coordinates": [[-82.99790526625364, 39.94809530184825], [-82.99793323639705, 39.9482338087866]]}, "properties": {"ticket_id": "DEMO-20260713-0004", "priority_level": "LOW", "GLOBALID": "DEMO-SEG-000097", "kind": "main", "material": "MDPE", "vintage_year": 1986, "diameter_in": 6.0, "coated": false, "s1_score": 0.281, "overall_pct": 0.591, "seg_level": "LOW", "like_pct": 0.591, "cons_pct": 0.135, "svc_down": 0, "fac_summary": "", "biz_50m": 1, "near_trans_seg": 0}}, {"type": "Feature", "geometry": {"type": "LineString", "coordinates": [[-82.99854446700412, 39.9466672885097], [-82.99839644999996, 39.946684700000354]]}, "properties": {"ticket_id": "DEMO-20260713-0004", "priority_level": "LOW", "GLOBALID": "DEMO-SEG-004244", "kind": "service", "material": "MDPE", "vintage_year": 1986, "diameter_in": 1.0, "coated": false, "s1_score": 0.279, "overall_pct": 0.583, "seg_level": "LOW", "like_pct": 0.583, "cons_pct": 0.392, "svc_down": 1, "fac_summary": "", "biz_50m": 6, "near_trans_seg": 0}}, {"type": "Feature", "geometry": {"type": "LineString", "coordinates": [[-82.9985265491044, 39.94657793469615], [-82.9985319, 39.946603999999994], [-82.9985668398003, 39.94677995950385]]}, "properties": {"ticket_id": "DEMO-20260713-0004", "priority_level": "LOW", "GLOBALID": "DEMO-SEG-001736", "kind": "main", "material": "MDPE", "vintage_year": 1985, "diameter_in": 6.0, "coated": false, "s1_score": 0.283, "overall_pct": 0.597, "seg_level": "LOW", "like_pct": 0.597, "cons_pct": 0.349, "svc_down": 0, "fac_summary": "", "biz_50m": 5, "near_trans_seg": 0}}, {"type": "Feature", "geometry": {"type": "LineString", "coordinates": [[-82.99856426384731, 39.946766986842384], [-82.99841276100804, 39.946784808381224]]}, "properties": {"ticket_id": "DEMO-20260713-0004", "priority_level": "LOW", "GLOBALID": "DEMO-SEG-004297", "kind": "service", "material": "MDPE", "vintage_year": 1990, "diameter_in": 1.0, "coated": false, "s1_score": 0.289, "overall_pct": 0.624, "seg_level": "LOW", "like_pct": 0.624, "cons_pct": 0.333, "svc_down": 1, "fac_summary": "", "biz_50m": 4, "near_trans_seg": 0}}, {"type": "Feature", "geometry": {"type": "LineString", "coordinates": [[-82.99856941573431, 39.94679293206407], [-82.9987731082126, 39.94676897104107]]}, "properties": {"ticket_id": "DEMO-20260713-0004", "priority_level": "LOW", "GLOBALID": "DEMO-SEG-005182", "kind": "service", "material": "MDPE", "vintage_year": 1991, "diameter_in": 1.25, "coated": false, "s1_score": 0.275, "overall_pct": 0.565, "seg_level": "LOW", "like_pct": 0.565, "cons_pct": 0.361, "svc_down": 1, "fac_summary": "", "biz_50m": 5, "near_trans_seg": 0}}, {"type": "Feature", "geometry": {"type": "LineString", "coordinates": [[-82.99857391006014, 39.94681556574919], [-82.99848934016977, 39.946825513877506]]}, "properties": {"ticket_id": "DEMO-20260713-0004", "priority_level": "LOW", "GLOBALID": "DEMO-SEG-003545", "kind": "service", "material": "MDPE", "vintage_year": 1993, "diameter_in": 0.5, "coated": false, "s1_score": 0.282, "overall_pct": 0.593, "seg_level": "LOW", "like_pct": 0.593, "cons_pct": 0.333, "svc_down": 1, "fac_summary": "", "biz_50m": 4, "near_trans_seg": 0}}, {"type": "Feature", "geometry": {"type": "LineString", "coordinates": [[-82.99898271592636, 39.94693996498571], [-82.99895087958386, 39.94677139423547]]}, "properties": {"ticket_id": "DEMO-20260713-0004", "priority_level": "LOW", "GLOBALID": "DEMO-SEG-005482", "kind": "service", "material": "MDPE", "vintage_year": 1987, "diameter_in": 1.25, "coated": false, "s1_score": 0.309, "overall_pct": 0.696, "seg_level": "LOW", "like_pct": 0.696, "cons_pct": 0.333, "svc_down": 1, "fac_summary": "", "biz_50m": 4, "near_trans_seg": 0}}, {"type": "Feature", "geometry": {"type": "LineString", "coordinates": [[-82.9985668398003, 39.94677995950385], [-82.9985929, 39.9469112], [-82.998607, 39.94698199999999]]}, "properties": {"ticket_id": "DEMO-20260713-0004", "priority_level": "LOW", "GLOBALID": "DEMO-SEG-001737", "kind": "main", "material": "MDPE", "vintage_year": 1989, "diameter_in": 4.0, "coated": false, "s1_score": 0.25, "overall_pct": 0.44, "seg_level": "LOW", "like_pct": 0.44, "cons_pct": 0.32, "svc_down": 0, "fac_summary": "", "biz_50m": 4, "near_trans_seg": 0}}, {"type": "Feature", "geometry": {"type": "LineString", "coordinates": [[-82.99835038327772, 39.94701175570622], [-82.99832127374822, 39.94686303538711]]}, "properties": {"ticket_id": "DEMO-20260713-0004", "priority_level": "LOW", "GLOBALID": "DEMO-SEG-004993", "kind": "service", "material": "MDPE", "vintage_year": 1996, "diameter_in": 1.0, "coated": false, "s1_score": 0.266, "overall_pct": 0.52, "seg_level": "LOW", "like_pct": 0.52, "cons_pct": 0.305, "svc_down": 1, "fac_summary": "", "biz_50m": 3, "near_trans_seg": 0}}, {"type": "Feature", "geometry": {"type": "LineString", "coordinates": [[-82.99918108459907, 39.94691777103269], [-82.99889404244834, 39.946949885868705]]}, "properties": {"ticket_id": "DEMO-20260713-0004", "priority_level": "LOW", "GLOBALID": "DEMO-SEG-001739", "kind": "main", "material": "MDPE", "vintage_year": 1988, "diameter_in": 4.0, "coated": false, "s1_score": 0.253, "overall_pct": 0.454, "seg_level": "LOW", "like_pct": 0.454, "cons_pct": 0.32, "svc_down": 0, "fac_summary": "", "biz_50m": 4, "near_trans_seg": 0}}, {"type": "Feature", "geometry": {"type": "LineString", "coordinates": [[-82.99889404244834, 39.946949885868705], [-82.998607, 39.94698199999999]]}, "properties": {"ticket_id": "DEMO-20260713-0004", "priority_level": "LOW", "GLOBALID": "DEMO-SEG-001740", "kind": "main", "material": "MDPE", "vintage_year": 1991, "diameter_in": 4.0, "coated": false, "s1_score": 0.259, "overall_pct": 0.486, "seg_level": "LOW", "like_pct": 0.486, "cons_pct": 0.293, "svc_down": 0, "fac_summary": "", "biz_50m": 3, "near_trans_seg": 0}}, {"type": "Feature", "geometry": {"type": "LineString", "coordinates": [[-82.99941842261227, 39.94659898208217], [-82.99917265001082, 39.94662410002766]]}, "properties": {"ticket_id": "DEMO-20260713-0004", "priority_level": "LOW", "GLOBALID": "DEMO-SEG-005898", "kind": "service", "material": "MDPE", "vintage_year": 1985, "diameter_in": 1.0, "coated": false, "s1_score": 0.31, "overall_pct": 0.698, "seg_level": "LOW", "like_pct": 0.698, "cons_pct": 0.392, "svc_down": 1, "fac_summary": "", "biz_50m": 6, "near_trans_seg": 0}}, {"type": "Feature", "geometry": {"type": "LineString", "coordinates": [[-82.9997561385636, 39.94685389032594], [-82.99972003021854, 39.94665599042262]]}, "properties": {"ticket_id": "DEMO-20260713-0004", "priority_level": "LOW", "GLOBALID": "DEMO-SEG-006031", "kind": "service", "material": "MDPE", "vintage_year": 1991, "diameter_in": 1.0, "coated": false, "s1_score": 0.3, "overall_pct": 0.665, "seg_level": "LOW", "like_pct": 0.665, "cons_pct": 0.361, "svc_down": 1, "fac_summary": "", "biz_50m": 5, "near_trans_seg": 0}}, {"type": "Feature", "geometry": {"type": "LineString", "coordinates": [[-82.99943268063942, 39.94668162847149], [-82.9994555, 39.946813899999995], [-82.999468, 39.94688500000001]]}, "properties": {"ticket_id": "DEMO-20260713-0004", "priority_level": "LOW", "GLOBALID": "DEMO-SEG-001747", "kind": "main", "material": "MDPE", "vintage_year": 1985, "diameter_in": 2.0, "coated": false, "s1_score": 0.29, "overall_pct": 0.628, "seg_level": "LOW", "like_pct": 0.628, "cons_pct": 0.349, "svc_down": 0, "fac_summary": "", "biz_50m": 5, "near_trans_seg": 0}}, {"type": "Feature", "geometry": {"type": "LineString", "coordinates": [[-82.99976714661062, 39.946852700479354], [-82.99974662941709, 39.94674025164417]]}, "properties": {"ticket_id": "DEMO-20260713-0004", "priority_level": "LOW", "GLOBALID": "DEMO-SEG-004215", "kind": "service", "material": "MDPE", "vintage_year": 1991, "diameter_in": 0.75, "coated": false, "s1_score": 0.326, "overall_pct": 0.731, "seg_level": "LOW", "like_pct": 0.731, "cons_pct": 0.333, "svc_down": 1, "fac_summary": "", "biz_50m": 4, "near_trans_seg": 0}}, {"type": "Feature", "geometry": {"type": "LineString", "coordinates": [[-83.00008463122676, 39.94681838348252], [-83.00003820056585, 39.946823402241264]]}, "properties": {"ticket_id": "DEMO-20260713-0004", "priority_level": "LOW", "GLOBALID": "DEMO-SEG-001741", "kind": "main", "material": "MDPE", "vintage_year": 1990, "diameter_in": 6.0, "coated": false, "s1_score": 0.253, "overall_pct": 0.453, "seg_level": "LOW", "like_pct": 0.453, "cons_pct": 0.379, "svc_down": 3, "fac_summary": "", "biz_50m": 4, "near_trans_seg": 0}}, {"type": "Feature", "geometry": {"type": "LineString", "coordinates": [[-82.99922503172506, 39.94691285407731], [-82.99919312871273, 39.94674393345706]]}, "properties": {"ticket_id": "DEMO-20260713-0004", "priority_level": "LOW", "GLOBALID": "DEMO-SEG-005495", "kind": "service", "material": "MDPE", "vintage_year": 1998, "diameter_in": 1.0, "coated": false, "s1_score": 0.253, "overall_pct": 0.456, "seg_level": "LOW", "like_pct": 0.456, "cons_pct": 0.333, "svc_down": 1, "fac_summary": "", "biz_50m": 4, "near_trans_seg": 0}}, {"type": "Feature", "geometry": {"type": "LineString", "coordinates": [[-83.00003820056585, 39.946823402241264], [-82.99975310350797, 39.946854218381276]]}, "properties": {"ticket_id": "DEMO-20260713-0004", "priority_level": "LOW", "GLOBALID": "DEMO-SEG-001742", "kind": "main", "material": "MDPE", "vintage_year": 1985, "diameter_in": 4.0, "coated": false, "s1_score": 0.274, "overall_pct": 0.559, "seg_level": "LOW", "like_pct": 0.559, "cons_pct": 0.32, "svc_down": 0, "fac_summary": "", "biz_50m": 4, "near_trans_seg": 0}}, {"type": "Feature", "geometry": {"type": "LineString", "coordinates": [[-82.99975310350797, 39.946854218381276], [-82.9996256, 39.94686800000001], [-82.999468, 39.94688500000001]]}, "properties": {"ticket_id": "DEMO-20260713-0004", "priority_level": "LOW", "GLOBALID": "DEMO-SEG-001743", "kind": "main", "material": "MDPE", "vintage_year": 1985, "diameter_in": 2.0, "coated": false, "s1_score": 0.296, "overall_pct": 0.654, "seg_level": "LOW", "like_pct": 0.654, "cons_pct": 0.349, "svc_down": 0, "fac_summary": "", "biz_50m": 5, "near_trans_seg": 0}}, {"type": "Feature", "geometry": {"type": "LineString", "coordinates": [[-82.999468, 39.94688500000001], [-82.9993283, 39.9469013], [-82.99918108459907, 39.94691777103269]]}, "properties": {"ticket_id": "DEMO-20260713-0004", "priority_level": "LOW", "GLOBALID": "DEMO-SEG-001738", "kind": "main", "material": "MDPE", "vintage_year": 1997, "diameter_in": 3.0, "coated": false, "s1_score": 0.269, "overall_pct": 0.535, "seg_level": "LOW", "like_pct": 0.535, "cons_pct": 0.32, "svc_down": 0, "fac_summary": "", "biz_50m": 4, "near_trans_seg": 0}}, {"type": "Feature", "geometry": {"type": "LineString", "coordinates": [[-82.99973173663138, 39.94685652789763], [-82.99975460338176, 39.9469818538391]]}, "properties": {"ticket_id": "DEMO-20260713-0004", "priority_level": "LOW", "GLOBALID": "DEMO-SEG-004488", "kind": "service", "material": "MDPE", "vintage_year": 1989, "diameter_in": 1.0, "coated": false, "s1_score": 0.304, "overall_pct": 0.68, "seg_level": "LOW", "like_pct": 0.68, "cons_pct": 0.333, "svc_down": 1, "fac_summary": "", "biz_50m": 4, "near_trans_seg": 0}}, {"type": "Feature", "geometry": {"type": "LineString", "coordinates": [[-82.9998183670539, 39.9468471641089], [-82.99986015741388, 39.947076202827134]]}, "properties": {"ticket_id": "DEMO-20260713-0004", "priority_level": "LOW", "GLOBALID": "DEMO-SEG-006330", "kind": "service", "material": "MDPE", "vintage_year": 1985, "diameter_in": 1.25, "coated": false, "s1_score": 0.31, "overall_pct": 0.698, "seg_level": "LOW", "like_pct": 0.698, "cons_pct": 0.333, "svc_down": 1, "fac_summary": "", "biz_50m": 4, "near_trans_seg": 0}}, {"type": "Feature", "geometry": {"type": "LineString", "coordinates": [[-82.99951112639334, 39.94710587447398], [-82.999483, 39.9469617], [-82.999468, 39.94688500000001]]}, "properties": {"ticket_id": "DEMO-20260713-0004", "priority_level": "LOW", "GLOBALID": "DEMO-SEG-001756", "kind": "main", "material": "MDPE", "vintage_year": 1998, "diameter_in": 6.0, "coated": false, "s1_score": 0.241, "overall_pct": 0.396, "seg_level": "LOW", "like_pct": 0.396, "cons_pct": 0.32, "svc_down": 0, "fac_summary": "", "biz_50m": 4, "near_trans_seg": 0}}, {"type": "Feature", "geometry": {"type": "LineString", "coordinates": [[-82.99955420382362, 39.947326754616], [-82.9995227, 39.9471652], [-82.99951112639334, 39.94710587447398]]}, "properties": {"ticket_id": "DEMO-20260713-0004", "priority_level": "LOW", "GLOBALID": "DEMO-SEG-001755", "kind": "main", "material": "MDPE", "vintage_year": 1985, "diameter_in": 4.0, "coated": false, "s1_score": 0.302, "overall_pct": 0.674, "seg_level": "LOW", "like_pct": 0.674, "cons_pct": 0.239, "svc_down": 0, "fac_summary": "", "biz_50m": 2, "near_trans_seg": 0}}, {"type": "Feature", "geometry": {"type": "LineString", "coordinates": [[-82.99954227113577, 39.94726556275395], [-82.99994648585042, 39.94721886726526]]}, "properties": {"ticket_id": "DEMO-20260713-0004", "priority_level": "LOW", "GLOBALID": "DEMO-SEG-006901", "kind": "service", "material": "MDPE", "vintage_year": 1989, "diameter_in": 0.75, "coated": false, "s1_score": 0.304, "overall_pct": 0.681, "seg_level": "LOW", "like_pct": 0.681, "cons_pct": 0.268, "svc_down": 1, "fac_summary": "", "biz_50m": 2, "near_trans_seg": 0}}, {"type": "Feature", "geometry": {"type": "LineString", "coordinates": [[-82.99959719222794, 39.947547645030596], [-82.9995955, 39.947538900000005], [-82.9995672, 39.9473934], [-82.99955420382362, 39.947326754616]]}, "properties": {"ticket_id": "DEMO-20260713-0004", "priority_level": "LOW", "GLOBALID": "DEMO-SEG-001754", "kind": "main", "material": "MDPE", "vintage_year": 1989, "diameter_in": 4.0, "coated": false, "s1_score": 0.281, "overall_pct": 0.588, "seg_level": "LOW", "like_pct": 0.588, "cons_pct": 0.239, "svc_down": 0, "fac_summary": "", "biz_50m": 2, "near_trans_seg": 0}}, {"type": "Feature", "geometry": {"type": "LineString", "coordinates": [[-82.99958610792962, 39.947490612223966], [-82.99991083381056, 39.947453196417015]]}, "properties": {"ticket_id": "DEMO-20260713-0004", "priority_level": "LOW", "GLOBALID": "DEMO-SEG-006528", "kind": "service", "material": "MDPE", "vintage_year": 1989, "diameter_in": 0.5, "coated": false, "s1_score": 0.31, "overall_pct": 0.699, "seg_level": "LOW", "like_pct": 0.699, "cons_pct": 0.268, "svc_down": 1, "fac_summary": "", "biz_50m": 2, "near_trans_seg": 0}}, {"type": "Feature", "geometry": {"type": "LineString", "coordinates": [[-82.99961468500545, 39.947638043386945], [-82.99992847924068, 39.94760207207989]]}, "properties": {"ticket_id": "DEMO-20260713-0004", "priority_level": "LOW", "GLOBALID": "DEMO-SEG-006455", "kind": "service", "material": "MDPE", "vintage_year": 1988, "diameter_in": 0.75, "coated": false, "s1_score": 0.322, "overall_pct": 0.727, "seg_level": "LOW", "like_pct": 0.727, "cons_pct": 0.268, "svc_down": 1, "fac_summary": "", "biz_50m": 2, "near_trans_seg": 0}}, {"type": "Feature", "geometry": {"type": "LineString", "coordinates": [[-82.99963994163318, 39.94776856293157], [-82.99959719222794, 39.947547645030596]]}, "properties": {"ticket_id": "DEMO-20260713-0004", "priority_level": "LOW", "GLOBALID": "DEMO-SEG-001753", "kind": "main", "material": "MDPE", "vintage_year": 1985, "diameter_in": 4.0, "coated": false, "s1_score": 0.279, "overall_pct": 0.579, "seg_level": "LOW", "like_pct": 0.579, "cons_pct": 0.239, "svc_down": 0, "fac_summary": "", "biz_50m": 2, "near_trans_seg": 0}}, {"type": "Feature", "geometry": {"type": "LineString", "coordinates": [[-82.99964259399184, 39.94778225312564], [-83.00002655334448, 39.947738001139605]]}, "properties": {"ticket_id": "DEMO-20260713-0004", "priority_level": "LOW", "GLOBALID": "DEMO-SEG-006825", "kind": "service", "material": "MDPE", "vintage_year": 1987, "diameter_in": 1.25, "coated": false, "s1_score": 0.298, "overall_pct": 0.66, "seg_level": "LOW", "like_pct": 0.66, "cons_pct": 0.268, "svc_down": 1, "fac_summary": "", "biz_50m": 2, "near_trans_seg": 0}}, {"type": "Feature", "geometry": {"type": "LineString", "coordinates": [[-82.99966167877527, 39.947880348992896], [-82.99998166260364, 39.947843470377535]]}, "properties": {"ticket_id": "DEMO-20260713-0004", "priority_level": "LOW", "GLOBALID": "DEMO-SEG-006499", "kind": "service", "material": "MDPE", "vintage_year": 1986, "diameter_in": 1.0, "coated": false, "s1_score": 0.312, "overall_pct": 0.705, "seg_level": "LOW", "like_pct": 0.705, "cons_pct": 0.268, "svc_down": 1, "fac_summary": "", "biz_50m": 2, "near_trans_seg": 0}}, {"type": "Feature", "geometry": {"type": "LineString", "coordinates": [[-82.99968264154077, 39.9479894862289], [-82.9996815, 39.94798349999999], [-82.999672, 39.94793339999999], [-82.999642, 39.94777920000001], [-82.99963994163318, 39.94776856293157]]}, "properties": {"ticket_id": "DEMO-20260713-0004", "priority_level": "LOW", "GLOBALID": "DEMO-SEG-001752", "kind": "main", "material": "MDPE", "vintage_year": 1985, "diameter_in": 4.0, "coated": false, "s1_score": 0.28, "overall_pct": 0.588, "seg_level": "LOW", "like_pct": 0.588, "cons_pct": 0.239, "svc_down": 0, "fac_summary": "", "biz_50m": 2, "near_trans_seg": 0}}, {"type": "Feature", "geometry": {"type": "LineString", "coordinates": [[-82.9996738143457, 39.94794296829267], [-82.99999317061352, 39.94790709512132]]}, "properties": {"ticket_id": "DEMO-20260713-0004", "priority_level": "LOW", "GLOBALID": "DEMO-SEG-006490", "kind": "service", "material": "MDPE", "vintage_year": 1986, "diameter_in": 0.75, "coated": false, "s1_score": 0.3, "overall_pct": 0.666, "seg_level": "LOW", "like_pct": 0.666, "cons_pct": 0.268, "svc_down": 1, "fac_summary": "", "biz_50m": 2, "near_trans_seg": 0}}, {"type": "Feature", "geometry": {"type": "LineString", "coordinates": [[-82.99972360532425, 39.94820292916301], [-82.9997147, 39.9481576], [-82.99968264154077, 39.9479894862289]]}, "properties": {"ticket_id": "DEMO-20260713-0004", "priority_level": "LOW", "GLOBALID": "DEMO-SEG-001751", "kind": "main", "material": "MDPE", "vintage_year": 1990, "diameter_in": 4.0, "coated": false, "s1_score": 0.249, "overall_pct": 0.436, "seg_level": "LOW", "like_pct": 0.436, "cons_pct": 0.239, "svc_down": 0, "fac_summary": "", "biz_50m": 2, "near_trans_seg": 0}}, {"type": "Feature", "geometry": {"type": "LineString", "coordinates": [[-83.00324441068801, 39.944373370071425], [-83.0031981, 39.9443712], [-83.0031476713156, 39.94436883273727]]}, "properties": {"ticket_id": "DEMO-20260713-0003", "priority_level": "LOW", "GLOBALID": "DEMO-SEG-000292", "kind": "main", "material": "Steel", "vintage_year": 1976, "diameter_in": 3.0, "coated": true, "s1_score": 0.527, "overall_pct": 0.856, "seg_level": "MODERATE", "like_pct": 0.856, "cons_pct": 0.042, "svc_down": 0, "fac_summary": "", "biz_50m": 0, "near_trans_seg": 0}}, {"type": "Feature", "geometry": {"type": "LineString", "coordinates": [[-83.003538458867, 39.94438782821956], [-83.0033859, 39.94438], [-83.00324441068801, 39.944373370071425]]}, "properties": {"ticket_id": "DEMO-20260713-0003", "priority_level": "LOW", "GLOBALID": "DEMO-SEG-000291", "kind": "main", "material": "MDPE", "vintage_year": 2004, "diameter_in": 3.0, "coated": false, "s1_score": 0.212, "overall_pct": 0.262, "seg_level": "LOW", "like_pct": 0.262, "cons_pct": 0.042, "svc_down": 0, "fac_summary": "", "biz_50m": 0, "near_trans_seg": 0}}, {"type": "Feature", "geometry": {"type": "LineString", "coordinates": [[-83.00383245512924, 39.944402913412155], [-83.003538458867, 39.94438782821956]]}, "properties": {"ticket_id": "DEMO-20260713-0003", "priority_level": "LOW", "GLOBALID": "DEMO-SEG-000290", "kind": "main", "material": "Steel", "vintage_year": 1972, "diameter_in": 3.0, "coated": true, "s1_score": 0.641, "overall_pct": 0.885, "seg_level": "MODERATE", "like_pct": 0.885, "cons_pct": 0.042, "svc_down": 0, "fac_summary": "", "biz_50m": 0, "near_trans_seg": 0}}, {"type": "Feature", "geometry": {"type": "LineString", "coordinates": [[-83.00412645148973, 39.944417997855474], [-83.00383245512924, 39.944402913412155]]}, "properties": {"ticket_id": "DEMO-20260713-0003", "priority_level": "LOW", "GLOBALID": "DEMO-SEG-000289", "kind": "main", "material": "Steel", "vintage_year": 1972, "diameter_in": 8.0, "coated": true, "s1_score": 0.587, "overall_pct": 0.872, "seg_level": "MODERATE", "like_pct": 0.872, "cons_pct": 0.042, "svc_down": 0, "fac_summary": "", "biz_50m": 0, "near_trans_seg": 0}}, {"type": "Feature", "geometry": {"type": "LineString", "coordinates": [[-83.00363136940724, 39.944392595618126], [-83.00359432526507, 39.94482030915426]]}, "properties": {"ticket_id": "DEMO-20260713-0003", "priority_level": "LOW", "GLOBALID": "DEMO-SEG-007539", "kind": "service", "material": "Steel", "vintage_year": 1989, "diameter_in": 1.25, "coated": true, "s1_score": 0.487, "overall_pct": 0.81, "seg_level": "MODERATE", "like_pct": 0.81, "cons_pct": 0.092, "svc_down": 1, "fac_summary": "", "biz_50m": 0, "near_trans_seg": 0}}, {"type": "Feature", "geometry": {"type": "LineString", "coordinates": [[-83.00433427719133, 39.944428803838726], [-83.0043253, 39.944428200000004], [-83.00412645148973, 39.944417997855474]]}, "properties": {"ticket_id": "DEMO-20260713-0003", "priority_level": "LOW", "GLOBALID": "DEMO-SEG-000288", "kind": "main", "material": "MDPE", "vintage_year": 2015, "diameter_in": 3.0, "coated": false, "s1_score": 0.173, "overall_pct": 0.114, "seg_level": "LOW", "like_pct": 0.114, "cons_pct": 0.042, "svc_down": 0, "fac_summary": "", "biz_50m": 0, "near_trans_seg": 0}}, {"type": "Feature", "geometry": {"type": "LineString", "coordinates": [[-83.00901350334655, 39.957442158901294], [-83.0089924999469, 39.95745874996752]]}, "properties": {"ticket_id": "DEMO-20260713-0024", "priority_level": "LOW", "GLOBALID": "DEMO-SEG-006765", "kind": "service", "material": "MDPE", "vintage_year": 1989, "diameter_in": 0.75, "coated": false, "s1_score": 0.3, "overall_pct": 0.665, "seg_level": "LOW", "like_pct": 0.665, "cons_pct": 0.092, "svc_down": 1, "fac_summary": "", "biz_50m": 0, "near_trans_seg": 0}}, {"type": "Feature", "geometry": {"type": "LineString", "coordinates": [[-83.00958027278372, 39.95749646541419], [-83.00949666165837, 39.95743378158802]]}, "properties": {"ticket_id": "DEMO-20260713-0024", "priority_level": "LOW", "GLOBALID": "DEMO-SEG-002422", "kind": "main", "material": "Steel", "vintage_year": 1966, "diameter_in": 6.0, "coated": false, "s1_score": 0.683, "overall_pct": 0.913, "seg_level": "MODERATE", "like_pct": 0.913, "cons_pct": 0.042, "svc_down": 0, "fac_summary": "", "biz_50m": 0, "near_trans_seg": 0}}, {"type": "Feature", "geometry": {"type": "LineString", "coordinates": [[-83.00958253764841, 39.95749816339607], [-83.00958027278372, 39.95749646541419]]}, "properties": {"ticket_id": "DEMO-20260713-0024", "priority_level": "LOW", "GLOBALID": "DEMO-SEG-002421", "kind": "main", "material": "MDPE", "vintage_year": 1991, "diameter_in": 6.0, "coated": false, "s1_score": 0.248, "overall_pct": 0.429, "seg_level": "LOW", "like_pct": 0.429, "cons_pct": 0.042, "svc_down": 0, "fac_summary": "", "biz_50m": 0, "near_trans_seg": 0}}, {"type": "Feature", "geometry": {"type": "LineString", "coordinates": [[-83.009588858336, 39.95771401561588], [-83.00940763023058, 39.957735157274314]]}, "properties": {"ticket_id": "DEMO-20260713-0024", "priority_level": "LOW", "GLOBALID": "DEMO-SEG-002131", "kind": "main", "material": "MDPE", "vintage_year": 1992, "diameter_in": 3.0, "coated": false, "s1_score": 0.274, "overall_pct": 0.558, "seg_level": "LOW", "like_pct": 0.558, "cons_pct": 0.042, "svc_down": 0, "fac_summary": "", "biz_50m": 0, "near_trans_seg": 0}}, {"type": "Feature", "geometry": {"type": "LineString", "coordinates": [[-83.00850354292467, 39.95784074641556], [-83.0083634, 39.9578571], [-83.00836144422806, 39.95785732836886]]}, "properties": {"ticket_id": "DEMO-20260713-0024", "priority_level": "LOW", "GLOBALID": "DEMO-SEG-002135", "kind": "main", "material": "MDPE", "vintage_year": 1985, "diameter_in": 4.0, "coated": false, "s1_score": 0.291, "overall_pct": 0.63, "seg_level": "LOW", "like_pct": 0.63, "cons_pct": 0.042, "svc_down": 0, "fac_summary": "", "biz_50m": 0, "near_trans_seg": 0}}, {"type": "Feature", "geometry": {"type": "LineString", "coordinates": [[-83.00940763023058, 39.957735157274314], [-83.0093284, 39.9577444], [-83.0093002, 39.957747700000006], [-83.0091062706649, 39.95777036724511]]}, "properties": {"ticket_id": "DEMO-20260713-0024", "priority_level": "LOW", "GLOBALID": "DEMO-SEG-002132", "kind": "main", "material": "MDPE", "vintage_year": 1985, "diameter_in": 4.0, "coated": false, "s1_score": 0.304, "overall_pct": 0.681, "seg_level": "LOW", "like_pct": 0.681, "cons_pct": 0.042, "svc_down": 0, "fac_summary": "", "biz_50m": 0, "near_trans_seg": 0}}, {"type": "Feature", "geometry": {"type": "LineString", "coordinates": [[-83.0091062706649, 39.95777036724511], [-83.0088998, 39.95779449999999], [-83.00880491074102, 39.95780557636458]]}, "properties": {"ticket_id": "DEMO-20260713-0024", "priority_level": "LOW", "GLOBALID": "DEMO-SEG-002133", "kind": "main", "material": "MDPE", "vintage_year": 1985, "diameter_in": 4.0, "coated": false, "s1_score": 0.291, "overall_pct": 0.631, "seg_level": "LOW", "like_pct": 0.631, "cons_pct": 0.042, "svc_down": 0, "fac_summary": "", "biz_50m": 0, "near_trans_seg": 0}}, {"type": "Feature", "geometry": {"type": "LineString", "coordinates": [[-83.00880491074102, 39.95780557636458], [-83.0087396, 39.957813200000004], [-83.00850354292467, 39.95784074641556]]}, "properties": {"ticket_id": "DEMO-20260713-0024", "priority_level": "LOW", "GLOBALID": "DEMO-SEG-002134", "kind": "main", "material": "MDPE", "vintage_year": 1985, "diameter_in": 6.0, "coated": false, "s1_score": 0.25, "overall_pct": 0.443, "seg_level": "LOW", "like_pct": 0.443, "cons_pct": 0.042, "svc_down": 0, "fac_summary": "", "biz_50m": 0, "near_trans_seg": 0}}, {"type": "Feature", "geometry": {"type": "LineString", "coordinates": [[-82.9849507637626, 39.96692541906365], [-82.98499159973535, 39.96709615002896]]}, "properties": {"ticket_id": "DEMO-20260713-0045", "priority_level": "LOW", "GLOBALID": "DEMO-SEG-002701", "kind": "main", "material": "MDPE", "vintage_year": 1992, "diameter_in": 2.0, "coated": false, "s1_score": 0.265, "overall_pct": 0.515, "seg_level": "LOW", "like_pct": 0.515, "cons_pct": 0.325, "svc_down": 4, "fac_summary": "", "biz_50m": 1, "near_trans_seg": 0}}, {"type": "Feature", "geometry": {"type": "LineString", "coordinates": [[-82.9839577, 39.966944799999986], [-82.98395731356847, 39.96694243234453]]}, "properties": {"ticket_id": "DEMO-20260713-0045", "priority_level": "LOW", "GLOBALID": "DEMO-SEG-000051", "kind": "main", "material": "MDPE", "vintage_year": 1990, "diameter_in": 6.0, "coated": false, "s1_score": 0.224, "overall_pct": 0.319, "seg_level": "LOW", "like_pct": 0.319, "cons_pct": 0.135, "svc_down": 0, "fac_summary": "", "biz_50m": 1, "near_trans_seg": 0}}, {"type": "Feature", "geometry": {"type": "LineString", "coordinates": [[-82.98398154607962, 39.9669420174533], [-82.9839577, 39.966944799999986]]}, "properties": {"ticket_id": "DEMO-20260713-0045", "priority_level": "LOW", "GLOBALID": "DEMO-SEG-002917", "kind": "main", "material": "MDPE", "vintage_year": 2002, "diameter_in": 4.0, "coated": false, "s1_score": 0.211, "overall_pct": 0.261, "seg_level": "LOW", "like_pct": 0.261, "cons_pct": 0.135, "svc_down": 0, "fac_summary": "", "biz_50m": 1, "near_trans_seg": 0}}, {"type": "Feature", "geometry": {"type": "LineString", "coordinates": [[-82.98441151699541, 39.96693465496426], [-82.98444366360955, 39.96709775499826]]}, "properties": {"ticket_id": "DEMO-20260713-0045", "priority_level": "LOW", "GLOBALID": "DEMO-SEG-006137", "kind": "service", "material": "MDPE", "vintage_year": 1997, "diameter_in": 0.75, "coated": false, "s1_score": 0.256, "overall_pct": 0.471, "seg_level": "LOW", "like_pct": 0.471, "cons_pct": 0.2, "svc_down": 1, "fac_summary": "", "biz_50m": 1, "near_trans_seg": 0}}, {"type": "Feature", "geometry": {"type": "LineString", "coordinates": [[-82.98454092694827, 39.96741744809652], [-82.98479791359179, 39.96738912433079]]}, "properties": {"ticket_id": "DEMO-20260713-0045", "priority_level": "LOW", "GLOBALID": "DEMO-SEG-002704", "kind": "main", "material": "MDPE", "vintage_year": 1996, "diameter_in": 4.0, "coated": false, "s1_score": 0.238, "overall_pct": 0.383, "seg_level": "LOW", "like_pct": 0.383, "cons_pct": 0.288, "svc_down": 1, "fac_summary": "", "biz_50m": 2, "near_trans_seg": 0}}, {"type": "Feature", "geometry": {"type": "LineString", "coordinates": [[-82.98472767188895, 39.96739686607406], [-82.98473925318616, 39.96745907724322]]}, "properties": {"ticket_id": "DEMO-20260713-0045", "priority_level": "LOW", "GLOBALID": "DEMO-SEG-003525", "kind": "service", "material": "MDPE", "vintage_year": 2000, "diameter_in": 1.0, "coated": false, "s1_score": 0.232, "overall_pct": 0.355, "seg_level": "LOW", "like_pct": 0.355, "cons_pct": 0.268, "svc_down": 1, "fac_summary": "", "biz_50m": 2, "near_trans_seg": 0}}, {"type": "Feature", "geometry": {"type": "LineString", "coordinates": [[-82.98499159973535, 39.96709615002896], [-82.9850549, 39.96736080000001]]}, "properties": {"ticket_id": "DEMO-20260713-0045", "priority_level": "LOW", "GLOBALID": "DEMO-SEG-002702", "kind": "main", "material": "MDPE", "vintage_year": 1990, "diameter_in": 3.0, "coated": false, "s1_score": 0.278, "overall_pct": 0.575, "seg_level": "LOW", "like_pct": 0.575, "cons_pct": 0.316, "svc_down": 4, "fac_summary": "", "biz_50m": 1, "near_trans_seg": 0}}, {"type": "Feature", "geometry": {"type": "LineString", "coordinates": [[-82.98479791359179, 39.96738912433079], [-82.9850549, 39.96736080000001]]}, "properties": {"ticket_id": "DEMO-20260713-0045", "priority_level": "LOW", "GLOBALID": "DEMO-SEG-002705", "kind": "main", "material": "Steel", "vintage_year": 1956, "diameter_in": 8.0, "coated": false, "s1_score": 0.691, "overall_pct": 0.919, "seg_level": "MODERATE", "like_pct": 0.919, "cons_pct": 0.341, "svc_down": 4, "fac_summary": "", "biz_50m": 2, "near_trans_seg": 0}}, {"type": "Feature", "geometry": {"type": "LineString", "coordinates": [[-82.9842875, 39.96745279999999], [-82.984298, 39.96744609999999], [-82.9843109, 39.9674428], [-82.98454092694827, 39.96741744809652]]}, "properties": {"ticket_id": "DEMO-20260713-0045", "priority_level": "LOW", "GLOBALID": "DEMO-SEG-002703", "kind": "main", "material": "MDPE", "vintage_year": 1992, "diameter_in": 6.0, "coated": false, "s1_score": 0.276, "overall_pct": 0.568, "seg_level": "LOW", "like_pct": 0.568, "cons_pct": 0.239, "svc_down": 0, "fac_summary": "", "biz_50m": 2, "near_trans_seg": 0}}, {"type": "Feature", "geometry": {"type": "LineString", "coordinates": [[-82.98442658339849, 39.96743005027324], [-82.98444017741899, 39.96750307487407]]}, "properties": {"ticket_id": "DEMO-20260713-0045", "priority_level": "LOW", "GLOBALID": "DEMO-SEG-003633", "kind": "service", "material": "MDPE", "vintage_year": 1997, "diameter_in": 0.5, "coated": false, "s1_score": 0.267, "overall_pct": 0.525, "seg_level": "LOW", "like_pct": 0.525, "cons_pct": 0.268, "svc_down": 1, "fac_summary": "", "biz_50m": 2, "near_trans_seg": 0}}, {"type": "Feature", "geometry": {"type": "LineString", "coordinates": [[-82.98472091586672, 39.96739761069192], [-82.98475190012628, 39.967564048413536]]}, "properties": {"ticket_id": "DEMO-20260713-0045", "priority_level": "LOW", "GLOBALID": "DEMO-SEG-005425", "kind": "service", "material": "MDPE", "vintage_year": 1997, "diameter_in": 1.25, "coated": false, "s1_score": 0.235, "overall_pct": 0.367, "seg_level": "LOW", "like_pct": 0.367, "cons_pct": 0.268, "svc_down": 1, "fac_summary": "", "biz_50m": 2, "near_trans_seg": 0}}, {"type": "Feature", "geometry": {"type": "LineString", "coordinates": [[-82.98472921243825, 39.96739669628171], [-82.98477871739301, 39.967662620759754]]}, "properties": {"ticket_id": "DEMO-20260713-0045", "priority_level": "LOW", "GLOBALID": "DEMO-SEG-006645", "kind": "service", "material": "MDPE", "vintage_year": 1997, "diameter_in": 0.5, "coated": false, "s1_score": 0.25, "overall_pct": 0.442, "seg_level": "LOW", "like_pct": 0.442, "cons_pct": 0.268, "svc_down": 1, "fac_summary": "", "biz_50m": 2, "near_trans_seg": 0}}, {"type": "Feature", "geometry": {"type": "LineString", "coordinates": [[-82.99682591739544, 39.96266392932834], [-82.99662613513192, 39.96268717784378]]}, "properties": {"ticket_id": "DEMO-20260713-0036", "priority_level": "LOW", "GLOBALID": "DEMO-SEG-000959", "kind": "main", "material": "Steel", "vintage_year": 1987, "diameter_in": 4.0, "coated": true, "s1_score": 0.458, "overall_pct": 0.772, "seg_level": "LOW", "like_pct": 0.772, "cons_pct": 0.135, "svc_down": 0, "fac_summary": "", "biz_50m": 1, "near_trans_seg": 0}}, {"type": "Feature", "geometry": {"type": "LineString", "coordinates": [[-82.99685949486351, 39.9626600219078], [-82.99682591739544, 39.96266392932834]]}, "properties": {"ticket_id": "DEMO-20260713-0036", "priority_level": "LOW", "GLOBALID": "DEMO-SEG-000958", "kind": "main", "material": "Steel", "vintage_year": 1987, "diameter_in": 6.0, "coated": true, "s1_score": 0.481, "overall_pct": 0.802, "seg_level": "MODERATE", "like_pct": 0.802, "cons_pct": 0.135, "svc_down": 0, "fac_summary": "", "biz_50m": 1, "near_trans_seg": 0}}, {"type": "Feature", "geometry": {"type": "LineString", "coordinates": [[-83.0052553069576, 39.94450904163435], [-83.00502040595522, 39.94448119258455]]}, "properties": {"ticket_id": "DEMO-20260713-0055", "priority_level": "LOW", "GLOBALID": "DEMO-SEG-000285", "kind": "main", "material": "Steel", "vintage_year": 1975, "diameter_in": 4.0, "coated": true, "s1_score": 0.632, "overall_pct": 0.88, "seg_level": "MODERATE", "like_pct": 0.88, "cons_pct": 0.042, "svc_down": 0, "fac_summary": "", "biz_50m": 0, "near_trans_seg": 0}}, {"type": "Feature", "geometry": {"type": "LineString", "coordinates": [[-82.98979685283895, 39.94309773159402], [-82.99000055462274, 39.94310790477952]]}, "properties": {"ticket_id": "DEMO-20260713-0016", "priority_level": "LOW", "GLOBALID": "DEMO-SEG-001656", "kind": "main", "material": "MDPE", "vintage_year": 2021, "diameter_in": 2.0, "coated": false, "s1_score": 0.168, "overall_pct": 0.867, "seg_level": "MODERATE", "like_pct": 0.096, "cons_pct": 0.867, "svc_down": 13, "fac_summary": "", "biz_50m": 4, "near_trans_seg": 0}}, {"type": "Feature", "geometry": {"type": "LineString", "coordinates": [[-82.9898137241616, 39.94367991580613], [-82.989832, 39.943681000000005], [-82.98993606193007, 39.9436757310659]]}, "properties": {"ticket_id": "DEMO-20260713-0016", "priority_level": "LOW", "GLOBALID": "DEMO-SEG-002210", "kind": "main", "material": "MDPE", "vintage_year": 2024, "diameter_in": 6.0, "coated": false, "s1_score": 0.097, "overall_pct": 0.999, "seg_level": "HIGH", "like_pct": 0.002, "cons_pct": 0.999, "svc_down": 143, "fac_summary": "", "biz_50m": 9, "near_trans_seg": 0}}, {"type": "Feature", "geometry": {"type": "LineString", "coordinates": [[-82.989832, 39.943681000000005], [-82.98983740162254, 39.943845247425976]]}, "properties": {"ticket_id": "DEMO-20260713-0016", "priority_level": "LOW", "GLOBALID": "DEMO-SEG-005330", "kind": "service", "material": "MDPE", "vintage_year": 2024, "diameter_in": 1.0, "coated": false, "s1_score": 0.15, "overall_pct": 0.436, "seg_level": "LOW", "like_pct": 0.055, "cons_pct": 0.436, "svc_down": 1, "fac_summary": "", "biz_50m": 7, "near_trans_seg": 0}}, {"type": "Feature", "geometry": {"type": "LineString", "coordinates": [[-82.98991897834256, 39.94367659606012], [-82.98993501595223, 39.94386425203258]]}, "properties": {"ticket_id": "DEMO-20260713-0016", "priority_level": "LOW", "GLOBALID": "DEMO-SEG-005854", "kind": "service", "material": "MDPE", "vintage_year": 2024, "diameter_in": 0.75, "coated": false, "s1_score": 0.123, "overall_pct": 0.436, "seg_level": "LOW", "like_pct": 0.013, "cons_pct": 0.436, "svc_down": 1, "fac_summary": "", "biz_50m": 7, "near_trans_seg": 0}}, {"type": "Feature", "geometry": {"type": "LineString", "coordinates": [[-82.99006073853324, 39.94311091038882], [-82.99006984886199, 39.943002829303076]]}, "properties": {"ticket_id": "DEMO-20260713-0016", "priority_level": "LOW", "GLOBALID": "DEMO-SEG-004137", "kind": "service", "material": "MDPE", "vintage_year": 1985, "diameter_in": 1.0, "coated": false, "s1_score": 0.305, "overall_pct": 0.684, "seg_level": "LOW", "like_pct": 0.684, "cons_pct": 0.268, "svc_down": 1, "fac_summary": "", "biz_50m": 2, "near_trans_seg": 0}}, {"type": "Feature", "geometry": {"type": "LineString", "coordinates": [[-82.99000055462274, 39.94310790477952], [-82.9902007, 39.94311789999999], [-82.9902118, 39.943118500000004], [-82.990319, 39.943126]]}, "properties": {"ticket_id": "DEMO-20260713-0016", "priority_level": "LOW", "GLOBALID": "DEMO-SEG-001657", "kind": "main", "material": "Steel", "vintage_year": 1972, "diameter_in": 6.0, "coated": true, "s1_score": 0.624, "overall_pct": 0.877, "seg_level": "MODERATE", "like_pct": 0.877, "cons_pct": 0.855, "svc_down": 14, "fac_summary": "", "biz_50m": 2, "near_trans_seg": 0}}, {"type": "Feature", "geometry": {"type": "LineString", "coordinates": [[-82.9900843671596, 39.94311209040352], [-82.99007029533713, 39.943279032725926]]}, "properties": {"ticket_id": "DEMO-20260713-0016", "priority_level": "LOW", "GLOBALID": "DEMO-SEG-005398", "kind": "service", "material": "MDPE", "vintage_year": 1985, "diameter_in": 0.75, "coated": false, "s1_score": 0.302, "overall_pct": 0.675, "seg_level": "LOW", "like_pct": 0.675, "cons_pct": 0.268, "svc_down": 1, "fac_summary": "", "biz_50m": 2, "near_trans_seg": 0}}, {"type": "Feature", "geometry": {"type": "LineString", "coordinates": [[-82.9902931892902, 39.94338036638161], [-82.99030220000002, 39.943329000000006], [-82.990319, 39.943126]]}, "properties": {"ticket_id": "DEMO-20260713-0016", "priority_level": "LOW", "GLOBALID": "DEMO-SEG-001659", "kind": "main", "material": "MDPE", "vintage_year": 2020, "diameter_in": 3.0, "coated": false, "s1_score": 0.117, "overall_pct": 0.869, "seg_level": "MODERATE", "like_pct": 0.008, "cons_pct": 0.869, "svc_down": 16, "fac_summary": "", "biz_50m": 2, "near_trans_seg": 0}}, {"type": "Feature", "geometry": {"type": "LineString", "coordinates": [[-82.990246, 39.94363299999999], [-82.9902678, 39.943525099999995], [-82.9902931892902, 39.94338036638161]]}, "properties": {"ticket_id": "DEMO-20260713-0016", "priority_level": "LOW", "GLOBALID": "DEMO-SEG-001658", "kind": "main", "material": "MDPE", "vintage_year": 2007, "diameter_in": 6.0, "coated": false, "s1_score": 0.167, "overall_pct": 0.914, "seg_level": "MODERATE", "like_pct": 0.094, "cons_pct": 0.914, "svc_down": 16, "fac_summary": "", "biz_50m": 5, "near_trans_seg": 0}}, {"type": "Feature", "geometry": {"type": "LineString", "coordinates": [[-82.99000298277505, 39.943670970659035], [-82.9899661108791, 39.943531215902986]]}, "properties": {"ticket_id": "DEMO-20260713-0016", "priority_level": "LOW", "GLOBALID": "DEMO-SEG-004836", "kind": "service", "material": "MDPE", "vintage_year": 2012, "diameter_in": 0.75, "coated": false, "s1_score": 0.182, "overall_pct": 0.392, "seg_level": "LOW", "like_pct": 0.143, "cons_pct": 0.392, "svc_down": 1, "fac_summary": "", "biz_50m": 6, "near_trans_seg": 0}}, {"type": "Feature", "geometry": {"type": "LineString", "coordinates": [[-82.990246, 39.94363299999999], [-82.990338, 39.94362259999999], [-82.9904413, 39.9436109], [-82.9905252423971, 39.94359975623797]]}, "properties": {"ticket_id": "DEMO-20260713-0016", "priority_level": "LOW", "GLOBALID": "DEMO-SEG-001383", "kind": "main", "material": "MDPE", "vintage_year": 2008, "diameter_in": 4.0, "coated": false, "s1_score": 0.209, "overall_pct": 0.999, "seg_level": "HIGH", "like_pct": 0.251, "cons_pct": 0.999, "svc_down": 167, "fac_summary": "", "biz_50m": 5, "near_trans_seg": 0}}, {"type": "Feature", "geometry": {"type": "LineString", "coordinates": [[-82.98993606193007, 39.9436757310659], [-82.98999, 39.943673], [-82.990093, 39.9436569], [-82.990246, 39.94363299999999]]}, "properties": {"ticket_id": "DEMO-20260713-0016", "priority_level": "LOW", "GLOBALID": "DEMO-SEG-002211", "kind": "main", "material": "MDPE", "vintage_year": 2012, "diameter_in": 4.0, "coated": false, "s1_score": 0.16, "overall_pct": 0.999, "seg_level": "HIGH", "like_pct": 0.076, "cons_pct": 0.999, "svc_down": 150, "fac_summary": "", "biz_50m": 7, "near_trans_seg": 0}}, {"type": "Feature", "geometry": {"type": "LineString", "coordinates": [[-82.9905028395496, 39.94360273033136], [-82.99054893738035, 39.943808455141024]]}, "properties": {"ticket_id": "DEMO-20260713-0016", "priority_level": "LOW", "GLOBALID": "DEMO-SEG-006149", "kind": "service", "material": "MDPE", "vintage_year": 2011, "diameter_in": 0.5, "coated": false, "s1_score": 0.21, "overall_pct": 0.392, "seg_level": "LOW", "like_pct": 0.258, "cons_pct": 0.392, "svc_down": 1, "fac_summary": "", "biz_50m": 6, "near_trans_seg": 0}}, {"type": "Feature", "geometry": {"type": "LineString", "coordinates": [[-82.990246, 39.94363299999999], [-82.9902319, 39.9437418], [-82.99022095228273, 39.94384735340799]]}, "properties": {"ticket_id": "DEMO-20260713-0016", "priority_level": "LOW", "GLOBALID": "DEMO-SEG-001768", "kind": "main", "material": "Steel", "vintage_year": 1982, "diameter_in": 2.0, "coated": true, "s1_score": 0.526, "overall_pct": 0.855, "seg_level": "MODERATE", "like_pct": 0.855, "cons_pct": 0.349, "svc_down": 0, "fac_summary": "", "biz_50m": 5, "near_trans_seg": 0}}, {"type": "Feature", "geometry": {"type": "LineString", "coordinates": [[-82.99080455746888, 39.94356686409302], [-82.99097555124541, 39.943547520253055]]}, "properties": {"ticket_id": "DEMO-20260713-0016", "priority_level": "LOW", "GLOBALID": "DEMO-SEG-001385", "kind": "main", "material": "Steel", "vintage_year": 1992, "diameter_in": 3.0, "coated": true, "s1_score": 0.444, "overall_pct": 0.999, "seg_level": "HIGH", "like_pct": 0.76, "cons_pct": 0.999, "svc_down": 169, "fac_summary": "", "biz_50m": 6, "near_trans_seg": 0}}, {"type": "Feature", "geometry": {"type": "LineString", "coordinates": [[-82.9905252423971, 39.94359975623797], [-82.9905912, 39.94359099999999], [-82.99080455746888, 39.94356686409302]]}, "properties": {"ticket_id": "DEMO-20260713-0016", "priority_level": "LOW", "GLOBALID": "DEMO-SEG-001384", "kind": "main", "material": "Steel", "vintage_year": 1980, "diameter_in": 8.0, "coated": true, "s1_score": 0.51, "overall_pct": 0.999, "seg_level": "HIGH", "like_pct": 0.839, "cons_pct": 0.999, "svc_down": 168, "fac_summary": "", "biz_50m": 5, "near_trans_seg": 0}}, {"type": "Feature", "geometry": {"type": "LineString", "coordinates": [[-82.99090908560146, 39.94355503927586], [-82.99094649272074, 39.94375094589652]]}, "properties": {"ticket_id": "DEMO-20260713-0016", "priority_level": "LOW", "GLOBALID": "DEMO-SEG-005998", "kind": "service", "material": "MDPE", "vintage_year": 2008, "diameter_in": 1.25, "coated": false, "s1_score": 0.206, "overall_pct": 0.436, "seg_level": "LOW", "like_pct": 0.239, "cons_pct": 0.436, "svc_down": 1, "fac_summary": "", "biz_50m": 7, "near_trans_seg": 0}}, {"type": "Feature", "geometry": {"type": "LineString", "coordinates": [[-82.99080739987559, 39.9435665425451], [-82.99084887988623, 39.943783781101516]]}, "properties": {"ticket_id": "DEMO-20260713-0016", "priority_level": "LOW", "GLOBALID": "DEMO-SEG-006250", "kind": "service", "material": "Steel", "vintage_year": 1995, "diameter_in": 1.25, "coated": true, "s1_score": 0.442, "overall_pct": 0.758, "seg_level": "LOW", "like_pct": 0.758, "cons_pct": 0.436, "svc_down": 1, "fac_summary": "", "biz_50m": 7, "near_trans_seg": 0}}, {"type": "Feature", "geometry": {"type": "LineString", "coordinates": [[-82.99069826072457, 39.94357888888516], [-82.99073604998235, 39.94377679998266]]}, "properties": {"ticket_id": "DEMO-20260713-0016", "priority_level": "LOW", "GLOBALID": "DEMO-SEG-006033", "kind": "service", "material": "MDPE", "vintage_year": 2015, "diameter_in": 0.75, "coated": false, "s1_score": 0.156, "overall_pct": 0.392, "seg_level": "LOW", "like_pct": 0.068, "cons_pct": 0.392, "svc_down": 1, "fac_summary": "", "biz_50m": 6, "near_trans_seg": 0}}, {"type": "Feature", "geometry": {"type": "LineString", "coordinates": [[-82.99022509433854, 39.943807417432446], [-82.99036845320394, 39.94381622645289]]}, "properties": {"ticket_id": "DEMO-20260713-0016", "priority_level": "LOW", "GLOBALID": "DEMO-SEG-004172", "kind": "service", "material": "MDPE", "vintage_year": 1995, "diameter_in": 0.75, "coated": false, "s1_score": 0.277, "overall_pct": 0.571, "seg_level": "LOW", "like_pct": 0.571, "cons_pct": 0.392, "svc_down": 1, "fac_summary": "", "biz_50m": 6, "near_trans_seg": 0}}, {"type": "Feature", "geometry": {"type": "LineString", "coordinates": [[-82.99021743579955, 39.94388125784348], [-82.99005864152133, 39.943871500152056]]}, "properties": {"ticket_id": "DEMO-20260713-0016", "priority_level": "LOW", "GLOBALID": "DEMO-SEG-004403", "kind": "service", "material": "MDPE", "vintage_year": 2004, "diameter_in": 0.5, "coated": false, "s1_score": 0.245, "overall_pct": 0.416, "seg_level": "LOW", "like_pct": 0.416, "cons_pct": 0.392, "svc_down": 1, "fac_summary": "", "biz_50m": 6, "near_trans_seg": 0}}, {"type": "Feature", "geometry": {"type": "LineString", "coordinates": [[-82.99022095228273, 39.94384735340799], [-82.99021741798829, 39.94388142957201]]}, "properties": {"ticket_id": "DEMO-20260713-0016", "priority_level": "LOW", "GLOBALID": "DEMO-SEG-001769", "kind": "main", "material": "Steel", "vintage_year": 1983, "diameter_in": 3.0, "coated": true, "s1_score": 0.503, "overall_pct": 0.83, "seg_level": "MODERATE", "like_pct": 0.83, "cons_pct": 0.628, "svc_down": 1, "fac_summary": "", "biz_50m": 8, "near_trans_seg": 0}}, {"type": "Feature", "geometry": {"type": "LineString", "coordinates": [[-83.0012119869091, 39.96516383865098], [-83.0012081, 39.96514379999999], [-83.0011904, 39.9650526], [-83.00118202385646, 39.96500933611518]]}, "properties": {"ticket_id": "DEMO-20260713-0038", "priority_level": "LOW", "GLOBALID": "DEMO-SEG-000365", "kind": "main", "material": "MDPE", "vintage_year": 2014, "diameter_in": 4.0, "coated": false, "s1_score": 0.168, "overall_pct": 0.135, "seg_level": "LOW", "like_pct": 0.097, "cons_pct": 0.135, "svc_down": 0, "fac_summary": "", "biz_50m": 1, "near_trans_seg": 0}}, {"type": "Feature", "geometry": {"type": "LineString", "coordinates": [[-83.00169297140837, 39.965000511064744], [-83.00174259994678, 39.965259950181625]]}, "properties": {"ticket_id": "DEMO-20260713-0038", "priority_level": "LOW", "GLOBALID": "DEMO-SEG-007267", "kind": "service", "material": "MDPE", "vintage_year": 2014, "diameter_in": 0.5, "coated": false, "s1_score": 0.196, "overall_pct": 0.2, "seg_level": "LOW", "like_pct": 0.193, "cons_pct": 0.2, "svc_down": 1, "fac_summary": "", "biz_50m": 1, "near_trans_seg": 0}}, {"type": "Feature", "geometry": {"type": "LineString", "coordinates": [[-83.00125540451764, 39.9653876737854], [-83.0012119869091, 39.96516383865098]]}, "properties": {"ticket_id": "DEMO-20260713-0038", "priority_level": "LOW", "GLOBALID": "DEMO-SEG-000364", "kind": "main", "material": "MDPE", "vintage_year": 2002, "diameter_in": 4.0, "coated": false, "s1_score": 0.216, "overall_pct": 0.28, "seg_level": "LOW", "like_pct": 0.28, "cons_pct": 0.135, "svc_down": 0, "fac_summary": "", "biz_50m": 1, "near_trans_seg": 0}}, {"type": "Feature", "geometry": {"type": "LineString", "coordinates": [[-83.00129882293541, 39.96561150883146], [-83.0012982, 39.96560829999999], [-83.00125540451764, 39.9653876737854]]}, "properties": {"ticket_id": "DEMO-20260713-0038", "priority_level": "LOW", "GLOBALID": "DEMO-SEG-000363", "kind": "main", "material": "MDPE", "vintage_year": 2022, "diameter_in": 4.0, "coated": false, "s1_score": 0.131, "overall_pct": 0.135, "seg_level": "LOW", "like_pct": 0.021, "cons_pct": 0.135, "svc_down": 0, "fac_summary": "", "biz_50m": 1, "near_trans_seg": 0}}, {"type": "Feature", "geometry": {"type": "LineString", "coordinates": [[-83.00155925243304, 39.96572029826486], [-83.00183850019042, 39.96568820043482]]}, "properties": {"ticket_id": "DEMO-20260713-0038", "priority_level": "LOW", "GLOBALID": "DEMO-SEG-007342", "kind": "service", "material": "MDPE", "vintage_year": 1985, "diameter_in": 0.75, "coated": false, "s1_score": 0.326, "overall_pct": 0.732, "seg_level": "LOW", "like_pct": 0.732, "cons_pct": 0.268, "svc_down": 1, "fac_summary": "", "biz_50m": 2, "near_trans_seg": 0}}, {"type": "Feature", "geometry": {"type": "LineString", "coordinates": [[-83.0013207421743, 39.96572441782052], [-83.00129882293541, 39.96561150883146]]}, "properties": {"ticket_id": "DEMO-20260713-0038", "priority_level": "LOW", "GLOBALID": "DEMO-SEG-000362", "kind": "main", "material": "Steel", "vintage_year": 1965, "diameter_in": 4.0, "coated": false, "s1_score": 0.669, "overall_pct": 0.905, "seg_level": "MODERATE", "like_pct": 0.905, "cons_pct": 0.135, "svc_down": 0, "fac_summary": "", "biz_50m": 1, "near_trans_seg": 0}}, {"type": "Feature", "geometry": {"type": "LineString", "coordinates": [[-83.00207324045311, 39.944285690863836], [-83.002069, 39.94428500000001], [-83.00202364685407, 39.94427541107862]]}, "properties": {"ticket_id": "DEMO-20260713-0026", "priority_level": "LOW", "GLOBALID": "DEMO-SEG-000296", "kind": "main", "material": "MDPE", "vintage_year": 2008, "diameter_in": 2.0, "coated": false, "s1_score": 0.204, "overall_pct": 0.231, "seg_level": "LOW", "like_pct": 0.231, "cons_pct": 0.042, "svc_down": 0, "fac_summary": "", "biz_50m": 0, "near_trans_seg": 0}}, {"type": "Feature", "geometry": {"type": "LineString", "coordinates": [[-83.0023627174801, 39.94432750040642], [-83.002247, 39.94431399999999], [-83.00207324045311, 39.944285690863836]]}, "properties": {"ticket_id": "DEMO-20260713-0026", "priority_level": "LOW", "GLOBALID": "DEMO-SEG-000295", "kind": "main", "material": "MDPE", "vintage_year": 1997, "diameter_in": 6.0, "coated": false, "s1_score": 0.212, "overall_pct": 0.266, "seg_level": "LOW", "like_pct": 0.266, "cons_pct": 0.042, "svc_down": 0, "fac_summary": "", "biz_50m": 0, "near_trans_seg": 0}}, {"type": "Feature", "geometry": {"type": "LineString", "coordinates": [[-83.00265620595113, 39.944345760825655], [-83.002427, 39.944334999999995], [-83.0023627174801, 39.94432750040642]]}, "properties": {"ticket_id": "DEMO-20260713-0026", "priority_level": "LOW", "GLOBALID": "DEMO-SEG-000294", "kind": "main", "material": "Steel", "vintage_year": 1972, "diameter_in": 4.0, "coated": true, "s1_score": 0.621, "overall_pct": 0.876, "seg_level": "MODERATE", "like_pct": 0.876, "cons_pct": 0.042, "svc_down": 0, "fac_summary": "", "biz_50m": 0, "near_trans_seg": 0}}, {"type": "Feature", "geometry": {"type": "LineString", "coordinates": [[-83.00295030812364, 39.94435956774696], [-83.00265620595113, 39.944345760825655]]}, "properties": {"ticket_id": "DEMO-20260713-0026", "priority_level": "LOW", "GLOBALID": "DEMO-SEG-000293", "kind": "main", "material": "Steel", "vintage_year": 1976, "diameter_in": 8.0, "coated": true, "s1_score": 0.517, "overall_pct": 0.848, "seg_level": "MODERATE", "like_pct": 0.848, "cons_pct": 0.042, "svc_down": 0, "fac_summary": "", "biz_50m": 0, "near_trans_seg": 0}}, {"type": "Feature", "geometry": {"type": "LineString", "coordinates": [[-83.00298934663675, 39.94436140039243], [-83.00295030812364, 39.94435956774696]]}, "properties": {"ticket_id": "DEMO-20260713-0026", "priority_level": "LOW", "GLOBALID": "DEMO-SEG-000292", "kind": "main", "material": "Steel", "vintage_year": 1976, "diameter_in": 3.0, "coated": true, "s1_score": 0.527, "overall_pct": 0.856, "seg_level": "MODERATE", "like_pct": 0.856, "cons_pct": 0.042, "svc_down": 0, "fac_summary": "", "biz_50m": 0, "near_trans_seg": 0}}, {"type": "Feature", "geometry": {"type": "LineString", "coordinates": [[-82.9860054936062, 39.95508977871322], [-82.9859154, 39.955134699999995], [-82.9857702, 39.955217600000005], [-82.98575650481484, 39.955227084113815]]}, "properties": {"ticket_id": "DEMO-20260713-0050", "priority_level": "LOW", "GLOBALID": "DEMO-SEG-000885", "kind": "main", "material": "MDPE", "vintage_year": 2004, "diameter_in": 6.0, "coated": false, "s1_score": 0.214, "overall_pct": 0.275, "seg_level": "LOW", "like_pct": 0.275, "cons_pct": 0.042, "svc_down": 0, "fac_summary": "", "biz_50m": 0, "near_trans_seg": 0}}, {"type": "Feature", "geometry": {"type": "LineString", "coordinates": [[-82.98575650481484, 39.955227084113815], [-82.985658, 39.9552953], [-82.985598, 39.955357599999985], [-82.98556280972517, 39.95540707544182]]}, "properties": {"ticket_id": "DEMO-20260713-0050", "priority_level": "LOW", "GLOBALID": "DEMO-SEG-000886", "kind": "main", "material": "MDPE", "vintage_year": 2012, "diameter_in": 4.0, "coated": false, "s1_score": 0.176, "overall_pct": 0.123, "seg_level": "LOW", "like_pct": 0.123, "cons_pct": 0.042, "svc_down": 0, "fac_summary": "", "biz_50m": 0, "near_trans_seg": 0}}, {"type": "Feature", "geometry": {"type": "LineString", "coordinates": [[-82.98556280972517, 39.95540707544182], [-82.9855576, 39.9554144], [-82.9855244, 39.95548899999999], [-82.9855134, 39.9555501], [-82.9855083, 39.955594999999995], [-82.98550948200214, 39.95563696108457]]}, "properties": {"ticket_id": "DEMO-20260713-0050", "priority_level": "LOW", "GLOBALID": "DEMO-SEG-000887", "kind": "main", "material": "MDPE", "vintage_year": 1999, "diameter_in": 4.0, "coated": false, "s1_score": 0.241, "overall_pct": 0.395, "seg_level": "LOW", "like_pct": 0.395, "cons_pct": 0.135, "svc_down": 0, "fac_summary": "", "biz_50m": 1, "near_trans_seg": 0}}, {"type": "Feature", "geometry": {"type": "LineString", "coordinates": [[-82.98550948200214, 39.95563696108457], [-82.9855097, 39.9556447], [-82.9855171, 39.95568840000001], [-82.98555201653849, 39.955870548333806]]}, "properties": {"ticket_id": "DEMO-20260713-0050", "priority_level": "LOW", "GLOBALID": "DEMO-SEG-000888", "kind": "main", "material": "Steel", "vintage_year": 1977, "diameter_in": 8.0, "coated": true, "s1_score": 0.484, "overall_pct": 0.806, "seg_level": "MODERATE", "like_pct": 0.806, "cons_pct": 0.135, "svc_down": 0, "fac_summary": "", "biz_50m": 1, "near_trans_seg": 0}}, {"type": "Feature", "geometry": {"type": "LineString", "coordinates": [[-82.98555487013739, 39.955885434591906], [-82.98576525010867, 39.95586155004683]]}, "properties": {"ticket_id": "DEMO-20260713-0050", "priority_level": "LOW", "GLOBALID": "DEMO-SEG-005308", "kind": "service", "material": "MDPE", "vintage_year": 2002, "diameter_in": 1.0, "coated": false, "s1_score": 0.247, "overall_pct": 0.423, "seg_level": "LOW", "like_pct": 0.423, "cons_pct": 0.268, "svc_down": 1, "fac_summary": "", "biz_50m": 2, "near_trans_seg": 0}}, {"type": "Feature", "geometry": {"type": "LineString", "coordinates": [[-82.98550947262545, 39.95563662821238], [-82.98517444882513, 39.95564221696244]]}, "properties": {"ticket_id": "DEMO-20260713-0050", "priority_level": "LOW", "GLOBALID": "DEMO-SEG-006564", "kind": "service", "material": "MDPE", "vintage_year": 2003, "diameter_in": 1.0, "coated": false, "s1_score": 0.265, "overall_pct": 0.515, "seg_level": "LOW", "like_pct": 0.515, "cons_pct": 0.2, "svc_down": 1, "fac_summary": "", "biz_50m": 1, "near_trans_seg": 0}}, {"type": "Feature", "geometry": {"type": "LineString", "coordinates": [[-82.98555201653849, 39.955870548333806], [-82.9855771, 39.9560014], [-82.98559629045056, 39.956104004661135]]}, "properties": {"ticket_id": "DEMO-20260713-0050", "priority_level": "LOW", "GLOBALID": "DEMO-SEG-000889", "kind": "main", "material": "MDPE", "vintage_year": 2001, "diameter_in": 6.0, "coated": false, "s1_score": 0.173, "overall_pct": 0.135, "seg_level": "LOW", "like_pct": 0.113, "cons_pct": 0.135, "svc_down": 0, "fac_summary": "", "biz_50m": 1, "near_trans_seg": 0}}, {"type": "Feature", "geometry": {"type": "LineString", "coordinates": [[-82.98560145978593, 39.956131643239274], [-82.98581472298996, 39.956108020121704]]}, "properties": {"ticket_id": "DEMO-20260713-0050", "priority_level": "LOW", "GLOBALID": "DEMO-SEG-005370", "kind": "service", "material": "MDPE", "vintage_year": 1985, "diameter_in": 1.25, "coated": false, "s1_score": 0.31, "overall_pct": 0.698, "seg_level": "LOW", "like_pct": 0.698, "cons_pct": 0.2, "svc_down": 1, "fac_summary": "", "biz_50m": 1, "near_trans_seg": 0}}, {"type": "Feature", "geometry": {"type": "LineString", "coordinates": [[-82.98560560873953, 39.95615382618477], [-82.9854064496659, 39.95617588662501]]}, "properties": {"ticket_id": "DEMO-20260713-0050", "priority_level": "LOW", "GLOBALID": "DEMO-SEG-005095", "kind": "service", "material": "MDPE", "vintage_year": 1985, "diameter_in": 0.75, "coated": false, "s1_score": 0.331, "overall_pct": 0.737, "seg_level": "LOW", "like_pct": 0.737, "cons_pct": 0.2, "svc_down": 1, "fac_summary": "", "biz_50m": 1, "near_trans_seg": 0}}, {"type": "Feature", "geometry": {"type": "LineString", "coordinates": [[-82.98559629045056, 39.956104004661135], [-82.9856247, 39.9562559], [-82.98564190000002, 39.9563373]]}, "properties": {"ticket_id": "DEMO-20260713-0050", "priority_level": "LOW", "GLOBALID": "DEMO-SEG-000890", "kind": "main", "material": "Steel", "vintage_year": 1978, "diameter_in": 3.0, "coated": true, "s1_score": 0.542, "overall_pct": 0.865, "seg_level": "MODERATE", "like_pct": 0.865, "cons_pct": 0.135, "svc_down": 0, "fac_summary": "", "biz_50m": 1, "near_trans_seg": 0}}, {"type": "Feature", "geometry": {"type": "LineString", "coordinates": [[-82.98592763703087, 39.95630628679797], [-82.98621343871405, 39.95627562606576]]}, "properties": {"ticket_id": "DEMO-20260713-0050", "priority_level": "LOW", "GLOBALID": "DEMO-SEG-000864", "kind": "main", "material": "MDPE", "vintage_year": 1997, "diameter_in": 6.0, "coated": false, "s1_score": 0.251, "overall_pct": 0.448, "seg_level": "LOW", "like_pct": 0.448, "cons_pct": 0.135, "svc_down": 0, "fac_summary": "", "biz_50m": 1, "near_trans_seg": 0}}, {"type": "Feature", "geometry": {"type": "LineString", "coordinates": [[-82.98564190000002, 39.9563373], [-82.98575320000002, 39.956324999999985], [-82.98592763703087, 39.95630628679797]]}, "properties": {"ticket_id": "DEMO-20260713-0050", "priority_level": "LOW", "GLOBALID": "DEMO-SEG-000863", "kind": "main", "material": "MDPE", "vintage_year": 2011, "diameter_in": 6.0, "coated": false, "s1_score": 0.153, "overall_pct": 0.135, "seg_level": "LOW", "like_pct": 0.061, "cons_pct": 0.135, "svc_down": 0, "fac_summary": "", "biz_50m": 1, "near_trans_seg": 0}}, {"type": "Feature", "geometry": {"type": "LineString", "coordinates": [[-82.98566901242474, 39.956487440257014], [-82.9856617, 39.9564468], [-82.98564190000002, 39.9563373]]}, "properties": {"ticket_id": "DEMO-20260713-0050", "priority_level": "LOW", "GLOBALID": "DEMO-SEG-000882", "kind": "main", "material": "MDPE", "vintage_year": 2009, "diameter_in": 4.0, "coated": false, "s1_score": 0.178, "overall_pct": 0.239, "seg_level": "LOW", "like_pct": 0.129, "cons_pct": 0.239, "svc_down": 0, "fac_summary": "", "biz_50m": 2, "near_trans_seg": 0}}, {"type": "Feature", "geometry": {"type": "LineString", "coordinates": [[-82.98684610905991, 39.95483678492258], [-82.98684136129978, 39.9548376032385]]}, "properties": {"ticket_id": "DEMO-20260713-0050", "priority_level": "LOW", "GLOBALID": "DEMO-SEG-003137", "kind": "main", "material": "MDPE", "vintage_year": 2002, "diameter_in": 2.0, "coated": false, "s1_score": 0.235, "overall_pct": 0.37, "seg_level": "LOW", "like_pct": 0.37, "cons_pct": 0.042, "svc_down": 0, "fac_summary": "", "biz_50m": 0, "near_trans_seg": 0}}, {"type": "Feature", "geometry": {"type": "LineString", "coordinates": [[-82.98684584484587, 39.95489946836801], [-82.98684791642236, 39.95489921960208]]}, "properties": {"ticket_id": "DEMO-20260713-0050", "priority_level": "LOW", "GLOBALID": "DEMO-SEG-002575", "kind": "main", "material": "MDPE", "vintage_year": 2016, "diameter_in": 3.0, "coated": false, "s1_score": 0.145, "overall_pct": 0.092, "seg_level": "LOW", "like_pct": 0.042, "cons_pct": 0.092, "svc_down": 1, "fac_summary": "", "biz_50m": 0, "near_trans_seg": 0}}, {"type": "Feature", "geometry": {"type": "LineString", "coordinates": [[-82.98680067891365, 39.954904892124254], [-82.986855975504, 39.95517761527265]]}, "properties": {"ticket_id": "DEMO-20260713-0050", "priority_level": "LOW", "GLOBALID": "DEMO-SEG-006976", "kind": "service", "material": "MDPE", "vintage_year": 2007, "diameter_in": 0.5, "coated": false, "s1_score": 0.205, "overall_pct": 0.235, "seg_level": "LOW", "like_pct": 0.235, "cons_pct": 0.092, "svc_down": 1, "fac_summary": "", "biz_50m": 0, "near_trans_seg": 0}}, {"type": "Feature", "geometry": {"type": "LineString", "coordinates": [[-82.98678528784787, 39.95621571039708], [-82.98688573619802, 39.95620564517812]]}, "properties": {"ticket_id": "DEMO-20260713-0050", "priority_level": "LOW", "GLOBALID": "DEMO-SEG-000867", "kind": "main", "material": "MDPE", "vintage_year": 2009, "diameter_in": 4.0, "coated": false, "s1_score": 0.199, "overall_pct": 0.208, "seg_level": "LOW", "like_pct": 0.208, "cons_pct": 0.135, "svc_down": 0, "fac_summary": "", "biz_50m": 1, "near_trans_seg": 0}}, {"type": "Feature", "geometry": {"type": "LineString", "coordinates": [[-82.98684136129978, 39.9548376032385], [-82.9867793, 39.9548483], [-82.9865611, 39.9548947]]}, "properties": {"ticket_id": "DEMO-20260713-0050", "priority_level": "LOW", "GLOBALID": "DEMO-SEG-003138", "kind": "main", "material": "MDPE", "vintage_year": 2007, "diameter_in": 4.0, "coated": false, "s1_score": 0.219, "overall_pct": 0.297, "seg_level": "LOW", "like_pct": 0.297, "cons_pct": 0.042, "svc_down": 0, "fac_summary": "", "biz_50m": 0, "near_trans_seg": 0}}, {"type": "Feature", "geometry": {"type": "LineString", "coordinates": [[-82.9865611, 39.9548947], [-82.9867723, 39.9549083], [-82.98684584484587, 39.95489946836801]]}, "properties": {"ticket_id": "DEMO-20260713-0050", "priority_level": "LOW", "GLOBALID": "DEMO-SEG-002574", "kind": "main", "material": "MDPE", "vintage_year": 2005, "diameter_in": 3.0, "coated": false, "s1_score": 0.22, "overall_pct": 0.301, "seg_level": "LOW", "like_pct": 0.301, "cons_pct": 0.042, "svc_down": 0, "fac_summary": "", "biz_50m": 0, "near_trans_seg": 0}}, {"type": "Feature", "geometry": {"type": "LineString", "coordinates": [[-82.9865611, 39.9548947], [-82.9864632, 39.9549156], [-82.9863362, 39.95495569999999], [-82.98627481701024, 39.95497767044629]]}, "properties": {"ticket_id": "DEMO-20260713-0050", "priority_level": "LOW", "GLOBALID": "DEMO-SEG-000883", "kind": "main", "material": "MDPE", "vintage_year": 2002, "diameter_in": 3.0, "coated": false, "s1_score": 0.225, "overall_pct": 0.324, "seg_level": "LOW", "like_pct": 0.324, "cons_pct": 0.042, "svc_down": 0, "fac_summary": "", "biz_50m": 0, "near_trans_seg": 0}}, {"type": "Feature", "geometry": {"type": "LineString", "coordinates": [[-82.98627481701024, 39.95497767044629], [-82.9861898, 39.95500810000001], [-82.98605900000001, 39.9550631], [-82.9860054936062, 39.95508977871322]]}, "properties": {"ticket_id": "DEMO-20260713-0050", "priority_level": "LOW", "GLOBALID": "DEMO-SEG-000884", "kind": "main", "material": "MDPE", "vintage_year": 2004, "diameter_in": 6.0, "coated": false, "s1_score": 0.188, "overall_pct": 0.166, "seg_level": "LOW", "like_pct": 0.166, "cons_pct": 0.042, "svc_down": 0, "fac_summary": "", "biz_50m": 0, "near_trans_seg": 0}}, {"type": "Feature", "geometry": {"type": "LineString", "coordinates": [[-82.98679321102628, 39.95621491647464], [-82.98674451108859, 39.955927077926766]]}, "properties": {"ticket_id": "DEMO-20260713-0050", "priority_level": "LOW", "GLOBALID": "DEMO-SEG-006774", "kind": "service", "material": "MDPE", "vintage_year": 2008, "diameter_in": 1.25, "coated": false, "s1_score": 0.205, "overall_pct": 0.233, "seg_level": "LOW", "like_pct": 0.233, "cons_pct": 0.2, "svc_down": 1, "fac_summary": "", "biz_50m": 1, "near_trans_seg": 0}}, {"type": "Feature", "geometry": {"type": "LineString", "coordinates": [[-82.98637003543298, 39.95625882610006], [-82.98631345732805, 39.95594649245508]]}, "properties": {"ticket_id": "DEMO-20260713-0050", "priority_level": "LOW", "GLOBALID": "DEMO-SEG-006902", "kind": "service", "material": "MDPE", "vintage_year": 2005, "diameter_in": 1.25, "coated": false, "s1_score": 0.212, "overall_pct": 0.262, "seg_level": "LOW", "like_pct": 0.262, "cons_pct": 0.2, "svc_down": 1, "fac_summary": "", "biz_50m": 1, "near_trans_seg": 0}}, {"type": "Feature", "geometry": {"type": "LineString", "coordinates": [[-82.9864992401132, 39.95624496463458], [-82.9865828, 39.956236], [-82.98678528784787, 39.95621571039708]]}, "properties": {"ticket_id": "DEMO-20260713-0050", "priority_level": "LOW", "GLOBALID": "DEMO-SEG-000866", "kind": "main", "material": "MDPE", "vintage_year": 2001, "diameter_in": 6.0, "coated": false, "s1_score": 0.228, "overall_pct": 0.336, "seg_level": "LOW", "like_pct": 0.336, "cons_pct": 0.135, "svc_down": 0, "fac_summary": "", "biz_50m": 1, "near_trans_seg": 0}}, {"type": "Feature", "geometry": {"type": "LineString", "coordinates": [[-82.98621343871405, 39.95627562606576], [-82.9864992401132, 39.95624496463458]]}, "properties": {"ticket_id": "DEMO-20260713-0050", "priority_level": "LOW", "GLOBALID": "DEMO-SEG-000865", "kind": "main", "material": "MDPE", "vintage_year": 2001, "diameter_in": 2.0, "coated": false, "s1_score": 0.241, "overall_pct": 0.397, "seg_level": "LOW", "like_pct": 0.397, "cons_pct": 0.135, "svc_down": 0, "fac_summary": "", "biz_50m": 1, "near_trans_seg": 0}}, {"type": "Feature", "geometry": {"type": "LineString", "coordinates": [[-83.01354283334457, 39.96701905670133], [-83.01354150178865, 39.96703551373458]]}, "properties": {"ticket_id": "DEMO-20260713-0015", "priority_level": "LOW", "GLOBALID": "DEMO-SEG-003285", "kind": "main", "material": "Steel", "vintage_year": 1979, "diameter_in": 3.0, "coated": true, "s1_score": 0.528, "overall_pct": 0.857, "seg_level": "MODERATE", "like_pct": 0.857, "cons_pct": 0.042, "svc_down": 0, "fac_summary": "", "biz_50m": 0, "near_trans_seg": 0}}, {"type": "Feature", "geometry": {"type": "LineString", "coordinates": [[-83.01354150178865, 39.96703551373458], [-83.0135313, 39.96716159999999], [-83.01352560251122, 39.96724316758332]]}, "properties": {"ticket_id": "DEMO-20260713-0015", "priority_level": "LOW", "GLOBALID": "DEMO-SEG-003286", "kind": "main", "material": "MDPE", "vintage_year": 1994, "diameter_in": 6.0, "coated": false, "s1_score": 0.266, "overall_pct": 0.521, "seg_level": "LOW", "like_pct": 0.521, "cons_pct": 0.042, "svc_down": 0, "fac_summary": "", "biz_50m": 0, "near_trans_seg": 0}}, {"type": "Feature", "geometry": {"type": "LineString", "coordinates": [[-83.01352560251122, 39.96724316758332], [-83.01351109353061, 39.96745088347459]]}, "properties": {"ticket_id": "DEMO-20260713-0015", "priority_level": "LOW", "GLOBALID": "DEMO-SEG-003287", "kind": "main", "material": "MDPE", "vintage_year": 1996, "diameter_in": 4.0, "coated": false, "s1_score": 0.252, "overall_pct": 0.453, "seg_level": "LOW", "like_pct": 0.453, "cons_pct": 0.042, "svc_down": 0, "fac_summary": "", "biz_50m": 0, "near_trans_seg": 0}}, {"type": "Feature", "geometry": {"type": "LineString", "coordinates": [[-83.01351128961282, 39.96744807629554], [-83.01366581812307, 39.96745446662254]]}, "properties": {"ticket_id": "DEMO-20260713-0015", "priority_level": "LOW", "GLOBALID": "DEMO-SEG-004324", "kind": "service", "material": "MDPE", "vintage_year": 1996, "diameter_in": 1.25, "coated": false, "s1_score": 0.269, "overall_pct": 0.533, "seg_level": "LOW", "like_pct": 0.533, "cons_pct": 0.092, "svc_down": 1, "fac_summary": "", "biz_50m": 0, "near_trans_seg": 0}}, {"type": "Feature", "geometry": {"type": "LineString", "coordinates": [[-83.01351109353061, 39.96745088347459], [-83.0135038, 39.96755529999999], [-83.0134966, 39.9676586]]}, "properties": {"ticket_id": "DEMO-20260713-0015", "priority_level": "LOW", "GLOBALID": "DEMO-SEG-003288", "kind": "main", "material": "MDPE", "vintage_year": 2024, "diameter_in": 4.0, "coated": false, "s1_score": 0.122, "overall_pct": 0.092, "seg_level": "LOW", "like_pct": 0.013, "cons_pct": 0.092, "svc_down": 1, "fac_summary": "", "biz_50m": 0, "near_trans_seg": 0}}, {"type": "Feature", "geometry": {"type": "LineString", "coordinates": [[-83.01294677827589, 39.967717305140425], [-83.0128934582818, 39.96743419735854]]}, "properties": {"ticket_id": "DEMO-20260713-0015", "priority_level": "LOW", "GLOBALID": "DEMO-SEG-006746", "kind": "service", "material": "MDPE", "vintage_year": 2008, "diameter_in": 0.75, "coated": false, "s1_score": 0.207, "overall_pct": 0.247, "seg_level": "LOW", "like_pct": 0.247, "cons_pct": 0.092, "svc_down": 1, "fac_summary": "", "biz_50m": 0, "near_trans_seg": 0}}, {"type": "Feature", "geometry": {"type": "LineString", "coordinates": [[-83.0132356, 39.96768509999999], [-83.0134966, 39.9676586]]}, "properties": {"ticket_id": "DEMO-20260713-0015", "priority_level": "LOW", "GLOBALID": "DEMO-SEG-003284", "kind": "main", "material": "MDPE", "vintage_year": 2011, "diameter_in": 6.0, "coated": false, "s1_score": 0.157, "overall_pct": 0.2, "seg_level": "LOW", "like_pct": 0.069, "cons_pct": 0.2, "svc_down": 1, "fac_summary": "", "biz_50m": 1, "near_trans_seg": 0}}, {"type": "Feature", "geometry": {"type": "LineString", "coordinates": [[-83.0132356, 39.96768509999999], [-83.01293126710803, 39.96771903469603]]}, "properties": {"ticket_id": "DEMO-20260713-0015", "priority_level": "LOW", "GLOBALID": "DEMO-SEG-002527", "kind": "main", "material": "MDPE", "vintage_year": 2007, "diameter_in": 6.0, "coated": false, "s1_score": 0.157, "overall_pct": 0.224, "seg_level": "LOW", "like_pct": 0.07, "cons_pct": 0.224, "svc_down": 1, "fac_summary": "", "biz_50m": 1, "near_trans_seg": 0}}, {"type": "Feature", "geometry": {"type": "LineString", "coordinates": [[-83.01293126710803, 39.96771903469603], [-83.0128688, 39.96772599999999], [-83.0126269334364, 39.96775296623311]]}, "properties": {"ticket_id": "DEMO-20260713-0015", "priority_level": "LOW", "GLOBALID": "DEMO-SEG-002528", "kind": "main", "material": "MDPE", "vintage_year": 2005, "diameter_in": 4.0, "coated": false, "s1_score": 0.21, "overall_pct": 0.257, "seg_level": "LOW", "like_pct": 0.257, "cons_pct": 0.177, "svc_down": 2, "fac_summary": "", "biz_50m": 0, "near_trans_seg": 0}}, {"type": "Feature", "geometry": {"type": "LineString", "coordinates": [[-83.0126269334364, 39.96775296623311], [-83.0125569520533, 39.96776076851309]]}, "properties": {"ticket_id": "DEMO-20260713-0015", "priority_level": "LOW", "GLOBALID": "DEMO-SEG-002529", "kind": "main", "material": "MDPE", "vintage_year": 1998, "diameter_in": 3.0, "coated": false, "s1_score": 0.243, "overall_pct": 0.408, "seg_level": "LOW", "like_pct": 0.408, "cons_pct": 0.177, "svc_down": 2, "fac_summary": "", "biz_50m": 0, "near_trans_seg": 0}}, {"type": "Feature", "geometry": {"type": "LineString", "coordinates": [[-83.00200376378557, 39.96207191127611], [-83.0019525528404, 39.961777163845355]]}, "properties": {"ticket_id": "DEMO-20260713-0031", "priority_level": "LOW", "GLOBALID": "DEMO-SEG-006816", "kind": "service", "material": "MDPE", "vintage_year": 2009, "diameter_in": 1.0, "coated": false, "s1_score": 0.224, "overall_pct": 0.317, "seg_level": "LOW", "like_pct": 0.317, "cons_pct": 0.2, "svc_down": 1, "fac_summary": "", "biz_50m": 1, "near_trans_seg": 0}}, {"type": "Feature", "geometry": {"type": "LineString", "coordinates": [[-83.00138961632823, 39.96213855339192], [-83.00133893589091, 39.961897931737354]]}, "properties": {"ticket_id": "DEMO-20260713-0031", "priority_level": "LOW", "GLOBALID": "DEMO-SEG-006446", "kind": "service", "material": "MDPE", "vintage_year": 2006, "diameter_in": 0.75, "coated": false, "s1_score": 0.196, "overall_pct": 0.268, "seg_level": "LOW", "like_pct": 0.194, "cons_pct": 0.268, "svc_down": 1, "fac_summary": "", "biz_50m": 2, "near_trans_seg": 0}}, {"type": "Feature", "geometry": {"type": "LineString", "coordinates": [[-83.00110157949476, 39.96217447636499], [-83.00104814197998, 39.96192075951554]]}, "properties": {"ticket_id": "DEMO-20260713-0031", "priority_level": "LOW", "GLOBALID": "DEMO-SEG-006560", "kind": "service", "material": "MDPE", "vintage_year": 2013, "diameter_in": 1.25, "coated": false, "s1_score": 0.176, "overall_pct": 0.268, "seg_level": "LOW", "like_pct": 0.122, "cons_pct": 0.268, "svc_down": 1, "fac_summary": "", "biz_50m": 2, "near_trans_seg": 0}}, {"type": "Feature", "geometry": {"type": "LineString", "coordinates": [[-83.00209495235642, 39.962062529624774], [-83.00181770759349, 39.962091052856756]]}, "properties": {"ticket_id": "DEMO-20260713-0031", "priority_level": "LOW", "GLOBALID": "DEMO-SEG-000325", "kind": "main", "material": "MDPE", "vintage_year": 2007, "diameter_in": 4.0, "coated": false, "s1_score": 0.19, "overall_pct": 0.325, "seg_level": "LOW", "like_pct": 0.171, "cons_pct": 0.325, "svc_down": 4, "fac_summary": "", "biz_50m": 1, "near_trans_seg": 0}}, {"type": "Feature", "geometry": {"type": "LineString", "coordinates": [[-83.00181770759349, 39.962091052856756], [-83.001548, 39.962118800000006], [-83.00152295683722, 39.96212192336364]]}, "properties": {"ticket_id": "DEMO-20260713-0031", "priority_level": "LOW", "GLOBALID": "DEMO-SEG-000326", "kind": "main", "material": "MDPE", "vintage_year": 2010, "diameter_in": 6.0, "coated": false, "s1_score": 0.205, "overall_pct": 0.325, "seg_level": "LOW", "like_pct": 0.235, "cons_pct": 0.325, "svc_down": 3, "fac_summary": "", "biz_50m": 2, "near_trans_seg": 0}}, {"type": "Feature", "geometry": {"type": "LineString", "coordinates": [[-83.00152295683722, 39.96212192336364], [-83.00122931118113, 39.962158546196584]]}, "properties": {"ticket_id": "DEMO-20260713-0031", "priority_level": "LOW", "GLOBALID": "DEMO-SEG-000327", "kind": "main", "material": "MDPE", "vintage_year": 2005, "diameter_in": 3.0, "coated": false, "s1_score": 0.231, "overall_pct": 0.347, "seg_level": "LOW", "like_pct": 0.347, "cons_pct": 0.287, "svc_down": 2, "fac_summary": "", "biz_50m": 1, "near_trans_seg": 0}}, {"type": "Feature", "geometry": {"type": "LineString", "coordinates": [[-83.00122931118113, 39.962158546196584], [-83.00097570184573, 39.9621901751612]]}, "properties": {"ticket_id": "DEMO-20260713-0031", "priority_level": "LOW", "GLOBALID": "DEMO-SEG-000328", "kind": "main", "material": "MDPE", "vintage_year": 2013, "diameter_in": 4.0, "coated": false, "s1_score": 0.183, "overall_pct": 0.225, "seg_level": "LOW", "like_pct": 0.145, "cons_pct": 0.225, "svc_down": 0, "fac_summary": "", "biz_50m": 1, "near_trans_seg": 0}}, {"type": "Feature", "geometry": {"type": "LineString", "coordinates": [[-83.00154075406293, 39.96211970370818], [-83.0016006785325, 39.96240420897563]]}, "properties": {"ticket_id": "DEMO-20260713-0031", "priority_level": "LOW", "GLOBALID": "DEMO-SEG-006759", "kind": "service", "material": "MDPE", "vintage_year": 2010, "diameter_in": 0.75, "coated": false, "s1_score": 0.204, "overall_pct": 0.268, "seg_level": "LOW", "like_pct": 0.229, "cons_pct": 0.268, "svc_down": 1, "fac_summary": "", "biz_50m": 2, "near_trans_seg": 0}}, {"type": "Feature", "geometry": {"type": "LineString", "coordinates": [[-83.00115136295884, 39.96216826759451], [-83.00121671384332, 39.96247854420581]]}, "properties": {"ticket_id": "DEMO-20260713-0031", "priority_level": "LOW", "GLOBALID": "DEMO-SEG-006900", "kind": "service", "material": "MDPE", "vintage_year": 2013, "diameter_in": 0.5, "coated": false, "s1_score": 0.218, "overall_pct": 0.292, "seg_level": "LOW", "like_pct": 0.292, "cons_pct": 0.2, "svc_down": 1, "fac_summary": "", "biz_50m": 1, "near_trans_seg": 0}}, {"type": "Feature", "geometry": {"type": "LineString", "coordinates": [[-83.00210519243231, 39.96241348015491], [-83.00208943873098, 39.96241533437396]]}, "properties": {"ticket_id": "DEMO-20260713-0031", "priority_level": "LOW", "GLOBALID": "DEMO-SEG-006832", "kind": "service", "material": "MDPE", "vintage_year": 2015, "diameter_in": 1.0, "coated": false, "s1_score": 0.182, "overall_pct": 0.2, "seg_level": "LOW", "like_pct": 0.141, "cons_pct": 0.2, "svc_down": 1, "fac_summary": "", "biz_50m": 1, "near_trans_seg": 0}}, {"type": "Feature", "geometry": {"type": "LineString", "coordinates": [[-83.00914254682496, 39.959121432230724], [-83.00906613352667, 39.9591304522785]]}, "properties": {"ticket_id": "DEMO-20260713-0057", "priority_level": "LOW", "GLOBALID": "DEMO-SEG-002121", "kind": "main", "material": "MDPE", "vintage_year": 1985, "diameter_in": 6.0, "coated": false, "s1_score": 0.285, "overall_pct": 0.956, "seg_level": "HIGH", "like_pct": 0.606, "cons_pct": 0.956, "svc_down": 1, "fac_summary": "", "biz_50m": 1, "near_trans_seg": 1}}, {"type": "Feature", "geometry": {"type": "LineString", "coordinates": [[-83.00932514165176, 39.959326894935494], [-83.009291, 39.9591606], [-83.00928244108377, 39.959119006679614]]}, "properties": {"ticket_id": "DEMO-20260713-0057", "priority_level": "LOW", "GLOBALID": "DEMO-SEG-003277", "kind": "main", "material": "MDPE", "vintage_year": 1988, "diameter_in": 4.0, "coated": false, "s1_score": 0.27, "overall_pct": 0.929, "seg_level": "MODERATE", "like_pct": 0.537, "cons_pct": 0.929, "svc_down": 0, "fac_summary": "", "biz_50m": 1, "near_trans_seg": 1}}, {"type": "Feature", "geometry": {"type": "LineString", "coordinates": [[-83.00937065827283, 39.95954859292392], [-83.00932514165176, 39.959326894935494]]}, "properties": {"ticket_id": "DEMO-20260713-0057", "priority_level": "LOW", "GLOBALID": "DEMO-SEG-003276", "kind": "main", "material": "MDPE", "vintage_year": 1985, "diameter_in": 6.0, "coated": false, "s1_score": 0.288, "overall_pct": 0.899, "seg_level": "MODERATE", "like_pct": 0.618, "cons_pct": 0.899, "svc_down": 0, "fac_summary": "", "biz_50m": 0, "near_trans_seg": 1}}, {"type": "Feature", "geometry": {"type": "LineString", "coordinates": [[-83.009393844826, 39.95966152714288], [-83.00937065827283, 39.95954859292392]]}, "properties": {"ticket_id": "DEMO-20260713-0057", "priority_level": "LOW", "GLOBALID": "DEMO-SEG-003275", "kind": "main", "material": "MDPE", "vintage_year": 1992, "diameter_in": 6.0, "coated": false, "s1_score": 0.266, "overall_pct": 0.929, "seg_level": "MODERATE", "like_pct": 0.519, "cons_pct": 0.929, "svc_down": 0, "fac_summary": "", "biz_50m": 1, "near_trans_seg": 1}}, {"type": "Feature", "geometry": {"type": "LineString", "coordinates": [[-83.00939709701699, 39.95977259202874], [-83.0093705, 39.9597758], [-83.0091439642923, 39.95980325425361]]}, "properties": {"ticket_id": "DEMO-20260713-0057", "priority_level": "LOW", "GLOBALID": "DEMO-SEG-003181", "kind": "main", "material": "MDPE", "vintage_year": 1985, "diameter_in": 3.0, "coated": false, "s1_score": 0.294, "overall_pct": 0.929, "seg_level": "MODERATE", "like_pct": 0.643, "cons_pct": 0.929, "svc_down": 0, "fac_summary": "", "biz_50m": 1, "near_trans_seg": 1}}, {"type": "Feature", "geometry": {"type": "LineString", "coordinates": [[-83.0091439642923, 39.95980325425361], [-83.00908603667317, 39.95981027452751]]}, "properties": {"ticket_id": "DEMO-20260713-0057", "priority_level": "LOW", "GLOBALID": "DEMO-SEG-003182", "kind": "main", "material": "MDPE", "vintage_year": 1985, "diameter_in": 4.0, "coated": false, "s1_score": 0.308, "overall_pct": 0.929, "seg_level": "MODERATE", "like_pct": 0.694, "cons_pct": 0.929, "svc_down": 0, "fac_summary": "", "biz_50m": 1, "near_trans_seg": 1}}, {"type": "Feature", "geometry": {"type": "LineString", "coordinates": [[-83.01015218821178, 39.96002749089513], [-83.01017441589435, 39.960140681964]]}, "properties": {"ticket_id": "DEMO-20260713-0057", "priority_level": "LOW", "GLOBALID": "DEMO-SEG-002306", "kind": "main", "material": "MDPE", "vintage_year": 1987, "diameter_in": 3.0, "coated": false, "s1_score": 0.295, "overall_pct": 0.968, "seg_level": "HIGH", "like_pct": 0.651, "cons_pct": 0.968, "svc_down": 6, "fac_summary": "", "biz_50m": 1, "near_trans_seg": 1}}, {"type": "Feature", "geometry": {"type": "LineString", "coordinates": [[-83.0095089915311, 39.96022276364299], [-83.0094713237133, 39.96003929962705]]}, "properties": {"ticket_id": "DEMO-20260713-0057", "priority_level": "LOW", "GLOBALID": "DEMO-SEG-003313", "kind": "main", "material": "MDPE", "vintage_year": 1992, "diameter_in": 3.0, "coated": false, "s1_score": 0.266, "overall_pct": 0.94, "seg_level": "MODERATE", "like_pct": 0.516, "cons_pct": 0.94, "svc_down": 0, "fac_summary": "", "biz_50m": 1, "near_trans_seg": 1}}, {"type": "Feature", "geometry": {"type": "LineString", "coordinates": [[-83.0094906416473, 39.960133389254196], [-83.0098215273483, 39.96009315925438]]}, "properties": {"ticket_id": "DEMO-20260713-0057", "priority_level": "LOW", "GLOBALID": "DEMO-SEG-006562", "kind": "service", "material": "MDPE", "vintage_year": 1996, "diameter_in": 1.25, "coated": false, "s1_score": 0.261, "overall_pct": 0.947, "seg_level": "MODERATE", "like_pct": 0.494, "cons_pct": 0.947, "svc_down": 1, "fac_summary": "", "biz_50m": 1, "near_trans_seg": 1}}, {"type": "Feature", "geometry": {"type": "LineString", "coordinates": [[-83.00949059075938, 39.96013314140067], [-83.00909689089539, 39.96018100723368]]}, "properties": {"ticket_id": "DEMO-20260713-0057", "priority_level": "LOW", "GLOBALID": "DEMO-SEG-006870", "kind": "service", "material": "MDPE", "vintage_year": 1997, "diameter_in": 0.75, "coated": false, "s1_score": 0.244, "overall_pct": 0.414, "seg_level": "LOW", "like_pct": 0.414, "cons_pct": 0.2, "svc_down": 1, "fac_summary": "", "biz_50m": 1, "near_trans_seg": 0}}, {"type": "Feature", "geometry": {"type": "LineString", "coordinates": [[-83.01017441589435, 39.960140681964], [-83.0102123, 39.9603336], [-83.01021551403079, 39.96036676607153]]}, "properties": {"ticket_id": "DEMO-20260713-0057", "priority_level": "LOW", "GLOBALID": "DEMO-SEG-002307", "kind": "main", "material": "MDPE", "vintage_year": 1993, "diameter_in": 4.0, "coated": false, "s1_score": 0.25, "overall_pct": 0.968, "seg_level": "HIGH", "like_pct": 0.439, "cons_pct": 0.968, "svc_down": 6, "fac_summary": "", "biz_50m": 1, "near_trans_seg": 1}}, {"type": "Feature", "geometry": {"type": "LineString", "coordinates": [[-83.0095554, 39.96044899999999], [-83.0095438, 39.9603923], [-83.0095089915311, 39.96022276364299]]}, "properties": {"ticket_id": "DEMO-20260713-0057", "priority_level": "LOW", "GLOBALID": "DEMO-SEG-003312", "kind": "main", "material": "MDPE", "vintage_year": 1985, "diameter_in": 4.0, "coated": false, "s1_score": 0.323, "overall_pct": 0.729, "seg_level": "LOW", "like_pct": 0.729, "cons_pct": 0.135, "svc_down": 0, "fac_summary": "", "biz_50m": 1, "near_trans_seg": 0}}, {"type": "Feature", "geometry": {"type": "LineString", "coordinates": [[-83.01021551403079, 39.96036676607153], [-83.010217, 39.960382100000004], [-83.0102256, 39.96041379999999], [-83.01025984050274, 39.960592474161594]]}, "properties": {"ticket_id": "DEMO-20260713-0057", "priority_level": "LOW", "GLOBALID": "DEMO-SEG-002308", "kind": "main", "material": "MDPE", "vintage_year": 1993, "diameter_in": 3.0, "coated": false, "s1_score": 0.27, "overall_pct": 0.538, "seg_level": "LOW", "like_pct": 0.538, "cons_pct": 0.315, "svc_down": 6, "fac_summary": "", "biz_50m": 1, "near_trans_seg": 0}}, {"type": "Feature", "geometry": {"type": "LineString", "coordinates": [[-83.01026520311157, 39.96062045728996], [-83.01067323660884, 39.96057415273228]]}, "properties": {"ticket_id": "DEMO-20260713-0057", "priority_level": "LOW", "GLOBALID": "DEMO-SEG-006914", "kind": "service", "material": "MDPE", "vintage_year": 1985, "diameter_in": 0.5, "coated": false, "s1_score": 0.338, "overall_pct": 0.742, "seg_level": "LOW", "like_pct": 0.742, "cons_pct": 0.092, "svc_down": 1, "fac_summary": "", "biz_50m": 0, "near_trans_seg": 0}}, {"type": "Feature", "geometry": {"type": "LineString", "coordinates": [[-83.01025984050274, 39.960592474161594], [-83.0103031359123, 39.960818397232856]]}, "properties": {"ticket_id": "DEMO-20260713-0057", "priority_level": "LOW", "GLOBALID": "DEMO-SEG-002309", "kind": "main", "material": "MDPE", "vintage_year": 1985, "diameter_in": 4.0, "coated": false, "s1_score": 0.279, "overall_pct": 0.582, "seg_level": "LOW", "like_pct": 0.582, "cons_pct": 0.283, "svc_down": 5, "fac_summary": "", "biz_50m": 0, "near_trans_seg": 0}}, {"type": "Feature", "geometry": {"type": "LineString", "coordinates": [[-83.0103031359123, 39.960818397232856], [-83.01030367812605, 39.96082122658915]]}, "properties": {"ticket_id": "DEMO-20260713-0057", "priority_level": "LOW", "GLOBALID": "DEMO-SEG-002310", "kind": "main", "material": "MDPE", "vintage_year": 1987, "diameter_in": 6.0, "coated": false, "s1_score": 0.251, "overall_pct": 0.444, "seg_level": "LOW", "like_pct": 0.444, "cons_pct": 0.283, "svc_down": 5, "fac_summary": "", "biz_50m": 0, "near_trans_seg": 0}}, {"type": "Feature", "geometry": {"type": "LineString", "coordinates": [[-83.01447412030073, 39.9471633316037], [-83.01450267826867, 39.947217751609486]]}, "properties": {"ticket_id": "DEMO-20260713-0044", "priority_level": "LOW", "GLOBALID": "DEMO-SEG-000006", "kind": "main", "material": "MDPE", "vintage_year": 1993, "diameter_in": 3.0, "coated": false, "s1_score": 0.295, "overall_pct": 0.899, "seg_level": "MODERATE", "like_pct": 0.649, "cons_pct": 0.899, "svc_down": 0, "fac_summary": "", "biz_50m": 0, "near_trans_seg": 1}}, {"type": "Feature", "geometry": {"type": "LineString", "coordinates": [[-83.01450267826867, 39.947217751609486], [-83.0145397, 39.9472883], [-83.0145673985276, 39.94743865564755]]}, "properties": {"ticket_id": "DEMO-20260713-0044", "priority_level": "LOW", "GLOBALID": "DEMO-SEG-000007", "kind": "main", "material": "MDPE", "vintage_year": 1998, "diameter_in": 2.0, "coated": false, "s1_score": 0.235, "overall_pct": 0.899, "seg_level": "MODERATE", "like_pct": 0.368, "cons_pct": 0.899, "svc_down": 0, "fac_summary": "", "biz_50m": 0, "near_trans_seg": 1}}, {"type": "Feature", "geometry": {"type": "LineString", "coordinates": [[-83.0145673985276, 39.94743865564755], [-83.014608974997, 39.94766434339174]]}, "properties": {"ticket_id": "DEMO-20260713-0044", "priority_level": "LOW", "GLOBALID": "DEMO-SEG-000008", "kind": "main", "material": "MDPE", "vintage_year": 1991, "diameter_in": 2.0, "coated": false, "s1_score": 0.276, "overall_pct": 0.899, "seg_level": "MODERATE", "like_pct": 0.57, "cons_pct": 0.899, "svc_down": 0, "fac_summary": "", "biz_50m": 0, "near_trans_seg": 1}}, {"type": "Feature", "geometry": {"type": "LineString", "coordinates": [[-83.014608974997, 39.94766434339174], [-83.01465055177036, 39.947890031105956]]}, "properties": {"ticket_id": "DEMO-20260713-0044", "priority_level": "LOW", "GLOBALID": "DEMO-SEG-000009", "kind": "main", "material": "MDPE", "vintage_year": 2010, "diameter_in": 4.0, "coated": false, "s1_score": 0.201, "overall_pct": 0.899, "seg_level": "MODERATE", "like_pct": 0.214, "cons_pct": 0.899, "svc_down": 0, "fac_summary": "", "biz_50m": 0, "near_trans_seg": 1}}, {"type": "Feature", "geometry": {"type": "LineString", "coordinates": [[-83.01465055177036, 39.947890031105956], [-83.0146693, 39.947991800000004], [-83.01468718211635, 39.948116199212684]]}, "properties": {"ticket_id": "DEMO-20260713-0044", "priority_level": "LOW", "GLOBALID": "DEMO-SEG-000010", "kind": "main", "material": "MDPE", "vintage_year": 1998, "diameter_in": 6.0, "coated": false, "s1_score": 0.232, "overall_pct": 0.353, "seg_level": "LOW", "like_pct": 0.353, "cons_pct": 0.042, "svc_down": 0, "fac_summary": "", "biz_50m": 0, "near_trans_seg": 0}}, {"type": "Feature", "geometry": {"type": "LineString", "coordinates": [[-83.01468718211635, 39.948116199212684], [-83.01471975019513, 39.948342761844174]]}, "properties": {"ticket_id": "DEMO-20260713-0044", "priority_level": "LOW", "GLOBALID": "DEMO-SEG-000011", "kind": "main", "material": "MDPE", "vintage_year": 2003, "diameter_in": 4.0, "coated": false, "s1_score": 0.217, "overall_pct": 0.288, "seg_level": "LOW", "like_pct": 0.288, "cons_pct": 0.042, "svc_down": 0, "fac_summary": "", "biz_50m": 0, "near_trans_seg": 0}}, {"type": "Feature", "geometry": {"type": "LineString", "coordinates": [[-83.01471975019513, 39.948342761844174], [-83.0147309085771, 39.94842038568592]]}, "properties": {"ticket_id": "DEMO-20260713-0044", "priority_level": "LOW", "GLOBALID": "DEMO-SEG-000012", "kind": "main", "material": "MDPE", "vintage_year": 1993, "diameter_in": 6.0, "coated": false, "s1_score": 0.247, "overall_pct": 0.426, "seg_level": "LOW", "like_pct": 0.426, "cons_pct": 0.042, "svc_down": 0, "fac_summary": "", "biz_50m": 0, "near_trans_seg": 0}}, {"type": "Feature", "geometry": {"type": "LineString", "coordinates": [[-83.014592, 39.95781199999999], [-83.01462395319967, 39.957730723003976]]}, "properties": {"ticket_id": "DEMO-20260713-0023", "priority_level": "LOW", "GLOBALID": "DEMO-SEG-007562", "kind": "service", "material": "MDPE", "vintage_year": 2005, "diameter_in": 1.25, "coated": false, "s1_score": 0.232, "overall_pct": 0.352, "seg_level": "LOW", "like_pct": 0.352, "cons_pct": 0.268, "svc_down": 1, "fac_summary": "", "biz_50m": 2, "near_trans_seg": 0}}, {"type": "Feature", "geometry": {"type": "LineString", "coordinates": [[-83.014592, 39.95781199999999], [-83.01457916406845, 39.95773150165663]]}, "properties": {"ticket_id": "DEMO-20260713-0023", "priority_level": "LOW", "GLOBALID": "DEMO-SEG-007528", "kind": "service", "material": "MDPE", "vintage_year": 1997, "diameter_in": 1.0, "coated": false, "s1_score": 0.242, "overall_pct": 0.403, "seg_level": "LOW", "like_pct": 0.403, "cons_pct": 0.305, "svc_down": 1, "fac_summary": "", "biz_50m": 3, "near_trans_seg": 0}}, {"type": "Feature", "geometry": {"type": "LineString", "coordinates": [[-83.01414441451072, 39.957865500425086], [-83.01411888875309, 39.957739502473515]]}, "properties": {"ticket_id": "DEMO-20260713-0023", "priority_level": "LOW", "GLOBALID": "DEMO-SEG-007547", "kind": "service", "material": "MDPE", "vintage_year": 2010, "diameter_in": 0.75, "coated": false, "s1_score": 0.19, "overall_pct": 0.268, "seg_level": "LOW", "like_pct": 0.174, "cons_pct": 0.268, "svc_down": 1, "fac_summary": "", "biz_50m": 2, "near_trans_seg": 0}}, {"type": "Feature", "geometry": {"type": "LineString", "coordinates": [[-83.014592, 39.95781199999999], [-83.01470879819794, 39.95772924793833]]}, "properties": {"ticket_id": "DEMO-20260713-0023", "priority_level": "LOW", "GLOBALID": "DEMO-SEG-007350", "kind": "service", "material": "MDPE", "vintage_year": 1996, "diameter_in": 0.75, "coated": false, "s1_score": 0.257, "overall_pct": 0.472, "seg_level": "LOW", "like_pct": 0.472, "cons_pct": 0.268, "svc_down": 1, "fac_summary": "", "biz_50m": 2, "near_trans_seg": 0}}, {"type": "Feature", "geometry": {"type": "LineString", "coordinates": [[-83.01406728418087, 39.95787475414006], [-83.01404207698666, 39.957750327969045]]}, "properties": {"ticket_id": "DEMO-20260713-0023", "priority_level": "LOW", "GLOBALID": "DEMO-SEG-004468", "kind": "service", "material": "MDPE", "vintage_year": 2010, "diameter_in": 0.5, "coated": false, "s1_score": 0.206, "overall_pct": 0.239, "seg_level": "LOW", "like_pct": 0.239, "cons_pct": 0.2, "svc_down": 1, "fac_summary": "", "biz_50m": 1, "near_trans_seg": 0}}, {"type": "Feature", "geometry": {"type": "LineString", "coordinates": [[-83.01429999726905, 39.957846834213164], [-83.0143928, 39.95783569999999], [-83.014592, 39.95781199999999]]}, "properties": {"ticket_id": "DEMO-20260713-0023", "priority_level": "LOW", "GLOBALID": "DEMO-SEG-002406", "kind": "main", "material": "MDPE", "vintage_year": 2004, "diameter_in": 6.0, "coated": false, "s1_score": 0.202, "overall_pct": 0.221, "seg_level": "LOW", "like_pct": 0.221, "cons_pct": 0.135, "svc_down": 0, "fac_summary": "", "biz_50m": 1, "near_trans_seg": 0}}, {"type": "Feature", "geometry": {"type": "LineString", "coordinates": [[-83.0140126566682, 39.95788130804607], [-83.01429999726905, 39.957846834213164]]}, "properties": {"ticket_id": "DEMO-20260713-0023", "priority_level": "LOW", "GLOBALID": "DEMO-SEG-002405", "kind": "main", "material": "MDPE", "vintage_year": 2009, "diameter_in": 2.0, "coated": false, "s1_score": 0.199, "overall_pct": 0.205, "seg_level": "LOW", "like_pct": 0.205, "cons_pct": 0.135, "svc_down": 0, "fac_summary": "", "biz_50m": 1, "near_trans_seg": 0}}, {"type": "Feature", "geometry": {"type": "LineString", "coordinates": [[-83.014592, 39.95781199999999], [-83.01464996417221, 39.958081504560674]]}, "properties": {"ticket_id": "DEMO-20260713-0023", "priority_level": "LOW", "GLOBALID": "DEMO-SEG-002399", "kind": "main", "material": "MDPE", "vintage_year": 1997, "diameter_in": 4.0, "coated": false, "s1_score": 0.251, "overall_pct": 0.444, "seg_level": "LOW", "like_pct": 0.444, "cons_pct": 0.135, "svc_down": 0, "fac_summary": "", "biz_50m": 1, "near_trans_seg": 0}}, {"type": "Feature", "geometry": {"type": "LineString", "coordinates": [[-83.01464996417221, 39.958081504560674], [-83.01465220000001, 39.958091899999985], [-83.014708, 39.95835100000002]]}, "properties": {"ticket_id": "DEMO-20260713-0023", "priority_level": "LOW", "GLOBALID": "DEMO-SEG-002400", "kind": "main", "material": "MDPE", "vintage_year": 2001, "diameter_in": 4.0, "coated": false, "s1_score": 0.226, "overall_pct": 0.325, "seg_level": "LOW", "like_pct": 0.325, "cons_pct": 0.042, "svc_down": 0, "fac_summary": "", "biz_50m": 0, "near_trans_seg": 0}}, {"type": "Feature", "geometry": {"type": "LineString", "coordinates": [[-83.014708, 39.95835100000002], [-83.01473300000002, 39.958473999999995]]}, "properties": {"ticket_id": "DEMO-20260713-0023", "priority_level": "LOW", "GLOBALID": "DEMO-SEG-002392", "kind": "main", "material": "MDPE", "vintage_year": 2003, "diameter_in": 4.0, "coated": false, "s1_score": 0.217, "overall_pct": 0.284, "seg_level": "LOW", "like_pct": 0.284, "cons_pct": 0.042, "svc_down": 0, "fac_summary": "", "biz_50m": 0, "near_trans_seg": 0}}, {"type": "Feature", "geometry": {"type": "LineString", "coordinates": [[-83.01443992340458, 39.958508621712845], [-83.01473300000002, 39.958473999999995]]}, "properties": {"ticket_id": "DEMO-20260713-0023", "priority_level": "LOW", "GLOBALID": "DEMO-SEG-002398", "kind": "main", "material": "MDPE", "vintage_year": 2009, "diameter_in": 6.0, "coated": false, "s1_score": 0.188, "overall_pct": 0.286, "seg_level": "LOW", "like_pct": 0.165, "cons_pct": 0.286, "svc_down": 5, "fac_summary": "", "biz_50m": 0, "near_trans_seg": 0}}, {"type": "Feature", "geometry": {"type": "LineString", "coordinates": [[-83.01414684238671, 39.958543222142545], [-83.0142835, 39.95852709999999], [-83.01443992340458, 39.958508621712845]]}, "properties": {"ticket_id": "DEMO-20260713-0023", "priority_level": "LOW", "GLOBALID": "DEMO-SEG-002397", "kind": "main", "material": "MDPE", "vintage_year": 2008, "diameter_in": 6.0, "coated": false, "s1_score": 0.169, "overall_pct": 0.135, "seg_level": "LOW", "like_pct": 0.102, "cons_pct": 0.135, "svc_down": 0, "fac_summary": "", "biz_50m": 1, "near_trans_seg": 0}}, {"type": "Feature", "geometry": {"type": "LineString", "coordinates": [[-83.01475022680543, 39.95855723811466], [-83.01493886141796, 39.958534118809055]]}, "properties": {"ticket_id": "DEMO-20260713-0023", "priority_level": "LOW", "GLOBALID": "DEMO-SEG-004925", "kind": "service", "material": "MDPE", "vintage_year": 2009, "diameter_in": 1.0, "coated": false, "s1_score": 0.221, "overall_pct": 0.306, "seg_level": "LOW", "like_pct": 0.306, "cons_pct": 0.2, "svc_down": 1, "fac_summary": "", "biz_50m": 1, "near_trans_seg": 0}}, {"type": "Feature", "geometry": {"type": "LineString", "coordinates": [[-83.01403247836377, 39.95855671407605], [-83.01414684238671, 39.958543222142545]]}, "properties": {"ticket_id": "DEMO-20260713-0023", "priority_level": "LOW", "GLOBALID": "DEMO-SEG-002396", "kind": "main", "material": "MDPE", "vintage_year": 1998, "diameter_in": 3.0, "coated": false, "s1_score": 0.227, "overall_pct": 0.329, "seg_level": "LOW", "like_pct": 0.329, "cons_pct": 0.135, "svc_down": 0, "fac_summary": "", "biz_50m": 1, "near_trans_seg": 0}}, {"type": "Feature", "geometry": {"type": "LineString", "coordinates": [[-83.01478949975296, 39.95874700002541], [-83.01473300000002, 39.958473999999995]]}, "properties": {"ticket_id": "DEMO-20260713-0023", "priority_level": "LOW", "GLOBALID": "DEMO-SEG-002391", "kind": "main", "material": "MDPE", "vintage_year": 2007, "diameter_in": 2.0, "coated": false, "s1_score": 0.192, "overall_pct": 0.297, "seg_level": "LOW", "like_pct": 0.178, "cons_pct": 0.297, "svc_down": 4, "fac_summary": "", "biz_50m": 1, "near_trans_seg": 0}}, {"type": "Feature", "geometry": {"type": "LineString", "coordinates": [[-83.01479260566657, 39.958762007356455], [-83.01478949975296, 39.95874700002541]]}, "properties": {"ticket_id": "DEMO-20260713-0023", "priority_level": "LOW", "GLOBALID": "DEMO-SEG-002390", "kind": "main", "material": "MDPE", "vintage_year": 2015, "diameter_in": 6.0, "coated": false, "s1_score": 0.141, "overall_pct": 0.283, "seg_level": "LOW", "like_pct": 0.034, "cons_pct": 0.283, "svc_down": 3, "fac_summary": "", "biz_50m": 1, "near_trans_seg": 0}}, {"type": "Feature", "geometry": {"type": "LineString", "coordinates": [[-83.01112369508671, 39.957087461136716], [-83.01111383582165, 39.95703608995294]]}, "properties": {"ticket_id": "DEMO-20260713-0002", "priority_level": "LOW", "GLOBALID": "DEMO-SEG-002927", "kind": "main", "material": "MDPE", "vintage_year": 2015, "diameter_in": 2.0, "coated": false, "s1_score": 0.158, "overall_pct": 0.135, "seg_level": "LOW", "like_pct": 0.07, "cons_pct": 0.135, "svc_down": 0, "fac_summary": "", "biz_50m": 1, "near_trans_seg": 0}}, {"type": "Feature", "geometry": {"type": "LineString", "coordinates": [[-83.01116639047983, 39.95730992224281], [-83.01112369508671, 39.957087461136716]]}, "properties": {"ticket_id": "DEMO-20260713-0002", "priority_level": "LOW", "GLOBALID": "DEMO-SEG-002926", "kind": "main", "material": "MDPE", "vintage_year": 2005, "diameter_in": 6.0, "coated": false, "s1_score": 0.177, "overall_pct": 0.135, "seg_level": "LOW", "like_pct": 0.125, "cons_pct": 0.135, "svc_down": 0, "fac_summary": "", "biz_50m": 1, "near_trans_seg": 0}}, {"type": "Feature", "geometry": {"type": "LineString", "coordinates": [[-83.01116108154211, 39.957282260514205], [-83.01084769863111, 39.95731787950906]]}, "properties": {"ticket_id": "DEMO-20260713-0002", "priority_level": "LOW", "GLOBALID": "DEMO-SEG-006447", "kind": "service", "material": "MDPE", "vintage_year": 2007, "diameter_in": 0.75, "coated": false, "s1_score": 0.228, "overall_pct": 0.337, "seg_level": "LOW", "like_pct": 0.337, "cons_pct": 0.2, "svc_down": 1, "fac_summary": "", "biz_50m": 1, "near_trans_seg": 0}}, {"type": "Feature", "geometry": {"type": "LineString", "coordinates": [[-83.0112356, 39.9575257], [-83.011197, 39.9574695], [-83.0111922, 39.95744439999999], [-83.01116639047983, 39.95730992224281]]}, "properties": {"ticket_id": "DEMO-20260713-0002", "priority_level": "LOW", "GLOBALID": "DEMO-SEG-002925", "kind": "main", "material": "MDPE", "vintage_year": 2013, "diameter_in": 2.0, "coated": false, "s1_score": 0.163, "overall_pct": 0.135, "seg_level": "LOW", "like_pct": 0.085, "cons_pct": 0.135, "svc_down": 0, "fac_summary": "", "biz_50m": 1, "near_trans_seg": 0}}, {"type": "Feature", "geometry": {"type": "LineString", "coordinates": [[-83.01172323680382, 39.95747224008118], [-83.0116517, 39.9574801], [-83.01155769974845, 39.95749040153283]]}, "properties": {"ticket_id": "DEMO-20260713-0002", "priority_level": "LOW", "GLOBALID": "DEMO-SEG-003187", "kind": "main", "material": "MDPE", "vintage_year": 2001, "diameter_in": 4.0, "coated": false, "s1_score": 0.219, "overall_pct": 0.297, "seg_level": "LOW", "like_pct": 0.297, "cons_pct": 0.135, "svc_down": 0, "fac_summary": "", "biz_50m": 1, "near_trans_seg": 0}}, {"type": "Feature", "geometry": {"type": "LineString", "coordinates": [[-83.01155769974845, 39.95749040153283], [-83.0112356, 39.9575257]]}, "properties": {"ticket_id": "DEMO-20260713-0002", "priority_level": "LOW", "GLOBALID": "DEMO-SEG-003188", "kind": "main", "material": "MDPE", "vintage_year": 2015, "diameter_in": 3.0, "coated": false, "s1_score": 0.139, "overall_pct": 0.239, "seg_level": "LOW", "like_pct": 0.032, "cons_pct": 0.239, "svc_down": 0, "fac_summary": "", "biz_50m": 2, "near_trans_seg": 0}}, {"type": "Feature", "geometry": {"type": "LineString", "coordinates": [[-83.0112356, 39.9575257], [-83.01093001599514, 39.95755916784044]]}, "properties": {"ticket_id": "DEMO-20260713-0002", "priority_level": "LOW", "GLOBALID": "DEMO-SEG-002428", "kind": "main", "material": "MDPE", "vintage_year": 2014, "diameter_in": 2.0, "coated": false, "s1_score": 0.169, "overall_pct": 0.135, "seg_level": "LOW", "like_pct": 0.102, "cons_pct": 0.135, "svc_down": 0, "fac_summary": "", "biz_50m": 1, "near_trans_seg": 0}}, {"type": "Feature", "geometry": {"type": "LineString", "coordinates": [[-83.01093001599514, 39.95755916784044], [-83.0109142, 39.9575609], [-83.01062474950432, 39.95759430856149]]}, "properties": {"ticket_id": "DEMO-20260713-0002", "priority_level": "LOW", "GLOBALID": "DEMO-SEG-002429", "kind": "main", "material": "MDPE", "vintage_year": 1996, "diameter_in": 2.0, "coated": false, "s1_score": 0.255, "overall_pct": 0.464, "seg_level": "LOW", "like_pct": 0.464, "cons_pct": 0.135, "svc_down": 0, "fac_summary": "", "biz_50m": 1, "near_trans_seg": 0}}, {"type": "Feature", "geometry": {"type": "LineString", "coordinates": [[-83.01062474950432, 39.95759430856149], [-83.01031950001595, 39.95762953983774]]}, "properties": {"ticket_id": "DEMO-20260713-0002", "priority_level": "LOW", "GLOBALID": "DEMO-SEG-002430", "kind": "main", "material": "MDPE", "vintage_year": 1985, "diameter_in": 2.0, "coated": false, "s1_score": 0.315, "overall_pct": 0.713, "seg_level": "LOW", "like_pct": 0.713, "cons_pct": 0.135, "svc_down": 0, "fac_summary": "", "biz_50m": 1, "near_trans_seg": 0}}, {"type": "Feature", "geometry": {"type": "LineString", "coordinates": [[-83.01031950001595, 39.95762953983774], [-83.01001425018117, 39.95766477031726]]}, "properties": {"ticket_id": "DEMO-20260713-0002", "priority_level": "LOW", "GLOBALID": "DEMO-SEG-002431", "kind": "main", "material": "MDPE", "vintage_year": 1989, "diameter_in": 4.0, "coated": false, "s1_score": 0.265, "overall_pct": 0.513, "seg_level": "LOW", "like_pct": 0.513, "cons_pct": 0.042, "svc_down": 0, "fac_summary": "", "biz_50m": 0, "near_trans_seg": 0}}, {"type": "Feature", "geometry": {"type": "LineString", "coordinates": [[-83.0112356, 39.9575257], [-83.0112777, 39.957597], [-83.0112819, 39.95761890000001], [-83.01130521444597, 39.95774068389495]]}, "properties": {"ticket_id": "DEMO-20260713-0002", "priority_level": "LOW", "GLOBALID": "DEMO-SEG-002985", "kind": "main", "material": "MDPE", "vintage_year": 2013, "diameter_in": 3.0, "coated": false, "s1_score": 0.175, "overall_pct": 0.135, "seg_level": "LOW", "like_pct": 0.119, "cons_pct": 0.135, "svc_down": 0, "fac_summary": "", "biz_50m": 1, "near_trans_seg": 0}}, {"type": "Feature", "geometry": {"type": "LineString", "coordinates": [[-83.01001425018117, 39.95766477031726], [-83.010005725958, 39.95766575413041]]}, "properties": {"ticket_id": "DEMO-20260713-0002", "priority_level": "LOW", "GLOBALID": "DEMO-SEG-002432", "kind": "main", "material": "MDPE", "vintage_year": 1985, "diameter_in": 4.0, "coated": false, "s1_score": 0.305, "overall_pct": 0.682, "seg_level": "LOW", "like_pct": 0.682, "cons_pct": 0.042, "svc_down": 0, "fac_summary": "", "biz_50m": 0, "near_trans_seg": 0}}, {"type": "Feature", "geometry": {"type": "LineString", "coordinates": [[-83.01129736115507, 39.957699661985814], [-83.0110743725237, 39.95772494289414]]}, "properties": {"ticket_id": "DEMO-20260713-0002", "priority_level": "LOW", "GLOBALID": "DEMO-SEG-005560", "kind": "service", "material": "MDPE", "vintage_year": 2014, "diameter_in": 0.75, "coated": false, "s1_score": 0.179, "overall_pct": 0.2, "seg_level": "LOW", "like_pct": 0.133, "cons_pct": 0.2, "svc_down": 1, "fac_summary": "", "biz_50m": 1, "near_trans_seg": 0}}, {"type": "Feature", "geometry": {"type": "LineString", "coordinates": [[-83.01131270846341, 39.95777982907635], [-83.0110689774319, 39.95780746159941]]}, "properties": {"ticket_id": "DEMO-20260713-0002", "priority_level": "LOW", "GLOBALID": "DEMO-SEG-005881", "kind": "service", "material": "MDPE", "vintage_year": 2010, "diameter_in": 1.0, "coated": false, "s1_score": 0.184, "overall_pct": 0.2, "seg_level": "LOW", "like_pct": 0.149, "cons_pct": 0.2, "svc_down": 1, "fac_summary": "", "biz_50m": 1, "near_trans_seg": 0}}, {"type": "Feature", "geometry": {"type": "LineString", "coordinates": [[-83.01130521444597, 39.95774068389495], [-83.0113244, 39.9578409], [-83.01132518719956, 39.957845005220484]]}, "properties": {"ticket_id": "DEMO-20260713-0002", "priority_level": "LOW", "GLOBALID": "DEMO-SEG-002986", "kind": "main", "material": "MDPE", "vintage_year": 2011, "diameter_in": 3.0, "coated": false, "s1_score": 0.2, "overall_pct": 0.213, "seg_level": "LOW", "like_pct": 0.213, "cons_pct": 0.135, "svc_down": 0, "fac_summary": "", "biz_50m": 1, "near_trans_seg": 0}}, {"type": "Feature", "geometry": {"type": "LineString", "coordinates": [[-82.99893987331902, 39.96747860661613], [-82.99891837773608, 39.967367147981406]]}, "properties": {"ticket_id": "DEMO-20260713-0008", "priority_level": "LOW", "GLOBALID": "DEMO-SEG-000519", "kind": "main", "material": "MDPE", "vintage_year": 1998, "diameter_in": 6.0, "coated": false, "s1_score": 0.222, "overall_pct": 0.31, "seg_level": "LOW", "like_pct": 0.31, "cons_pct": 0.135, "svc_down": 0, "fac_summary": "", "biz_50m": 1, "near_trans_seg": 0}}, {"type": "Feature", "geometry": {"type": "LineString", "coordinates": [[-82.99893066685011, 39.967430869395734], [-82.99845807676945, 39.96748482863528]]}, "properties": {"ticket_id": "DEMO-20260713-0008", "priority_level": "LOW", "GLOBALID": "DEMO-SEG-007176", "kind": "service", "material": "MDPE", "vintage_year": 1997, "diameter_in": 1.0, "coated": false, "s1_score": 0.243, "overall_pct": 0.409, "seg_level": "LOW", "like_pct": 0.409, "cons_pct": 0.2, "svc_down": 1, "fac_summary": "", "biz_50m": 1, "near_trans_seg": 0}}, {"type": "Feature", "geometry": {"type": "LineString", "coordinates": [[-82.99897909571806, 39.967702057675446], [-82.9989672, 39.96762029999999], [-82.99893987331902, 39.96747860661613]]}, "properties": {"ticket_id": "DEMO-20260713-0008", "priority_level": "LOW", "GLOBALID": "DEMO-SEG-000518", "kind": "main", "material": "MDPE", "vintage_year": 2013, "diameter_in": 3.0, "coated": false, "s1_score": 0.187, "overall_pct": 0.162, "seg_level": "LOW", "like_pct": 0.162, "cons_pct": 0.135, "svc_down": 0, "fac_summary": "", "biz_50m": 1, "near_trans_seg": 0}}, {"type": "Feature", "geometry": {"type": "LineString", "coordinates": [[-82.9993925753648, 39.96788150722908], [-82.99934607251342, 39.96764059561924]]}, "properties": {"ticket_id": "DEMO-20260713-0008", "priority_level": "LOW", "GLOBALID": "DEMO-SEG-006444", "kind": "service", "material": "MDPE", "vintage_year": 2012, "diameter_in": 0.75, "coated": false, "s1_score": 0.188, "overall_pct": 0.2, "seg_level": "LOW", "like_pct": 0.163, "cons_pct": 0.2, "svc_down": 1, "fac_summary": "", "biz_50m": 1, "near_trans_seg": 0}}, {"type": "Feature", "geometry": {"type": "LineString", "coordinates": [[-82.99898601340777, 39.967749601925746], [-82.99845445673088, 39.96779538982963]]}, "properties": {"ticket_id": "DEMO-20260713-0008", "priority_level": "LOW", "GLOBALID": "DEMO-SEG-007374", "kind": "service", "material": "MDPE", "vintage_year": 2014, "diameter_in": 0.75, "coated": false, "s1_score": 0.168, "overall_pct": 0.2, "seg_level": "LOW", "like_pct": 0.098, "cons_pct": 0.2, "svc_down": 1, "fac_summary": "", "biz_50m": 1, "near_trans_seg": 0}}, {"type": "Feature", "geometry": {"type": "LineString", "coordinates": [[-82.9990032, 39.96792669999999], [-82.9989963, 39.9678203], [-82.99897909571806, 39.967702057675446]]}, "properties": {"ticket_id": "DEMO-20260713-0008", "priority_level": "LOW", "GLOBALID": "DEMO-SEG-000517", "kind": "main", "material": "MDPE", "vintage_year": 2012, "diameter_in": 3.0, "coated": false, "s1_score": 0.163, "overall_pct": 0.135, "seg_level": "LOW", "like_pct": 0.085, "cons_pct": 0.135, "svc_down": 0, "fac_summary": "", "biz_50m": 1, "near_trans_seg": 0}}, {"type": "Feature", "geometry": {"type": "LineString", "coordinates": [[-82.99930144550162, 39.967891921542105], [-82.99959080579065, 39.96785885321552]]}, "properties": {"ticket_id": "DEMO-20260713-0008", "priority_level": "LOW", "GLOBALID": "DEMO-SEG-000394", "kind": "main", "material": "MDPE", "vintage_year": 2013, "diameter_in": 4.0, "coated": false, "s1_score": 0.186, "overall_pct": 0.156, "seg_level": "LOW", "like_pct": 0.156, "cons_pct": 0.135, "svc_down": 0, "fac_summary": "", "biz_50m": 1, "near_trans_seg": 0}}, {"type": "Feature", "geometry": {"type": "LineString", "coordinates": [[-82.9990032, 39.96792669999999], [-82.999152, 39.967909000000006], [-82.99930144550162, 39.967891921542105]]}, "properties": {"ticket_id": "DEMO-20260713-0008", "priority_level": "LOW", "GLOBALID": "DEMO-SEG-000393", "kind": "main", "material": "MDPE", "vintage_year": 2008, "diameter_in": 4.0, "coated": false, "s1_score": 0.181, "overall_pct": 0.138, "seg_level": "LOW", "like_pct": 0.138, "cons_pct": 0.135, "svc_down": 0, "fac_summary": "", "biz_50m": 1, "near_trans_seg": 0}}, {"type": "Feature", "geometry": {"type": "LineString", "coordinates": [[-82.99933189081929, 39.96788844226207], [-82.99938657838715, 39.96817175427912]]}, "properties": {"ticket_id": "DEMO-20260713-0008", "priority_level": "LOW", "GLOBALID": "DEMO-SEG-006748", "kind": "service", "material": "MDPE", "vintage_year": 2013, "diameter_in": 0.75, "coated": false, "s1_score": 0.225, "overall_pct": 0.323, "seg_level": "LOW", "like_pct": 0.323, "cons_pct": 0.2, "svc_down": 1, "fac_summary": "", "biz_50m": 1, "near_trans_seg": 0}}, {"type": "Feature", "geometry": {"type": "LineString", "coordinates": [[-83.01469152115297, 39.95008462198545], [-83.0146616, 39.9501355], [-83.01465980563961, 39.950137619681456]]}, "properties": {"ticket_id": "DEMO-20260713-0039", "priority_level": "LOW", "GLOBALID": "DEMO-SEG-000019", "kind": "main", "material": "MDPE", "vintage_year": 1997, "diameter_in": 6.0, "coated": false, "s1_score": 0.244, "overall_pct": 0.41, "seg_level": "LOW", "like_pct": 0.41, "cons_pct": 0.042, "svc_down": 0, "fac_summary": "", "biz_50m": 0, "near_trans_seg": 0}}, {"type": "Feature", "geometry": {"type": "LineString", "coordinates": [[-83.01465980563961, 39.950137619681456], [-83.0145739, 39.95023909999999], [-83.01449093735006, 39.95032474448675]]}, "properties": {"ticket_id": "DEMO-20260713-0039", "priority_level": "LOW", "GLOBALID": "DEMO-SEG-000020", "kind": "main", "material": "MDPE", "vintage_year": 1987, "diameter_in": 4.0, "coated": false, "s1_score": 0.287, "overall_pct": 0.616, "seg_level": "LOW", "like_pct": 0.616, "cons_pct": 0.042, "svc_down": 0, "fac_summary": "", "biz_50m": 0, "near_trans_seg": 0}}, {"type": "Feature", "geometry": {"type": "LineString", "coordinates": [[-83.01449093735006, 39.95032474448675], [-83.0144285, 39.95038919999999], [-83.0143378, 39.9504741], [-83.01430016324124, 39.95049812718624]]}, "properties": {"ticket_id": "DEMO-20260713-0039", "priority_level": "LOW", "GLOBALID": "DEMO-SEG-000021", "kind": "main", "material": "MDPE", "vintage_year": 2004, "diameter_in": 4.0, "coated": false, "s1_score": 0.223, "overall_pct": 0.312, "seg_level": "LOW", "like_pct": 0.312, "cons_pct": 0.042, "svc_down": 0, "fac_summary": "", "biz_50m": 0, "near_trans_seg": 0}}, {"type": "Feature", "geometry": {"type": "LineString", "coordinates": [[-83.01430016324124, 39.95049812718624], [-83.0141633, 39.950585499999995], [-83.01407175781615, 39.950643236773935]]}, "properties": {"ticket_id": "DEMO-20260713-0039", "priority_level": "LOW", "GLOBALID": "DEMO-SEG-000022", "kind": "main", "material": "MDPE", "vintage_year": 1991, "diameter_in": 2.0, "coated": false, "s1_score": 0.272, "overall_pct": 0.548, "seg_level": "LOW", "like_pct": 0.548, "cons_pct": 0.042, "svc_down": 0, "fac_summary": "", "biz_50m": 0, "near_trans_seg": 0}}, {"type": "Feature", "geometry": {"type": "LineString", "coordinates": [[-83.01407175781615, 39.950643236773935], [-83.01384267939352, 39.95078771860316]]}, "properties": {"ticket_id": "DEMO-20260713-0039", "priority_level": "LOW", "GLOBALID": "DEMO-SEG-000023", "kind": "main", "material": "MDPE", "vintage_year": 1999, "diameter_in": 6.0, "coated": false, "s1_score": 0.229, "overall_pct": 0.338, "seg_level": "LOW", "like_pct": 0.338, "cons_pct": 0.042, "svc_down": 0, "fac_summary": "", "biz_50m": 0, "near_trans_seg": 0}}, {"type": "Feature", "geometry": {"type": "LineString", "coordinates": [[-83.01384267939352, 39.95078771860316], [-83.01369834619851, 39.95087875031578]]}, "properties": {"ticket_id": "DEMO-20260713-0039", "priority_level": "LOW", "GLOBALID": "DEMO-SEG-000024", "kind": "main", "material": "MDPE", "vintage_year": 1991, "diameter_in": 6.0, "coated": false, "s1_score": 0.256, "overall_pct": 0.471, "seg_level": "LOW", "like_pct": 0.471, "cons_pct": 0.042, "svc_down": 0, "fac_summary": "", "biz_50m": 0, "near_trans_seg": 0}}, {"type": "Feature", "geometry": {"type": "LineString", "coordinates": [[-82.98385838904174, 39.95793160078173], [-82.9838529, 39.9579336]]}, "properties": {"ticket_id": "DEMO-20260713-0049", "priority_level": "LOW", "GLOBALID": "DEMO-SEG-003204", "kind": "main", "material": "MDPE", "vintage_year": 2012, "diameter_in": 2.0, "coated": false, "s1_score": 0.193, "overall_pct": 0.181, "seg_level": "LOW", "like_pct": 0.181, "cons_pct": 0.135, "svc_down": 0, "fac_summary": "", "biz_50m": 1, "near_trans_seg": 0}}, {"type": "Feature", "geometry": {"type": "LineString", "coordinates": [[-82.9838529, 39.9579336], [-82.98385842863901, 39.95793297056822]]}, "properties": {"ticket_id": "DEMO-20260713-0049", "priority_level": "LOW", "GLOBALID": "DEMO-SEG-003163", "kind": "main", "material": "Steel", "vintage_year": 1997, "diameter_in": 4.0, "coated": true, "s1_score": 0.439, "overall_pct": 0.756, "seg_level": "LOW", "like_pct": 0.756, "cons_pct": 0.135, "svc_down": 0, "fac_summary": "", "biz_50m": 1, "near_trans_seg": 0}}, {"type": "Feature", "geometry": {"type": "LineString", "coordinates": [[-82.9838529, 39.9579336], [-82.98362493274594, 39.95795505115444]]}, "properties": {"ticket_id": "DEMO-20260713-0049", "priority_level": "LOW", "GLOBALID": "DEMO-SEG-002894", "kind": "main", "material": "MDPE", "vintage_year": 2021, "diameter_in": 4.0, "coated": false, "s1_score": 0.139, "overall_pct": 0.135, "seg_level": "LOW", "like_pct": 0.031, "cons_pct": 0.135, "svc_down": 0, "fac_summary": "", "biz_50m": 1, "near_trans_seg": 0}}, {"type": "Feature", "geometry": {"type": "LineString", "coordinates": [[-82.99979786139308, 39.96783545212077], [-82.9998128, 39.9678338], [-82.99989825938887, 39.967824017401966]]}, "properties": {"ticket_id": "DEMO-20260713-0035", "priority_level": "LOW", "GLOBALID": "DEMO-SEG-000395", "kind": "main", "material": "MDPE", "vintage_year": 2005, "diameter_in": 6.0, "coated": false, "s1_score": 0.181, "overall_pct": 0.138, "seg_level": "LOW", "like_pct": 0.138, "cons_pct": 0.135, "svc_down": 0, "fac_summary": "", "biz_50m": 1, "near_trans_seg": 0}}, {"type": "Feature", "geometry": {"type": "LineString", "coordinates": [[-82.99995107773321, 39.96781797121512], [-82.99992975160731, 39.967707674194834]]}, "properties": {"ticket_id": "DEMO-20260713-0035", "priority_level": "LOW", "GLOBALID": "DEMO-SEG-007260", "kind": "service", "material": "MDPE", "vintage_year": 1990, "diameter_in": 1.25, "coated": false, "s1_score": 0.282, "overall_pct": 0.596, "seg_level": "LOW", "like_pct": 0.596, "cons_pct": 0.268, "svc_down": 1, "fac_summary": "", "biz_50m": 2, "near_trans_seg": 0}}, {"type": "Feature", "geometry": {"type": "LineString", "coordinates": [[-82.99989825938887, 39.967824017401966], [-83.00003125173222, 39.967808793541906]]}, "properties": {"ticket_id": "DEMO-20260713-0035", "priority_level": "LOW", "GLOBALID": "DEMO-SEG-000396", "kind": "main", "material": "MDPE", "vintage_year": 1985, "diameter_in": 2.0, "coated": false, "s1_score": 0.293, "overall_pct": 0.64, "seg_level": "LOW", "like_pct": 0.64, "cons_pct": 0.135, "svc_down": 0, "fac_summary": "", "biz_50m": 1, "near_trans_seg": 0}}, {"type": "Feature", "geometry": {"type": "LineString", "coordinates": [[-83.00773347756149, 39.966618600723244], [-83.00774198570151, 39.966495549798076]]}, "properties": {"ticket_id": "DEMO-20260713-0060", "priority_level": "LOW", "GLOBALID": "DEMO-SEG-000658", "kind": "main", "material": "MDPE", "vintage_year": 1999, "diameter_in": 6.0, "coated": false, "s1_score": 0.198, "overall_pct": 0.299, "seg_level": "LOW", "like_pct": 0.202, "cons_pct": 0.299, "svc_down": 3, "fac_summary": "", "biz_50m": 0, "near_trans_seg": 0}}, {"type": "Feature", "geometry": {"type": "LineString", "coordinates": [[-83.00773968028884, 39.96652889238801], [-83.00801084157133, 39.966539992564314]]}, "properties": {"ticket_id": "DEMO-20260713-0060", "priority_level": "LOW", "GLOBALID": "DEMO-SEG-006152", "kind": "service", "material": "MDPE", "vintage_year": 2002, "diameter_in": 0.75, "coated": false, "s1_score": 0.216, "overall_pct": 0.282, "seg_level": "LOW", "like_pct": 0.282, "cons_pct": 0.2, "svc_down": 1, "fac_summary": "", "biz_50m": 1, "near_trans_seg": 0}}, {"type": "Feature", "geometry": {"type": "LineString", "coordinates": [[-83.00771940000001, 39.9668222], [-83.00773347756149, 39.966618600723244]]}, "properties": {"ticket_id": "DEMO-20260713-0060", "priority_level": "LOW", "GLOBALID": "DEMO-SEG-000657", "kind": "main", "material": "MDPE", "vintage_year": 1997, "diameter_in": 4.0, "coated": false, "s1_score": 0.235, "overall_pct": 0.369, "seg_level": "LOW", "like_pct": 0.369, "cons_pct": 0.324, "svc_down": 3, "fac_summary": "", "biz_50m": 1, "near_trans_seg": 0}}, {"type": "Feature", "geometry": {"type": "LineString", "coordinates": [[-83.00798596404366, 39.96683358472248], [-83.0077962, 39.96682549999999], [-83.00771940000001, 39.9668222]]}, "properties": {"ticket_id": "DEMO-20260713-0060", "priority_level": "LOW", "GLOBALID": "DEMO-SEG-003259", "kind": "main", "material": "MDPE", "vintage_year": 1996, "diameter_in": 4.0, "coated": false, "s1_score": 0.235, "overall_pct": 0.367, "seg_level": "LOW", "like_pct": 0.367, "cons_pct": 0.315, "svc_down": 3, "fac_summary": "", "biz_50m": 1, "near_trans_seg": 0}}, {"type": "Feature", "geometry": {"type": "LineString", "coordinates": [[-83.0082525313205, 39.966844924847145], [-83.0081788, 39.96684179999999], [-83.00798596404366, 39.96683358472248]]}, "properties": {"ticket_id": "DEMO-20260713-0060", "priority_level": "LOW", "GLOBALID": "DEMO-SEG-003258", "kind": "main", "material": "MDPE", "vintage_year": 2007, "diameter_in": 4.0, "coated": false, "s1_score": 0.18, "overall_pct": 0.312, "seg_level": "LOW", "like_pct": 0.136, "cons_pct": 0.312, "svc_down": 3, "fac_summary": "", "biz_50m": 1, "near_trans_seg": 0}}, {"type": "Feature", "geometry": {"type": "LineString", "coordinates": [[-83.00844631783784, 39.96685307645117], [-83.0083051, 39.96684710000001], [-83.0082779, 39.966846], [-83.0082525313205, 39.966844924847145]]}, "properties": {"ticket_id": "DEMO-20260713-0060", "priority_level": "LOW", "GLOBALID": "DEMO-SEG-003257", "kind": "main", "material": "MDPE", "vintage_year": 2003, "diameter_in": 2.0, "coated": false, "s1_score": 0.233, "overall_pct": 0.357, "seg_level": "LOW", "like_pct": 0.357, "cons_pct": 0.289, "svc_down": 2, "fac_summary": "", "biz_50m": 1, "near_trans_seg": 0}}, {"type": "Feature", "geometry": {"type": "LineString", "coordinates": [[-83.00839515648418, 39.96685091128206], [-83.00838525000039, 39.9669895000117]]}, "properties": {"ticket_id": "DEMO-20260713-0060", "priority_level": "LOW", "GLOBALID": "DEMO-SEG-004753", "kind": "service", "material": "MDPE", "vintage_year": 2002, "diameter_in": 1.0, "coated": false, "s1_score": 0.231, "overall_pct": 0.346, "seg_level": "LOW", "like_pct": 0.346, "cons_pct": 0.2, "svc_down": 1, "fac_summary": "", "biz_50m": 1, "near_trans_seg": 0}}, {"type": "Feature", "geometry": {"type": "LineString", "coordinates": [[-82.98700746990703, 39.95481058814172], [-82.9869667, 39.954815999999994], [-82.98684610905991, 39.95483678492258]]}, "properties": {"ticket_id": "DEMO-20260713-0040", "priority_level": "LOW", "GLOBALID": "DEMO-SEG-003137", "kind": "main", "material": "MDPE", "vintage_year": 2002, "diameter_in": 2.0, "coated": false, "s1_score": 0.235, "overall_pct": 0.37, "seg_level": "LOW", "like_pct": 0.37, "cons_pct": 0.042, "svc_down": 0, "fac_summary": "", "biz_50m": 0, "near_trans_seg": 0}}, {"type": "Feature", "geometry": {"type": "LineString", "coordinates": [[-82.98684791642236, 39.95489921960208], [-82.98700947416029, 39.954879818768816]]}, "properties": {"ticket_id": "DEMO-20260713-0040", "priority_level": "LOW", "GLOBALID": "DEMO-SEG-002575", "kind": "main", "material": "MDPE", "vintage_year": 2016, "diameter_in": 3.0, "coated": false, "s1_score": 0.145, "overall_pct": 0.092, "seg_level": "LOW", "like_pct": 0.042, "cons_pct": 0.092, "svc_down": 1, "fac_summary": "", "biz_50m": 0, "near_trans_seg": 0}}, {"type": "Feature", "geometry": {"type": "LineString", "coordinates": [[-82.986855975504, 39.95517761527265], [-82.98686704782104, 39.95523222372093]]}, "properties": {"ticket_id": "DEMO-20260713-0040", "priority_level": "LOW", "GLOBALID": "DEMO-SEG-006976", "kind": "service", "material": "MDPE", "vintage_year": 2007, "diameter_in": 0.5, "coated": false, "s1_score": 0.205, "overall_pct": 0.235, "seg_level": "LOW", "like_pct": 0.235, "cons_pct": 0.092, "svc_down": 1, "fac_summary": "", "biz_50m": 0, "near_trans_seg": 0}}, {"type": "Feature", "geometry": {"type": "LineString", "coordinates": [[-83.01182623206853, 39.95673528368944], [-83.01179116768793, 39.95655571470053]]}, "properties": {"ticket_id": "DEMO-20260713-0014", "priority_level": "LOW", "GLOBALID": "DEMO-SEG-006530", "kind": "service", "material": "MDPE", "vintage_year": 2009, "diameter_in": 1.0, "coated": false, "s1_score": 0.216, "overall_pct": 0.283, "seg_level": "LOW", "like_pct": 0.283, "cons_pct": 0.2, "svc_down": 1, "fac_summary": "", "biz_50m": 1, "near_trans_seg": 0}}, {"type": "Feature", "geometry": {"type": "LineString", "coordinates": [[-83.01485505048652, 39.956132643230156], [-83.01486879530894, 39.95619745440322]]}, "properties": {"ticket_id": "DEMO-20260713-0012", "priority_level": "LOW", "GLOBALID": "DEMO-SEG-002932", "kind": "main", "material": "MDPE", "vintage_year": 1997, "diameter_in": 4.0, "coated": false, "s1_score": 0.231, "overall_pct": 0.349, "seg_level": "LOW", "like_pct": 0.349, "cons_pct": 0.289, "svc_down": 0, "fac_summary": "", "biz_50m": 2, "near_trans_seg": 0}}, {"type": "Feature", "geometry": {"type": "LineString", "coordinates": [[-83.01486879530894, 39.95619745440322], [-83.0148919, 39.95630640000001], [-83.01489297962743, 39.956312161434255]]}, "properties": {"ticket_id": "DEMO-20260713-0012", "priority_level": "LOW", "GLOBALID": "DEMO-SEG-002933", "kind": "main", "material": "MDPE", "vintage_year": 1999, "diameter_in": 3.0, "coated": false, "s1_score": 0.23, "overall_pct": 0.342, "seg_level": "LOW", "like_pct": 0.342, "cons_pct": 0.32, "svc_down": 0, "fac_summary": "", "biz_50m": 4, "near_trans_seg": 0}}, {"type": "Feature", "geometry": {"type": "LineString", "coordinates": [[-82.99365357696767, 39.96700577980882], [-82.99367684368661, 39.96700316469589]]}, "properties": {"ticket_id": "DEMO-20260713-0019", "priority_level": "LOW", "GLOBALID": "DEMO-SEG-002370", "kind": "main", "material": "MDPE", "vintage_year": 2005, "diameter_in": 6.0, "coated": false, "s1_score": 0.206, "overall_pct": 0.238, "seg_level": "LOW", "like_pct": 0.238, "cons_pct": 0.135, "svc_down": 0, "fac_summary": "", "biz_50m": 1, "near_trans_seg": 0}}, {"type": "Feature", "geometry": {"type": "LineString", "coordinates": [[-82.9942123446762, 39.96652008859283], [-82.9942232, 39.9665765], [-82.99424674519611, 39.966699117126275]]}, "properties": {"ticket_id": "DEMO-20260713-0019", "priority_level": "LOW", "GLOBALID": "DEMO-SEG-002367", "kind": "main", "material": "MDPE", "vintage_year": 1993, "diameter_in": 6.0, "coated": false, "s1_score": 0.269, "overall_pct": 0.535, "seg_level": "LOW", "like_pct": 0.535, "cons_pct": 0.135, "svc_down": 0, "fac_summary": "", "biz_50m": 1, "near_trans_seg": 0}}, {"type": "Feature", "geometry": {"type": "LineString", "coordinates": [[-82.99423120920935, 39.96661820989002], [-82.99446874974859, 39.96659120410697]]}, "properties": {"ticket_id": "DEMO-20260713-0019", "priority_level": "LOW", "GLOBALID": "DEMO-SEG-005796", "kind": "service", "material": "MDPE", "vintage_year": 1993, "diameter_in": 1.25, "coated": false, "s1_score": 0.264, "overall_pct": 0.506, "seg_level": "LOW", "like_pct": 0.506, "cons_pct": 0.2, "svc_down": 1, "fac_summary": "", "biz_50m": 1, "near_trans_seg": 0}}, {"type": "Feature", "geometry": {"type": "LineString", "coordinates": [[-82.99424674519611, 39.966699117126275], [-82.9942776, 39.9668598], [-82.9942919, 39.9669344]]}, "properties": {"ticket_id": "DEMO-20260713-0019", "priority_level": "LOW", "GLOBALID": "DEMO-SEG-002368", "kind": "main", "material": "MDPE", "vintage_year": 2009, "diameter_in": 6.0, "coated": false, "s1_score": 0.194, "overall_pct": 0.187, "seg_level": "LOW", "like_pct": 0.187, "cons_pct": 0.135, "svc_down": 0, "fac_summary": "", "biz_50m": 1, "near_trans_seg": 0}}, {"type": "Feature", "geometry": {"type": "LineString", "coordinates": [[-82.99398437326116, 39.96696878935855], [-82.9942179, 39.9669427], [-82.9942919, 39.9669344]]}, "properties": {"ticket_id": "DEMO-20260713-0019", "priority_level": "LOW", "GLOBALID": "DEMO-SEG-002372", "kind": "main", "material": "MDPE", "vintage_year": 2016, "diameter_in": 3.0, "coated": false, "s1_score": 0.153, "overall_pct": 0.135, "seg_level": "LOW", "like_pct": 0.061, "cons_pct": 0.135, "svc_down": 0, "fac_summary": "", "biz_50m": 1, "near_trans_seg": 0}}, {"type": "Feature", "geometry": {"type": "LineString", "coordinates": [[-82.99456030164757, 39.96690368704278], [-82.99463190315453, 39.96689550342213]]}, "properties": {"ticket_id": "DEMO-20260713-0019", "priority_level": "LOW", "GLOBALID": "DEMO-SEG-002360", "kind": "main", "material": "MDPE", "vintage_year": 2009, "diameter_in": 3.0, "coated": false, "s1_score": 0.185, "overall_pct": 0.239, "seg_level": "LOW", "like_pct": 0.153, "cons_pct": 0.239, "svc_down": 0, "fac_summary": "", "biz_50m": 2, "near_trans_seg": 0}}, {"type": "Feature", "geometry": {"type": "LineString", "coordinates": [[-82.9942919, 39.9669344], [-82.9943712, 39.9669253], [-82.99456030164757, 39.96690368704278]]}, "properties": {"ticket_id": "DEMO-20260713-0019", "priority_level": "LOW", "GLOBALID": "DEMO-SEG-002359", "kind": "main", "material": "MDPE", "vintage_year": 1997, "diameter_in": 4.0, "coated": false, "s1_score": 0.224, "overall_pct": 0.318, "seg_level": "LOW", "like_pct": 0.318, "cons_pct": 0.135, "svc_down": 0, "fac_summary": "", "biz_50m": 1, "near_trans_seg": 0}}, {"type": "Feature", "geometry": {"type": "LineString", "coordinates": [[-82.99367684368661, 39.96700316469589], [-82.993705, 39.967000000000006], [-82.99398437326116, 39.96696878935855]]}, "properties": {"ticket_id": "DEMO-20260713-0019", "priority_level": "LOW", "GLOBALID": "DEMO-SEG-002371", "kind": "main", "material": "MDPE", "vintage_year": 2001, "diameter_in": 4.0, "coated": false, "s1_score": 0.222, "overall_pct": 0.31, "seg_level": "LOW", "like_pct": 0.31, "cons_pct": 0.135, "svc_down": 0, "fac_summary": "", "biz_50m": 1, "near_trans_seg": 0}}, {"type": "Feature", "geometry": {"type": "LineString", "coordinates": [[-82.99401308303126, 39.96696558195994], [-82.99406934237985, 39.96726372760314]]}, "properties": {"ticket_id": "DEMO-20260713-0019", "priority_level": "LOW", "GLOBALID": "DEMO-SEG-006837", "kind": "service", "material": "MDPE", "vintage_year": 2016, "diameter_in": 1.0, "coated": false, "s1_score": 0.155, "overall_pct": 0.092, "seg_level": "LOW", "like_pct": 0.065, "cons_pct": 0.092, "svc_down": 1, "fac_summary": "", "biz_50m": 0, "near_trans_seg": 0}}, {"type": "Feature", "geometry": {"type": "LineString", "coordinates": [[-83.01201568222206, 39.96782042900768], [-83.01178226290742, 39.9678459315943]]}, "properties": {"ticket_id": "DEMO-20260713-0005", "priority_level": "LOW", "GLOBALID": "DEMO-SEG-001712", "kind": "main", "material": "MDPE", "vintage_year": 2002, "diameter_in": 6.0, "coated": false, "s1_score": 0.222, "overall_pct": 0.31, "seg_level": "LOW", "like_pct": 0.31, "cons_pct": 0.042, "svc_down": 0, "fac_summary": "", "biz_50m": 0, "near_trans_seg": 0}}, {"type": "Feature", "geometry": {"type": "LineString", "coordinates": [[-82.98377654552495, 39.96579416520189], [-82.9837566414564, 39.96563608276098]]}, "properties": {"ticket_id": "DEMO-20260713-0042", "priority_level": "LOW", "GLOBALID": "DEMO-SEG-000056", "kind": "main", "material": "MDPE", "vintage_year": 1988, "diameter_in": 4.0, "coated": false, "s1_score": 0.308, "overall_pct": 0.712, "seg_level": "LOW", "like_pct": 0.693, "cons_pct": 0.712, "svc_down": 0, "fac_summary": "1 daycare center", "biz_50m": 1, "near_trans_seg": 0}}, {"type": "Feature", "geometry": {"type": "LineString", "coordinates": [[-82.98376465433495, 39.96569972288786], [-82.98409820780228, 39.96567485678048]]}, "properties": {"ticket_id": "DEMO-20260713-0042", "priority_level": "LOW", "GLOBALID": "DEMO-SEG-006563", "kind": "service", "material": "MDPE", "vintage_year": 1988, "diameter_in": 1.0, "coated": false, "s1_score": 0.272, "overall_pct": 0.546, "seg_level": "LOW", "like_pct": 0.546, "cons_pct": 0.2, "svc_down": 1, "fac_summary": "", "biz_50m": 1, "near_trans_seg": 0}}, {"type": "Feature", "geometry": {"type": "LineString", "coordinates": [[-82.9838055955904, 39.96602494047567], [-82.9838025, 39.96600029999999], [-82.98377654552495, 39.96579416520189]]}, "properties": {"ticket_id": "DEMO-20260713-0042", "priority_level": "LOW", "GLOBALID": "DEMO-SEG-000055", "kind": "main", "material": "MDPE", "vintage_year": 1992, "diameter_in": 2.0, "coated": false, "s1_score": 0.263, "overall_pct": 0.641, "seg_level": "LOW", "like_pct": 0.504, "cons_pct": 0.641, "svc_down": 0, "fac_summary": "1 daycare center", "biz_50m": 0, "near_trans_seg": 0}}, {"type": "Feature", "geometry": {"type": "LineString", "coordinates": [[-82.98382708556944, 39.96619599719169], [-82.9838055955904, 39.96602494047567]]}, "properties": {"ticket_id": "DEMO-20260713-0042", "priority_level": "LOW", "GLOBALID": "DEMO-SEG-000054", "kind": "main", "material": "MDPE", "vintage_year": 1993, "diameter_in": 6.0, "coated": false, "s1_score": 0.249, "overall_pct": 0.711, "seg_level": "LOW", "like_pct": 0.434, "cons_pct": 0.711, "svc_down": 0, "fac_summary": "1 daycare center", "biz_50m": 1, "near_trans_seg": 0}}, {"type": "Feature", "geometry": {"type": "LineString", "coordinates": [[-83.013696, 39.94574800000001], [-83.01381342567834, 39.94595726124266]]}, "properties": {"ticket_id": "DEMO-20260713-0010", "priority_level": "LOW", "GLOBALID": "DEMO-SEG-000000", "kind": "main", "material": "MDPE", "vintage_year": 2024, "diameter_in": 6.0, "coated": false, "s1_score": 0.099, "overall_pct": 0.042, "seg_level": "LOW", "like_pct": 0.002, "cons_pct": 0.042, "svc_down": 0, "fac_summary": "", "biz_50m": 0, "near_trans_seg": 0}}, {"type": "Feature", "geometry": {"type": "LineString", "coordinates": [[-83.01381342567834, 39.94595726124266], [-83.0139308520945, 39.94616652234137]]}, "properties": {"ticket_id": "DEMO-20260713-0010", "priority_level": "LOW", "GLOBALID": "DEMO-SEG-000001", "kind": "main", "material": "MDPE", "vintage_year": 2019, "diameter_in": 2.0, "coated": false, "s1_score": 0.153, "overall_pct": 0.899, "seg_level": "MODERATE", "like_pct": 0.061, "cons_pct": 0.899, "svc_down": 0, "fac_summary": "", "biz_50m": 0, "near_trans_seg": 1}}, {"type": "Feature", "geometry": {"type": "LineString", "coordinates": [[-83.0139308520945, 39.94616652234137], [-83.01404827924848, 39.94637578329619]]}, "properties": {"ticket_id": "DEMO-20260713-0010", "priority_level": "LOW", "GLOBALID": "DEMO-SEG-000002", "kind": "main", "material": "MDPE", "vintage_year": 2010, "diameter_in": 6.0, "coated": false, "s1_score": 0.202, "overall_pct": 0.899, "seg_level": "MODERATE", "like_pct": 0.218, "cons_pct": 0.899, "svc_down": 0, "fac_summary": "", "biz_50m": 0, "near_trans_seg": 1}}, {"type": "Feature", "geometry": {"type": "LineString", "coordinates": [[-83.01404827924848, 39.94637578329619], [-83.01413719695539, 39.946534238045814]]}, "properties": {"ticket_id": "DEMO-20260713-0010", "priority_level": "LOW", "GLOBALID": "DEMO-SEG-000003", "kind": "main", "material": "MDPE", "vintage_year": 1993, "diameter_in": 6.0, "coated": false, "s1_score": 0.235, "overall_pct": 0.899, "seg_level": "MODERATE", "like_pct": 0.366, "cons_pct": 0.899, "svc_down": 0, "fac_summary": "", "biz_50m": 0, "near_trans_seg": 1}}, {"type": "Feature", "geometry": {"type": "LineString", "coordinates": [[-82.99917309976885, 39.944008882203036], [-82.999116, 39.944015], [-82.9990469, 39.9440282], [-82.998886, 39.94405899999999]]}, "properties": {"ticket_id": "DEMO-20260713-0009", "priority_level": "LOW", "GLOBALID": "DEMO-SEG-000306", "kind": "main", "material": "MDPE", "vintage_year": 2010, "diameter_in": 2.0, "coated": false, "s1_score": 0.172, "overall_pct": 0.293, "seg_level": "LOW", "like_pct": 0.109, "cons_pct": 0.293, "svc_down": 0, "fac_summary": "", "biz_50m": 3, "near_trans_seg": 0}}, {"type": "Feature", "geometry": {"type": "LineString", "coordinates": [[-82.998886, 39.94405899999999], [-82.99878137509772, 39.944085830469746]]}, "properties": {"ticket_id": "DEMO-20260713-0009", "priority_level": "LOW", "GLOBALID": "DEMO-SEG-000274", "kind": "main", "material": "MDPE", "vintage_year": 2014, "diameter_in": 4.0, "coated": false, "s1_score": 0.134, "overall_pct": 0.32, "seg_level": "LOW", "like_pct": 0.025, "cons_pct": 0.32, "svc_down": 0, "fac_summary": "", "biz_50m": 4, "near_trans_seg": 0}}, {"type": "Feature", "geometry": {"type": "LineString", "coordinates": [[-82.99893644217792, 39.944296394675135], [-82.9989201, 39.9442194], [-82.9989096, 39.94417], [-82.998886, 39.94405899999999]]}, "properties": {"ticket_id": "DEMO-20260713-0009", "priority_level": "LOW", "GLOBALID": "DEMO-SEG-000311", "kind": "main", "material": "MDPE", "vintage_year": 2015, "diameter_in": 6.0, "coated": false, "s1_score": 0.134, "overall_pct": 0.32, "seg_level": "LOW", "like_pct": 0.024, "cons_pct": 0.32, "svc_down": 0, "fac_summary": "", "biz_50m": 4, "near_trans_seg": 0}}, {"type": "Feature", "geometry": {"type": "LineString", "coordinates": [[-82.99893020158834, 39.944266992731485], [-82.9987871724982, 39.944284978197324]]}, "properties": {"ticket_id": "DEMO-20260713-0009", "priority_level": "LOW", "GLOBALID": "DEMO-SEG-005390", "kind": "service", "material": "MDPE", "vintage_year": 2016, "diameter_in": 0.75, "coated": false, "s1_score": 0.179, "overall_pct": 0.305, "seg_level": "LOW", "like_pct": 0.133, "cons_pct": 0.305, "svc_down": 1, "fac_summary": "", "biz_50m": 3, "near_trans_seg": 0}}, {"type": "Feature", "geometry": {"type": "LineString", "coordinates": [[-82.99898683106068, 39.94453379606586], [-82.99893644217792, 39.944296394675135]]}, "properties": {"ticket_id": "DEMO-20260713-0009", "priority_level": "LOW", "GLOBALID": "DEMO-SEG-000310", "kind": "main", "material": "MDPE", "vintage_year": 2015, "diameter_in": 2.0, "coated": false, "s1_score": 0.19, "overall_pct": 0.32, "seg_level": "LOW", "like_pct": 0.173, "cons_pct": 0.32, "svc_down": 0, "fac_summary": "", "biz_50m": 4, "near_trans_seg": 0}}, {"type": "Feature", "geometry": {"type": "LineString", "coordinates": [[-82.99896828543427, 39.944446420706726], [-82.99879251573786, 39.94446852318908]]}, "properties": {"ticket_id": "DEMO-20260713-0009", "priority_level": "LOW", "GLOBALID": "DEMO-SEG-006302", "kind": "service", "material": "MDPE", "vintage_year": 2015, "diameter_in": 1.25, "coated": false, "s1_score": 0.181, "overall_pct": 0.333, "seg_level": "LOW", "like_pct": 0.139, "cons_pct": 0.333, "svc_down": 1, "fac_summary": "", "biz_50m": 4, "near_trans_seg": 0}}, {"type": "Feature", "geometry": {"type": "LineString", "coordinates": [[-82.99898871179363, 39.94454265688594], [-82.99898683106068, 39.94453379606586]]}, "properties": {"ticket_id": "DEMO-20260713-0009", "priority_level": "LOW", "GLOBALID": "DEMO-SEG-000309", "kind": "main", "material": "MDPE", "vintage_year": 2010, "diameter_in": 3.0, "coated": false, "s1_score": 0.179, "overall_pct": 0.375, "seg_level": "LOW", "like_pct": 0.131, "cons_pct": 0.375, "svc_down": 0, "fac_summary": "", "biz_50m": 6, "near_trans_seg": 0}}, {"type": "Feature", "geometry": {"type": "LineString", "coordinates": [[-82.99922770304994, 39.94400303185812], [-82.99913175001139, 39.9434724500316]]}, "properties": {"ticket_id": "DEMO-20260713-0009", "priority_level": "LOW", "GLOBALID": "DEMO-SEG-007592", "kind": "service", "material": "MDPE", "vintage_year": 2012, "diameter_in": 1.25, "coated": false, "s1_score": 0.207, "overall_pct": 0.333, "seg_level": "LOW", "like_pct": 0.241, "cons_pct": 0.333, "svc_down": 1, "fac_summary": "", "biz_50m": 4, "near_trans_seg": 0}}, {"type": "Feature", "geometry": {"type": "LineString", "coordinates": [[-82.99921636911833, 39.944004246208735], [-82.9991336224812, 39.943546690621965]]}, "properties": {"ticket_id": "DEMO-20260713-0009", "priority_level": "LOW", "GLOBALID": "DEMO-SEG-007498", "kind": "service", "material": "MDPE", "vintage_year": 2012, "diameter_in": 0.5, "coated": false, "s1_score": 0.197, "overall_pct": 0.305, "seg_level": "LOW", "like_pct": 0.197, "cons_pct": 0.305, "svc_down": 1, "fac_summary": "", "biz_50m": 3, "near_trans_seg": 0}}, {"type": "Feature", "geometry": {"type": "LineString", "coordinates": [[-82.99921038389043, 39.94400488748313], [-82.99914445000447, 39.9436403000253]]}, "properties": {"ticket_id": "DEMO-20260713-0009", "priority_level": "LOW", "GLOBALID": "DEMO-SEG-007179", "kind": "service", "material": "MDPE", "vintage_year": 2013, "diameter_in": 1.25, "coated": false, "s1_score": 0.168, "overall_pct": 0.268, "seg_level": "LOW", "like_pct": 0.096, "cons_pct": 0.268, "svc_down": 1, "fac_summary": "", "biz_50m": 2, "near_trans_seg": 0}}, {"type": "Feature", "geometry": {"type": "LineString", "coordinates": [[-82.99919383183672, 39.94400666091571], [-82.99914237310828, 39.943722115164626]]}, "properties": {"ticket_id": "DEMO-20260713-0009", "priority_level": "LOW", "GLOBALID": "DEMO-SEG-006754", "kind": "service", "material": "MDPE", "vintage_year": 2014, "diameter_in": 0.5, "coated": false, "s1_score": 0.202, "overall_pct": 0.268, "seg_level": "LOW", "like_pct": 0.222, "cons_pct": 0.268, "svc_down": 1, "fac_summary": "", "biz_50m": 2, "near_trans_seg": 0}}, {"type": "Feature", "geometry": {"type": "LineString", "coordinates": [[-82.99918025500317, 39.94400811557317], [-82.99914609528871, 39.9438192263965]]}, "properties": {"ticket_id": "DEMO-20260713-0009", "priority_level": "LOW", "GLOBALID": "DEMO-SEG-005896", "kind": "service", "material": "MDPE", "vintage_year": 2011, "diameter_in": 1.0, "coated": false, "s1_score": 0.189, "overall_pct": 0.268, "seg_level": "LOW", "like_pct": 0.169, "cons_pct": 0.268, "svc_down": 1, "fac_summary": "", "biz_50m": 2, "near_trans_seg": 0}}, {"type": "Feature", "geometry": {"type": "LineString", "coordinates": [[-82.99946622614719, 39.943991862226724], [-82.999355, 39.94399099999998], [-82.999312, 39.943994], [-82.99917309976885, 39.944008882203036]]}, "properties": {"ticket_id": "DEMO-20260713-0009", "priority_level": "LOW", "GLOBALID": "DEMO-SEG-000305", "kind": "main", "material": "MDPE", "vintage_year": 2012, "diameter_in": 4.0, "coated": false, "s1_score": 0.15, "overall_pct": 0.135, "seg_level": "LOW", "like_pct": 0.054, "cons_pct": 0.135, "svc_down": 0, "fac_summary": "", "biz_50m": 1, "near_trans_seg": 0}}, {"type": "Feature", "geometry": {"type": "LineString", "coordinates": [[-82.99976056938218, 39.94400197362003], [-82.999484, 39.943992], [-82.99946622614719, 39.943991862226724]]}, "properties": {"ticket_id": "DEMO-20260713-0009", "priority_level": "LOW", "GLOBALID": "DEMO-SEG-000304", "kind": "main", "material": "Steel", "vintage_year": 1987, "diameter_in": 4.0, "coated": true, "s1_score": 0.451, "overall_pct": 0.765, "seg_level": "LOW", "like_pct": 0.765, "cons_pct": 0.135, "svc_down": 0, "fac_summary": "", "biz_50m": 1, "near_trans_seg": 0}}, {"type": "Feature", "geometry": {"type": "LineString", "coordinates": [[-83.00005489410077, 39.944012586801946], [-82.99976056938218, 39.94400197362003]]}, "properties": {"ticket_id": "DEMO-20260713-0009", "priority_level": "LOW", "GLOBALID": "DEMO-SEG-000303", "kind": "main", "material": "MDPE", "vintage_year": 2011, "diameter_in": 4.0, "coated": false, "s1_score": 0.186, "overall_pct": 0.156, "seg_level": "LOW", "like_pct": 0.156, "cons_pct": 0.042, "svc_down": 0, "fac_summary": "", "biz_50m": 0, "near_trans_seg": 0}}, {"type": "Feature", "geometry": {"type": "LineString", "coordinates": [[-82.9997556, 39.944200900000006], [-82.99980039037487, 39.94442306519384]]}, "properties": {"ticket_id": "DEMO-20260713-0009", "priority_level": "LOW", "GLOBALID": "DEMO-SEG-002696", "kind": "main", "material": "MDPE", "vintage_year": 2019, "diameter_in": 4.0, "coated": false, "s1_score": 0.134, "overall_pct": 0.135, "seg_level": "LOW", "like_pct": 0.024, "cons_pct": 0.135, "svc_down": 0, "fac_summary": "", "biz_50m": 1, "near_trans_seg": 0}}, {"type": "Feature", "geometry": {"type": "LineString", "coordinates": [[-82.99979754356931, 39.94440894477274], [-82.99963333364273, 39.94442855827437]]}, "properties": {"ticket_id": "DEMO-20260713-0009", "priority_level": "LOW", "GLOBALID": "DEMO-SEG-004523", "kind": "service", "material": "MDPE", "vintage_year": 2020, "diameter_in": 1.25, "coated": false, "s1_score": 0.146, "overall_pct": 0.268, "seg_level": "LOW", "like_pct": 0.044, "cons_pct": 0.268, "svc_down": 1, "fac_summary": "", "biz_50m": 2, "near_trans_seg": 0}}, {"type": "Feature", "geometry": {"type": "LineString", "coordinates": [[-82.99898341829638, 39.94451771727979], [-82.99932596819653, 39.94447464190235]]}, "properties": {"ticket_id": "DEMO-20260713-0009", "priority_level": "LOW", "GLOBALID": "DEMO-SEG-006633", "kind": "service", "material": "MDPE", "vintage_year": 2016, "diameter_in": 0.5, "coated": false, "s1_score": 0.142, "overall_pct": 0.361, "seg_level": "LOW", "like_pct": 0.037, "cons_pct": 0.361, "svc_down": 1, "fac_summary": "", "biz_50m": 5, "near_trans_seg": 0}}, {"type": "Feature", "geometry": {"type": "LineString", "coordinates": [[-82.99980039037487, 39.94442306519384], [-82.99982160422003, 39.94452828763909]]}, "properties": {"ticket_id": "DEMO-20260713-0009", "priority_level": "LOW", "GLOBALID": "DEMO-SEG-002697", "kind": "main", "material": "MDPE", "vintage_year": 2005, "diameter_in": 6.0, "coated": false, "s1_score": 0.18, "overall_pct": 0.286, "seg_level": "LOW", "like_pct": 0.136, "cons_pct": 0.286, "svc_down": 1, "fac_summary": "", "biz_50m": 2, "near_trans_seg": 0}}, {"type": "Feature", "geometry": {"type": "LineString", "coordinates": [[-83.00034921887934, 39.944023199233904], [-83.00005489410077, 39.944012586801946]]}, "properties": {"ticket_id": "DEMO-20260713-0009", "priority_level": "LOW", "GLOBALID": "DEMO-SEG-000302", "kind": "main", "material": "MDPE", "vintage_year": 2018, "diameter_in": 4.0, "coated": false, "s1_score": 0.166, "overall_pct": 0.093, "seg_level": "LOW", "like_pct": 0.093, "cons_pct": 0.042, "svc_down": 0, "fac_summary": "", "biz_50m": 0, "near_trans_seg": 0}}, {"type": "Feature", "geometry": {"type": "LineString", "coordinates": [[-83.00037551489417, 39.944024147349445], [-83.00034921887934, 39.944023199233904]]}, "properties": {"ticket_id": "DEMO-20260713-0009", "priority_level": "LOW", "GLOBALID": "DEMO-SEG-000301", "kind": "main", "material": "MDPE", "vintage_year": 2018, "diameter_in": 4.0, "coated": false, "s1_score": 0.141, "overall_pct": 0.042, "seg_level": "LOW", "like_pct": 0.035, "cons_pct": 0.042, "svc_down": 0, "fac_summary": "", "biz_50m": 0, "near_trans_seg": 0}}, {"type": "Feature", "geometry": {"type": "LineString", "coordinates": [[-82.99885193129658, 39.96703268703711], [-82.99881952576607, 39.966872084015314]]}, "properties": {"ticket_id": "DEMO-20260713-0047", "priority_level": "LOW", "GLOBALID": "DEMO-SEG-000521", "kind": "main", "material": "MDPE", "vintage_year": 2008, "diameter_in": 2.0, "coated": false, "s1_score": 0.211, "overall_pct": 0.259, "seg_level": "LOW", "like_pct": 0.259, "cons_pct": 0.135, "svc_down": 0, "fac_summary": "", "biz_50m": 1, "near_trans_seg": 0}}, {"type": "Feature", "geometry": {"type": "LineString", "coordinates": [[-82.99885575384536, 39.96705163679084], [-82.9988549, 39.9670474], [-82.99885193129658, 39.96703268703711]]}, "properties": {"ticket_id": "DEMO-20260713-0047", "priority_level": "LOW", "GLOBALID": "DEMO-SEG-000520", "kind": "main", "material": "MDPE", "vintage_year": 1993, "diameter_in": 4.0, "coated": false, "s1_score": 0.254, "overall_pct": 0.46, "seg_level": "LOW", "like_pct": 0.46, "cons_pct": 0.135, "svc_down": 0, "fac_summary": "", "biz_50m": 1, "near_trans_seg": 0}}, {"type": "Feature", "geometry": {"type": "LineString", "coordinates": [[-83.014847929452, 39.94938109357606], [-83.01485479404174, 39.94947757390917]]}, "properties": {"ticket_id": "DEMO-20260713-0025", "priority_level": "LOW", "GLOBALID": "DEMO-SEG-000016", "kind": "main", "material": "MDPE", "vintage_year": 1999, "diameter_in": 4.0, "coated": false, "s1_score": 0.238, "overall_pct": 0.38, "seg_level": "LOW", "like_pct": 0.38, "cons_pct": 0.042, "svc_down": 0, "fac_summary": "", "biz_50m": 0, "near_trans_seg": 0}}, {"type": "Feature", "geometry": {"type": "LineString", "coordinates": [[-83.01485479404174, 39.94947757390917], [-83.0148574, 39.949514199999996], [-83.01485418244012, 39.94956116272568]]}, "properties": {"ticket_id": "DEMO-20260713-0025", "priority_level": "LOW", "GLOBALID": "DEMO-SEG-000017", "kind": "main", "material": "MDPE", "vintage_year": 1999, "diameter_in": 4.0, "coated": false, "s1_score": 0.222, "overall_pct": 0.31, "seg_level": "LOW", "like_pct": 0.31, "cons_pct": 0.042, "svc_down": 0, "fac_summary": "", "biz_50m": 0, "near_trans_seg": 0}}, {"type": "Feature", "geometry": {"type": "LineString", "coordinates": [[-82.98596150697158, 39.956676047712506], [-82.9860789987001, 39.956662342612525]]}, "properties": {"ticket_id": "DEMO-20260713-0043", "priority_level": "LOW", "GLOBALID": "DEMO-SEG-006751", "kind": "service", "material": "MDPE", "vintage_year": 2023, "diameter_in": 1.0, "coated": false, "s1_score": 0.143, "overall_pct": 0.268, "seg_level": "LOW", "like_pct": 0.038, "cons_pct": 0.268, "svc_down": 1, "fac_summary": "", "biz_50m": 2, "near_trans_seg": 0}}, {"type": "Feature", "geometry": {"type": "LineString", "coordinates": [[-82.98596600014623, 39.956831321472826], [-82.98601970000128, 39.95682505000305]]}, "properties": {"ticket_id": "DEMO-20260713-0043", "priority_level": "LOW", "GLOBALID": "DEMO-SEG-006228", "kind": "service", "material": "MDPE", "vintage_year": 2024, "diameter_in": 0.75, "coated": false, "s1_score": 0.096, "overall_pct": 0.268, "seg_level": "LOW", "like_pct": 0.002, "cons_pct": 0.268, "svc_down": 1, "fac_summary": "", "biz_50m": 2, "near_trans_seg": 0}}, {"type": "Feature", "geometry": {"type": "LineString", "coordinates": [[-82.98707130649382, 39.95618632289154], [-82.9870878, 39.956184400000005], [-82.98720990000001, 39.9561714], [-82.98722326612886, 39.95616998325126]]}, "properties": {"ticket_id": "DEMO-20260713-0043", "priority_level": "LOW", "GLOBALID": "DEMO-SEG-000868", "kind": "main", "material": "MDPE", "vintage_year": 2001, "diameter_in": 6.0, "coated": false, "s1_score": 0.205, "overall_pct": 0.235, "seg_level": "LOW", "like_pct": 0.235, "cons_pct": 0.135, "svc_down": 0, "fac_summary": "", "biz_50m": 1, "near_trans_seg": 0}}, {"type": "Feature", "geometry": {"type": "LineString", "coordinates": [[-82.98688573619802, 39.95620564517812], [-82.9870269, 39.9561915], [-82.98707130649382, 39.95618632289154]]}, "properties": {"ticket_id": "DEMO-20260713-0043", "priority_level": "LOW", "GLOBALID": "DEMO-SEG-000867", "kind": "main", "material": "MDPE", "vintage_year": 2009, "diameter_in": 4.0, "coated": false, "s1_score": 0.199, "overall_pct": 0.208, "seg_level": "LOW", "like_pct": 0.208, "cons_pct": 0.135, "svc_down": 0, "fac_summary": "", "biz_50m": 1, "near_trans_seg": 0}}, {"type": "Feature", "geometry": {"type": "LineString", "coordinates": [[-83.0147309085771, 39.94842038568592], [-83.0147499, 39.94855249999999], [-83.01475203574532, 39.94856934710924]]}, "properties": {"ticket_id": "DEMO-20260713-0041", "priority_level": "LOW", "GLOBALID": "DEMO-SEG-000012", "kind": "main", "material": "MDPE", "vintage_year": 1993, "diameter_in": 6.0, "coated": false, "s1_score": 0.247, "overall_pct": 0.426, "seg_level": "LOW", "like_pct": 0.426, "cons_pct": 0.042, "svc_down": 0, "fac_summary": "", "biz_50m": 0, "near_trans_seg": 0}}, {"type": "Feature", "geometry": {"type": "LineString", "coordinates": [[-83.01475203574532, 39.94856934710924], [-83.01478079638397, 39.94879621479352]]}, "properties": {"ticket_id": "DEMO-20260713-0041", "priority_level": "LOW", "GLOBALID": "DEMO-SEG-000013", "kind": "main", "material": "MDPE", "vintage_year": 2017, "diameter_in": 6.0, "coated": false, "s1_score": 0.116, "overall_pct": 0.042, "seg_level": "LOW", "like_pct": 0.008, "cons_pct": 0.042, "svc_down": 0, "fac_summary": "", "biz_50m": 0, "near_trans_seg": 0}}, {"type": "Feature", "geometry": {"type": "LineString", "coordinates": [[-83.01478079638397, 39.94879621479352], [-83.01479729737042, 39.94892637593847]]}, "properties": {"ticket_id": "DEMO-20260713-0041", "priority_level": "LOW", "GLOBALID": "DEMO-SEG-000014", "kind": "main", "material": "MDPE", "vintage_year": 2000, "diameter_in": 4.0, "coated": false, "s1_score": 0.232, "overall_pct": 0.352, "seg_level": "LOW", "like_pct": 0.352, "cons_pct": 0.042, "svc_down": 0, "fac_summary": "", "biz_50m": 0, "near_trans_seg": 0}}, {"type": "Feature", "geometry": {"type": "LineString", "coordinates": [[-82.98357381942486, 39.95890673783335], [-82.9835785, 39.958892], [-82.98357919857521, 39.95888781194626]]}, "properties": {"ticket_id": "DEMO-20260713-0029", "priority_level": "LOW", "GLOBALID": "DEMO-SEG-002896", "kind": "main", "material": "MDPE", "vintage_year": 2024, "diameter_in": 4.0, "coated": false, "s1_score": 0.122, "overall_pct": 0.135, "seg_level": "LOW", "like_pct": 0.011, "cons_pct": 0.135, "svc_down": 0, "fac_summary": "", "biz_50m": 1, "near_trans_seg": 0}}, {"type": "Feature", "geometry": {"type": "LineString", "coordinates": [[-82.98382454275092, 39.95888361211657], [-82.98388434535124, 39.958889519204256]]}, "properties": {"ticket_id": "DEMO-20260713-0029", "priority_level": "LOW", "GLOBALID": "DEMO-SEG-006349", "kind": "service", "material": "MDPE", "vintage_year": 2024, "diameter_in": 0.75, "coated": false, "s1_score": 0.145, "overall_pct": 0.2, "seg_level": "LOW", "like_pct": 0.043, "cons_pct": 0.2, "svc_down": 1, "fac_summary": "", "biz_50m": 1, "near_trans_seg": 0}}, {"type": "Feature", "geometry": {"type": "LineString", "coordinates": [[-82.9834967, 39.9591358], [-82.9835395, 39.9590148], [-82.98357381942486, 39.95890673783335]]}, "properties": {"ticket_id": "DEMO-20260713-0029", "priority_level": "LOW", "GLOBALID": "DEMO-SEG-002895", "kind": "main", "material": "MDPE", "vintage_year": 2016, "diameter_in": 4.0, "coated": false, "s1_score": 0.161, "overall_pct": 0.135, "seg_level": "LOW", "like_pct": 0.08, "cons_pct": 0.135, "svc_down": 0, "fac_summary": "", "biz_50m": 1, "near_trans_seg": 0}}, {"type": "Feature", "geometry": {"type": "LineString", "coordinates": [[-82.98354341712977, 39.95900246608239], [-82.98375769016624, 39.95904276501418]]}, "properties": {"ticket_id": "DEMO-20260713-0029", "priority_level": "LOW", "GLOBALID": "DEMO-SEG-005468", "kind": "service", "material": "MDPE", "vintage_year": 2016, "diameter_in": 0.5, "coated": false, "s1_score": 0.178, "overall_pct": 0.2, "seg_level": "LOW", "like_pct": 0.129, "cons_pct": 0.2, "svc_down": 1, "fac_summary": "", "biz_50m": 1, "near_trans_seg": 0}}, {"type": "Feature", "geometry": {"type": "LineString", "coordinates": [[-82.98419688653594, 39.959089025652844], [-82.98415691996377, 39.958877921616384]]}, "properties": {"ticket_id": "DEMO-20260713-0029", "priority_level": "LOW", "GLOBALID": "DEMO-SEG-007310", "kind": "service", "material": "MDPE", "vintage_year": 2020, "diameter_in": 0.75, "coated": false, "s1_score": 0.175, "overall_pct": 0.305, "seg_level": "LOW", "like_pct": 0.121, "cons_pct": 0.305, "svc_down": 1, "fac_summary": "", "biz_50m": 3, "near_trans_seg": 0}}, {"type": "Feature", "geometry": {"type": "LineString", "coordinates": [[-82.9838494, 39.9592944], [-82.9836685, 39.9592667], [-82.9835907, 39.9592359], [-82.9835481, 39.9591988], [-82.9835317, 39.959184500000006], [-82.9834967, 39.9591358]]}, "properties": {"ticket_id": "DEMO-20260713-0029", "priority_level": "LOW", "GLOBALID": "DEMO-SEG-003255", "kind": "main", "material": "MDPE", "vintage_year": 2019, "diameter_in": 4.0, "coated": false, "s1_score": 0.145, "overall_pct": 0.239, "seg_level": "LOW", "like_pct": 0.043, "cons_pct": 0.239, "svc_down": 0, "fac_summary": "", "biz_50m": 2, "near_trans_seg": 0}}, {"type": "Feature", "geometry": {"type": "LineString", "coordinates": [[-82.9834967, 39.9591358], [-82.9834011, 39.959377]]}, "properties": {"ticket_id": "DEMO-20260713-0029", "priority_level": "LOW", "GLOBALID": "DEMO-SEG-000488", "kind": "main", "material": "MDPE", "vintage_year": 2015, "diameter_in": 4.0, "coated": false, "s1_score": 0.145, "overall_pct": 0.239, "seg_level": "LOW", "like_pct": 0.042, "cons_pct": 0.239, "svc_down": 0, "fac_summary": "", "biz_50m": 2, "near_trans_seg": 0}}, {"type": "Feature", "geometry": {"type": "LineString", "coordinates": [[-82.98413722829099, 39.95926213082031], [-82.98420168273744, 39.959254904562655]]}, "properties": {"ticket_id": "DEMO-20260713-0029", "priority_level": "LOW", "GLOBALID": "DEMO-SEG-000041", "kind": "main", "material": "MDPE", "vintage_year": 2020, "diameter_in": 3.0, "coated": false, "s1_score": 0.143, "overall_pct": 0.32, "seg_level": "LOW", "like_pct": 0.038, "cons_pct": 0.32, "svc_down": 0, "fac_summary": "", "biz_50m": 4, "near_trans_seg": 0}}, {"type": "Feature", "geometry": {"type": "LineString", "coordinates": [[-82.9838494, 39.9592944], [-82.98413722829099, 39.95926213082031]]}, "properties": {"ticket_id": "DEMO-20260713-0029", "priority_level": "LOW", "GLOBALID": "DEMO-SEG-000040", "kind": "main", "material": "MDPE", "vintage_year": 2024, "diameter_in": 6.0, "coated": false, "s1_score": 0.093, "overall_pct": 0.32, "seg_level": "LOW", "like_pct": 0.001, "cons_pct": 0.32, "svc_down": 0, "fac_summary": "", "biz_50m": 4, "near_trans_seg": 0}}, {"type": "Feature", "geometry": {"type": "LineString", "coordinates": [[-82.9834011, 39.959377], [-82.9834813, 39.959368899999994], [-82.9836894, 39.95934789999999], [-82.9837745, 39.95932559999999], [-82.9838494, 39.9592944]]}, "properties": {"ticket_id": "DEMO-20260713-0029", "priority_level": "LOW", "GLOBALID": "DEMO-SEG-000489", "kind": "main", "material": "MDPE", "vintage_year": 2017, "diameter_in": 3.0, "coated": false, "s1_score": 0.146, "overall_pct": 0.239, "seg_level": "LOW", "like_pct": 0.045, "cons_pct": 0.239, "svc_down": 0, "fac_summary": "", "biz_50m": 2, "near_trans_seg": 0}}, {"type": "Feature", "geometry": {"type": "LineString", "coordinates": [[-82.98402322082109, 39.959274912583616], [-82.98406586622221, 39.959500166942156]]}, "properties": {"ticket_id": "DEMO-20260713-0029", "priority_level": "LOW", "GLOBALID": "DEMO-SEG-006301", "kind": "service", "material": "MDPE", "vintage_year": 2024, "diameter_in": 0.75, "coated": false, "s1_score": 0.132, "overall_pct": 0.361, "seg_level": "LOW", "like_pct": 0.023, "cons_pct": 0.361, "svc_down": 1, "fac_summary": "", "biz_50m": 5, "near_trans_seg": 0}}, {"type": "Feature", "geometry": {"type": "LineString", "coordinates": [[-82.9837745, 39.95932559999999], [-82.98391761558456, 39.95956061881036]]}, "properties": {"ticket_id": "DEMO-20260713-0029", "priority_level": "LOW", "GLOBALID": "DEMO-SEG-006579", "kind": "service", "material": "MDPE", "vintage_year": 2018, "diameter_in": 1.25, "coated": false, "s1_score": 0.161, "overall_pct": 0.305, "seg_level": "LOW", "like_pct": 0.079, "cons_pct": 0.305, "svc_down": 1, "fac_summary": "", "biz_50m": 3, "near_trans_seg": 0}}, {"type": "Feature", "geometry": {"type": "LineString", "coordinates": [[-82.9836938350331, 39.959346737825165], [-82.98378140792926, 39.95954464012901]]}, "properties": {"ticket_id": "DEMO-20260713-0029", "priority_level": "LOW", "GLOBALID": "DEMO-SEG-006153", "kind": "service", "material": "MDPE", "vintage_year": 2018, "diameter_in": 0.75, "coated": false, "s1_score": 0.144, "overall_pct": 0.268, "seg_level": "LOW", "like_pct": 0.039, "cons_pct": 0.268, "svc_down": 1, "fac_summary": "", "biz_50m": 2, "near_trans_seg": 0}}, {"type": "Feature", "geometry": {"type": "LineString", "coordinates": [[-82.98358843426132, 39.95935808880596], [-82.98363301397966, 39.95961969325804]]}, "properties": {"ticket_id": "DEMO-20260713-0029", "priority_level": "LOW", "GLOBALID": "DEMO-SEG-006608", "kind": "service", "material": "MDPE", "vintage_year": 2018, "diameter_in": 0.75, "coated": false, "s1_score": 0.148, "overall_pct": 0.268, "seg_level": "LOW", "like_pct": 0.049, "cons_pct": 0.268, "svc_down": 1, "fac_summary": "", "biz_50m": 2, "near_trans_seg": 0}}, {"type": "Feature", "geometry": {"type": "LineString", "coordinates": [[-82.98417725968179, 39.95925764273798], [-82.98420617849433, 39.959410391200635]]}, "properties": {"ticket_id": "DEMO-20260713-0029", "priority_level": "LOW", "GLOBALID": "DEMO-SEG-007526", "kind": "service", "material": "MDPE", "vintage_year": 2020, "diameter_in": 0.75, "coated": false, "s1_score": 0.164, "overall_pct": 0.361, "seg_level": "LOW", "like_pct": 0.087, "cons_pct": 0.361, "svc_down": 1, "fac_summary": "", "biz_50m": 5, "near_trans_seg": 0}}]}